v -4.05384e-08 0.499038 -0.449603
v -0.0006230410730537873 0.45861148470244495 -0.4574555823406316
v 0.0005253401358746902 0.41940225161460654 -0.46340923097814735
v 0.0021654191508867927 0.38119983431151905 -0.46818602956776345
v 0.0034646110154163924 0.34383174615945006 -0.4722681259432505
v 0.004707259138747534 0.30734971543505074 -0.4753571334892547
v 0.005799286411509036 0.2717469582354608 -0.4778726523637281
v 0.00659519052181002 0.23652433808839207 -0.4801052706063513
v 0.00711363282588449 0.20158410148125266 -0.48209551274893025
v 0.007474884129422448 0.16697250740626338 -0.4837855637446513
v 0.00788027429461323 0.13265392524499747 -0.485259749259472
v 0.00817280504668737 0.0984989328279438 -0.48658052237285326
v 0.008359012589285092 0.06448857265276071 -0.4877790611716396
v 0.008463726147752558 0.03060775513538544 -0.4888823460522465
v 0.008569172996192457 -0.003116965105299745 -0.4898586197371416
v 0.008660165510046242 -0.036726492381377096 -0.4907551970508107
v 0.008685841433671113 -0.07024934677918704 -0.4915874484573156
v 0.008655086209131604 -0.10368989563858821 -0.4923624788146288
v 0.008643643445402223 -0.13703184846467212 -0.49308481295262013
v 0.00861628991360069 -0.17026022868642857 -0.4937432600224359
v 0.00858616918682457 -0.20341006026196948 -0.49436638406970157
v 0.008563918734297168 -0.2364815446941344 -0.4949586423315676
v 0.008559223876696729 -0.26947368372124 -0.4955232634064089
v 0.008559796775339346 -0.30236193674424805 -0.49605745268128176
v 0.00855948710039739 -0.3351700613760251 -0.4965730614596373
v 0.008559830640771543 -0.3678936439697873 -0.49707432110578287
v 0.008562008761447328 -0.4005299057759796 -0.49756684318293193
v 0.008567760973494147 -0.43307132286399774 -0.4980638714647702
v 0.008573899311484218 -0.4655219664846552 -0.4985683512998993
v 0.00858055805752505 -0.49790545152619203 -0.4990915155932817
v 0.008587302952402186 -0.5302321614885145 -0.4996320044159646
v 0.00859345 -0.562515 -0.500184
v 0.0016304913502997273 0.47980563772986595 -0.42266747354872775
v -0.0004885851083777224 0.4481203546859143 -0.42956751095935036
v -0.0006664905759334128 0.4110814410751331 -0.4349962631272144
v -0.004159663184598803 0.37424608826721484 -0.439407430312545
v -0.0032628409363222276 0.3385441431779448 -0.4424426855799476
v -0.0028891711457691015 0.3034144979898218 -0.4451496590347672
v -0.0015895638378200109 0.2684624624175964 -0.4473286816976089
v -0.0004769403389680522 0.23371620078903407 -0.44930848405458135
v 0.0007755023811278447 0.1993086509705439 -0.45093829691084436
v 0.0021836405541293662 0.16511124030640092 -0.4523036037985957
v 0.0034003839477060524 0.13099270639120053 -0.45359332541756303
v 0.00408493439611592 0.0970165802144715 -0.4548083664513043
v 0.004811985838121311 0.06319318770522256 -0.45588125095391097
v 0.005733321862782184 0.02948193610085766 -0.45686104512309134
v 0.006139556812490544 -0.004154674533838982 -0.4577923711902206
v 0.006474440887280667 -0.03771804529964999 -0.4586750341519488
v 0.006785911470489161 -0.07113851315386788 -0.4594619004122438
v 0.006999256718985318 -0.10449251502820492 -0.4602080939332127
v 0.007216806609623919 -0.137764322775412 -0.4609016612180051
v 0.007368841020088054 -0.17094871644819654 -0.4615504341360224
v 0.007437010114448687 -0.2040642182639194 -0.46216364771385576
v 0.007460873860175502 -0.23708928528586976 -0.462744164662004
v 0.007508966768945423 -0.2700394388498666 -0.4632959369543583
v 0.007543245830700226 -0.3029114214432016 -0.4638254585070599
v 0.007564845780282891 -0.33570843461339517 -0.4643378741045532
v 0.0076014095244126105 -0.36841776346290733 -0.4648346952483995
v 0.007645844409887375 -0.40104950130145034 -0.4653268237528635
v 0.00767417598710877 -0.433589909263284 -0.46582167275393743
v 0.007708344553177144 -0.4660588822338754 -0.46632476758610103
v 0.007732141536174436 -0.4984560133217635 -0.4668437644399583
v 0.007762268360852177 -0.5307834767260939 -0.46738744495045276
v 0.007784517116624358 -0.5630700923334548 -0.46794141923096866
v 0.0037253980925810904 0.46633485986949985 -0.39301422729215285
v -0.0006294799944436117 0.4342529842374851 -0.4002307750879106
v 0.0011884645207980203 0.40221013829759433 -0.4059351803715722
v -0.0004555331453932986 0.368086637549205 -0.4089940095748158
v -0.003380913986794487 0.3335993964854924 -0.41189304188722997
v -0.005667351208642257 0.29930450954152504 -0.4144162244117513
v -0.00840161774953346 0.2651254639175355 -0.4165441741235655
v -0.00700357340530723 0.23092865744708518 -0.4182183865211315
v -0.006602643051447703 0.19686168851903463 -0.4199494270362567
v -0.005268064842782742 0.1628781938275166 -0.42128591222164846
v -0.0037682017658403526 0.12902714290944317 -0.4224143372568958
v -0.001985971736535464 0.09532848252706629 -0.42334783240525464
v -0.00036767040143950204 0.06166132407936082 -0.4242275030402087
v 0.0007151619795858614 0.028064678916894036 -0.42514926518543134
v 0.0020217609960529476 -0.005402878256482288 -0.4259409735844394
v 0.003384454106849705 -0.03878220819219245 -0.426654193822672
v 0.004427202482989903 -0.07212709125747647 -0.4273737670191199
v 0.005124462314890001 -0.10539490027460759 -0.42806951855763187
v 0.005773402610074935 -0.13859561648722388 -0.42873069126998353
v 0.006223111688865383 -0.17172313772299633 -0.42935419378912126
v 0.006700827357797923 -0.2047696282489084 -0.42994556362509595
v 0.006807118911330899 -0.23776033947790876 -0.4305173774712754
v 0.006826956982058582 -0.2706704422218384 -0.4310645609509411
v 0.006875102949827733 -0.3035292031816789 -0.431590886494628
v 0.006863400097203977 -0.33629573560176057 -0.43209802225510807
v 0.006861393225763578 -0.36898836727020873 -0.43258980183589835
v 0.006859906225673461 -0.4016015447766051 -0.4330834850935466
v 0.006876598383981586 -0.43413650900248846 -0.43357852500809635
v 0.006913135872599022 -0.4666108121265542 -0.434078881815755
v 0.006941676840871396 -0.4990094770440354 -0.43459817653552435
v 0.006971105192478855 -0.5313496007146701 -0.4351393613626399
v 0.00701237827527047 -0.5636361618609124 -0.4356971935615486
v 0.00818253473298666 0.4551335012251515 -0.3625531446615524
v -0.0039583550454642905 0.4260894936087113 -0.3692190591638579
v -0.004977611180770771 0.3941461765232985 -0.3752818325886138
v 0.0044350977821950265 0.36264844114841804 -0.37817929377984216
v 0.003595249628392231 0.3289116693763862 -0.38118510761681035
v -0.0004262343327365004 0.29519620146725917 -0.3833590528614984
v -0.0035089453478616283 0.26146976420005047 -0.38536706552208444
v -0.007050253202233426 0.22786686865006406 -0.387035008998957
v -0.010286696533328622 0.19430061670831505 -0.38838977346691544
v -0.010877732646341207 0.16060475465083385 -0.38992949635114493
v -0.011079988709614614 0.12697155590383846 -0.3912983229995523
v -0.010118676473330784 0.09342249611197287 -0.39233784999791904
v -0.008115590308560659 0.059923614495930935 -0.3930985396584584
v -0.006162078694046082 0.02653636606155854 -0.3937968246612876
v -0.004060994217291673 -0.00678566661113992 -0.3943871679448151
v -0.002177742224832867 -0.0400674050939606 -0.3949895581674395
v -0.0006245950281313256 -0.07328995082978593 -0.3956075548830818
v 0.0009041509120168929 -0.10645921121099844 -0.3961892652443023
v 0.0023916614186269875 -0.13956767518139493 -0.3967415816618254
v 0.003973351889185975 -0.1725796609473815 -0.3972281964654353
v 0.004936940640868891 -0.20557075320365115 -0.3977757732003342
v 0.0058399395215147 -0.2385039423772451 -0.39830641754216217
v 0.006259560543957954 -0.2713704484111845 -0.39883713861872816
v 0.0064312824911669595 -0.3041801171860372 -0.3993476642773007
v 0.006487197702723144 -0.33691947295553293 -0.39985040518222276
v 0.006411879963697829 -0.36959742596447415 -0.4003437853658727
v 0.006296097373100983 -0.4022012373506482 -0.40083492333487636
v 0.006258872735772971 -0.43472422607273603 -0.40132725013385595
v 0.0062334085963574384 -0.46719480738125474 -0.401827245451
v 0.0062222379469836974 -0.49958312818096157 -0.4023456781449469
v 0.006247375891874367 -0.5319281919058954 -0.4028826467119103
v 0.006283301944177994 -0.5642161009253862 -0.4034471290376773
v 0.016167362789846068 0.44333014403910576 -0.3329053495858485
v -0.0009620138352498203 0.4166376766482473 -0.33813890736028607
v -0.009567923163295279 0.38640674739334896 -0.3444030227861783
v -0.006000504353930198 0.3550757195238978 -0.348442169070744
v 0.003643217893329359 0.3236884780986461 -0.35023548794315734
v 0.006594310080441102 0.29108316104011767 -0.35231553751289796
v 0.003274802558930529 0.2578483754485299 -0.35422865072068965
v -0.00020966769187698926 0.2244775923652986 -0.35592384380972114
v -0.004000401860834111 0.19122040407068597 -0.357313484311777
v -0.008564001431225331 0.15815761171081788 -0.3582838100518155
v -0.012113455122640617 0.12491130188052949 -0.3593525708781248
v -0.01297986410957582 0.09151007757971646 -0.3604977691444693
v -0.013833317440066394 0.05820354559628574 -0.36164602114535177
v -0.013845348306074243 0.024869674946591744 -0.3626772050246573
v -0.012578099246490608 -0.008387309453452861 -0.36342109080691076
v -0.010579369355910006 -0.041553405894021345 -0.3639668818224317
v -0.008508596773003153 -0.07466879243607852 -0.36444144857835714
v -0.0058549362289778955 -0.10768744173137396 -0.3647340410924602
v -0.0036300076932940335 -0.14067927353512039 -0.3651127803196222
v -0.0016614693795449253 -0.17361876865738823 -0.3655269908745735
v 0.00034291203519482775 -0.20652343885983396 -0.36591956393103076
v 0.0021471655212583225 -0.23936564794773202 -0.3663219293549259
v 0.004091139309367096 -0.2721310570000375 -0.3666898980745905
v 0.005385865342817002 -0.3048755952605887 -0.36711963325875147
v 0.005702270033735448 -0.3375862682522606 -0.3676100299257053
v 0.005931691507803413 -0.3702365199381981 -0.3680985135087289
v 0.0060589632145347854 -0.4028193717705447 -0.368578864101767
v 0.005835937674968623 -0.43534090303064227 -0.36907123715543855
v 0.00567297883862237 -0.4677865517644981 -0.36957052954780645
v 0.005592583938996093 -0.500190847384644 -0.37007998566154
v 0.00557158876658644 -0.5325275688519727 -0.3706155491839829
v 0.005594716485119732 -0.564810870360779 -0.37118732259999987
v 0.0275710651086146 0.42832329635195177 -0.3059001462726363
v 0.005698361127095375 0.40553296311048975 -0.30820608107519765
v -0.010098873193658113 0.37789097758206686 -0.3138935840564811
v -0.01530469450490738 0.34832474324052676 -0.3183448561621554
v -0.005658967515849081 0.317433377578721 -0.3200563104226964
v 0.004567748121775491 0.2861743120824989 -0.3215186072324395
v 0.010103585252754866 0.25421053175213004 -0.32296118040306065
v 0.007002418686153759 0.22119942852876373 -0.3247041043855983
v 0.004146969796791933 0.18812627015407984 -0.32634556929337394
v 0.00020653228232671804 0.155158008356954 -0.3274907269828675
v -0.004727995839723702 0.12226429206849891 -0.32820710211686743
v -0.008827461417522293 0.08927353014564318 -0.329049184544981
v -0.013395200622543213 0.056398191870259615 -0.3296367163495195
v -0.015031485850763644 0.023263276852738653 -0.33059350264729576
v -0.017110354375710946 -0.0098236969419243 -0.33159009917494386
v -0.016555464100312438 -0.04294840095180085 -0.33235289425297665
v -0.0151169755807107 -0.07602512303233182 -0.3330173119049299
v -0.014007807330489204 -0.1090252721483341 -0.33358448146282377
v -0.01153670615749127 -0.1419489670527214 -0.33389418102009055
v -0.00884215945868019 -0.1747958880247643 -0.33413424166881966
v -0.006245761666790805 -0.20759991924203602 -0.33438668983888564
v -0.0036275383903303163 -0.2403463217478814 -0.3346178782641457
v -0.0013281998225793826 -0.27306542970281267 -0.33491308565215017
v 0.0008029558307616819 -0.30574082014568704 -0.33522990132232006
v 0.002969359393261045 -0.33834219865320075 -0.3355310565824955
v 0.004475451903512147 -0.37090779105999494 -0.3358748187503136
v 0.004786617225363368 -0.40346630034330894 -0.33634522368848924
v 0.005073993340544032 -0.4359755323983705 -0.33681941967506296
v 0.005059442556354035 -0.4684140741387619 -0.3373049356582514
v 0.0049410197292939825 -0.5008006313268549 -0.33781097484532474
v 0.004874203035687487 -0.5331397424461193 -0.338339736122046
v 0.004916048366077589 -0.5654178332470114 -0.33890990339999866
v 0.038710930035474135 0.4133851810333481 -0.2789034351439945
v 0.013889730131729257 0.3928393026578653 -0.27969507718052444
v -0.00807687467542246 0.36964379392848856 -0.2826500796781112
v -0.021798254764614583 0.34251549705166356 -0.2870614656498509
v -0.01733945434410084 0.31086670706372893 -0.29054668732547295
v -0.0057848421273470115 0.2802889575434474 -0.2914557424573378
v 0.0051135441651997075 0.24929855505071813 -0.2924015781048801
v 0.01369810213143637 0.2180187000680382 -0.2933236657219853
v 0.012237332708747705 0.18506698479621675 -0.29527410921694497
v 0.009252801501546651 0.1521724492056729 -0.29670634488802805
v 0.004947530890774468 0.11943392906858444 -0.29760088018039355
v -0.00010259065901982347 0.08673940079296649 -0.29815317180589557
v -0.005103917846310786 0.05406300383696726 -0.2985847343760084
v -0.01005541591635529 0.021364449484798154 -0.29893580519139457
v -0.013319343319589522 -0.011493713486569204 -0.2996219217167218
v -0.016674234280813712 -0.04429445498700539 -0.3002574169511352
v -0.017968875778382843 -0.07724822402911416 -0.3009315990932076
v -0.017265422524807745 -0.11021196073889145 -0.30161636007512543
v -0.01699905545163338 -0.14313880448371447 -0.3022665597440822
v -0.016272920431559465 -0.17599871691775465 -0.30279817953470783
v -0.013501999547991562 -0.20875378134338954 -0.3029859994718655
v -0.010514096227137022 -0.24143684401648907 -0.3031234621908094
v -0.007644217371244181 -0.27406657516041566 -0.3032951965821723
v -0.004665511162411606 -0.3066462857357017 -0.30344429344212914
v -0.002113888324045078 -0.3392004358030366 -0.30367734627613135
v 0.00042095089516640765 -0.3717013335357619 -0.3039115689072438
v 0.0025796952635517814 -0.40416102865888154 -0.30419767045977497
v 0.003955068256874829 -0.4366042708050555 -0.3045701427823192
v 0.004152295119280479 -0.46904998027557454 -0.30504141931820433
v 0.004084180401445708 -0.5014284411419337 -0.3055350119957369
v 0.004037015202147007 -0.5337586686200585 -0.30604520091286297
v 0.004214302074461577 -0.5660396470356429 -0.30660667726838464
v 0.04939894274721932 0.3987801397973332 -0.2516244477876435
v 0.02483843058587554 0.3779214540744224 -0.2529363034436156
v 0.0004171030321540347 0.356859646375311 -0.25432519099525597
v -0.023053959477414128 0.3346665617102954 -0.2565020226999427
v -0.027374840435245636 0.30496238902888145 -0.260344493357513
v -0.01799908866442282 0.273988818902309 -0.2621145972584439
v -0.005708880409403903 0.24376797955670376 -0.26243788418513314
v 0.006635938992753588 0.21346096365232814 -0.26258222093587896
v 0.014310717478276912 0.1821034632065473 -0.26350303001478714
v 0.01552151781411656 0.14929589287730455 -0.2655651587499525
v 0.015380559074856276 0.11655856649192178 -0.2672157948922518
v 0.010052919795055392 0.08403447645728306 -0.2676537319529278
v 0.00478272936616129 0.05154023754887388 -0.2679764267569365
v -0.0005908774515206844 0.019056920462815 -0.2681929225815567
v -0.005967653836705322 -0.01342162621552728 -0.2683219815095734
v -0.010535563805617366 -0.04601974296989396 -0.2686449175754374
v -0.014353400804239193 -0.078685334468222 -0.269063003559416
v -0.018127689221455235 -0.1113296914840948 -0.26939853140651177
v -0.01867358715822922 -0.14417604487887803 -0.27006517991252077
v -0.01857780516374781 -0.1770066522675005 -0.27070138680791955
v -0.01838628494299337 -0.20979509748207356 -0.27122772746189944
v -0.01718886407621255 -0.2425238945683396 -0.2715770727468556
v -0.01430623933173772 -0.27513358746678895 -0.27174031629152573
v -0.01129525198544626 -0.30768343174676954 -0.2718799473378965
v -0.00788560302124551 -0.3401368025728825 -0.27194271088649424
v -0.004627022196949781 -0.37254645414832244 -0.27204333009170023
v -0.001655855934574338 -0.4049306427624224 -0.2722095265908102
v 0.0007241908838786927 -0.4373100450978207 -0.27246785229299986
v 0.002131947522053219 -0.46969905588326755 -0.272838433692787
v 0.0028839996629420033 -0.5020492393395565 -0.27326129972547014
v 0.0031371359205320257 -0.5343702035751868 -0.2737450175088535
v 0.00349280591677331 -0.5666472293646166 -0.27427774140593963
v 0.059599848236749575 0.3845865759264893 -0.2240204105554252
v 0.035072308160224656 0.36371542536963297 -0.22553502182377616
v 0.01069860851790529 0.34265446191362725 -0.22706663092542478
v -0.014818644141106653 0.3229462076392821 -0.22748228901733583
v -0.03658957661928556 0.29953163474107347 -0.22977096829647597
v -0.029477351584337796 0.2681319336141107 -0.23235756255749282
v -0.018572932170066055 0.2375737852022769 -0.23336067663827567
v -0.004880468581464865 0.2080771793906715 -0.23280629963614866
v 0.007770039294300675 0.1779629835450185 -0.2326340957669233
v 0.01664711465937795 0.1467366136909778 -0.23355047771964665
v 0.01956766427886543 0.11425694186458125 -0.23537184395877442
v 0.018398983418161232 0.08156250300772466 -0.23670058043856418
v 0.015479496008180606 0.048930193550511904 -0.23763767281611697
v 0.009881429205665272 0.016592264464209326 -0.23776291918901843
v 0.0041278761058335615 -0.01571291365554386 -0.23776175615317383
v -0.0012116545145163435 -0.04805855786648658 -0.23781341489799787
v -0.006442031670889106 -0.0804409858344136 -0.23783411270949814
v -0.011146279085848738 -0.11285827104222051 -0.2379434642311028
v -0.015407867268160874 -0.1452963176561704 -0.23799524712799092
v -0.017210590128719484 -0.1779850181112329 -0.238495023998902
v -0.018493123402065183 -0.21065962739512684 -0.23901235945683136
v -0.018859153186261236 -0.24335358812896296 -0.2394357093564397
v -0.018400092937515062 -0.27603603250556724 -0.23983597340513285
v -0.01635398177893165 -0.3086008362032834 -0.24004483061339138
v -0.013819989276286287 -0.34110568548382386 -0.2402376179138861
v -0.01031205747300366 -0.37347789773786516 -0.24028305784977894
v -0.006659981705329888 -0.40578329746024955 -0.24033116494949228
v -0.003207437926514607 -0.43805243082855994 -0.24043207239037737
v -0.00045719255778227906 -0.47033587672303184 -0.2406522617029268
v 0.0012457372740826615 -0.5026554863350161 -0.24099450828556085
v 0.0019066511187458487 -0.5349623449723764 -0.2414409896854694
v 0.0027427248206478867 -0.5672274827871056 -0.2419230970172884
v 0.06935244118374793 0.3708168796324468 -0.1961620527771262
v 0.044491632533959484 0.3503304255155158 -0.1974495782617311
v 0.02006008893805731 0.3293696293999381 -0.1990140700242748
v -0.006984396590312552 0.3121925029027444 -0.19814378669122526
v -0.030188438578294816 0.2901198625695071 -0.19978939654651576
v -0.04156573745417051 0.2620686617494165 -0.2032121432468394
v -0.031008857759960515 0.23170346004086606 -0.20403980966767551
v -0.017533159113811956 0.20216580421161331 -0.20357443299962635
v -0.003325275861631459 0.17295493542520574 -0.20269456288674292
v 0.009874606978309771 0.14327472475932607 -0.20222116164218878
v 0.018058243503417875 0.11182549937781537 -0.2033579273599428
v 0.021730090397473343 0.07958176889973391 -0.20474654236531636
v 0.021487358200682004 0.04700687555807756 -0.2059669698662511
v 0.017805362090912467 0.014560694275774673 -0.20658743679604352
v 0.013423780433690238 -0.017841443913088055 -0.20695028332810309
v 0.008486858217123085 -0.05013456748991308 -0.20709767018044523
v 0.0031290921892034185 -0.08239751992917077 -0.20705217973301804
v -0.0022498386970611598 -0.11461609168597295 -0.2069587854892716
v -0.0074296864075261235 -0.146877728428516 -0.2068278429004909
v -0.012456709908601746 -0.17913417896413814 -0.2066855865719357
v -0.015289377484259282 -0.2116239210688939 -0.20695221327865182
v -0.017330748718969436 -0.24418070817151144 -0.2072914848459724
v -0.018875190472445284 -0.27674155710381637 -0.2076175864462855
v -0.018722767273360627 -0.309321262071084 -0.20789108019653083
v -0.01707520537902949 -0.3418325001183384 -0.20813108050530915
v -0.014536741328904854 -0.3742669544913764 -0.2083002912050843
v -0.011214964696025285 -0.4065914228080027 -0.20838067777622238
v -0.007380159924962101 -0.43881417896988006 -0.208425148471521
v -0.003893272421256636 -0.4710264971479031 -0.20854729082899995
v -0.0011283316445677405 -0.503254270147707 -0.20877172938209648
v 0.0006066265788164665 -0.5355154298977844 -0.20911262556399413
v 0.0019453041032394332 -0.5677694139355273 -0.2095434850864419
v 0.07825032172290239 0.35799654900801 -0.16765459925707205
v 0.053219483163274746 0.33769656545927956 -0.1688467136890083
v 0.028280308662291583 0.31725900912061783 -0.17005986547693402
v 0.0016346493269040472 0.2992511604391718 -0.16984776550096414
v -0.026438513914046117 0.2833811136703568 -0.16860141116135025
v -0.04072288235560797 0.25703037664046 -0.1712194098965102
v -0.042480798176152745 0.22639869284348174 -0.17416156442561675
v -0.029045765310745607 0.1969289074885399 -0.17375208104951412
v -0.015597317251349932 0.1674530800266643 -0.17327302498773586
v -0.0018776375634625823 0.13807793278417665 -0.172572527755226
v 0.010981528842125103 0.10833052556143574 -0.17221995584150712
v 0.021030272148263272 0.07746776750400809 -0.172765045041128
v 0.024574043250800464 0.045391767380330704 -0.17387069232589486
v 0.023364215942374915 0.012918980014330693 -0.17482047254987332
v 0.01947303067608181 -0.01940267641892696 -0.17525184831720356
v 0.014829838147826652 -0.05166415747237428 -0.17547138072311616
v 0.0101067059203086 -0.08390511989693035 -0.1755949023319483
v 0.005507677087653503 -0.11614913461062716 -0.1756701033285238
v 0.0008408907903950131 -0.14839907308343395 -0.1756461000569592
v -0.004449944478402542 -0.18053325105842596 -0.1754311101412543
v -0.009327953304620152 -0.21270901015592056 -0.17525623440058877
v -0.012966721761400301 -0.24503816396068356 -0.17532553725458364
v -0.015371153919263972 -0.2774987383993402 -0.1755462236839637
v -0.017346412666189765 -0.30994085401794785 -0.17569427793491893
v -0.018430277535642612 -0.3424214925374943 -0.17588882914877735
v -0.016499786813180945 -0.3748633080869675 -0.17608677699990685
v -0.014539449186456681 -0.4072728619756935 -0.17626050710610422
v -0.010635240473810412 -0.4394810748686482 -0.17629676526830113
v -0.0068814189011913865 -0.47165908178558175 -0.1763792982888241
v -0.003288929668870495 -0.5038158219612943 -0.17651325092432923
v -0.000789647754833625 -0.5360300454355585 -0.17677969184585376
v 0.001188676161214452 -0.5682371636129404 -0.1771267733922453
v 0.08637493555710911 0.3461281687411017 -0.13857536937407727
v 0.06110724105434499 0.3260989430452511 -0.13959858612578047
v 0.03577622054263674 0.306123468689875 -0.14053021182128594
v 0.009411370469378224 0.2875300410173017 -0.14071236996566688
v -0.018298684181305303 0.2710928652449848 -0.13981218710747456
v -0.045429040890209514 0.25363208120794556 -0.13945917810215616
v -0.05006573733693292 0.22269332188156618 -0.14297310750465442
v -0.03934792442449642 0.19228695109844668 -0.14336016574883426
v -0.025828452641798994 0.16292059372517498 -0.1428947284220607
v -0.012859994906851769 0.133268800862939 -0.14256151493959654
v -3.724617409233799e-05 0.10354223511906542 -0.14222865347160196
v 0.013724508103163263 0.0742398641959047 -0.14151052868477143
v 0.023271126997984174 0.04357219575006515 -0.14174977831671606
v 0.027969081856752065 0.011503044051124687 -0.14287618809020336
v 0.024565646151989917 -0.020784207640812014 -0.1433805813261346
v 0.020016246394566645 -0.05294247815886023 -0.143611166278515
v 0.015362381658686431 -0.08510670408273421 -0.1437494169296807
v 0.010878929742641635 -0.11729803725713943 -0.14384845286184333
v 0.006619417506553355 -0.14951669248896024 -0.14390894556489997
v 0.002533541242402879 -0.1817543812268737 -0.14393299990472175
v -0.002469915730313714 -0.21384399124669717 -0.14372826005032777
v -0.006895972292104785 -0.24600884308337406 -0.14362517398044833
v -0.01056179460855303 -0.2782558774302191 -0.1436163074047559
v -0.013810954298859044 -0.3105520041346617 -0.14362242515023763
v -0.01622763493742217 -0.34290644120808994 -0.14367816749823853
v -0.01647910842187692 -0.37530226344744433 -0.14380695146966327
v -0.015240485939412518 -0.4077124120715583 -0.14397991211281233
v -0.012903223844749593 -0.44003454293557914 -0.1440836800389885
v -0.00919209893965929 -0.47220200135975554 -0.14414540843064894
v -0.005281364867532377 -0.5043146200862046 -0.1442365022214956
v -0.0021761900768545216 -0.536475407550089 -0.14443335891758582
v 0.0005661285083345135 -0.568630453401276 -0.14468057963484676
v 0.09348622382809325 0.3355703822356518 -0.10879490761777133
v 0.06776471756216887 0.31611877835454966 -0.10949578637669238
v 0.04199282706667204 0.2967357989882581 -0.11013350714576356
v 0.016115930833810514 0.27747455758012385 -0.11063378579976281
v -0.011804388669445422 0.26158305733527726 -0.10972227539198705
v -0.03996992309220089 0.24691493418199068 -0.10834975882516072
v -0.05549974260228824 0.2193565307432063 -0.11133100778593995
v -0.04714662951706507 0.18885738554455328 -0.11207733356287963
v -0.033994018302636576 0.15937278735109275 -0.11180026503037316
v -0.02177650753268053 0.12944450370376798 -0.1117085999653507
v -0.009043233703936797 0.09972695770751767 -0.11141436357734762
v 0.0038537326723165092 0.07007186678190802 -0.11101637401938434
v 0.018010145087178984 0.04101276871365774 -0.11016116332591566
v 0.027161367662110674 0.010188684281519821 -0.11057771892338908
v 0.028786659245605868 -0.021978869865639985 -0.11136631131288119
v 0.024207175606283573 -0.054030186080954015 -0.11157298765352583
v 0.019509601455722118 -0.08610421970906207 -0.11171691735182063
v 0.014963876603091652 -0.11820202865187115 -0.11180345219412735
v 0.010624611144367664 -0.15033938461095625 -0.11185672438581803
v 0.006507690487063228 -0.18249996194340296 -0.11187097237421793
v 0.002491580012735771 -0.2146648319213789 -0.11185283484029401
v -0.0015237972064521465 -0.24683230359482983 -0.11179004150892596
v -0.005654047343792998 -0.2789837609855973 -0.1117056148522774
v -0.009327264698505007 -0.31117444021064966 -0.11164140265210808
v -0.01246507332404923 -0.3434100404389032 -0.11161399154272776
v -0.014776479195025446 -0.3757144292398474 -0.11161580774534793
v -0.015614688474346383 -0.40807354787808836 -0.1116689001811075
v -0.013541129275892436 -0.4403868416785812 -0.11177304619304111
v -0.01045537918916278 -0.4725942785386542 -0.11184191089543709
v -0.006743398778438972 -0.5047196023601839 -0.11191602727178832
v -0.003127873857017861 -0.5368192817745625 -0.11203648380013748
v 6.399784796044229e-05 -0.5689437089597477 -0.11221601031914326
v 0.09935473471469736 0.32667015389665593 -0.07821553828332226
v 0.07321984516500318 0.30778841704275184 -0.07867562825409705
v 0.047156092212859456 0.2888130573012109 -0.07914311469011273
v 0.021155414000841994 0.2697575528779166 -0.07959082474050225
v -0.005449394936880924 0.2515876053025071 -0.0797240184369439
v -0.03393385346775814 0.23654948009394616 -0.07866584545038699
v -0.0561789870696147 0.2161529723808737 -0.07913636892996398
v -0.052979911889865096 0.18629038294882086 -0.08032472908442932
v -0.040421123066344135 0.15661931409179733 -0.0802222367202557
v -0.02818563032151744 0.12674922665918514 -0.08011809843180857
v -0.01575291175068197 0.09695707090769033 -0.07992490633279725
v -0.003564274035395301 0.06705873575421037 -0.07972600443125218
v 0.008687322526328908 0.03719906528801775 -0.07944986699832844
v 0.021577240471695933 0.007625679137186045 -0.07903557057554611
v 0.031463480947830955 -0.02284842363370287 -0.07916636660516614
v 0.027614473635429015 -0.054944489300085886 -0.07944187879124792
v 0.022880890729216816 -0.08693842318619661 -0.07957263656533935
v 0.01785640232994523 -0.11888732260669013 -0.07962380851648135
v 0.01343979557923986 -0.15095680676377884 -0.07966845039438078
v 0.00923074440354105 -0.1830357109777256 -0.07967944321693281
v 0.0054331908227821 -0.21519433972353888 -0.07968638476639245
v 0.001563647421139657 -0.24733590101358285 -0.07964542328974748
v -0.0021764734039385145 -0.2794856142908505 -0.07960171222231133
v -0.0059055547499871994 -0.3116303109027267 -0.07953252837610779
v -0.009201565356372956 -0.3438219632525298 -0.07948202742393742
v -0.01220324524613064 -0.3760165790182808 -0.07943092978838381
v -0.013505857741556182 -0.408325470580271 -0.0794383239570162
v -0.01381912805175622 -0.44064123427731944 -0.07945060451311356
v -0.011104778623997467 -0.4728633860088113 -0.07949927625822142
v -0.007537505139233726 -0.5049903192557819 -0.07954896883894581
v -0.0038776668277301926 -0.5370925295428083 -0.07962869726533818
v -0.00032973994312450905 -0.5691742891032062 -0.07974211503608579
v 0.10338285077745761 0.3203232136359343 -0.046721692446304905
v 0.07698278769739285 0.30182973654718503 -0.04707700654722113
v 0.0507029136371879 0.28317323598408384 -0.04744530526989647
v 0.02447946679261633 0.26446057460920025 -0.04779228216503064
v -0.0020308361620425563 0.24618161900249363 -0.04798684530701204
v -0.02869183245807967 0.22811157422122508 -0.048136798029537235
v -0.055596548779983226 0.21040607638209652 -0.04814017823938921
v -0.05768709311274539 0.18427313737971973 -0.04828631589816455
v -0.044605061307356364 0.15486973490461725 -0.04820626078119121
v -0.03235622457686233 0.12504851038653522 -0.04809791351461362
v -0.020259433931001092 0.09515617295336337 -0.04795878188957365
v -0.008293689169973159 0.06519928829861862 -0.04780606835867092
v 0.0034424192976719218 0.03516330133642391 -0.047650938794510364
v 0.015874882264593878 0.005404073382000426 -0.04736877004009856
v 0.027913233594330428 -0.02452482895053612 -0.047214533953444535
v 0.03056131751728348 -0.05568151355874362 -0.04726415051203269
v 0.025172875257685856 -0.08751249557287859 -0.047334161543315136
v 0.01991420421053376 -0.11938808284415259 -0.04736979005392361
v 0.015187901374077075 -0.1513501501498257 -0.04739242774154247
v 0.010921236360958129 -0.18340257070264535 -0.04740769956603261
v 0.006874377207531843 -0.21547663065890887 -0.04739900101854157
v 0.003161484626052913 -0.24760801992483208 -0.04738062184081294
v -0.0005975185574509679 -0.27972701847320103 -0.04734142885001978
v -0.0040607243239409166 -0.31187600421189154 -0.04729756324214188
v -0.007280557105996688 -0.3440437570843855 -0.04724928272253105
v -0.01031712135073255 -0.37621979895433827 -0.047192920630412895
v -0.012437481877303579 -0.40845577648597176 -0.04715260259386052
v -0.012739987463248153 -0.4407496246287595 -0.04714860119300272
v -0.011263073763031702 -0.4730165512849206 -0.04714359642404478
v -0.007942636572024733 -0.5051654159070602 -0.047161585094540326
v -0.004199034990318012 -0.5372398453133259 -0.047197849718326676
v -0.0005260235997920485 -0.5693097751419507 -0.047247066083044374
v 0.1055042000267869 0.3167412143887365 -0.014663216655657705
v 0.07927086451316506 0.2979860380965819 -0.015010449366068917
v 0.05263733644669193 0.2798427296945961 -0.015291696591850232
v 0.026108373137150254 0.26158251811258143 -0.015576930540445063
v -7.971710075767779e-05 0.24286215571288156 -0.015879106737926127
v -0.02658397829941552 0.22458745246246684 -0.016211198923960196
v -0.05543220823343678 0.2109924666815739 -0.016477772803816314
v -0.061396359558244656 0.18266035618781598 -0.016071216492163896
v -0.046864139950664456 0.1539928246473494 -0.015961678563405676
v -0.034424003507270026 0.12427565675155569 -0.015851869734876314
v -0.022525063465890605 0.09431822529489578 -0.015716587134238468
v -0.010359618696569997 0.06447857973241301 -0.01555863447654908
v 0.00097603809682745 0.03428227656677878 -0.015429945513805441
v 0.013138290369942778 0.004423245529817026 -0.015281371043116524
v 0.024450273272695895 -0.02575684722433847 -0.015137954865465611
v 0.03247253430706759 -0.05616619693883837 -0.014990708933803921
v 0.026493505456425447 -0.08785690932078992 -0.015031380549586734
v 0.020791814037701303 -0.11961859919076592 -0.015061672215569486
v 0.015947080414996748 -0.1515482058702589 -0.01508018558150951
v 0.011535975029996131 -0.1835518584028739 -0.015090217585717053
v 0.007411173564529743 -0.2156029049260197 -0.015084863124021158
v 0.0035347528676530414 -0.24768997003755241 -0.015068423719306025
v -0.0001310612903817549 -0.279799311498009 -0.01503908496422312
v -0.003449046776876758 -0.3119527060960297 -0.015001335827944596
v -0.006681714464943986 -0.34410236793827187 -0.014959680512210527
v -0.009585186698368999 -0.3762779264250441 -0.014911040269837838
v -0.011778178586032658 -0.40850473219760874 -0.014863497658633849
v -0.012522980125858438 -0.4407588118790646 -0.014813070135688224
v -0.011003951969624639 -0.47303272095083365 -0.014793733716828348
v -0.007825246224908433 -0.5051798802022439 -0.014766755353057201
v -0.0042339327218061775 -0.5372906220787735 -0.014746782207067747
v -0.0005013550881141336 -0.569338 -0.014741865774965394
v 0.10608096960617865 0.3154134830751031 0.017633750775054424
v 0.07946231200471024 0.29721781165964656 0.01734643890277328
v 0.05283960339003542 0.27905521290503793 0.017085104533833398
v 0.0261881746128894 0.26094106479197665 0.016798816154710842
v -0.00045831641331060954 0.2427894514832391 0.016503524174621857
v -0.028363253775158085 0.22662423786377917 0.015956232135162538
v -0.05633521040642002 0.21408910757714844 0.014955480840144818
v -0.06131545132520584 0.18289495633570052 0.016222734206782528
v -0.04747387231901086 0.15386622744779152 0.016388491335737825
v -0.03440311847022643 0.12441854228689725 0.016463522234420422
v -0.022427864686243488 0.09451194815766803 0.01661572258158911
v -0.010607283238649484 0.0645219833915786 0.01675401224682644
v 0.00110357884383984 0.034474671847813484 0.016896902375928172
v 0.012930077443737123 0.004461247843005806 0.017030775643923732
v 0.025463377835251662 -0.02523606892209345 0.017121131621097095
v 0.03229794171599874 -0.05614672881747468 0.01733726822313841
v 0.02623159642811573 -0.08782817047689634 0.01729622951736957
v 0.020464422625810316 -0.11958036256950302 0.01725730500176923
v 0.01557230503194782 -0.15149933375545643 0.01724195463356704
v 0.010975147691746316 -0.18347293307896342 0.017226649566322253
v 0.006574616611322006 -0.2154832794780362 0.01721720427892895
v 0.0026584723703842817 -0.24756213181110667 0.017235405263321017
v -0.0010174871290509196 -0.2796757066506909 0.01725602769758302
v -0.0043855581939507724 -0.3118213868975304 0.017289026882404905
v -0.007567057508006758 -0.3439742439600746 0.017324382528828352
v -0.010266745513990656 -0.3761699451399614 0.017372245927335845
v -0.012198690934528692 -0.40841873248059374 0.01743831816863766
v -0.012531492284933509 -0.44071194855638274 0.01750262228459232
v -0.01067468396523538 -0.4729741518632389 0.017575652716723008
v -0.007538056847484543 -0.5051312298980366 0.017630759344504546
v -0.0038698586139944624 -0.537209554188756 0.01768906193476857
v -0.00027853017135862936 -0.5692745166368991 0.017763706438521376
v 0.10507411820808488 0.3164469383089484 0.04993587936547625
v 0.07812821914740507 0.29874763139136634 0.04966188581164304
v 0.05115792823954784 0.2810930401282667 0.04935629170152428
v 0.024396655595776997 0.26311248335377263 0.049065220547434125
v -0.002750339409941565 0.24572727594299615 0.048648567990244015
v -0.03106764152913833 0.23040479418173473 0.04794787650330944
v -0.05816546416775362 0.21609791689439778 0.04714774988101018
v -0.058347829406889776 0.18449158632032978 0.04855048212843992
v -0.045140594309734744 0.15506850028330998 0.04860968095122205
v -0.03219376976479561 0.12554572143549092 0.04869188183161055
v -0.020565758376012364 0.09547366195837594 0.048879902628491026
v -0.008691562558927265 0.06548604445927286 0.0490073067522341
v 0.00311315207349043 0.03545616889350957 0.04914817124911769
v 0.015120160016847496 0.005509184446358223 0.049256753435240316
v 0.027349475856592243 -0.024351525416915546 0.04934408544277867
v 0.029615781830815948 -0.055630612091703724 0.04951989600653364
v 0.024610361255613764 -0.08747765398145356 0.04958007390445387
v 0.018977090615417993 -0.11928056479662213 0.049542029887961504
v 0.013974680533996909 -0.15120313172835292 0.049520235624151976
v 0.009262788230653676 -0.18318034129039773 0.04950164961737835
v 0.00478724231446925 -0.2151912643806806 0.04948568742532519
v 0.0007275299734012951 -0.24726517022069486 0.04948355260798724
v -0.003191146676248217 -0.27935893407900503 0.049484149895895696
v -0.006602430695955804 -0.31151002491000646 0.04951353840860495
v -0.009511872349905102 -0.3437118606297853 0.04956354735804716
v -0.011817837888021798 -0.3759503686437897 0.04962904067933341
v -0.013506039271081523 -0.40822579435032935 0.04971192723036049
v -0.012463814336032053 -0.4405413534577637 0.04983484697918113
v -0.010086320283244125 -0.47277099388154364 0.04992383394829346
v -0.00671161559073137 -0.5049070798365766 0.05000942403408372
v -0.0032030710495852786 -0.5370106850757013 0.0501334766767596
v 9.930381564276835e-05 -0.5691223888309954 0.05026755632866896
v 0.1020121337324623 0.32065165074563773 0.08191592653010185
v 0.0747830169078483 0.3033929291152857 0.0815313074561673
v 0.04785263303649142 0.2856663594638018 0.08123173282207746
v 0.02074146312475618 0.26823343107192116 0.08081289469517444
v -0.006380324202513955 0.25078936848773353 0.08041078613569913
v -0.0363590894569772 0.23963100856115999 0.07834311229989191
v -0.05655798907943643 0.2172345699476978 0.07937434393726564
v -0.054003945938733686 0.18658545887236783 0.08061758400383562
v -0.0405070141663226 0.1572961343547492 0.08056209362923329
v -0.02825480831011927 0.12744257339315077 0.08072441366362107
v -0.016324876636434994 0.09745133295333273 0.08086019962541124
v -0.004225397154229508 0.06752738246897913 0.08095448918539838
v 0.007764552868684371 0.037553136852467396 0.08106256726088229
v 0.020007726465096413 0.007677012314120431 0.08111984180602456
v 0.02982921138453947 -0.02279309840547261 0.0813943226896821
v 0.02739670199734408 -0.05497146218230892 0.08177614422602383
v 0.021248336132776338 -0.08673547073294367 0.08171575505123678
v 0.015723946059957902 -0.11860609606888967 0.08169158559530901
v 0.010939514206038484 -0.1506021833942472 0.08169832160904514
v 0.0060836734855698 -0.18259631052162711 0.08165444884708657
v 0.0017048310292776519 -0.2146626580962793 0.08164142173464667
v -0.0025675412161808324 -0.24674177948323742 0.08160964858025244
v -0.00653562135265116 -0.2788636124713566 0.08160595441808054
v -0.009789346679860172 -0.3110600448442567 0.08165145369865101
v -0.012485887683712504 -0.34330617024985743 0.08172811114056738
v -0.013945613152245876 -0.37562034742402706 0.08186784556016932
v -0.013900600254813782 -0.40796345475133516 0.08201274541093269
v -0.012326250530584296 -0.44026892189121414 0.0821497933016676
v -0.009196779781561588 -0.4724644403909413 0.08225680330235788
v -0.005416025206886218 -0.5045635833948856 0.08236376387056082
v -0.002161840098053705 -0.5367138223972358 0.08253934819141387
v 0.0005341198256021533 -0.5688746429315772 0.08277359900599694
v 0.0972792756683753 0.3274813760437013 0.11322994537334025
v 0.07021095491724341 0.3099654912368758 0.1129129867549597
v 0.04299384055767753 0.29268966802074803 0.11248461514582259
v 0.01581800593423798 0.27534599725013453 0.11202257065800694
v -0.012600071390252744 0.2602781527055659 0.11067914821061965
v -0.04152644043296416 0.24707976176821697 0.10874748068350475
v -0.053389697588412735 0.2199932444720678 0.11114277861979661
v -0.04791780349433156 0.1894838322105104 0.1123360832209015
v -0.03422079936318602 0.16024496449731376 0.11213753422233924
v -0.02172567422159987 0.13045484798998358 0.11221942104609114
v -0.009529774532856264 0.10052108178849083 0.11231300332013743
v 0.00266169314805257 0.07060670359316527 0.1123824525663079
v 0.014459945191685723 0.040522710343689664 0.11254416304195636
v 0.025630003164485216 0.010282217751785496 0.11277626833446501
v 0.02772512233012698 -0.021834590916727313 0.1135773782527245
v 0.022368093202463316 -0.053805682603131934 0.11369399094326563
v 0.01668784370690942 -0.08570707547734965 0.11369704935256043
v 0.011879545918959546 -0.11777667813628757 0.11376446149967888
v 0.006451656023288904 -0.1497417126752054 0.11367885184236592
v 0.001556859425427509 -0.1817733379888466 0.11361578895530747
v -0.003250373821907483 -0.21384846506892097 0.11353911337418554
v -0.0076453670582309445 -0.24594431627273522 0.11349510317607361
v -0.010989851891269765 -0.27817677418516806 0.11359401061657187
v -0.013908956530423545 -0.3104550768872451 0.11368363032087392
v -0.015384269568385914 -0.34282536503319294 0.11389221547639847
v -0.015620574085424482 -0.3752324034709617 0.11411982978315169
v -0.014148232076621258 -0.40759909478193623 0.11431012225482083
v -0.011307428928055311 -0.4398751710437284 0.11445110427090348
v -0.00711319567660507 -0.4719681209139864 0.11451280226794636
v -0.003640564756109181 -0.5041140539517108 0.11468191026541291
v -0.000813321302555676 -0.5362807337645917 0.11492414247710903
v 0.0010107417638465345 -0.5684906439721384 0.11527438459769741
v 0.0913915808344501 0.3361885644507102 0.14387355828895304
v 0.06425252114689625 0.31876751417966553 0.14355537324132395
v 0.03682467005061602 0.3018182798738865 0.1429565470484483
v 0.008832362248996016 0.28592129375775954 0.14183254827056185
v -0.021029095846419876 0.2749438726338238 0.13808857451132073
v -0.039806603025578806 0.2520163983727078 0.13948964308056006
v -0.05235358791535623 0.22316735540705088 0.14335336300461796
v -0.0389971234051497 0.19370475758951602 0.14322258034722304
v -0.025957569719560522 0.1640945711797606 0.1431686236507873
v -0.013561251555282886 0.13418443911759817 0.14327878465852073
v -0.00019756660305911364 0.10469988883270309 0.1429445806149695
v 0.011676447554266601 0.07459827501195151 0.1431460128268276
v 0.021127797488891036 0.04365332903427891 0.14390197481772576
v 0.02631894905179678 0.011659477720128788 0.1450977038888538
v 0.02212947465436582 -0.020413451699465183 0.14539649423208398
v 0.016329917223735696 -0.05238006735897331 0.1454230044490484
v 0.010853924932638148 -0.08441638902144132 0.1454225848021569
v 0.005531230774942874 -0.11648919082817485 0.1454137011311562
v -0.00012243166095298645 -0.14848860719184812 0.1452663184925248
v -0.005147539592560292 -0.1805757940789074 0.1451892338020359
v -0.009466865748234939 -0.21278027243628334 0.1452214017141043
v -0.012879982068661608 -0.24506222273426678 0.14534622285501372
v -0.015586708617125853 -0.2774171388692888 0.14555869691810372
v -0.016559308033658147 -0.30986321015644047 0.14584880739647763
v -0.016438743563186 -0.34232481362066136 0.14614813901766505
v -0.014993798800761881 -0.3747302266110415 0.1463828526336797
v -0.012186215214954797 -0.4070527776985193 0.1465502427083404
v -0.008302484025761976 -0.4392280458284296 0.14661733621653963
v -0.004367218891134796 -0.4713542010635997 0.1467202891019938
v -0.001342483165115798 -0.5035362650928672 0.14694573647211115
v 0.0007463772750713681 -0.5357770394064659 0.1472857136633888
v 0.001605327329742652 -0.5680105510386885 0.14774861190065317
v 0.08453427022318809 0.346483007004241 0.17387278827248326
v 0.05709286618980706 0.3295597961362893 0.17329865210617967
v 0.029063057623941416 0.31364765066179706 0.17213953458672102
v 0.0003687329707930103 0.2996229222885528 0.16978180935260528
v -0.02483979975780419 0.28442566624133014 0.16760776907434835
v -0.04315892811125367 0.258547698463094 0.17105711565580992
v -0.04107264180849327 0.22841283667660753 0.17331765478710048
v -0.029032682289028333 0.19838151388150627 0.17370761502938428
v -0.016218877284224005 0.16859504080585724 0.1737063831727837
v -0.003310125868520635 0.13885227897113941 0.17360266087914167
v 0.009068800825399289 0.10892848713628911 0.173584410612369
v 0.017479039010425853 0.0775467554198262 0.17480621159436555
v 0.02304104931330065 0.04590714641166929 0.17577410043807212
v 0.020387918702790078 0.013494631922815178 0.17666933701398685
v 0.014857564781100108 -0.018649535990031003 0.17682649427635683
v 0.008854847803874261 -0.050690956441990474 0.17678390626036253
v 0.0030894811476577253 -0.08276191376938773 0.17673961362153906
v -0.002999542649249985 -0.1147720141525263 0.17651280465543076
v -0.008021403540809132 -0.14695378768847783 0.17654103277749067
v -0.012705525163952324 -0.17919904056569402 0.17656267096720274
v -0.015532408912515326 -0.21163482878544632 0.1768969719552806
v -0.017057499570353254 -0.24417368684772625 0.17732543858249694
v -0.018088657975584843 -0.2766953302204713 0.1777151304717529
v -0.017696245919153204 -0.30925306136100605 0.17812156131489248
v -0.015286657164918432 -0.3416838913839635 0.17835708569212835
v -0.012044043750526662 -0.37403005954511986 0.1785141565850039
v -0.00812625760535329 -0.4062616405541538 0.17856981505458985
v -0.004092184025436333 -0.4384248339419632 0.178634055784799
v -0.0006619212771617254 -0.47061137910082246 0.17880354625214345
v 0.0013334224003550654 -0.5028891964744369 0.1791622017879383
v 0.0019761990543085773 -0.5351853018565423 0.17964992752967118
v 0.002248346985551768 -0.5674464225135989 0.18019454757418052
v 0.0768897988223836 0.3580732328763305 0.20326415317451657
v 0.04875746335408164 0.3423940580669279 0.20193236189510455
v 0.020259025589797676 0.32758626099240135 0.19999219907533072
v -0.009329630517283041 0.3153439723450382 0.19632819777905453
v -0.029827292366551628 0.2926783770730651 0.19843463875282755
v -0.03990306001041489 0.264472499288072 0.2020372250927566
v -0.030704880649707493 0.23346755297462787 0.2036373337253474
v -0.01815305118046208 0.20356285370505042 0.20377421873347853
v -0.004670322466779519 0.17394918107098412 0.2034392122472416
v 0.007797403126927781 0.14392194899087904 0.20355265068200673
v 0.016772793719586714 0.1127232524518206 0.20471626109896401
v 0.019537956856504904 0.08041546667605413 0.20639226394028964
v 0.017344141170875016 0.04781336785871959 0.2075415492859821
v 0.01208922270723438 0.015577023583913168 0.20781312794394777
v 0.005104769220909108 -0.016373991885231618 0.20752154557606414
v -0.000902115709700794 -0.04851975204723679 0.20748545854776776
v -0.006887908069471529 -0.08064789545375631 0.20738303218554333
v -0.011567986472044087 -0.11298266597500736 0.20756442530257713
v -0.015455885287383259 -0.14541683600998212 0.2078975758684236
v -0.01698577453969599 -0.17803642438392558 0.2085080420619949
v -0.018774384069076968 -0.2106534288728884 0.20897447051322865
v -0.018305118665542845 -0.2432984916948938 0.2094989164064998
v -0.016882217306237637 -0.2759059523615583 0.20993675953556645
v -0.013832128860320054 -0.30836858676370515 0.21013031869073823
v -0.010567956525632034 -0.3407757841266328 0.21028895818488022
v -0.006869286579770208 -0.3730934446656295 0.21037530218785727
v -0.002901757941810947 -0.4053259272339757 0.2104199463899828
v 0.0008325793437213503 -0.43753665949130033 0.21053284222270052
v 0.0025934128314542312 -0.4698729742666926 0.21093128254481996
v 0.0031390251769142052 -0.5022202782149593 0.2114386438997266
v 0.0030614986842738105 -0.5345315183322138 0.2120058074931981
v 0.0028485344127827635 -0.5668112186607024 0.21261377547869945
v 0.06806235976447672 0.3716834465752661 0.2314848306349033
v 0.03964221468552738 0.35680132737406756 0.22952340318201034
v 0.010181329545511724 0.3443407958915696 0.22585339941270616
v -0.016637689401651667 0.32687983595057124 0.22539373636523966
v -0.03324924907957452 0.300584689267223 0.2295173078626006
v -0.030251036193180356 0.26956811156374466 0.23256456850100732
v -0.019456840266639946 0.23902654762974007 0.23348809204553597
v -0.005697113306472259 0.20949605597577148 0.23306630200407358
v 0.006614072580467496 0.1793084677934345 0.23328004209529457
v 0.014203927759263168 0.1475657826852986 0.2349351553657663
v 0.01738318293513466 0.11519347523477402 0.23685400109098154
v 0.013908736109923412 0.08262684029409142 0.23802072967132504
v 0.007274355787792706 0.05047105520170639 0.2379782374145532
v 0.0004303212636323772 0.018370536687258687 0.23780520945335115
v -0.00577428165941136 -0.013834506971826104 0.23780686645374213
v -0.011192585186140573 -0.04617779722864723 0.23801607227090288
v -0.014270290667853588 -0.07883476046776951 0.23866084511910068
v -0.01751601085493607 -0.11147121810727532 0.2392555014153408
v -0.018288157595646084 -0.14424775178567997 0.24001846147929484
v -0.018375124329574208 -0.17700372974369155 0.24065299029386303
v -0.017263104243842337 -0.20971138243289605 0.24116791296451456
v -0.014934979717065878 -0.24234142965740912 0.24154455309634126
v -0.011723730418939586 -0.2748769994008257 0.241753547458849
v -0.008114663292777597 -0.3073183986882435 0.24186253795706159
v -0.004118448320923828 -0.3396698253165322 0.24187779531684994
v -0.0004947285963464976 -0.37201797483007226 0.24199455138583975
v 0.0025842598176247103 -0.40434728866709974 0.24219872812570847
v 0.004532729706906304 -0.4367393467561773 0.2425995291742064
v 0.004613226080031138 -0.46914279860288577 0.2431501431534839
v 0.004343152923280949 -0.5015110725844721 0.24372430221606237
v 0.0037634365060387055 -0.5338256632301076 0.24434278292977815
v 0.0033865868825565526 -0.5660966437321405 0.24500035509573992
v 0.058766982514591504 0.38604210589953986 0.2592497052900996
v 0.02982824785311244 0.3722145465869412 0.25643816781127726
v 0.00040019115036511537 0.35993374231213315 0.25247654102759753
v -0.02109313494937069 0.33634535732125914 0.2556171508199899
v -0.029447997058666988 0.3054745999300881 0.2612974736175056
v -0.01926560921650437 0.27549378552296877 0.26222142949154015
v -0.005750472683587533 0.24578039017509978 0.26204063482120626
v 0.0059357504098019025 0.21533072438765835 0.2625430299239588
v 0.01179433130174187 0.18314207110629188 0.26473279642554126
v 0.012228869485172208 0.15062781446552917 0.266420601339846
v 0.007977996890865202 0.11808773197401103 0.2675404135855356
v 0.002309864578567238 0.08566436087577649 0.2679901846136147
v -0.004316678292508763 0.053454632522618464 0.26797282373816933
v -0.009317728085359377 0.020925153112046756 0.2683876517464515
v -0.013464041007186404 -0.01171832140344827 0.26904823742983497
v -0.014848346283157277 -0.04463365174367612 0.2699636688402898
v -0.016866834660365843 -0.07743972326855347 0.2707455662458789
v -0.017300781424019508 -0.11026909098119177 0.27146877671519315
v -0.016909489190333655 -0.14310296804046857 0.2721838432379739
v -0.01401482686037426 -0.17583315782177678 0.2725011171766282
v -0.011357188862831656 -0.2085182048962238 0.272861488361697
v -0.007848112510345536 -0.24109581735611513 0.273006464625009
v -0.004262918994571898 -0.27362308382976286 0.2731270646242331
v -0.0005128412231310292 -0.3060743586659585 0.2732098871040509
v 0.0024671388605881158 -0.33855951038263465 0.27345410237801
v 0.0052811930523007375 -0.3710055706417704 0.27372692806010596
v 0.0062662106251246946 -0.40350508919008704 0.2742421979678014
v 0.006220174106681743 -0.4359768725453546 0.2748201053520614
v 0.005571356652041222 -0.4683997786119939 0.2754168973088433
v 0.004852447846343676 -0.5007684284585523 0.2760261058482398
v 0.00426907503716222 -0.5330893878140327 0.2766702406325436
v 0.003877531987253779 -0.5653646495880937 0.2773468705171649
v 0.04892097932436598 0.4014221769292825 0.2863072756351198
v 0.019762105150512688 0.38807517931450336 0.2830373506327807
v -0.0067132662482807665 0.3714778115616267 0.28160428102082813
v -0.021204264872866453 0.3430097481959921 0.28727316408038717
v -0.017450555189762507 0.3130611957571823 0.28980241210623675
v -0.005653938407290651 0.28257027418721603 0.2907187719578453
v 0.005661239376826371 0.2517443830274604 0.2917105670100547
v 0.01007106507637793 0.21921492872403486 0.29432362070893703
v 0.007177580000151087 0.18654044303505404 0.2958364326511587
v 0.002378691677955613 0.15384422416192076 0.29695151234538925
v -0.0028897175285731557 0.1211864536416491 0.297761043323497
v -0.008975727052804841 0.08869400201838867 0.29807905997735645
v -0.013141599101413137 0.0559314927273074 0.29884857783450813
v -0.015061051922898416 0.022916245995043473 0.3000577935048124
v -0.01709878069185193 -0.010051024291569883 0.3010344600690756
v -0.016803088118979126 -0.043042083829125874 0.30190345880854386
v -0.015019944570425391 -0.07601661196635542 0.30264336948967974
v -0.012752322018511779 -0.10893338994176954 0.3032420827730469
v -0.009798637903159225 -0.14173483737639905 0.30360232570563284
v -0.0064957881436391385 -0.17446054505370498 0.30383322249481914
v -0.002599172664864372 -0.20707150611604141 0.3038706270680421
v 0.0008545289356420734 -0.2396912867030536 0.30404539738037983
v 0.0037304761649945965 -0.27230963725893464 0.3043616875018586
v 0.00636894394431546 -0.30492282507719665 0.3047075849797843
v 0.006871319083775029 -0.33755724216744243 0.3052991570636153
v 0.0072806396301159995 -0.370159595582489 0.3058914442972934
v 0.007058855248031581 -0.4027161517974665 0.3064911222924907
v 0.006418053964065057 -0.4352080491760874 0.3070880699905558
v 0.005587676781101781 -0.46763580839481994 0.30769323952287797
v 0.005000889802728785 -0.5000168839848206 0.30831289404091317
v 0.004652652950093213 -0.5323361045596677 0.3089769629548316
v 0.004342684769348567 -0.5646186796862298 0.30966867726838465
v 0.038535574215148236 0.4178788974403043 0.3125966186678248
v 0.010455592067589177 0.40226725355465004 0.3107527859750442
v -0.01411299249727362 0.3821526940649772 0.31145257573778695
v -0.015223102694224201 0.3511073497070336 0.31686398207638333
v -0.004059456954398178 0.32030644964406857 0.3184326594003866
v 0.003073371829265284 0.28831508201476186 0.32092454311651664
v 0.006085441115155255 0.2555421749928562 0.32371625455053193
v 0.0014877102066445226 0.22295331007761662 0.3248218868242989
v -0.002978702048503152 0.19007535370940248 0.326221609241448
v -0.008454464977646051 0.15725916272024562 0.3271079694613093
v -0.012537736001035991 0.12432938699119263 0.3281232075199631
v -0.013631558403245918 0.09111275250017734 0.32949310238281954
v -0.01456230670435238 0.05791130219288877 0.3307688038248722
v -0.013883545361650157 0.024726567006531888 0.3318716695365388
v -0.011393615784215667 -0.008360287072433734 0.3325174134228733
v -0.009102816624538254 -0.04137717484263155 0.3331570121342445
v -0.006371121985671564 -0.07438142348368365 0.3336489755093758
v -0.003615098523876783 -0.10730772178736057 0.334115937632296
v -0.0003397564904958415 -0.14013671037616532 0.3343886235234273
v 0.002543559496474735 -0.1729511204613307 0.33474723443949195
v 0.004924058862342054 -0.20574943689451297 0.3351835969662975
v 0.00662095538729832 -0.2385543455823763 0.3357280070647405
v 0.007711900351232222 -0.27130780097766477 0.3363126709578881
v 0.007410635278571557 -0.30406284089486985 0.33694195975278673
v 0.00758383111226324 -0.3367421874425312 0.33754762850779263
v 0.007358047388897797 -0.36935634675148127 0.33814759981517034
v 0.006684549281059495 -0.4019200854984072 0.33874771475497273
v 0.0059509392792450756 -0.43442381164641103 0.3393497206236619
v 0.005554588108785088 -0.46686860868042745 0.3399680978493533
v 0.005188986373496084 -0.49926071642117975 0.34059979025321474
v 0.0049637478618473774 -0.5315873661391682 0.3412693222813522
v 0.004788658848659532 -0.5638671869708913 0.34197087108619256
v 0.027785286023905356 0.4351572108267005 0.3383267354075361
v 0.0014179443170210066 0.41643956233952845 0.3387705180365542
v -0.008308523288642275 0.38984526150742377 0.34190825523406754
v -0.003893182159497367 0.3580947399855026 0.3462971895360255
v 0.0006688750510682924 0.3256314815789237 0.34974725880761093
v 0.003005090733757893 0.2927980628164016 0.3526058750881038
v -0.0030141119324411185 0.25976562117106594 0.35396791908116443
v -0.00766355764348344 0.22672826373332655 0.35532386514754716
v -0.01036797563442433 0.19340233378575994 0.3570884098358422
v -0.011431028806979007 0.15995724871726066 0.3587150550740687
v -0.01082580352905894 0.1265507977149633 0.3599647127189657
v -0.009133613598551596 0.09320826542424235 0.36103926598119096
v -0.007298998904962525 0.05987167098708528 0.36200915905742725
v -0.004878889392935938 0.026649359688346582 0.3627211186586554
v -0.0024836322603487924 -0.006519337591731181 0.36340937214547314
v -3.61992606938053e-06 -0.0396436234080247 0.36400156347472135
v 0.0021195289959882995 -0.07274194674189241 0.3646658259004587
v 0.004161603154493364 -0.10579569565138858 0.365301302430772
v 0.0064362156072765315 -0.13877729215539658 0.36585027139526105
v 0.0068247393557180885 -0.17178242443866965 0.3665686188339592
v 0.007637811182663556 -0.20471421910722615 0.367244212959139
v 0.008060601474942817 -0.23760364827709582 0.36790762957718176
v 0.007836607884296007 -0.27043933153067806 0.3685530446714462
v 0.007630442923100989 -0.30321385027875236 0.36917380489038676
v 0.007043719641981221 -0.33591348343090605 0.369783757573505
v 0.006505808547355 -0.3685654241266886 0.3703894341340781
v 0.006076112530499653 -0.40114431800481054 0.3709979740868937
v 0.0057565220982657445 -0.4336665473326244 0.3716084857788198
v 0.005522607747701541 -0.46612206867008743 0.3722351371255838
v 0.005373163354677194 -0.4985162921258862 0.3728740799270231
v 0.005294918741594978 -0.5308433294758375 0.3735489015305578
v 0.005198366538739948 -0.5631363541078769 0.3742420967873547
v 0.017367404850825715 0.45168020767498374 0.3649090388781406
v -0.003993983164375015 0.4285613431387859 0.3682198350828664
v -0.0024769040137949416 0.39708657538155356 0.3730338578331203
v -5.305055086923989e-05 0.3644729455338534 0.3773941786936471
v -0.002180927108465161 0.3309222008088833 0.3806986294746174
v -0.0065016127087648284 0.29748528957960363 0.38286398325603405
v -0.007923880853353094 0.2635689603603392 0.3850707179509286
v -0.008607944547722821 0.22985798854473258 0.3871725080457652
v -0.006865169515311946 0.19605472856837453 0.3886503887206427
v -0.005292314238020971 0.16240060762001635 0.38999497573336767
v -0.003281432539184872 0.12881379506797244 0.39113034495308713
v -0.0013488589317566916 0.09526824150023772 0.39217300103770153
v 0.0011559342972647666 0.06187979373892069 0.39296042056120895
v 0.0028996032089585204 0.02847480012982478 0.3938784320493124
v 0.004608772927087081 -0.004853683558281124 0.39475343101872373
v 0.0055364608255024485 -0.038158852646910824 0.3956099475762559
v 0.0066059917790654635 -0.07139259089224237 0.39643787113026724
v 0.006947496371714491 -0.10457863325270102 0.39724962880923625
v 0.007197868057699893 -0.13770920185551005 0.3980222400001588
v 0.007460183134695431 -0.1707700178595279 0.3987585337598691
v 0.007476505336564118 -0.20377951352485124 0.3994624021591068
v 0.007261035211338265 -0.23670877104145863 0.40012895248092134
v 0.007023757262746411 -0.26959070647335176 0.4007794004780706
v 0.006661384962935216 -0.30239309178969165 0.4014038099326127
v 0.006300716720576599 -0.3351339631505689 0.4020245637761897
v 0.006128210994461299 -0.3678063230266021 0.40263701207817165
v 0.005945854573352866 -0.4003957255340555 0.403250852784546
v 0.00579942259137703 -0.43293490177307337 0.4038648206479094
v 0.005721249969458179 -0.46539103123959624 0.404495354396456
v 0.00566514539395 -0.49779218562410565 0.40513975738308716
v 0.005630522573856087 -0.5301268211071035 0.4058104785076312
v 0.005585130218824055 -0.5624095857284754 0.4065051935212905
v 0.009365656632366774 0.4658826325394109 0.39346326044674773
v -0.003506616766565767 0.43745077250841496 0.3995555461620662
v -0.0022021695641506506 0.4044758881911716 0.40433435443807264
v -0.0035826670183071573 0.3704112311583998 0.4088130345276778
v -0.0039062182843743014 0.3359431705385947 0.4115680313952086
v -0.0037390298895043847 0.30136260832420586 0.41412815236500544
v -0.0031308748390627586 0.2670465885491503 0.41636154786523427
v -0.0013234402048871727 0.23278826346274872 0.4181548516638137
v 0.0006027840663739407 0.198795955590434 0.4196388060281401
v 0.002496592288737119 0.16486169562202369 0.42101890739623204
v 0.0038692939994038967 0.13100227725897373 0.4223476909769753
v 0.00463257127658553 0.09726681109255453 0.4235457896960418
v 0.0054314258145294015 0.06361437041481219 0.4247014109380624
v 0.006061455803180672 0.03004804558174808 0.42578071824571684
v 0.0063463865326397854 -0.0034511246457141764 0.4267884286504031
v 0.0065856317406103836 -0.03691147953645311 0.42774250100263334
v 0.006873866861228119 -0.07023112607920846 0.4286169033688076
v 0.006909934864712375 -0.1035071847241244 0.42944290313420275
v 0.006978991415833763 -0.1367102350306585 0.43022408812602964
v 0.006946981701495582 -0.1698332087103107 0.43096819944214493
v 0.006767153094952264 -0.20287726241664544 0.431672345762828
v 0.006581455632164404 -0.23586603127115957 0.4323531788253535
v 0.006445119708298346 -0.2687797249153476 0.4330059672159255
v 0.006315084730222355 -0.3016292475037184 0.4336438970373402
v 0.006198357139126615 -0.3343907069940518 0.4342698842098434
v 0.006107091389487839 -0.36707213081005124 0.434886458912431
v 0.006044917561724805 -0.3996813534215089 0.43550175725455853
v 0.006017289946303561 -0.43222631578123166 0.43611959940016237
v 0.0059861108736575935 -0.46468516303131524 0.4367518820806836
v 0.005965368364240239 -0.4970822821049073 0.43740135998181867
v 0.00595264931655928 -0.5294159080300347 0.43807206041663455
v 0.005939122247721125 -0.5617005490838821 0.4387590000100646
v 0.0037906355459877005 0.48029014995080044 0.4225130873190434
v -0.001645543198867722 0.4482371815683501 0.42945652137671164
v -0.001555535663873993 0.41245877081865145 0.43501697517949334
v -0.0003513177295338043 0.3764778247074736 0.4390388139895363
v 0.0004654842467602592 0.34052612652936665 0.44237510679477987
v 0.0015858756691532047 0.3053040683127494 0.44505879691192823
v 0.003153827393036367 0.27050155524494923 0.447255077416686
v 0.0038366203387044046 0.23573882992564846 0.44935819864130494
v 0.004609538428075476 0.2012890278106355 0.4511817331637208
v 0.005223047490329834 0.1670606779108586 0.4527562097011978
v 0.005793493467936533 0.13292849418540278 0.4542526461957201
v 0.006188272989800009 0.09900455573421459 0.4555598478893039
v 0.006434154828107994 0.06514591681279656 0.4567795007720764
v 0.006597602545994757 0.031415412315824336 0.4578949198040656
v 0.006695265670351367 -0.0022578784805488495 0.458943901963709
v 0.006880660259046249 -0.035722465578077435 0.45989509603264617
v 0.006851027007113871 -0.06916001983693926 0.46079251831882
v 0.006788840171443783 -0.10252836897234759 0.4616362283031486
v 0.0067237583859732376 -0.1357801942820132 0.46242501455218954
v 0.006642235551752902 -0.1689762257235313 0.46318217971739073
v 0.006560432474812193 -0.2020700895452094 0.46389571757134357
v 0.006483222978107566 -0.235097045242031 0.4645833607911646
v 0.006419720512254639 -0.26804569629437947 0.4652440211875825
v 0.0063546170338495 -0.30090270562578075 0.4658860980852052
v 0.006318916570803441 -0.33369624191565267 0.4665172631220898
v 0.006289775461619125 -0.36639283984006055 0.4671356031230187
v 0.006276362865357769 -0.3990115702942756 0.46775072281338864
v 0.0062592525698693825 -0.4315446166601651 0.46837105366397097
v 0.006258213233122855 -0.4640062793441707 0.46900315655233576
v 0.006256195603464785 -0.49640001496624103 0.4696544950818195
v 0.00626085475643986 -0.5287268752517215 0.47032542982763276
v 0.006263241776744497 -0.5610087364975919 0.47100722573212966
v -4.54265e-08 0.499034 0.449557
v 0.0018936287865579085 0.4589171596444003 0.45747771082786176
v 0.003283698279466665 0.4205040268045579 0.4637128119926047
v 0.004341409082433146 0.3829773520284096 0.4685956728919072
v 0.0052124269529998605 0.3458251653749351 0.47247725474247815
v 0.006001362576998739 0.3094824883744156 0.4757992926823037
v 0.006524332377059969 0.2737829578034539 0.4785033303219303
v 0.006867993357217013 0.23855137097819346 0.4808237222796411
v 0.007046981602730404 0.20367152098473537 0.4828453190100931
v 0.00705206801365202 0.16898560492367679 0.48463059505046535
v 0.007119677770999175 0.13466837688112687 0.48619407228528555
v 0.0071142268800791515 0.10051359088239548 0.4875966517960759
v 0.0070710736769176805 0.06650690809714814 0.48886409326944735
v 0.007027866876442927 0.03264098386210313 0.4900234420599762
v 0.00698066354054439 -0.0010497874483023934 0.49108487839779635
v 0.006902570622856953 -0.03466600212831848 0.4920561973388084
v 0.006815219063604911 -0.0681860113875992 0.49296819004286674
v 0.006730541459285284 -0.10160936011894894 0.49383022015397404
v 0.006660320980918921 -0.13495642270420838 0.49463771694489045
v 0.006588732365506237 -0.1681681963726226 0.4953948087091432
v 0.006537632129146837 -0.20130573772390464 0.49611925452647987
v 0.006506359759175502 -0.2343692221483285 0.49681499663994627
v 0.006490704519612875 -0.2673541997341441 0.49748581288510985
v 0.0064910529039225754 -0.3002308399468288 0.49812916257702194
v 0.006493770301538233 -0.3330279324087988 0.4987626413801593
v 0.0064961987062167196 -0.36574209560591675 0.49938644976409946
v 0.006499816917658207 -0.3983699701875933 0.5000028442629233
v 0.006515757435295356 -0.43089977446528815 0.5006198715847692
v 0.006526326060423774 -0.4633442245871065 0.5012551890828745
v 0.006538502889352036 -0.495723645077676 0.50190803159457
v 0.006552315593186222 -0.5280477098632242 0.502576263502408
v 0.00656598 -0.560329 0.503256
vt 1.0 1.0
vt 1.0 0.967741935483871
vt 1.0 0.935483870967742
vt 1.0 0.9032258064516129
vt 1.0 0.8709677419354839
vt 1.0 0.8387096774193549
vt 1.0 0.8064516129032258
vt 1.0 0.7741935483870968
vt 1.0 0.7419354838709677
vt 1.0 0.7096774193548387
vt 1.0 0.6774193548387097
vt 1.0 0.6451612903225806
vt 1.0 0.6129032258064516
vt 1.0 0.5806451612903226
vt 1.0 0.5483870967741935
vt 1.0 0.5161290322580645
vt 1.0 0.4838709677419355
vt 1.0 0.4516129032258065
vt 1.0 0.4193548387096775
vt 1.0 0.3870967741935484
vt 1.0 0.3548387096774194
vt 1.0 0.32258064516129037
vt 1.0 0.29032258064516125
vt 1.0 0.25806451612903225
vt 1.0 0.22580645161290325
vt 1.0 0.19354838709677424
vt 1.0 0.16129032258064524
vt 1.0 0.12903225806451613
vt 1.0 0.09677419354838712
vt 1.0 0.06451612903225812
vt 1.0 0.032258064516129004
vt 1.0 0.0
vt 0.967741935483871 1.0
vt 0.967741935483871 0.967741935483871
vt 0.967741935483871 0.935483870967742
vt 0.967741935483871 0.9032258064516129
vt 0.967741935483871 0.8709677419354839
vt 0.967741935483871 0.8387096774193549
vt 0.967741935483871 0.8064516129032258
vt 0.967741935483871 0.7741935483870968
vt 0.967741935483871 0.7419354838709677
vt 0.967741935483871 0.7096774193548387
vt 0.967741935483871 0.6774193548387097
vt 0.967741935483871 0.6451612903225806
vt 0.967741935483871 0.6129032258064516
vt 0.967741935483871 0.5806451612903226
vt 0.967741935483871 0.5483870967741935
vt 0.967741935483871 0.5161290322580645
vt 0.967741935483871 0.4838709677419355
vt 0.967741935483871 0.4516129032258065
vt 0.967741935483871 0.4193548387096775
vt 0.967741935483871 0.3870967741935484
vt 0.967741935483871 0.3548387096774194
vt 0.967741935483871 0.32258064516129037
vt 0.967741935483871 0.29032258064516125
vt 0.967741935483871 0.25806451612903225
vt 0.967741935483871 0.22580645161290325
vt 0.967741935483871 0.19354838709677424
vt 0.967741935483871 0.16129032258064524
vt 0.967741935483871 0.12903225806451613
vt 0.967741935483871 0.09677419354838712
vt 0.967741935483871 0.06451612903225812
vt 0.967741935483871 0.032258064516129004
vt 0.967741935483871 0.0
vt 0.935483870967742 1.0
vt 0.935483870967742 0.967741935483871
vt 0.935483870967742 0.935483870967742
vt 0.935483870967742 0.9032258064516129
vt 0.935483870967742 0.8709677419354839
vt 0.935483870967742 0.8387096774193549
vt 0.935483870967742 0.8064516129032258
vt 0.935483870967742 0.7741935483870968
vt 0.935483870967742 0.7419354838709677
vt 0.935483870967742 0.7096774193548387
vt 0.935483870967742 0.6774193548387097
vt 0.935483870967742 0.6451612903225806
vt 0.935483870967742 0.6129032258064516
vt 0.935483870967742 0.5806451612903226
vt 0.935483870967742 0.5483870967741935
vt 0.935483870967742 0.5161290322580645
vt 0.935483870967742 0.4838709677419355
vt 0.935483870967742 0.4516129032258065
vt 0.935483870967742 0.4193548387096775
vt 0.935483870967742 0.3870967741935484
vt 0.935483870967742 0.3548387096774194
vt 0.935483870967742 0.32258064516129037
vt 0.935483870967742 0.29032258064516125
vt 0.935483870967742 0.25806451612903225
vt 0.935483870967742 0.22580645161290325
vt 0.935483870967742 0.19354838709677424
vt 0.935483870967742 0.16129032258064524
vt 0.935483870967742 0.12903225806451613
vt 0.935483870967742 0.09677419354838712
vt 0.935483870967742 0.06451612903225812
vt 0.935483870967742 0.032258064516129004
vt 0.935483870967742 0.0
vt 0.9032258064516129 1.0
vt 0.9032258064516129 0.967741935483871
vt 0.9032258064516129 0.935483870967742
vt 0.9032258064516129 0.9032258064516129
vt 0.9032258064516129 0.8709677419354839
vt 0.9032258064516129 0.8387096774193549
vt 0.9032258064516129 0.8064516129032258
vt 0.9032258064516129 0.7741935483870968
vt 0.9032258064516129 0.7419354838709677
vt 0.9032258064516129 0.7096774193548387
vt 0.9032258064516129 0.6774193548387097
vt 0.9032258064516129 0.6451612903225806
vt 0.9032258064516129 0.6129032258064516
vt 0.9032258064516129 0.5806451612903226
vt 0.9032258064516129 0.5483870967741935
vt 0.9032258064516129 0.5161290322580645
vt 0.9032258064516129 0.4838709677419355
vt 0.9032258064516129 0.4516129032258065
vt 0.9032258064516129 0.4193548387096775
vt 0.9032258064516129 0.3870967741935484
vt 0.9032258064516129 0.3548387096774194
vt 0.9032258064516129 0.32258064516129037
vt 0.9032258064516129 0.29032258064516125
vt 0.9032258064516129 0.25806451612903225
vt 0.9032258064516129 0.22580645161290325
vt 0.9032258064516129 0.19354838709677424
vt 0.9032258064516129 0.16129032258064524
vt 0.9032258064516129 0.12903225806451613
vt 0.9032258064516129 0.09677419354838712
vt 0.9032258064516129 0.06451612903225812
vt 0.9032258064516129 0.032258064516129004
vt 0.9032258064516129 0.0
vt 0.8709677419354839 1.0
vt 0.8709677419354839 0.967741935483871
vt 0.8709677419354839 0.935483870967742
vt 0.8709677419354839 0.9032258064516129
vt 0.8709677419354839 0.8709677419354839
vt 0.8709677419354839 0.8387096774193549
vt 0.8709677419354839 0.8064516129032258
vt 0.8709677419354839 0.7741935483870968
vt 0.8709677419354839 0.7419354838709677
vt 0.8709677419354839 0.7096774193548387
vt 0.8709677419354839 0.6774193548387097
vt 0.8709677419354839 0.6451612903225806
vt 0.8709677419354839 0.6129032258064516
vt 0.8709677419354839 0.5806451612903226
vt 0.8709677419354839 0.5483870967741935
vt 0.8709677419354839 0.5161290322580645
vt 0.8709677419354839 0.4838709677419355
vt 0.8709677419354839 0.4516129032258065
vt 0.8709677419354839 0.4193548387096775
vt 0.8709677419354839 0.3870967741935484
vt 0.8709677419354839 0.3548387096774194
vt 0.8709677419354839 0.32258064516129037
vt 0.8709677419354839 0.29032258064516125
vt 0.8709677419354839 0.25806451612903225
vt 0.8709677419354839 0.22580645161290325
vt 0.8709677419354839 0.19354838709677424
vt 0.8709677419354839 0.16129032258064524
vt 0.8709677419354839 0.12903225806451613
vt 0.8709677419354839 0.09677419354838712
vt 0.8709677419354839 0.06451612903225812
vt 0.8709677419354839 0.032258064516129004
vt 0.8709677419354839 0.0
vt 0.8387096774193549 1.0
vt 0.8387096774193549 0.967741935483871
vt 0.8387096774193549 0.935483870967742
vt 0.8387096774193549 0.9032258064516129
vt 0.8387096774193549 0.8709677419354839
vt 0.8387096774193549 0.8387096774193549
vt 0.8387096774193549 0.8064516129032258
vt 0.8387096774193549 0.7741935483870968
vt 0.8387096774193549 0.7419354838709677
vt 0.8387096774193549 0.7096774193548387
vt 0.8387096774193549 0.6774193548387097
vt 0.8387096774193549 0.6451612903225806
vt 0.8387096774193549 0.6129032258064516
vt 0.8387096774193549 0.5806451612903226
vt 0.8387096774193549 0.5483870967741935
vt 0.8387096774193549 0.5161290322580645
vt 0.8387096774193549 0.4838709677419355
vt 0.8387096774193549 0.4516129032258065
vt 0.8387096774193549 0.4193548387096775
vt 0.8387096774193549 0.3870967741935484
vt 0.8387096774193549 0.3548387096774194
vt 0.8387096774193549 0.32258064516129037
vt 0.8387096774193549 0.29032258064516125
vt 0.8387096774193549 0.25806451612903225
vt 0.8387096774193549 0.22580645161290325
vt 0.8387096774193549 0.19354838709677424
vt 0.8387096774193549 0.16129032258064524
vt 0.8387096774193549 0.12903225806451613
vt 0.8387096774193549 0.09677419354838712
vt 0.8387096774193549 0.06451612903225812
vt 0.8387096774193549 0.032258064516129004
vt 0.8387096774193549 0.0
vt 0.8064516129032258 1.0
vt 0.8064516129032258 0.967741935483871
vt 0.8064516129032258 0.935483870967742
vt 0.8064516129032258 0.9032258064516129
vt 0.8064516129032258 0.8709677419354839
vt 0.8064516129032258 0.8387096774193549
vt 0.8064516129032258 0.8064516129032258
vt 0.8064516129032258 0.7741935483870968
vt 0.8064516129032258 0.7419354838709677
vt 0.8064516129032258 0.7096774193548387
vt 0.8064516129032258 0.6774193548387097
vt 0.8064516129032258 0.6451612903225806
vt 0.8064516129032258 0.6129032258064516
vt 0.8064516129032258 0.5806451612903226
vt 0.8064516129032258 0.5483870967741935
vt 0.8064516129032258 0.5161290322580645
vt 0.8064516129032258 0.4838709677419355
vt 0.8064516129032258 0.4516129032258065
vt 0.8064516129032258 0.4193548387096775
vt 0.8064516129032258 0.3870967741935484
vt 0.8064516129032258 0.3548387096774194
vt 0.8064516129032258 0.32258064516129037
vt 0.8064516129032258 0.29032258064516125
vt 0.8064516129032258 0.25806451612903225
vt 0.8064516129032258 0.22580645161290325
vt 0.8064516129032258 0.19354838709677424
vt 0.8064516129032258 0.16129032258064524
vt 0.8064516129032258 0.12903225806451613
vt 0.8064516129032258 0.09677419354838712
vt 0.8064516129032258 0.06451612903225812
vt 0.8064516129032258 0.032258064516129004
vt 0.8064516129032258 0.0
vt 0.7741935483870968 1.0
vt 0.7741935483870968 0.967741935483871
vt 0.7741935483870968 0.935483870967742
vt 0.7741935483870968 0.9032258064516129
vt 0.7741935483870968 0.8709677419354839
vt 0.7741935483870968 0.8387096774193549
vt 0.7741935483870968 0.8064516129032258
vt 0.7741935483870968 0.7741935483870968
vt 0.7741935483870968 0.7419354838709677
vt 0.7741935483870968 0.7096774193548387
vt 0.7741935483870968 0.6774193548387097
vt 0.7741935483870968 0.6451612903225806
vt 0.7741935483870968 0.6129032258064516
vt 0.7741935483870968 0.5806451612903226
vt 0.7741935483870968 0.5483870967741935
vt 0.7741935483870968 0.5161290322580645
vt 0.7741935483870968 0.4838709677419355
vt 0.7741935483870968 0.4516129032258065
vt 0.7741935483870968 0.4193548387096775
vt 0.7741935483870968 0.3870967741935484
vt 0.7741935483870968 0.3548387096774194
vt 0.7741935483870968 0.32258064516129037
vt 0.7741935483870968 0.29032258064516125
vt 0.7741935483870968 0.25806451612903225
vt 0.7741935483870968 0.22580645161290325
vt 0.7741935483870968 0.19354838709677424
vt 0.7741935483870968 0.16129032258064524
vt 0.7741935483870968 0.12903225806451613
vt 0.7741935483870968 0.09677419354838712
vt 0.7741935483870968 0.06451612903225812
vt 0.7741935483870968 0.032258064516129004
vt 0.7741935483870968 0.0
vt 0.7419354838709677 1.0
vt 0.7419354838709677 0.967741935483871
vt 0.7419354838709677 0.935483870967742
vt 0.7419354838709677 0.9032258064516129
vt 0.7419354838709677 0.8709677419354839
vt 0.7419354838709677 0.8387096774193549
vt 0.7419354838709677 0.8064516129032258
vt 0.7419354838709677 0.7741935483870968
vt 0.7419354838709677 0.7419354838709677
vt 0.7419354838709677 0.7096774193548387
vt 0.7419354838709677 0.6774193548387097
vt 0.7419354838709677 0.6451612903225806
vt 0.7419354838709677 0.6129032258064516
vt 0.7419354838709677 0.5806451612903226
vt 0.7419354838709677 0.5483870967741935
vt 0.7419354838709677 0.5161290322580645
vt 0.7419354838709677 0.4838709677419355
vt 0.7419354838709677 0.4516129032258065
vt 0.7419354838709677 0.4193548387096775
vt 0.7419354838709677 0.3870967741935484
vt 0.7419354838709677 0.3548387096774194
vt 0.7419354838709677 0.32258064516129037
vt 0.7419354838709677 0.29032258064516125
vt 0.7419354838709677 0.25806451612903225
vt 0.7419354838709677 0.22580645161290325
vt 0.7419354838709677 0.19354838709677424
vt 0.7419354838709677 0.16129032258064524
vt 0.7419354838709677 0.12903225806451613
vt 0.7419354838709677 0.09677419354838712
vt 0.7419354838709677 0.06451612903225812
vt 0.7419354838709677 0.032258064516129004
vt 0.7419354838709677 0.0
vt 0.7096774193548387 1.0
vt 0.7096774193548387 0.967741935483871
vt 0.7096774193548387 0.935483870967742
vt 0.7096774193548387 0.9032258064516129
vt 0.7096774193548387 0.8709677419354839
vt 0.7096774193548387 0.8387096774193549
vt 0.7096774193548387 0.8064516129032258
vt 0.7096774193548387 0.7741935483870968
vt 0.7096774193548387 0.7419354838709677
vt 0.7096774193548387 0.7096774193548387
vt 0.7096774193548387 0.6774193548387097
vt 0.7096774193548387 0.6451612903225806
vt 0.7096774193548387 0.6129032258064516
vt 0.7096774193548387 0.5806451612903226
vt 0.7096774193548387 0.5483870967741935
vt 0.7096774193548387 0.5161290322580645
vt 0.7096774193548387 0.4838709677419355
vt 0.7096774193548387 0.4516129032258065
vt 0.7096774193548387 0.4193548387096775
vt 0.7096774193548387 0.3870967741935484
vt 0.7096774193548387 0.3548387096774194
vt 0.7096774193548387 0.32258064516129037
vt 0.7096774193548387 0.29032258064516125
vt 0.7096774193548387 0.25806451612903225
vt 0.7096774193548387 0.22580645161290325
vt 0.7096774193548387 0.19354838709677424
vt 0.7096774193548387 0.16129032258064524
vt 0.7096774193548387 0.12903225806451613
vt 0.7096774193548387 0.09677419354838712
vt 0.7096774193548387 0.06451612903225812
vt 0.7096774193548387 0.032258064516129004
vt 0.7096774193548387 0.0
vt 0.6774193548387097 1.0
vt 0.6774193548387097 0.967741935483871
vt 0.6774193548387097 0.935483870967742
vt 0.6774193548387097 0.9032258064516129
vt 0.6774193548387097 0.8709677419354839
vt 0.6774193548387097 0.8387096774193549
vt 0.6774193548387097 0.8064516129032258
vt 0.6774193548387097 0.7741935483870968
vt 0.6774193548387097 0.7419354838709677
vt 0.6774193548387097 0.7096774193548387
vt 0.6774193548387097 0.6774193548387097
vt 0.6774193548387097 0.6451612903225806
vt 0.6774193548387097 0.6129032258064516
vt 0.6774193548387097 0.5806451612903226
vt 0.6774193548387097 0.5483870967741935
vt 0.6774193548387097 0.5161290322580645
vt 0.6774193548387097 0.4838709677419355
vt 0.6774193548387097 0.4516129032258065
vt 0.6774193548387097 0.4193548387096775
vt 0.6774193548387097 0.3870967741935484
vt 0.6774193548387097 0.3548387096774194
vt 0.6774193548387097 0.32258064516129037
vt 0.6774193548387097 0.29032258064516125
vt 0.6774193548387097 0.25806451612903225
vt 0.6774193548387097 0.22580645161290325
vt 0.6774193548387097 0.19354838709677424
vt 0.6774193548387097 0.16129032258064524
vt 0.6774193548387097 0.12903225806451613
vt 0.6774193548387097 0.09677419354838712
vt 0.6774193548387097 0.06451612903225812
vt 0.6774193548387097 0.032258064516129004
vt 0.6774193548387097 0.0
vt 0.6451612903225806 1.0
vt 0.6451612903225806 0.967741935483871
vt 0.6451612903225806 0.935483870967742
vt 0.6451612903225806 0.9032258064516129
vt 0.6451612903225806 0.8709677419354839
vt 0.6451612903225806 0.8387096774193549
vt 0.6451612903225806 0.8064516129032258
vt 0.6451612903225806 0.7741935483870968
vt 0.6451612903225806 0.7419354838709677
vt 0.6451612903225806 0.7096774193548387
vt 0.6451612903225806 0.6774193548387097
vt 0.6451612903225806 0.6451612903225806
vt 0.6451612903225806 0.6129032258064516
vt 0.6451612903225806 0.5806451612903226
vt 0.6451612903225806 0.5483870967741935
vt 0.6451612903225806 0.5161290322580645
vt 0.6451612903225806 0.4838709677419355
vt 0.6451612903225806 0.4516129032258065
vt 0.6451612903225806 0.4193548387096775
vt 0.6451612903225806 0.3870967741935484
vt 0.6451612903225806 0.3548387096774194
vt 0.6451612903225806 0.32258064516129037
vt 0.6451612903225806 0.29032258064516125
vt 0.6451612903225806 0.25806451612903225
vt 0.6451612903225806 0.22580645161290325
vt 0.6451612903225806 0.19354838709677424
vt 0.6451612903225806 0.16129032258064524
vt 0.6451612903225806 0.12903225806451613
vt 0.6451612903225806 0.09677419354838712
vt 0.6451612903225806 0.06451612903225812
vt 0.6451612903225806 0.032258064516129004
vt 0.6451612903225806 0.0
vt 0.6129032258064516 1.0
vt 0.6129032258064516 0.967741935483871
vt 0.6129032258064516 0.935483870967742
vt 0.6129032258064516 0.9032258064516129
vt 0.6129032258064516 0.8709677419354839
vt 0.6129032258064516 0.8387096774193549
vt 0.6129032258064516 0.8064516129032258
vt 0.6129032258064516 0.7741935483870968
vt 0.6129032258064516 0.7419354838709677
vt 0.6129032258064516 0.7096774193548387
vt 0.6129032258064516 0.6774193548387097
vt 0.6129032258064516 0.6451612903225806
vt 0.6129032258064516 0.6129032258064516
vt 0.6129032258064516 0.5806451612903226
vt 0.6129032258064516 0.5483870967741935
vt 0.6129032258064516 0.5161290322580645
vt 0.6129032258064516 0.4838709677419355
vt 0.6129032258064516 0.4516129032258065
vt 0.6129032258064516 0.4193548387096775
vt 0.6129032258064516 0.3870967741935484
vt 0.6129032258064516 0.3548387096774194
vt 0.6129032258064516 0.32258064516129037
vt 0.6129032258064516 0.29032258064516125
vt 0.6129032258064516 0.25806451612903225
vt 0.6129032258064516 0.22580645161290325
vt 0.6129032258064516 0.19354838709677424
vt 0.6129032258064516 0.16129032258064524
vt 0.6129032258064516 0.12903225806451613
vt 0.6129032258064516 0.09677419354838712
vt 0.6129032258064516 0.06451612903225812
vt 0.6129032258064516 0.032258064516129004
vt 0.6129032258064516 0.0
vt 0.5806451612903226 1.0
vt 0.5806451612903226 0.967741935483871
vt 0.5806451612903226 0.935483870967742
vt 0.5806451612903226 0.9032258064516129
vt 0.5806451612903226 0.8709677419354839
vt 0.5806451612903226 0.8387096774193549
vt 0.5806451612903226 0.8064516129032258
vt 0.5806451612903226 0.7741935483870968
vt 0.5806451612903226 0.7419354838709677
vt 0.5806451612903226 0.7096774193548387
vt 0.5806451612903226 0.6774193548387097
vt 0.5806451612903226 0.6451612903225806
vt 0.5806451612903226 0.6129032258064516
vt 0.5806451612903226 0.5806451612903226
vt 0.5806451612903226 0.5483870967741935
vt 0.5806451612903226 0.5161290322580645
vt 0.5806451612903226 0.4838709677419355
vt 0.5806451612903226 0.4516129032258065
vt 0.5806451612903226 0.4193548387096775
vt 0.5806451612903226 0.3870967741935484
vt 0.5806451612903226 0.3548387096774194
vt 0.5806451612903226 0.32258064516129037
vt 0.5806451612903226 0.29032258064516125
vt 0.5806451612903226 0.25806451612903225
vt 0.5806451612903226 0.22580645161290325
vt 0.5806451612903226 0.19354838709677424
vt 0.5806451612903226 0.16129032258064524
vt 0.5806451612903226 0.12903225806451613
vt 0.5806451612903226 0.09677419354838712
vt 0.5806451612903226 0.06451612903225812
vt 0.5806451612903226 0.032258064516129004
vt 0.5806451612903226 0.0
vt 0.5483870967741935 1.0
vt 0.5483870967741935 0.967741935483871
vt 0.5483870967741935 0.935483870967742
vt 0.5483870967741935 0.9032258064516129
vt 0.5483870967741935 0.8709677419354839
vt 0.5483870967741935 0.8387096774193549
vt 0.5483870967741935 0.8064516129032258
vt 0.5483870967741935 0.7741935483870968
vt 0.5483870967741935 0.7419354838709677
vt 0.5483870967741935 0.7096774193548387
vt 0.5483870967741935 0.6774193548387097
vt 0.5483870967741935 0.6451612903225806
vt 0.5483870967741935 0.6129032258064516
vt 0.5483870967741935 0.5806451612903226
vt 0.5483870967741935 0.5483870967741935
vt 0.5483870967741935 0.5161290322580645
vt 0.5483870967741935 0.4838709677419355
vt 0.5483870967741935 0.4516129032258065
vt 0.5483870967741935 0.4193548387096775
vt 0.5483870967741935 0.3870967741935484
vt 0.5483870967741935 0.3548387096774194
vt 0.5483870967741935 0.32258064516129037
vt 0.5483870967741935 0.29032258064516125
vt 0.5483870967741935 0.25806451612903225
vt 0.5483870967741935 0.22580645161290325
vt 0.5483870967741935 0.19354838709677424
vt 0.5483870967741935 0.16129032258064524
vt 0.5483870967741935 0.12903225806451613
vt 0.5483870967741935 0.09677419354838712
vt 0.5483870967741935 0.06451612903225812
vt 0.5483870967741935 0.032258064516129004
vt 0.5483870967741935 0.0
vt 0.5161290322580645 1.0
vt 0.5161290322580645 0.967741935483871
vt 0.5161290322580645 0.935483870967742
vt 0.5161290322580645 0.9032258064516129
vt 0.5161290322580645 0.8709677419354839
vt 0.5161290322580645 0.8387096774193549
vt 0.5161290322580645 0.8064516129032258
vt 0.5161290322580645 0.7741935483870968
vt 0.5161290322580645 0.7419354838709677
vt 0.5161290322580645 0.7096774193548387
vt 0.5161290322580645 0.6774193548387097
vt 0.5161290322580645 0.6451612903225806
vt 0.5161290322580645 0.6129032258064516
vt 0.5161290322580645 0.5806451612903226
vt 0.5161290322580645 0.5483870967741935
vt 0.5161290322580645 0.5161290322580645
vt 0.5161290322580645 0.4838709677419355
vt 0.5161290322580645 0.4516129032258065
vt 0.5161290322580645 0.4193548387096775
vt 0.5161290322580645 0.3870967741935484
vt 0.5161290322580645 0.3548387096774194
vt 0.5161290322580645 0.32258064516129037
vt 0.5161290322580645 0.29032258064516125
vt 0.5161290322580645 0.25806451612903225
vt 0.5161290322580645 0.22580645161290325
vt 0.5161290322580645 0.19354838709677424
vt 0.5161290322580645 0.16129032258064524
vt 0.5161290322580645 0.12903225806451613
vt 0.5161290322580645 0.09677419354838712
vt 0.5161290322580645 0.06451612903225812
vt 0.5161290322580645 0.032258064516129004
vt 0.5161290322580645 0.0
vt 0.4838709677419355 1.0
vt 0.4838709677419355 0.967741935483871
vt 0.4838709677419355 0.935483870967742
vt 0.4838709677419355 0.9032258064516129
vt 0.4838709677419355 0.8709677419354839
vt 0.4838709677419355 0.8387096774193549
vt 0.4838709677419355 0.8064516129032258
vt 0.4838709677419355 0.7741935483870968
vt 0.4838709677419355 0.7419354838709677
vt 0.4838709677419355 0.7096774193548387
vt 0.4838709677419355 0.6774193548387097
vt 0.4838709677419355 0.6451612903225806
vt 0.4838709677419355 0.6129032258064516
vt 0.4838709677419355 0.5806451612903226
vt 0.4838709677419355 0.5483870967741935
vt 0.4838709677419355 0.5161290322580645
vt 0.4838709677419355 0.4838709677419355
vt 0.4838709677419355 0.4516129032258065
vt 0.4838709677419355 0.4193548387096775
vt 0.4838709677419355 0.3870967741935484
vt 0.4838709677419355 0.3548387096774194
vt 0.4838709677419355 0.32258064516129037
vt 0.4838709677419355 0.29032258064516125
vt 0.4838709677419355 0.25806451612903225
vt 0.4838709677419355 0.22580645161290325
vt 0.4838709677419355 0.19354838709677424
vt 0.4838709677419355 0.16129032258064524
vt 0.4838709677419355 0.12903225806451613
vt 0.4838709677419355 0.09677419354838712
vt 0.4838709677419355 0.06451612903225812
vt 0.4838709677419355 0.032258064516129004
vt 0.4838709677419355 0.0
vt 0.4516129032258065 1.0
vt 0.4516129032258065 0.967741935483871
vt 0.4516129032258065 0.935483870967742
vt 0.4516129032258065 0.9032258064516129
vt 0.4516129032258065 0.8709677419354839
vt 0.4516129032258065 0.8387096774193549
vt 0.4516129032258065 0.8064516129032258
vt 0.4516129032258065 0.7741935483870968
vt 0.4516129032258065 0.7419354838709677
vt 0.4516129032258065 0.7096774193548387
vt 0.4516129032258065 0.6774193548387097
vt 0.4516129032258065 0.6451612903225806
vt 0.4516129032258065 0.6129032258064516
vt 0.4516129032258065 0.5806451612903226
vt 0.4516129032258065 0.5483870967741935
vt 0.4516129032258065 0.5161290322580645
vt 0.4516129032258065 0.4838709677419355
vt 0.4516129032258065 0.4516129032258065
vt 0.4516129032258065 0.4193548387096775
vt 0.4516129032258065 0.3870967741935484
vt 0.4516129032258065 0.3548387096774194
vt 0.4516129032258065 0.32258064516129037
vt 0.4516129032258065 0.29032258064516125
vt 0.4516129032258065 0.25806451612903225
vt 0.4516129032258065 0.22580645161290325
vt 0.4516129032258065 0.19354838709677424
vt 0.4516129032258065 0.16129032258064524
vt 0.4516129032258065 0.12903225806451613
vt 0.4516129032258065 0.09677419354838712
vt 0.4516129032258065 0.06451612903225812
vt 0.4516129032258065 0.032258064516129004
vt 0.4516129032258065 0.0
vt 0.4193548387096775 1.0
vt 0.4193548387096775 0.967741935483871
vt 0.4193548387096775 0.935483870967742
vt 0.4193548387096775 0.9032258064516129
vt 0.4193548387096775 0.8709677419354839
vt 0.4193548387096775 0.8387096774193549
vt 0.4193548387096775 0.8064516129032258
vt 0.4193548387096775 0.7741935483870968
vt 0.4193548387096775 0.7419354838709677
vt 0.4193548387096775 0.7096774193548387
vt 0.4193548387096775 0.6774193548387097
vt 0.4193548387096775 0.6451612903225806
vt 0.4193548387096775 0.6129032258064516
vt 0.4193548387096775 0.5806451612903226
vt 0.4193548387096775 0.5483870967741935
vt 0.4193548387096775 0.5161290322580645
vt 0.4193548387096775 0.4838709677419355
vt 0.4193548387096775 0.4516129032258065
vt 0.4193548387096775 0.4193548387096775
vt 0.4193548387096775 0.3870967741935484
vt 0.4193548387096775 0.3548387096774194
vt 0.4193548387096775 0.32258064516129037
vt 0.4193548387096775 0.29032258064516125
vt 0.4193548387096775 0.25806451612903225
vt 0.4193548387096775 0.22580645161290325
vt 0.4193548387096775 0.19354838709677424
vt 0.4193548387096775 0.16129032258064524
vt 0.4193548387096775 0.12903225806451613
vt 0.4193548387096775 0.09677419354838712
vt 0.4193548387096775 0.06451612903225812
vt 0.4193548387096775 0.032258064516129004
vt 0.4193548387096775 0.0
vt 0.3870967741935484 1.0
vt 0.3870967741935484 0.967741935483871
vt 0.3870967741935484 0.935483870967742
vt 0.3870967741935484 0.9032258064516129
vt 0.3870967741935484 0.8709677419354839
vt 0.3870967741935484 0.8387096774193549
vt 0.3870967741935484 0.8064516129032258
vt 0.3870967741935484 0.7741935483870968
vt 0.3870967741935484 0.7419354838709677
vt 0.3870967741935484 0.7096774193548387
vt 0.3870967741935484 0.6774193548387097
vt 0.3870967741935484 0.6451612903225806
vt 0.3870967741935484 0.6129032258064516
vt 0.3870967741935484 0.5806451612903226
vt 0.3870967741935484 0.5483870967741935
vt 0.3870967741935484 0.5161290322580645
vt 0.3870967741935484 0.4838709677419355
vt 0.3870967741935484 0.4516129032258065
vt 0.3870967741935484 0.4193548387096775
vt 0.3870967741935484 0.3870967741935484
vt 0.3870967741935484 0.3548387096774194
vt 0.3870967741935484 0.32258064516129037
vt 0.3870967741935484 0.29032258064516125
vt 0.3870967741935484 0.25806451612903225
vt 0.3870967741935484 0.22580645161290325
vt 0.3870967741935484 0.19354838709677424
vt 0.3870967741935484 0.16129032258064524
vt 0.3870967741935484 0.12903225806451613
vt 0.3870967741935484 0.09677419354838712
vt 0.3870967741935484 0.06451612903225812
vt 0.3870967741935484 0.032258064516129004
vt 0.3870967741935484 0.0
vt 0.3548387096774194 1.0
vt 0.3548387096774194 0.967741935483871
vt 0.3548387096774194 0.935483870967742
vt 0.3548387096774194 0.9032258064516129
vt 0.3548387096774194 0.8709677419354839
vt 0.3548387096774194 0.8387096774193549
vt 0.3548387096774194 0.8064516129032258
vt 0.3548387096774194 0.7741935483870968
vt 0.3548387096774194 0.7419354838709677
vt 0.3548387096774194 0.7096774193548387
vt 0.3548387096774194 0.6774193548387097
vt 0.3548387096774194 0.6451612903225806
vt 0.3548387096774194 0.6129032258064516
vt 0.3548387096774194 0.5806451612903226
vt 0.3548387096774194 0.5483870967741935
vt 0.3548387096774194 0.5161290322580645
vt 0.3548387096774194 0.4838709677419355
vt 0.3548387096774194 0.4516129032258065
vt 0.3548387096774194 0.4193548387096775
vt 0.3548387096774194 0.3870967741935484
vt 0.3548387096774194 0.3548387096774194
vt 0.3548387096774194 0.32258064516129037
vt 0.3548387096774194 0.29032258064516125
vt 0.3548387096774194 0.25806451612903225
vt 0.3548387096774194 0.22580645161290325
vt 0.3548387096774194 0.19354838709677424
vt 0.3548387096774194 0.16129032258064524
vt 0.3548387096774194 0.12903225806451613
vt 0.3548387096774194 0.09677419354838712
vt 0.3548387096774194 0.06451612903225812
vt 0.3548387096774194 0.032258064516129004
vt 0.3548387096774194 0.0
vt 0.32258064516129037 1.0
vt 0.32258064516129037 0.967741935483871
vt 0.32258064516129037 0.935483870967742
vt 0.32258064516129037 0.9032258064516129
vt 0.32258064516129037 0.8709677419354839
vt 0.32258064516129037 0.8387096774193549
vt 0.32258064516129037 0.8064516129032258
vt 0.32258064516129037 0.7741935483870968
vt 0.32258064516129037 0.7419354838709677
vt 0.32258064516129037 0.7096774193548387
vt 0.32258064516129037 0.6774193548387097
vt 0.32258064516129037 0.6451612903225806
vt 0.32258064516129037 0.6129032258064516
vt 0.32258064516129037 0.5806451612903226
vt 0.32258064516129037 0.5483870967741935
vt 0.32258064516129037 0.5161290322580645
vt 0.32258064516129037 0.4838709677419355
vt 0.32258064516129037 0.4516129032258065
vt 0.32258064516129037 0.4193548387096775
vt 0.32258064516129037 0.3870967741935484
vt 0.32258064516129037 0.3548387096774194
vt 0.32258064516129037 0.32258064516129037
vt 0.32258064516129037 0.29032258064516125
vt 0.32258064516129037 0.25806451612903225
vt 0.32258064516129037 0.22580645161290325
vt 0.32258064516129037 0.19354838709677424
vt 0.32258064516129037 0.16129032258064524
vt 0.32258064516129037 0.12903225806451613
vt 0.32258064516129037 0.09677419354838712
vt 0.32258064516129037 0.06451612903225812
vt 0.32258064516129037 0.032258064516129004
vt 0.32258064516129037 0.0
vt 0.29032258064516125 1.0
vt 0.29032258064516125 0.967741935483871
vt 0.29032258064516125 0.935483870967742
vt 0.29032258064516125 0.9032258064516129
vt 0.29032258064516125 0.8709677419354839
vt 0.29032258064516125 0.8387096774193549
vt 0.29032258064516125 0.8064516129032258
vt 0.29032258064516125 0.7741935483870968
vt 0.29032258064516125 0.7419354838709677
vt 0.29032258064516125 0.7096774193548387
vt 0.29032258064516125 0.6774193548387097
vt 0.29032258064516125 0.6451612903225806
vt 0.29032258064516125 0.6129032258064516
vt 0.29032258064516125 0.5806451612903226
vt 0.29032258064516125 0.5483870967741935
vt 0.29032258064516125 0.5161290322580645
vt 0.29032258064516125 0.4838709677419355
vt 0.29032258064516125 0.4516129032258065
vt 0.29032258064516125 0.4193548387096775
vt 0.29032258064516125 0.3870967741935484
vt 0.29032258064516125 0.3548387096774194
vt 0.29032258064516125 0.32258064516129037
vt 0.29032258064516125 0.29032258064516125
vt 0.29032258064516125 0.25806451612903225
vt 0.29032258064516125 0.22580645161290325
vt 0.29032258064516125 0.19354838709677424
vt 0.29032258064516125 0.16129032258064524
vt 0.29032258064516125 0.12903225806451613
vt 0.29032258064516125 0.09677419354838712
vt 0.29032258064516125 0.06451612903225812
vt 0.29032258064516125 0.032258064516129004
vt 0.29032258064516125 0.0
vt 0.25806451612903225 1.0
vt 0.25806451612903225 0.967741935483871
vt 0.25806451612903225 0.935483870967742
vt 0.25806451612903225 0.9032258064516129
vt 0.25806451612903225 0.8709677419354839
vt 0.25806451612903225 0.8387096774193549
vt 0.25806451612903225 0.8064516129032258
vt 0.25806451612903225 0.7741935483870968
vt 0.25806451612903225 0.7419354838709677
vt 0.25806451612903225 0.7096774193548387
vt 0.25806451612903225 0.6774193548387097
vt 0.25806451612903225 0.6451612903225806
vt 0.25806451612903225 0.6129032258064516
vt 0.25806451612903225 0.5806451612903226
vt 0.25806451612903225 0.5483870967741935
vt 0.25806451612903225 0.5161290322580645
vt 0.25806451612903225 0.4838709677419355
vt 0.25806451612903225 0.4516129032258065
vt 0.25806451612903225 0.4193548387096775
vt 0.25806451612903225 0.3870967741935484
vt 0.25806451612903225 0.3548387096774194
vt 0.25806451612903225 0.32258064516129037
vt 0.25806451612903225 0.29032258064516125
vt 0.25806451612903225 0.25806451612903225
vt 0.25806451612903225 0.22580645161290325
vt 0.25806451612903225 0.19354838709677424
vt 0.25806451612903225 0.16129032258064524
vt 0.25806451612903225 0.12903225806451613
vt 0.25806451612903225 0.09677419354838712
vt 0.25806451612903225 0.06451612903225812
vt 0.25806451612903225 0.032258064516129004
vt 0.25806451612903225 0.0
vt 0.22580645161290325 1.0
vt 0.22580645161290325 0.967741935483871
vt 0.22580645161290325 0.935483870967742
vt 0.22580645161290325 0.9032258064516129
vt 0.22580645161290325 0.8709677419354839
vt 0.22580645161290325 0.8387096774193549
vt 0.22580645161290325 0.8064516129032258
vt 0.22580645161290325 0.7741935483870968
vt 0.22580645161290325 0.7419354838709677
vt 0.22580645161290325 0.7096774193548387
vt 0.22580645161290325 0.6774193548387097
vt 0.22580645161290325 0.6451612903225806
vt 0.22580645161290325 0.6129032258064516
vt 0.22580645161290325 0.5806451612903226
vt 0.22580645161290325 0.5483870967741935
vt 0.22580645161290325 0.5161290322580645
vt 0.22580645161290325 0.4838709677419355
vt 0.22580645161290325 0.4516129032258065
vt 0.22580645161290325 0.4193548387096775
vt 0.22580645161290325 0.3870967741935484
vt 0.22580645161290325 0.3548387096774194
vt 0.22580645161290325 0.32258064516129037
vt 0.22580645161290325 0.29032258064516125
vt 0.22580645161290325 0.25806451612903225
vt 0.22580645161290325 0.22580645161290325
vt 0.22580645161290325 0.19354838709677424
vt 0.22580645161290325 0.16129032258064524
vt 0.22580645161290325 0.12903225806451613
vt 0.22580645161290325 0.09677419354838712
vt 0.22580645161290325 0.06451612903225812
vt 0.22580645161290325 0.032258064516129004
vt 0.22580645161290325 0.0
vt 0.19354838709677424 1.0
vt 0.19354838709677424 0.967741935483871
vt 0.19354838709677424 0.935483870967742
vt 0.19354838709677424 0.9032258064516129
vt 0.19354838709677424 0.8709677419354839
vt 0.19354838709677424 0.8387096774193549
vt 0.19354838709677424 0.8064516129032258
vt 0.19354838709677424 0.7741935483870968
vt 0.19354838709677424 0.7419354838709677
vt 0.19354838709677424 0.7096774193548387
vt 0.19354838709677424 0.6774193548387097
vt 0.19354838709677424 0.6451612903225806
vt 0.19354838709677424 0.6129032258064516
vt 0.19354838709677424 0.5806451612903226
vt 0.19354838709677424 0.5483870967741935
vt 0.19354838709677424 0.5161290322580645
vt 0.19354838709677424 0.4838709677419355
vt 0.19354838709677424 0.4516129032258065
vt 0.19354838709677424 0.4193548387096775
vt 0.19354838709677424 0.3870967741935484
vt 0.19354838709677424 0.3548387096774194
vt 0.19354838709677424 0.32258064516129037
vt 0.19354838709677424 0.29032258064516125
vt 0.19354838709677424 0.25806451612903225
vt 0.19354838709677424 0.22580645161290325
vt 0.19354838709677424 0.19354838709677424
vt 0.19354838709677424 0.16129032258064524
vt 0.19354838709677424 0.12903225806451613
vt 0.19354838709677424 0.09677419354838712
vt 0.19354838709677424 0.06451612903225812
vt 0.19354838709677424 0.032258064516129004
vt 0.19354838709677424 0.0
vt 0.16129032258064524 1.0
vt 0.16129032258064524 0.967741935483871
vt 0.16129032258064524 0.935483870967742
vt 0.16129032258064524 0.9032258064516129
vt 0.16129032258064524 0.8709677419354839
vt 0.16129032258064524 0.8387096774193549
vt 0.16129032258064524 0.8064516129032258
vt 0.16129032258064524 0.7741935483870968
vt 0.16129032258064524 0.7419354838709677
vt 0.16129032258064524 0.7096774193548387
vt 0.16129032258064524 0.6774193548387097
vt 0.16129032258064524 0.6451612903225806
vt 0.16129032258064524 0.6129032258064516
vt 0.16129032258064524 0.5806451612903226
vt 0.16129032258064524 0.5483870967741935
vt 0.16129032258064524 0.5161290322580645
vt 0.16129032258064524 0.4838709677419355
vt 0.16129032258064524 0.4516129032258065
vt 0.16129032258064524 0.4193548387096775
vt 0.16129032258064524 0.3870967741935484
vt 0.16129032258064524 0.3548387096774194
vt 0.16129032258064524 0.32258064516129037
vt 0.16129032258064524 0.29032258064516125
vt 0.16129032258064524 0.25806451612903225
vt 0.16129032258064524 0.22580645161290325
vt 0.16129032258064524 0.19354838709677424
vt 0.16129032258064524 0.16129032258064524
vt 0.16129032258064524 0.12903225806451613
vt 0.16129032258064524 0.09677419354838712
vt 0.16129032258064524 0.06451612903225812
vt 0.16129032258064524 0.032258064516129004
vt 0.16129032258064524 0.0
vt 0.12903225806451613 1.0
vt 0.12903225806451613 0.967741935483871
vt 0.12903225806451613 0.935483870967742
vt 0.12903225806451613 0.9032258064516129
vt 0.12903225806451613 0.8709677419354839
vt 0.12903225806451613 0.8387096774193549
vt 0.12903225806451613 0.8064516129032258
vt 0.12903225806451613 0.7741935483870968
vt 0.12903225806451613 0.7419354838709677
vt 0.12903225806451613 0.7096774193548387
vt 0.12903225806451613 0.6774193548387097
vt 0.12903225806451613 0.6451612903225806
vt 0.12903225806451613 0.6129032258064516
vt 0.12903225806451613 0.5806451612903226
vt 0.12903225806451613 0.5483870967741935
vt 0.12903225806451613 0.5161290322580645
vt 0.12903225806451613 0.4838709677419355
vt 0.12903225806451613 0.4516129032258065
vt 0.12903225806451613 0.4193548387096775
vt 0.12903225806451613 0.3870967741935484
vt 0.12903225806451613 0.3548387096774194
vt 0.12903225806451613 0.32258064516129037
vt 0.12903225806451613 0.29032258064516125
vt 0.12903225806451613 0.25806451612903225
vt 0.12903225806451613 0.22580645161290325
vt 0.12903225806451613 0.19354838709677424
vt 0.12903225806451613 0.16129032258064524
vt 0.12903225806451613 0.12903225806451613
vt 0.12903225806451613 0.09677419354838712
vt 0.12903225806451613 0.06451612903225812
vt 0.12903225806451613 0.032258064516129004
vt 0.12903225806451613 0.0
vt 0.09677419354838712 1.0
vt 0.09677419354838712 0.967741935483871
vt 0.09677419354838712 0.935483870967742
vt 0.09677419354838712 0.9032258064516129
vt 0.09677419354838712 0.8709677419354839
vt 0.09677419354838712 0.8387096774193549
vt 0.09677419354838712 0.8064516129032258
vt 0.09677419354838712 0.7741935483870968
vt 0.09677419354838712 0.7419354838709677
vt 0.09677419354838712 0.7096774193548387
vt 0.09677419354838712 0.6774193548387097
vt 0.09677419354838712 0.6451612903225806
vt 0.09677419354838712 0.6129032258064516
vt 0.09677419354838712 0.5806451612903226
vt 0.09677419354838712 0.5483870967741935
vt 0.09677419354838712 0.5161290322580645
vt 0.09677419354838712 0.4838709677419355
vt 0.09677419354838712 0.4516129032258065
vt 0.09677419354838712 0.4193548387096775
vt 0.09677419354838712 0.3870967741935484
vt 0.09677419354838712 0.3548387096774194
vt 0.09677419354838712 0.32258064516129037
vt 0.09677419354838712 0.29032258064516125
vt 0.09677419354838712 0.25806451612903225
vt 0.09677419354838712 0.22580645161290325
vt 0.09677419354838712 0.19354838709677424
vt 0.09677419354838712 0.16129032258064524
vt 0.09677419354838712 0.12903225806451613
vt 0.09677419354838712 0.09677419354838712
vt 0.09677419354838712 0.06451612903225812
vt 0.09677419354838712 0.032258064516129004
vt 0.09677419354838712 0.0
vt 0.06451612903225812 1.0
vt 0.06451612903225812 0.967741935483871
vt 0.06451612903225812 0.935483870967742
vt 0.06451612903225812 0.9032258064516129
vt 0.06451612903225812 0.8709677419354839
vt 0.06451612903225812 0.8387096774193549
vt 0.06451612903225812 0.8064516129032258
vt 0.06451612903225812 0.7741935483870968
vt 0.06451612903225812 0.7419354838709677
vt 0.06451612903225812 0.7096774193548387
vt 0.06451612903225812 0.6774193548387097
vt 0.06451612903225812 0.6451612903225806
vt 0.06451612903225812 0.6129032258064516
vt 0.06451612903225812 0.5806451612903226
vt 0.06451612903225812 0.5483870967741935
vt 0.06451612903225812 0.5161290322580645
vt 0.06451612903225812 0.4838709677419355
vt 0.06451612903225812 0.4516129032258065
vt 0.06451612903225812 0.4193548387096775
vt 0.06451612903225812 0.3870967741935484
vt 0.06451612903225812 0.3548387096774194
vt 0.06451612903225812 0.32258064516129037
vt 0.06451612903225812 0.29032258064516125
vt 0.06451612903225812 0.25806451612903225
vt 0.06451612903225812 0.22580645161290325
vt 0.06451612903225812 0.19354838709677424
vt 0.06451612903225812 0.16129032258064524
vt 0.06451612903225812 0.12903225806451613
vt 0.06451612903225812 0.09677419354838712
vt 0.06451612903225812 0.06451612903225812
vt 0.06451612903225812 0.032258064516129004
vt 0.06451612903225812 0.0
vt 0.032258064516129004 1.0
vt 0.032258064516129004 0.967741935483871
vt 0.032258064516129004 0.935483870967742
vt 0.032258064516129004 0.9032258064516129
vt 0.032258064516129004 0.8709677419354839
vt 0.032258064516129004 0.8387096774193549
vt 0.032258064516129004 0.8064516129032258
vt 0.032258064516129004 0.7741935483870968
vt 0.032258064516129004 0.7419354838709677
vt 0.032258064516129004 0.7096774193548387
vt 0.032258064516129004 0.6774193548387097
vt 0.032258064516129004 0.6451612903225806
vt 0.032258064516129004 0.6129032258064516
vt 0.032258064516129004 0.5806451612903226
vt 0.032258064516129004 0.5483870967741935
vt 0.032258064516129004 0.5161290322580645
vt 0.032258064516129004 0.4838709677419355
vt 0.032258064516129004 0.4516129032258065
vt 0.032258064516129004 0.4193548387096775
vt 0.032258064516129004 0.3870967741935484
vt 0.032258064516129004 0.3548387096774194
vt 0.032258064516129004 0.32258064516129037
vt 0.032258064516129004 0.29032258064516125
vt 0.032258064516129004 0.25806451612903225
vt 0.032258064516129004 0.22580645161290325
vt 0.032258064516129004 0.19354838709677424
vt 0.032258064516129004 0.16129032258064524
vt 0.032258064516129004 0.12903225806451613
vt 0.032258064516129004 0.09677419354838712
vt 0.032258064516129004 0.06451612903225812
vt 0.032258064516129004 0.032258064516129004
vt 0.032258064516129004 0.0
vt 0.0 1.0
vt 0.0 0.967741935483871
vt 0.0 0.935483870967742
vt 0.0 0.9032258064516129
vt 0.0 0.8709677419354839
vt 0.0 0.8387096774193549
vt 0.0 0.8064516129032258
vt 0.0 0.7741935483870968
vt 0.0 0.7419354838709677
vt 0.0 0.7096774193548387
vt 0.0 0.6774193548387097
vt 0.0 0.6451612903225806
vt 0.0 0.6129032258064516
vt 0.0 0.5806451612903226
vt 0.0 0.5483870967741935
vt 0.0 0.5161290322580645
vt 0.0 0.4838709677419355
vt 0.0 0.4516129032258065
vt 0.0 0.4193548387096775
vt 0.0 0.3870967741935484
vt 0.0 0.3548387096774194
vt 0.0 0.32258064516129037
vt 0.0 0.29032258064516125
vt 0.0 0.25806451612903225
vt 0.0 0.22580645161290325
vt 0.0 0.19354838709677424
vt 0.0 0.16129032258064524
vt 0.0 0.12903225806451613
vt 0.0 0.09677419354838712
vt 0.0 0.06451612903225812
vt 0.0 0.032258064516129004
vt 0.0 0.0
f 1/1 33/33 34/34 2/2
f 2/2 34/34 35/35 3/3
f 3/3 35/35 36/36 4/4
f 4/4 36/36 37/37 5/5
f 5/5 37/37 38/38 6/6
f 6/6 38/38 39/39 7/7
f 7/7 39/39 40/40 8/8
f 8/8 40/40 41/41 9/9
f 9/9 41/41 42/42 10/10
f 10/10 42/42 43/43 11/11
f 11/11 43/43 44/44 12/12
f 12/12 44/44 45/45 13/13
f 13/13 45/45 46/46 14/14
f 14/14 46/46 47/47 15/15
f 15/15 47/47 48/48 16/16
f 16/16 48/48 49/49 17/17
f 17/17 49/49 50/50 18/18
f 18/18 50/50 51/51 19/19
f 19/19 51/51 52/52 20/20
f 20/20 52/52 53/53 21/21
f 21/21 53/53 54/54 22/22
f 22/22 54/54 55/55 23/23
f 23/23 55/55 56/56 24/24
f 24/24 56/56 57/57 25/25
f 25/25 57/57 58/58 26/26
f 26/26 58/58 59/59 27/27
f 27/27 59/59 60/60 28/28
f 28/28 60/60 61/61 29/29
f 29/29 61/61 62/62 30/30
f 30/30 62/62 63/63 31/31
f 31/31 63/63 64/64 32/32
f 33/33 65/65 66/66 34/34
f 34/34 66/66 67/67 35/35
f 35/35 67/67 68/68 36/36
f 36/36 68/68 69/69 37/37
f 37/37 69/69 70/70 38/38
f 38/38 70/70 71/71 39/39
f 39/39 71/71 72/72 40/40
f 40/40 72/72 73/73 41/41
f 41/41 73/73 74/74 42/42
f 42/42 74/74 75/75 43/43
f 43/43 75/75 76/76 44/44
f 44/44 76/76 77/77 45/45
f 45/45 77/77 78/78 46/46
f 46/46 78/78 79/79 47/47
f 47/47 79/79 80/80 48/48
f 48/48 80/80 81/81 49/49
f 49/49 81/81 82/82 50/50
f 50/50 82/82 83/83 51/51
f 51/51 83/83 84/84 52/52
f 52/52 84/84 85/85 53/53
f 53/53 85/85 86/86 54/54
f 54/54 86/86 87/87 55/55
f 55/55 87/87 88/88 56/56
f 56/56 88/88 89/89 57/57
f 57/57 89/89 90/90 58/58
f 58/58 90/90 91/91 59/59
f 59/59 91/91 92/92 60/60
f 60/60 92/92 93/93 61/61
f 61/61 93/93 94/94 62/62
f 62/62 94/94 95/95 63/63
f 63/63 95/95 96/96 64/64
f 65/65 97/97 98/98 66/66
f 66/66 98/98 99/99 67/67
f 67/67 99/99 100/100 68/68
f 68/68 100/100 101/101 69/69
f 69/69 101/101 102/102 70/70
f 70/70 102/102 103/103 71/71
f 71/71 103/103 104/104 72/72
f 72/72 104/104 105/105 73/73
f 73/73 105/105 106/106 74/74
f 74/74 106/106 107/107 75/75
f 75/75 107/107 108/108 76/76
f 76/76 108/108 109/109 77/77
f 77/77 109/109 110/110 78/78
f 78/78 110/110 111/111 79/79
f 79/79 111/111 112/112 80/80
f 80/80 112/112 113/113 81/81
f 81/81 113/113 114/114 82/82
f 82/82 114/114 115/115 83/83
f 83/83 115/115 116/116 84/84
f 84/84 116/116 117/117 85/85
f 85/85 117/117 118/118 86/86
f 86/86 118/118 119/119 87/87
f 87/87 119/119 120/120 88/88
f 88/88 120/120 121/121 89/89
f 89/89 121/121 122/122 90/90
f 90/90 122/122 123/123 91/91
f 91/91 123/123 124/124 92/92
f 92/92 124/124 125/125 93/93
f 93/93 125/125 126/126 94/94
f 94/94 126/126 127/127 95/95
f 95/95 127/127 128/128 96/96
f 97/97 129/129 130/130 98/98
f 98/98 130/130 131/131 99/99
f 99/99 131/131 132/132 100/100
f 100/100 132/132 133/133 101/101
f 101/101 133/133 134/134 102/102
f 102/102 134/134 135/135 103/103
f 103/103 135/135 136/136 104/104
f 104/104 136/136 137/137 105/105
f 105/105 137/137 138/138 106/106
f 106/106 138/138 139/139 107/107
f 107/107 139/139 140/140 108/108
f 108/108 140/140 141/141 109/109
f 109/109 141/141 142/142 110/110
f 110/110 142/142 143/143 111/111
f 111/111 143/143 144/144 112/112
f 112/112 144/144 145/145 113/113
f 113/113 145/145 146/146 114/114
f 114/114 146/146 147/147 115/115
f 115/115 147/147 148/148 116/116
f 116/116 148/148 149/149 117/117
f 117/117 149/149 150/150 118/118
f 118/118 150/150 151/151 119/119
f 119/119 151/151 152/152 120/120
f 120/120 152/152 153/153 121/121
f 121/121 153/153 154/154 122/122
f 122/122 154/154 155/155 123/123
f 123/123 155/155 156/156 124/124
f 124/124 156/156 157/157 125/125
f 125/125 157/157 158/158 126/126
f 126/126 158/158 159/159 127/127
f 127/127 159/159 160/160 128/128
f 129/129 161/161 162/162 130/130
f 130/130 162/162 163/163 131/131
f 131/131 163/163 164/164 132/132
f 132/132 164/164 165/165 133/133
f 133/133 165/165 166/166 134/134
f 134/134 166/166 167/167 135/135
f 135/135 167/167 168/168 136/136
f 136/136 168/168 169/169 137/137
f 137/137 169/169 170/170 138/138
f 138/138 170/170 171/171 139/139
f 139/139 171/171 172/172 140/140
f 140/140 172/172 173/173 141/141
f 141/141 173/173 174/174 142/142
f 142/142 174/174 175/175 143/143
f 143/143 175/175 176/176 144/144
f 144/144 176/176 177/177 145/145
f 145/145 177/177 178/178 146/146
f 146/146 178/178 179/179 147/147
f 147/147 179/179 180/180 148/148
f 148/148 180/180 181/181 149/149
f 149/149 181/181 182/182 150/150
f 150/150 182/182 183/183 151/151
f 151/151 183/183 184/184 152/152
f 152/152 184/184 185/185 153/153
f 153/153 185/185 186/186 154/154
f 154/154 186/186 187/187 155/155
f 155/155 187/187 188/188 156/156
f 156/156 188/188 189/189 157/157
f 157/157 189/189 190/190 158/158
f 158/158 190/190 191/191 159/159
f 159/159 191/191 192/192 160/160
f 161/161 193/193 194/194 162/162
f 162/162 194/194 195/195 163/163
f 163/163 195/195 196/196 164/164
f 164/164 196/196 197/197 165/165
f 165/165 197/197 198/198 166/166
f 166/166 198/198 199/199 167/167
f 167/167 199/199 200/200 168/168
f 168/168 200/200 201/201 169/169
f 169/169 201/201 202/202 170/170
f 170/170 202/202 203/203 171/171
f 171/171 203/203 204/204 172/172
f 172/172 204/204 205/205 173/173
f 173/173 205/205 206/206 174/174
f 174/174 206/206 207/207 175/175
f 175/175 207/207 208/208 176/176
f 176/176 208/208 209/209 177/177
f 177/177 209/209 210/210 178/178
f 178/178 210/210 211/211 179/179
f 179/179 211/211 212/212 180/180
f 180/180 212/212 213/213 181/181
f 181/181 213/213 214/214 182/182
f 182/182 214/214 215/215 183/183
f 183/183 215/215 216/216 184/184
f 184/184 216/216 217/217 185/185
f 185/185 217/217 218/218 186/186
f 186/186 218/218 219/219 187/187
f 187/187 219/219 220/220 188/188
f 188/188 220/220 221/221 189/189
f 189/189 221/221 222/222 190/190
f 190/190 222/222 223/223 191/191
f 191/191 223/223 224/224 192/192
f 193/193 225/225 226/226 194/194
f 194/194 226/226 227/227 195/195
f 195/195 227/227 228/228 196/196
f 196/196 228/228 229/229 197/197
f 197/197 229/229 230/230 198/198
f 198/198 230/230 231/231 199/199
f 199/199 231/231 232/232 200/200
f 200/200 232/232 233/233 201/201
f 201/201 233/233 234/234 202/202
f 202/202 234/234 235/235 203/203
f 203/203 235/235 236/236 204/204
f 204/204 236/236 237/237 205/205
f 205/205 237/237 238/238 206/206
f 206/206 238/238 239/239 207/207
f 207/207 239/239 240/240 208/208
f 208/208 240/240 241/241 209/209
f 209/209 241/241 242/242 210/210
f 210/210 242/242 243/243 211/211
f 211/211 243/243 244/244 212/212
f 212/212 244/244 245/245 213/213
f 213/213 245/245 246/246 214/214
f 214/214 246/246 247/247 215/215
f 215/215 247/247 248/248 216/216
f 216/216 248/248 249/249 217/217
f 217/217 249/249 250/250 218/218
f 218/218 250/250 251/251 219/219
f 219/219 251/251 252/252 220/220
f 220/220 252/252 253/253 221/221
f 221/221 253/253 254/254 222/222
f 222/222 254/254 255/255 223/223
f 223/223 255/255 256/256 224/224
f 225/225 257/257 258/258 226/226
f 226/226 258/258 259/259 227/227
f 227/227 259/259 260/260 228/228
f 228/228 260/260 261/261 229/229
f 229/229 261/261 262/262 230/230
f 230/230 262/262 263/263 231/231
f 231/231 263/263 264/264 232/232
f 232/232 264/264 265/265 233/233
f 233/233 265/265 266/266 234/234
f 234/234 266/266 267/267 235/235
f 235/235 267/267 268/268 236/236
f 236/236 268/268 269/269 237/237
f 237/237 269/269 270/270 238/238
f 238/238 270/270 271/271 239/239
f 239/239 271/271 272/272 240/240
f 240/240 272/272 273/273 241/241
f 241/241 273/273 274/274 242/242
f 242/242 274/274 275/275 243/243
f 243/243 275/275 276/276 244/244
f 244/244 276/276 277/277 245/245
f 245/245 277/277 278/278 246/246
f 246/246 278/278 279/279 247/247
f 247/247 279/279 280/280 248/248
f 248/248 280/280 281/281 249/249
f 249/249 281/281 282/282 250/250
f 250/250 282/282 283/283 251/251
f 251/251 283/283 284/284 252/252
f 252/252 284/284 285/285 253/253
f 253/253 285/285 286/286 254/254
f 254/254 286/286 287/287 255/255
f 255/255 287/287 288/288 256/256
f 257/257 289/289 290/290 258/258
f 258/258 290/290 291/291 259/259
f 259/259 291/291 292/292 260/260
f 260/260 292/292 293/293 261/261
f 261/261 293/293 294/294 262/262
f 262/262 294/294 295/295 263/263
f 263/263 295/295 296/296 264/264
f 264/264 296/296 297/297 265/265
f 265/265 297/297 298/298 266/266
f 266/266 298/298 299/299 267/267
f 267/267 299/299 300/300 268/268
f 268/268 300/300 301/301 269/269
f 269/269 301/301 302/302 270/270
f 270/270 302/302 303/303 271/271
f 271/271 303/303 304/304 272/272
f 272/272 304/304 305/305 273/273
f 273/273 305/305 306/306 274/274
f 274/274 306/306 307/307 275/275
f 275/275 307/307 308/308 276/276
f 276/276 308/308 309/309 277/277
f 277/277 309/309 310/310 278/278
f 278/278 310/310 311/311 279/279
f 279/279 311/311 312/312 280/280
f 280/280 312/312 313/313 281/281
f 281/281 313/313 314/314 282/282
f 282/282 314/314 315/315 283/283
f 283/283 315/315 316/316 284/284
f 284/284 316/316 317/317 285/285
f 285/285 317/317 318/318 286/286
f 286/286 318/318 319/319 287/287
f 287/287 319/319 320/320 288/288
f 289/289 321/321 322/322 290/290
f 290/290 322/322 323/323 291/291
f 291/291 323/323 324/324 292/292
f 292/292 324/324 325/325 293/293
f 293/293 325/325 326/326 294/294
f 294/294 326/326 327/327 295/295
f 295/295 327/327 328/328 296/296
f 296/296 328/328 329/329 297/297
f 297/297 329/329 330/330 298/298
f 298/298 330/330 331/331 299/299
f 299/299 331/331 332/332 300/300
f 300/300 332/332 333/333 301/301
f 301/301 333/333 334/334 302/302
f 302/302 334/334 335/335 303/303
f 303/303 335/335 336/336 304/304
f 304/304 336/336 337/337 305/305
f 305/305 337/337 338/338 306/306
f 306/306 338/338 339/339 307/307
f 307/307 339/339 340/340 308/308
f 308/308 340/340 341/341 309/309
f 309/309 341/341 342/342 310/310
f 310/310 342/342 343/343 311/311
f 311/311 343/343 344/344 312/312
f 312/312 344/344 345/345 313/313
f 313/313 345/345 346/346 314/314
f 314/314 346/346 347/347 315/315
f 315/315 347/347 348/348 316/316
f 316/316 348/348 349/349 317/317
f 317/317 349/349 350/350 318/318
f 318/318 350/350 351/351 319/319
f 319/319 351/351 352/352 320/320
f 321/321 353/353 354/354 322/322
f 322/322 354/354 355/355 323/323
f 323/323 355/355 356/356 324/324
f 324/324 356/356 357/357 325/325
f 325/325 357/357 358/358 326/326
f 326/326 358/358 359/359 327/327
f 327/327 359/359 360/360 328/328
f 328/328 360/360 361/361 329/329
f 329/329 361/361 362/362 330/330
f 330/330 362/362 363/363 331/331
f 331/331 363/363 364/364 332/332
f 332/332 364/364 365/365 333/333
f 333/333 365/365 366/366 334/334
f 334/334 366/366 367/367 335/335
f 335/335 367/367 368/368 336/336
f 336/336 368/368 369/369 337/337
f 337/337 369/369 370/370 338/338
f 338/338 370/370 371/371 339/339
f 339/339 371/371 372/372 340/340
f 340/340 372/372 373/373 341/341
f 341/341 373/373 374/374 342/342
f 342/342 374/374 375/375 343/343
f 343/343 375/375 376/376 344/344
f 344/344 376/376 377/377 345/345
f 345/345 377/377 378/378 346/346
f 346/346 378/378 379/379 347/347
f 347/347 379/379 380/380 348/348
f 348/348 380/380 381/381 349/349
f 349/349 381/381 382/382 350/350
f 350/350 382/382 383/383 351/351
f 351/351 383/383 384/384 352/352
f 353/353 385/385 386/386 354/354
f 354/354 386/386 387/387 355/355
f 355/355 387/387 388/388 356/356
f 356/356 388/388 389/389 357/357
f 357/357 389/389 390/390 358/358
f 358/358 390/390 391/391 359/359
f 359/359 391/391 392/392 360/360
f 360/360 392/392 393/393 361/361
f 361/361 393/393 394/394 362/362
f 362/362 394/394 395/395 363/363
f 363/363 395/395 396/396 364/364
f 364/364 396/396 397/397 365/365
f 365/365 397/397 398/398 366/366
f 366/366 398/398 399/399 367/367
f 367/367 399/399 400/400 368/368
f 368/368 400/400 401/401 369/369
f 369/369 401/401 402/402 370/370
f 370/370 402/402 403/403 371/371
f 371/371 403/403 404/404 372/372
f 372/372 404/404 405/405 373/373
f 373/373 405/405 406/406 374/374
f 374/374 406/406 407/407 375/375
f 375/375 407/407 408/408 376/376
f 376/376 408/408 409/409 377/377
f 377/377 409/409 410/410 378/378
f 378/378 410/410 411/411 379/379
f 379/379 411/411 412/412 380/380
f 380/380 412/412 413/413 381/381
f 381/381 413/413 414/414 382/382
f 382/382 414/414 415/415 383/383
f 383/383 415/415 416/416 384/384
f 385/385 417/417 418/418 386/386
f 386/386 418/418 419/419 387/387
f 387/387 419/419 420/420 388/388
f 388/388 420/420 421/421 389/389
f 389/389 421/421 422/422 390/390
f 390/390 422/422 423/423 391/391
f 391/391 423/423 424/424 392/392
f 392/392 424/424 425/425 393/393
f 393/393 425/425 426/426 394/394
f 394/394 426/426 427/427 395/395
f 395/395 427/427 428/428 396/396
f 396/396 428/428 429/429 397/397
f 397/397 429/429 430/430 398/398
f 398/398 430/430 431/431 399/399
f 399/399 431/431 432/432 400/400
f 400/400 432/432 433/433 401/401
f 401/401 433/433 434/434 402/402
f 402/402 434/434 435/435 403/403
f 403/403 435/435 436/436 404/404
f 404/404 436/436 437/437 405/405
f 405/405 437/437 438/438 406/406
f 406/406 438/438 439/439 407/407
f 407/407 439/439 440/440 408/408
f 408/408 440/440 441/441 409/409
f 409/409 441/441 442/442 410/410
f 410/410 442/442 443/443 411/411
f 411/411 443/443 444/444 412/412
f 412/412 444/444 445/445 413/413
f 413/413 445/445 446/446 414/414
f 414/414 446/446 447/447 415/415
f 415/415 447/447 448/448 416/416
f 417/417 449/449 450/450 418/418
f 418/418 450/450 451/451 419/419
f 419/419 451/451 452/452 420/420
f 420/420 452/452 453/453 421/421
f 421/421 453/453 454/454 422/422
f 422/422 454/454 455/455 423/423
f 423/423 455/455 456/456 424/424
f 424/424 456/456 457/457 425/425
f 425/425 457/457 458/458 426/426
f 426/426 458/458 459/459 427/427
f 427/427 459/459 460/460 428/428
f 428/428 460/460 461/461 429/429
f 429/429 461/461 462/462 430/430
f 430/430 462/462 463/463 431/431
f 431/431 463/463 464/464 432/432
f 432/432 464/464 465/465 433/433
f 433/433 465/465 466/466 434/434
f 434/434 466/466 467/467 435/435
f 435/435 467/467 468/468 436/436
f 436/436 468/468 469/469 437/437
f 437/437 469/469 470/470 438/438
f 438/438 470/470 471/471 439/439
f 439/439 471/471 472/472 440/440
f 440/440 472/472 473/473 441/441
f 441/441 473/473 474/474 442/442
f 442/442 474/474 475/475 443/443
f 443/443 475/475 476/476 444/444
f 444/444 476/476 477/477 445/445
f 445/445 477/477 478/478 446/446
f 446/446 478/478 479/479 447/447
f 447/447 479/479 480/480 448/448
f 449/449 481/481 482/482 450/450
f 450/450 482/482 483/483 451/451
f 451/451 483/483 484/484 452/452
f 452/452 484/484 485/485 453/453
f 453/453 485/485 486/486 454/454
f 454/454 486/486 487/487 455/455
f 455/455 487/487 488/488 456/456
f 456/456 488/488 489/489 457/457
f 457/457 489/489 490/490 458/458
f 458/458 490/490 491/491 459/459
f 459/459 491/491 492/492 460/460
f 460/460 492/492 493/493 461/461
f 461/461 493/493 494/494 462/462
f 462/462 494/494 495/495 463/463
f 463/463 495/495 496/496 464/464
f 464/464 496/496 497/497 465/465
f 465/465 497/497 498/498 466/466
f 466/466 498/498 499/499 467/467
f 467/467 499/499 500/500 468/468
f 468/468 500/500 501/501 469/469
f 469/469 501/501 502/502 470/470
f 470/470 502/502 503/503 471/471
f 471/471 503/503 504/504 472/472
f 472/472 504/504 505/505 473/473
f 473/473 505/505 506/506 474/474
f 474/474 506/506 507/507 475/475
f 475/475 507/507 508/508 476/476
f 476/476 508/508 509/509 477/477
f 477/477 509/509 510/510 478/478
f 478/478 510/510 511/511 479/479
f 479/479 511/511 512/512 480/480
f 481/481 513/513 514/514 482/482
f 482/482 514/514 515/515 483/483
f 483/483 515/515 516/516 484/484
f 484/484 516/516 517/517 485/485
f 485/485 517/517 518/518 486/486
f 486/486 518/518 519/519 487/487
f 487/487 519/519 520/520 488/488
f 488/488 520/520 521/521 489/489
f 489/489 521/521 522/522 490/490
f 490/490 522/522 523/523 491/491
f 491/491 523/523 524/524 492/492
f 492/492 524/524 525/525 493/493
f 493/493 525/525 526/526 494/494
f 494/494 526/526 527/527 495/495
f 495/495 527/527 528/528 496/496
f 496/496 528/528 529/529 497/497
f 497/497 529/529 530/530 498/498
f 498/498 530/530 531/531 499/499
f 499/499 531/531 532/532 500/500
f 500/500 532/532 533/533 501/501
f 501/501 533/533 534/534 502/502
f 502/502 534/534 535/535 503/503
f 503/503 535/535 536/536 504/504
f 504/504 536/536 537/537 505/505
f 505/505 537/537 538/538 506/506
f 506/506 538/538 539/539 507/507
f 507/507 539/539 540/540 508/508
f 508/508 540/540 541/541 509/509
f 509/509 541/541 542/542 510/510
f 510/510 542/542 543/543 511/511
f 511/511 543/543 544/544 512/512
f 513/513 545/545 546/546 514/514
f 514/514 546/546 547/547 515/515
f 515/515 547/547 548/548 516/516
f 516/516 548/548 549/549 517/517
f 517/517 549/549 550/550 518/518
f 518/518 550/550 551/551 519/519
f 519/519 551/551 552/552 520/520
f 520/520 552/552 553/553 521/521
f 521/521 553/553 554/554 522/522
f 522/522 554/554 555/555 523/523
f 523/523 555/555 556/556 524/524
f 524/524 556/556 557/557 525/525
f 525/525 557/557 558/558 526/526
f 526/526 558/558 559/559 527/527
f 527/527 559/559 560/560 528/528
f 528/528 560/560 561/561 529/529
f 529/529 561/561 562/562 530/530
f 530/530 562/562 563/563 531/531
f 531/531 563/563 564/564 532/532
f 532/532 564/564 565/565 533/533
f 533/533 565/565 566/566 534/534
f 534/534 566/566 567/567 535/535
f 535/535 567/567 568/568 536/536
f 536/536 568/568 569/569 537/537
f 537/537 569/569 570/570 538/538
f 538/538 570/570 571/571 539/539
f 539/539 571/571 572/572 540/540
f 540/540 572/572 573/573 541/541
f 541/541 573/573 574/574 542/542
f 542/542 574/574 575/575 543/543
f 543/543 575/575 576/576 544/544
f 545/545 577/577 578/578 546/546
f 546/546 578/578 579/579 547/547
f 547/547 579/579 580/580 548/548
f 548/548 580/580 581/581 549/549
f 549/549 581/581 582/582 550/550
f 550/550 582/582 583/583 551/551
f 551/551 583/583 584/584 552/552
f 552/552 584/584 585/585 553/553
f 553/553 585/585 586/586 554/554
f 554/554 586/586 587/587 555/555
f 555/555 587/587 588/588 556/556
f 556/556 588/588 589/589 557/557
f 557/557 589/589 590/590 558/558
f 558/558 590/590 591/591 559/559
f 559/559 591/591 592/592 560/560
f 560/560 592/592 593/593 561/561
f 561/561 593/593 594/594 562/562
f 562/562 594/594 595/595 563/563
f 563/563 595/595 596/596 564/564
f 564/564 596/596 597/597 565/565
f 565/565 597/597 598/598 566/566
f 566/566 598/598 599/599 567/567
f 567/567 599/599 600/600 568/568
f 568/568 600/600 601/601 569/569
f 569/569 601/601 602/602 570/570
f 570/570 602/602 603/603 571/571
f 571/571 603/603 604/604 572/572
f 572/572 604/604 605/605 573/573
f 573/573 605/605 606/606 574/574
f 574/574 606/606 607/607 575/575
f 575/575 607/607 608/608 576/576
f 577/577 609/609 610/610 578/578
f 578/578 610/610 611/611 579/579
f 579/579 611/611 612/612 580/580
f 580/580 612/612 613/613 581/581
f 581/581 613/613 614/614 582/582
f 582/582 614/614 615/615 583/583
f 583/583 615/615 616/616 584/584
f 584/584 616/616 617/617 585/585
f 585/585 617/617 618/618 586/586
f 586/586 618/618 619/619 587/587
f 587/587 619/619 620/620 588/588
f 588/588 620/620 621/621 589/589
f 589/589 621/621 622/622 590/590
f 590/590 622/622 623/623 591/591
f 591/591 623/623 624/624 592/592
f 592/592 624/624 625/625 593/593
f 593/593 625/625 626/626 594/594
f 594/594 626/626 627/627 595/595
f 595/595 627/627 628/628 596/596
f 596/596 628/628 629/629 597/597
f 597/597 629/629 630/630 598/598
f 598/598 630/630 631/631 599/599
f 599/599 631/631 632/632 600/600
f 600/600 632/632 633/633 601/601
f 601/601 633/633 634/634 602/602
f 602/602 634/634 635/635 603/603
f 603/603 635/635 636/636 604/604
f 604/604 636/636 637/637 605/605
f 605/605 637/637 638/638 606/606
f 606/606 638/638 639/639 607/607
f 607/607 639/639 640/640 608/608
f 609/609 641/641 642/642 610/610
f 610/610 642/642 643/643 611/611
f 611/611 643/643 644/644 612/612
f 612/612 644/644 645/645 613/613
f 613/613 645/645 646/646 614/614
f 614/614 646/646 647/647 615/615
f 615/615 647/647 648/648 616/616
f 616/616 648/648 649/649 617/617
f 617/617 649/649 650/650 618/618
f 618/618 650/650 651/651 619/619
f 619/619 651/651 652/652 620/620
f 620/620 652/652 653/653 621/621
f 621/621 653/653 654/654 622/622
f 622/622 654/654 655/655 623/623
f 623/623 655/655 656/656 624/624
f 624/624 656/656 657/657 625/625
f 625/625 657/657 658/658 626/626
f 626/626 658/658 659/659 627/627
f 627/627 659/659 660/660 628/628
f 628/628 660/660 661/661 629/629
f 629/629 661/661 662/662 630/630
f 630/630 662/662 663/663 631/631
f 631/631 663/663 664/664 632/632
f 632/632 664/664 665/665 633/633
f 633/633 665/665 666/666 634/634
f 634/634 666/666 667/667 635/635
f 635/635 667/667 668/668 636/636
f 636/636 668/668 669/669 637/637
f 637/637 669/669 670/670 638/638
f 638/638 670/670 671/671 639/639
f 639/639 671/671 672/672 640/640
f 641/641 673/673 674/674 642/642
f 642/642 674/674 675/675 643/643
f 643/643 675/675 676/676 644/644
f 644/644 676/676 677/677 645/645
f 645/645 677/677 678/678 646/646
f 646/646 678/678 679/679 647/647
f 647/647 679/679 680/680 648/648
f 648/648 680/680 681/681 649/649
f 649/649 681/681 682/682 650/650
f 650/650 682/682 683/683 651/651
f 651/651 683/683 684/684 652/652
f 652/652 684/684 685/685 653/653
f 653/653 685/685 686/686 654/654
f 654/654 686/686 687/687 655/655
f 655/655 687/687 688/688 656/656
f 656/656 688/688 689/689 657/657
f 657/657 689/689 690/690 658/658
f 658/658 690/690 691/691 659/659
f 659/659 691/691 692/692 660/660
f 660/660 692/692 693/693 661/661
f 661/661 693/693 694/694 662/662
f 662/662 694/694 695/695 663/663
f 663/663 695/695 696/696 664/664
f 664/664 696/696 697/697 665/665
f 665/665 697/697 698/698 666/666
f 666/666 698/698 699/699 667/667
f 667/667 699/699 700/700 668/668
f 668/668 700/700 701/701 669/669
f 669/669 701/701 702/702 670/670
f 670/670 702/702 703/703 671/671
f 671/671 703/703 704/704 672/672
f 673/673 705/705 706/706 674/674
f 674/674 706/706 707/707 675/675
f 675/675 707/707 708/708 676/676
f 676/676 708/708 709/709 677/677
f 677/677 709/709 710/710 678/678
f 678/678 710/710 711/711 679/679
f 679/679 711/711 712/712 680/680
f 680/680 712/712 713/713 681/681
f 681/681 713/713 714/714 682/682
f 682/682 714/714 715/715 683/683
f 683/683 715/715 716/716 684/684
f 684/684 716/716 717/717 685/685
f 685/685 717/717 718/718 686/686
f 686/686 718/718 719/719 687/687
f 687/687 719/719 720/720 688/688
f 688/688 720/720 721/721 689/689
f 689/689 721/721 722/722 690/690
f 690/690 722/722 723/723 691/691
f 691/691 723/723 724/724 692/692
f 692/692 724/724 725/725 693/693
f 693/693 725/725 726/726 694/694
f 694/694 726/726 727/727 695/695
f 695/695 727/727 728/728 696/696
f 696/696 728/728 729/729 697/697
f 697/697 729/729 730/730 698/698
f 698/698 730/730 731/731 699/699
f 699/699 731/731 732/732 700/700
f 700/700 732/732 733/733 701/701
f 701/701 733/733 734/734 702/702
f 702/702 734/734 735/735 703/703
f 703/703 735/735 736/736 704/704
f 705/705 737/737 738/738 706/706
f 706/706 738/738 739/739 707/707
f 707/707 739/739 740/740 708/708
f 708/708 740/740 741/741 709/709
f 709/709 741/741 742/742 710/710
f 710/710 742/742 743/743 711/711
f 711/711 743/743 744/744 712/712
f 712/712 744/744 745/745 713/713
f 713/713 745/745 746/746 714/714
f 714/714 746/746 747/747 715/715
f 715/715 747/747 748/748 716/716
f 716/716 748/748 749/749 717/717
f 717/717 749/749 750/750 718/718
f 718/718 750/750 751/751 719/719
f 719/719 751/751 752/752 720/720
f 720/720 752/752 753/753 721/721
f 721/721 753/753 754/754 722/722
f 722/722 754/754 755/755 723/723
f 723/723 755/755 756/756 724/724
f 724/724 756/756 757/757 725/725
f 725/725 757/757 758/758 726/726
f 726/726 758/758 759/759 727/727
f 727/727 759/759 760/760 728/728
f 728/728 760/760 761/761 729/729
f 729/729 761/761 762/762 730/730
f 730/730 762/762 763/763 731/731
f 731/731 763/763 764/764 732/732
f 732/732 764/764 765/765 733/733
f 733/733 765/765 766/766 734/734
f 734/734 766/766 767/767 735/735
f 735/735 767/767 768/768 736/736
f 737/737 769/769 770/770 738/738
f 738/738 770/770 771/771 739/739
f 739/739 771/771 772/772 740/740
f 740/740 772/772 773/773 741/741
f 741/741 773/773 774/774 742/742
f 742/742 774/774 775/775 743/743
f 743/743 775/775 776/776 744/744
f 744/744 776/776 777/777 745/745
f 745/745 777/777 778/778 746/746
f 746/746 778/778 779/779 747/747
f 747/747 779/779 780/780 748/748
f 748/748 780/780 781/781 749/749
f 749/749 781/781 782/782 750/750
f 750/750 782/782 783/783 751/751
f 751/751 783/783 784/784 752/752
f 752/752 784/784 785/785 753/753
f 753/753 785/785 786/786 754/754
f 754/754 786/786 787/787 755/755
f 755/755 787/787 788/788 756/756
f 756/756 788/788 789/789 757/757
f 757/757 789/789 790/790 758/758
f 758/758 790/790 791/791 759/759
f 759/759 791/791 792/792 760/760
f 760/760 792/792 793/793 761/761
f 761/761 793/793 794/794 762/762
f 762/762 794/794 795/795 763/763
f 763/763 795/795 796/796 764/764
f 764/764 796/796 797/797 765/765
f 765/765 797/797 798/798 766/766
f 766/766 798/798 799/799 767/767
f 767/767 799/799 800/800 768/768
f 769/769 801/801 802/802 770/770
f 770/770 802/802 803/803 771/771
f 771/771 803/803 804/804 772/772
f 772/772 804/804 805/805 773/773
f 773/773 805/805 806/806 774/774
f 774/774 806/806 807/807 775/775
f 775/775 807/807 808/808 776/776
f 776/776 808/808 809/809 777/777
f 777/777 809/809 810/810 778/778
f 778/778 810/810 811/811 779/779
f 779/779 811/811 812/812 780/780
f 780/780 812/812 813/813 781/781
f 781/781 813/813 814/814 782/782
f 782/782 814/814 815/815 783/783
f 783/783 815/815 816/816 784/784
f 784/784 816/816 817/817 785/785
f 785/785 817/817 818/818 786/786
f 786/786 818/818 819/819 787/787
f 787/787 819/819 820/820 788/788
f 788/788 820/820 821/821 789/789
f 789/789 821/821 822/822 790/790
f 790/790 822/822 823/823 791/791
f 791/791 823/823 824/824 792/792
f 792/792 824/824 825/825 793/793
f 793/793 825/825 826/826 794/794
f 794/794 826/826 827/827 795/795
f 795/795 827/827 828/828 796/796
f 796/796 828/828 829/829 797/797
f 797/797 829/829 830/830 798/798
f 798/798 830/830 831/831 799/799
f 799/799 831/831 832/832 800/800
f 801/801 833/833 834/834 802/802
f 802/802 834/834 835/835 803/803
f 803/803 835/835 836/836 804/804
f 804/804 836/836 837/837 805/805
f 805/805 837/837 838/838 806/806
f 806/806 838/838 839/839 807/807
f 807/807 839/839 840/840 808/808
f 808/808 840/840 841/841 809/809
f 809/809 841/841 842/842 810/810
f 810/810 842/842 843/843 811/811
f 811/811 843/843 844/844 812/812
f 812/812 844/844 845/845 813/813
f 813/813 845/845 846/846 814/814
f 814/814 846/846 847/847 815/815
f 815/815 847/847 848/848 816/816
f 816/816 848/848 849/849 817/817
f 817/817 849/849 850/850 818/818
f 818/818 850/850 851/851 819/819
f 819/819 851/851 852/852 820/820
f 820/820 852/852 853/853 821/821
f 821/821 853/853 854/854 822/822
f 822/822 854/854 855/855 823/823
f 823/823 855/855 856/856 824/824
f 824/824 856/856 857/857 825/825
f 825/825 857/857 858/858 826/826
f 826/826 858/858 859/859 827/827
f 827/827 859/859 860/860 828/828
f 828/828 860/860 861/861 829/829
f 829/829 861/861 862/862 830/830
f 830/830 862/862 863/863 831/831
f 831/831 863/863 864/864 832/832
f 833/833 865/865 866/866 834/834
f 834/834 866/866 867/867 835/835
f 835/835 867/867 868/868 836/836
f 836/836 868/868 869/869 837/837
f 837/837 869/869 870/870 838/838
f 838/838 870/870 871/871 839/839
f 839/839 871/871 872/872 840/840
f 840/840 872/872 873/873 841/841
f 841/841 873/873 874/874 842/842
f 842/842 874/874 875/875 843/843
f 843/843 875/875 876/876 844/844
f 844/844 876/876 877/877 845/845
f 845/845 877/877 878/878 846/846
f 846/846 878/878 879/879 847/847
f 847/847 879/879 880/880 848/848
f 848/848 880/880 881/881 849/849
f 849/849 881/881 882/882 850/850
f 850/850 882/882 883/883 851/851
f 851/851 883/883 884/884 852/852
f 852/852 884/884 885/885 853/853
f 853/853 885/885 886/886 854/854
f 854/854 886/886 887/887 855/855
f 855/855 887/887 888/888 856/856
f 856/856 888/888 889/889 857/857
f 857/857 889/889 890/890 858/858
f 858/858 890/890 891/891 859/859
f 859/859 891/891 892/892 860/860
f 860/860 892/892 893/893 861/861
f 861/861 893/893 894/894 862/862
f 862/862 894/894 895/895 863/863
f 863/863 895/895 896/896 864/864
f 865/865 897/897 898/898 866/866
f 866/866 898/898 899/899 867/867
f 867/867 899/899 900/900 868/868
f 868/868 900/900 901/901 869/869
f 869/869 901/901 902/902 870/870
f 870/870 902/902 903/903 871/871
f 871/871 903/903 904/904 872/872
f 872/872 904/904 905/905 873/873
f 873/873 905/905 906/906 874/874
f 874/874 906/906 907/907 875/875
f 875/875 907/907 908/908 876/876
f 876/876 908/908 909/909 877/877
f 877/877 909/909 910/910 878/878
f 878/878 910/910 911/911 879/879
f 879/879 911/911 912/912 880/880
f 880/880 912/912 913/913 881/881
f 881/881 913/913 914/914 882/882
f 882/882 914/914 915/915 883/883
f 883/883 915/915 916/916 884/884
f 884/884 916/916 917/917 885/885
f 885/885 917/917 918/918 886/886
f 886/886 918/918 919/919 887/887
f 887/887 919/919 920/920 888/888
f 888/888 920/920 921/921 889/889
f 889/889 921/921 922/922 890/890
f 890/890 922/922 923/923 891/891
f 891/891 923/923 924/924 892/892
f 892/892 924/924 925/925 893/893
f 893/893 925/925 926/926 894/894
f 894/894 926/926 927/927 895/895
f 895/895 927/927 928/928 896/896
f 897/897 929/929 930/930 898/898
f 898/898 930/930 931/931 899/899
f 899/899 931/931 932/932 900/900
f 900/900 932/932 933/933 901/901
f 901/901 933/933 934/934 902/902
f 902/902 934/934 935/935 903/903
f 903/903 935/935 936/936 904/904
f 904/904 936/936 937/937 905/905
f 905/905 937/937 938/938 906/906
f 906/906 938/938 939/939 907/907
f 907/907 939/939 940/940 908/908
f 908/908 940/940 941/941 909/909
f 909/909 941/941 942/942 910/910
f 910/910 942/942 943/943 911/911
f 911/911 943/943 944/944 912/912
f 912/912 944/944 945/945 913/913
f 913/913 945/945 946/946 914/914
f 914/914 946/946 947/947 915/915
f 915/915 947/947 948/948 916/916
f 916/916 948/948 949/949 917/917
f 917/917 949/949 950/950 918/918
f 918/918 950/950 951/951 919/919
f 919/919 951/951 952/952 920/920
f 920/920 952/952 953/953 921/921
f 921/921 953/953 954/954 922/922
f 922/922 954/954 955/955 923/923
f 923/923 955/955 956/956 924/924
f 924/924 956/956 957/957 925/925
f 925/925 957/957 958/958 926/926
f 926/926 958/958 959/959 927/927
f 927/927 959/959 960/960 928/928
f 929/929 961/961 962/962 930/930
f 930/930 962/962 963/963 931/931
f 931/931 963/963 964/964 932/932
f 932/932 964/964 965/965 933/933
f 933/933 965/965 966/966 934/934
f 934/934 966/966 967/967 935/935
f 935/935 967/967 968/968 936/936
f 936/936 968/968 969/969 937/937
f 937/937 969/969 970/970 938/938
f 938/938 970/970 971/971 939/939
f 939/939 971/971 972/972 940/940
f 940/940 972/972 973/973 941/941
f 941/941 973/973 974/974 942/942
f 942/942 974/974 975/975 943/943
f 943/943 975/975 976/976 944/944
f 944/944 976/976 977/977 945/945
f 945/945 977/977 978/978 946/946
f 946/946 978/978 979/979 947/947
f 947/947 979/979 980/980 948/948
f 948/948 980/980 981/981 949/949
f 949/949 981/981 982/982 950/950
f 950/950 982/982 983/983 951/951
f 951/951 983/983 984/984 952/952
f 952/952 984/984 985/985 953/953
f 953/953 985/985 986/986 954/954
f 954/954 986/986 987/987 955/955
f 955/955 987/987 988/988 956/956
f 956/956 988/988 989/989 957/957
f 957/957 989/989 990/990 958/958
f 958/958 990/990 991/991 959/959
f 959/959 991/991 992/992 960/960
f 961/961 993/993 994/994 962/962
f 962/962 994/994 995/995 963/963
f 963/963 995/995 996/996 964/964
f 964/964 996/996 997/997 965/965
f 965/965 997/997 998/998 966/966
f 966/966 998/998 999/999 967/967
f 967/967 999/999 1000/1000 968/968
f 968/968 1000/1000 1001/1001 969/969
f 969/969 1001/1001 1002/1002 970/970
f 970/970 1002/1002 1003/1003 971/971
f 971/971 1003/1003 1004/1004 972/972
f 972/972 1004/1004 1005/1005 973/973
f 973/973 1005/1005 1006/1006 974/974
f 974/974 1006/1006 1007/1007 975/975
f 975/975 1007/1007 1008/1008 976/976
f 976/976 1008/1008 1009/1009 977/977
f 977/977 1009/1009 1010/1010 978/978
f 978/978 1010/1010 1011/1011 979/979
f 979/979 1011/1011 1012/1012 980/980
f 980/980 1012/1012 1013/1013 981/981
f 981/981 1013/1013 1014/1014 982/982
f 982/982 1014/1014 1015/1015 983/983
f 983/983 1015/1015 1016/1016 984/984
f 984/984 1016/1016 1017/1017 985/985
f 985/985 1017/1017 1018/1018 986/986
f 986/986 1018/1018 1019/1019 987/987
f 987/987 1019/1019 1020/1020 988/988
f 988/988 1020/1020 1021/1021 989/989
f 989/989 1021/1021 1022/1022 990/990
f 990/990 1022/1022 1023/1023 991/991
f 991/991 1023/1023 1024/1024 992/992
