v -4.05384e-08 0.499038 -0.449603
v -0.00041095578466100854 0.4723737026760807 -0.45478236282041656
v -0.0007531689187602323 0.4457566170044252 -0.45988807649279834
v 0.0004853867279173481 0.42022582553303833 -0.4632991949004801
v 0.0016925769761773819 0.3947617354250953 -0.46665821200306995
v 0.0025548185888827784 0.37003120986504445 -0.46944423226809934
v 0.0034117323718703863 0.3453841729987862 -0.4721366788136333
v 0.00423135134683348 0.32132155698907605 -0.4741741093226999
v 0.005031102809658572 0.2973749207880092 -0.4761358943079259
v 0.005731505505463407 0.27400824904892096 -0.47771940900586324
v 0.006364425696686342 0.2506933997530573 -0.4792602533445264
v 0.006740936727151288 0.22757545703702453 -0.4806389657190827
v 0.007082888034094025 0.20452976906210285 -0.4819516786216349
v 0.007321160170470126 0.18170084531051411 -0.48306639310817434
v 0.00756829236398676 0.15893073826151435 -0.4841377766064683
v 0.00783694347091511 0.13630348260840258 -0.48510391972433264
v 0.008067740739638339 0.11372597587089942 -0.4860225638989782
v 0.008222835669091669 0.09124795995034596 -0.48684621688422236
v 0.008345653409953998 0.06881559472841664 -0.48763674247491123
v 0.008414675836497989 0.04645931400419439 -0.48837205574134135
v 0.008483918097453814 0.024149829982913772 -0.4890692920770136
v 0.008553468146424811 0.001905865568844864 -0.48971321727343375
v 0.008617498562431927 -0.020294110456767427 -0.49032670905798714
v 0.008675006187477309 -0.04244210348558912 -0.49090423635266234
v 0.008691941371144776 -0.06455292234371908 -0.4914531681314209
v 0.008668304113434328 -0.08662656703115736 -0.4919735043942627
v 0.008653381967725101 -0.10865571839991994 -0.49247006049475506
v 0.00864583461292487 -0.1306472192001029 -0.4929464936496005
v 0.00863160893998465 -0.15259104951824212 -0.4933961111180898
v 0.00861261334726854 -0.1745008316867933 -0.493826575759479
v 0.008592746484926844 -0.19636561421534163 -0.49423757247150535
v 0.008572356860809793 -0.2182033969598881 -0.4946368884259138
v 0.008563394909855578 -0.23999182735145036 -0.49501884919741695
v 0.008560147198317726 -0.26175557982680914 -0.4953921317656827
v 0.008559467663353162 -0.2834686850076263 -0.4957505779914612
v 0.008559845532670633 -0.30516093700152525 -0.4961029155982922
v 0.008559641278985513 -0.3268003383543996 -0.4964429979840161
v 0.008559242984299529 -0.3484221228269323 -0.49677899529603764
v 0.008559924039657827 -0.36997802049071077 -0.497105701154878
v 0.008560889161482755 -0.3915165778735864 -0.4974299616621951
v 0.00856421173627377 -0.4129925761501142 -0.49775719443980615
v 0.008568005748474864 -0.43445606401667924 -0.4980850216044229
v 0.00857205443948959 -0.4558596800217938 -0.4984177636233378
v 0.008576139513191978 -0.477254742903844 -0.49875120776429527
v 0.0085807068038995 -0.4985936382406799 -0.4991029145402497
v 0.008585317941507489 -0.5199274263898009 -0.499456281896255
v 0.008589395564350379 -0.5412220639605095 -0.49981991780627455
v 0.00859345 -0.562515 -0.500184
v 0.001075416664784929 0.4863528248856562 -0.4318370144683097
v -0.00022345299514334898 0.4647271687824945 -0.4372564075046102
v -0.00019346053975772648 0.43984674882613123 -0.4412108891568851
v -0.0014860968331364436 0.4147033778901494 -0.444732238951327
v -0.0022866267066292962 0.3901413432038767 -0.447641990998961
v -0.0016429748673293953 0.365449256387824 -0.45046725878614424
v -0.0010548447292535181 0.3417105298306463 -0.452574159015429
v -0.00048710859104949015 0.3181760300621566 -0.45452352897270826
v 0.00021380610789895882 0.2949663598905625 -0.45608824030297307
v 0.0008901738990427985 0.2717406775265492 -0.4576253986370209
v 0.001551271169473992 0.24870916157887796 -0.45901888054218787
v 0.0024086649489050015 0.22583806369556395 -0.46024102945896767
v 0.003201659266558837 0.20307504672183285 -0.46133132752657885
v 0.003873016188766276 0.18040283138061555 -0.4623354717204101
v 0.004462322504294332 0.15777564751213247 -0.4632967189660213
v 0.004851222162520324 0.13514841978357348 -0.46426102530446167
v 0.0053688326110862845 0.11272215576248625 -0.46506659850601934
v 0.005736072091317519 0.09030548940261282 -0.4658539394315058
v 0.006228726627285259 0.0679984183538481 -0.4665590740305878
v 0.006647239037197929 0.04568273485602741 -0.46726949035999404
v 0.006786131776276183 0.023416187487861888 -0.46794502865845383
v 0.006886206515015021 0.0011850303735253817 -0.4685833116053235
v 0.007150006160160453 -0.020949766640973755 -0.4691667163512865
v 0.007233358032036181 -0.0430961064742372 -0.469744979972562
v 0.007376023262887422 -0.06514335436645181 -0.47026959991916917
v 0.007483582553691869 -0.08717318964132664 -0.4707717355276934
v 0.0075775671877888135 -0.10917652265617245 -0.4712613488708044
v 0.007614189184074723 -0.13113681803060795 -0.4717309578513673
v 0.007675715946950671 -0.1530487140220826 -0.4721689605340456
v 0.0077267869495496015 -0.17492787634612936 -0.47258969605678985
v 0.007759764498466981 -0.1967845664787034 -0.472999234524299
v 0.007797414192447851 -0.2186010068795059 -0.47339105067712595
v 0.007832450254986207 -0.2403930149435582 -0.473772122806901
v 0.0078529572985719 -0.26213757078625366 -0.4741389250255054
v 0.00787656293681854 -0.28385064309640873 -0.47449644812125963
v 0.007889354484078872 -0.30552336307955846 -0.4748435151855076
v 0.007900325344870689 -0.3271656645554799 -0.47518361589820685
v 0.007906664280244715 -0.3487664121988876 -0.4755152440404123
v 0.007914799627980544 -0.3703244088888369 -0.4758414230027819
v 0.00795018730325444 -0.39185936730513177 -0.47616536926522807
v 0.007966346964295566 -0.4133416731197398 -0.4764917873900323
v 0.007978619906390889 -0.4347981103651447 -0.476818890539831
v 0.007993063233140345 -0.45620785763297944 -0.477151462807604
v 0.008005385589024566 -0.47759912426051165 -0.47748741357390195
v 0.008021139144325031 -0.4989585744108927 -0.4778324464551433
v 0.008029911741801465 -0.5202799807216345 -0.4781904032393256
v 0.008041702284133662 -0.5415942975677764 -0.47855104699320794
v 0.008059898523730959 -0.5628811247305765 -0.478917616939575
v 0.002168884403187043 0.47389110980175686 -0.4139656235989138
v -0.00013374934843607357 0.45410530501427626 -0.4182110030819699
v -0.0007371464645349505 0.4325514664703705 -0.4223591704481693
v 0.00020393803655488105 0.40925869345827937 -0.42566186920907056
v -0.002013703755178091 0.3849220695049813 -0.42854842329135767
v -0.0041769439295024045 0.3617754302191192 -0.4306946756598306
v -0.005378764803808196 0.33867769936594266 -0.43260314573342473
v -0.005050702598578784 0.3154324291139574 -0.43444691997905993
v -0.005240853017312424 0.29247570554397173 -0.4361684417824086
v -0.004337124943723426 0.26951212346047215 -0.4375403454943086
v -0.0033516716239411415 0.24674209816508663 -0.4387604848544154
v -0.0025817379472786606 0.22408679454206815 -0.4398993009411151
v -0.0016849785296836528 0.20148364046665404 -0.4409108881774214
v -0.000736804200803053 0.17891987103427315 -0.44184624804212425
v 0.0001790860723660532 0.15638330073266027 -0.44271911132697317
v 0.0012049022084911138 0.13399764941291642 -0.44347570463752384
v 0.002022611611516239 0.11162395262521568 -0.44421826624603195
v 0.0025573467146885595 0.08931844014928372 -0.44494406450253776
v 0.0030379658298110212 0.06700977424065335 -0.4456517410005496
v 0.003662407556093586 0.04476461981608111 -0.4463093381976486
v 0.004401067901542323 0.02259872743859676 -0.44689944568812023
v 0.00506667656328848 0.00047905480753293594 -0.44745435630433866
v 0.005417693207931401 -0.02164074637492442 -0.4480263353013237
v 0.005844707583290976 -0.04370995731951855 -0.4485621324958944
v 0.006132564406684297 -0.06573930094033659 -0.4490709638696494
v 0.006345242001796009 -0.0877624125549222 -0.44957706717998575
v 0.006575678694916159 -0.10971680025675856 -0.4500464762417584
v 0.00676124833719203 -0.13166207691330384 -0.45050544682526683
v 0.006887570252151325 -0.15356893251385728 -0.450941103565237
v 0.007026157475162442 -0.17541697613572288 -0.45135439284786616
v 0.007101356533364468 -0.19724536076191096 -0.4517553199571649
v 0.007167826378774162 -0.21904496797799242 -0.45214456679181514
v 0.007222809956056097 -0.2408067377710786 -0.45251951756311004
v 0.007256953177599648 -0.2625360600221185 -0.4528836170125725
v 0.007277787520924298 -0.2842357845560299 -0.45323855075379277
v 0.007298611184122227 -0.3058958665945225 -0.45358220757900625
v 0.007307609232663431 -0.3275334135891532 -0.45392153995281126
v 0.007352267004508289 -0.34913121788271917 -0.45425074209247385
v 0.0073578575312496525 -0.3706828293814376 -0.45457514010836
v 0.007360160716662097 -0.3922065650701077 -0.4549002190924453
v 0.007385929913307906 -0.413686590117598 -0.45522601309437216
v 0.007412287909760371 -0.43514579847307844 -0.4555522758200187
v 0.0074354207547041844 -0.456565916225129 -0.4558830495653069
v 0.0074563975440682375 -0.47795863544585027 -0.45622018481322535
v 0.007477623779327591 -0.49932113166332437 -0.456563867922887
v 0.0075002990577757835 -0.5206483321870163 -0.45692156803536965
v 0.007518007477846176 -0.5419618204886982 -0.4572827423840024
v 0.007527774085090044 -0.563247675205867 -0.4576511700825511
v 0.0036767570397875293 0.4665709926798829 -0.3936689584267391
v 0.0008043906419627259 0.4454106066247242 -0.3984288091005367
v -0.0021179428870662037 0.424492278459679 -0.4030548198875008
v 0.0011067503884581778 0.40313311383892303 -0.4064576055342576
v 0.00033001293406631515 0.3805536988976814 -0.4086892566115419
v -0.0014405797660776406 0.3579453889968123 -0.410503380909328
v -0.0033825368108933124 0.3351752575909119 -0.4124213918938009
v -0.005615368435436876 0.3126982627258326 -0.41406984662540136
v -0.005912450429972585 0.2897971469414951 -0.41579732274035724
v -0.008424574152111857 0.26739050733306957 -0.41710085723875706
v -0.0073339933115615236 0.24482495682817473 -0.4181942003916573
v -0.00665205885438479 0.2222436505084773 -0.41932651412781974
v -0.006569738034758745 0.1998223521602178 -0.42048819290229944
v -0.005660960479505848 0.17734532052855406 -0.42140613864394555
v -0.00472767399837151 0.15498399553302405 -0.4222240797915406
v -0.0037514309764301486 0.13266878921426378 -0.4229582288843497
v -0.002731101888906265 0.11038323082222218 -0.42364507613933694
v -0.0013520647117200761 0.08821677777804077 -0.42417196919983974
v -0.0004270823371621289 0.06597796508126076 -0.4247904070294484
v 0.0003852669643217663 0.04382727390614321 -0.4253789124943076
v 0.0011123361606833577 0.02168834750602551 -0.425972704449634
v 0.0019343816864865351 -0.0003974715162139422 -0.42650225828304833
v 0.0029459590484663648 -0.02241522383636085 -0.42696672477767483
v 0.0036543356356391987 -0.04443273953276912 -0.42745568781818094
v 0.004405022690468809 -0.06642073716505704 -0.42792497485202097
v 0.004833935035812568 -0.08839165632005108 -0.42839950812237676
v 0.005246648199803425 -0.11032828154576557 -0.4288566479900768
v 0.005733730216387836 -0.13222351480491934 -0.4292904264244254
v 0.006053475669765601 -0.15408993982790092 -0.4297104139253601
v 0.006276339941982767 -0.175935643822079 -0.430118880336452
v 0.006627516366984582 -0.19772612001998735 -0.4305066518081656
v 0.006761355433319077 -0.21951293138109434 -0.43089233121472226
v 0.006817146311735703 -0.2412499874823987 -0.4312626277953964
v 0.006833563405527844 -0.26296603155725345 -0.4316268124163799
v 0.006862092838618668 -0.2846432315639125 -0.4319753448076811
v 0.006886088500469301 -0.306305811495159 -0.4323202435040677
v 0.00687950657068228 -0.3279256762573452 -0.43265623674977527
v 0.006869985024370247 -0.3494990553536704 -0.43298312207183354
v 0.006874232693614219 -0.37106246831741363 -0.43330720029951564
v 0.006873557325315464 -0.3925774125337388 -0.43363301123398523
v 0.00687267390210546 -0.4140585613704535 -0.4339594297854245
v 0.006893426436250719 -0.4355071088624892 -0.4342857424900255
v 0.0069185708384903195 -0.45693739907620956 -0.4346130152232366
v 0.00694277634714368 -0.4783279505636578 -0.4349504263197401
v 0.006957663222096169 -0.49968613922517546 -0.4352955193604711
v 0.006978274476018262 -0.5210214755288219 -0.4356503698501704
v 0.0070000718320600945 -0.542331041768309 -0.43601464417165237
v 0.007028484394327331 -0.5636240216529422 -0.43638325532782996
v 0.005471064592215182 0.4592372707285576 -0.37341336251556795
v -0.0010855654680651907 0.43946599295937555 -0.3781683456569794
v -0.0039029681059459934 0.4189398914598417 -0.3824731794057932
v -0.002994657067342547 0.39765488004962607 -0.38638677308191827
v 0.0036438461650152793 0.3767346423478689 -0.3884084621195337
v 0.0022847211270372986 0.3544215937320064 -0.390240298448815
v 0.0007758541498179155 0.33206453991061796 -0.3921044704040161
v -0.0018353806188537468 0.30969490714228803 -0.3936274634441124
v -0.004028029201984749 0.28733299592710215 -0.39508782894669336
v -0.005702876738668821 0.2649023023540313 -0.39652704093738494
v -0.007984193381041366 0.24275582264785683 -0.3976496398440832
v -0.010025176152411833 0.2204828166343868 -0.3986603352777381
v -0.009656922200767293 0.19806396962674622 -0.39979565387185234
v -0.0099351509786913 0.1757858328154284 -0.40083664257067364
v -0.009992258566979793 0.1535306372232305 -0.401791488526067
v -0.009071874365800035 0.13132635283392122 -0.4025193179135771
v -0.007977959849423559 0.10909512717488395 -0.4031695687885782
v -0.006730583406649676 0.08695698824966928 -0.40372814655837874
v -0.005351148652999752 0.06484629118877293 -0.4042175879381297
v -0.0039489924307386445 0.04278895592792289 -0.4046680256793532
v -0.002873777109534954 0.020736248198611914 -0.40515602350056346
v -0.0019224483099520677 -0.0013054100275487854 -0.405654659235654
v -0.0008562887890920282 -0.023288602067627357 -0.4061062479236434
v 8.740998005250366e-05 -0.045281552002295195 -0.4065585274510138
v 0.001081031233891712 -0.0672080351089013 -0.40697517746576306
v 0.002072707907554907 -0.08911525632073936 -0.40737629176778906
v 0.003058563904104602 -0.11099414795617175 -0.40775876292537305
v 0.0038953273145300284 -0.13284832200199648 -0.4081464691082801
v 0.00466069936971592 -0.15466872556517702 -0.4085153066579141
v 0.005130089104973578 -0.17648071626148637 -0.40890737536719746
v 0.005507208218562292 -0.19826165481612418 -0.40929024833679795
v 0.0061414408092180335 -0.2200032209156259 -0.4096467470633342
v 0.006439434590383577 -0.24172667595703465 -0.410009163182612
v 0.006682002793563857 -0.2634224760882876 -0.4103639085561618
v 0.006573638808608234 -0.28509366267709346 -0.41071419825877764
v 0.006603102650196282 -0.3067310595750407 -0.4110527986607807
v 0.006584276479252584 -0.32833667988405496 -0.4113880290556028
v 0.006530515481856193 -0.3498948659625283 -0.411714024197389
v 0.006489300129869992 -0.37145558647473026 -0.4120400646854887
v 0.006482442343641732 -0.39296703133348543 -0.41236361300971247
v 0.006474115493381715 -0.41444747932205533 -0.41268868483528054
v 0.00645274593250195 -0.4358909713028896 -0.41301435639876927
v 0.006451545402460061 -0.45731396786813594 -0.41334305105901303
v 0.0064620854041281765 -0.47870961160983777 -0.41367789178712105
v 0.006475634953046816 -0.500064279333723 -0.4140230917582837
v 0.006498353769062368 -0.5214098192803283 -0.41437188101034106
v 0.006515405110143396 -0.5427087397090438 -0.4147419652091364
v 0.006532877215935463 -0.564001601611868 -0.41511465958212757
v 0.010415510143033761 0.45175392633999356 -0.35360943584059834
v 0.0024076892253320666 0.4325972404653202 -0.35800610285275725
v -0.004705406197453566 0.4133629516733477 -0.36191791342549173
v -0.00715888394441978 0.3924280278031012 -0.3661859529533436
v -0.002861864181696241 0.3715465093496792 -0.3687575082352979
v 0.00470728323596998 0.35102791172298564 -0.3697869483109969
v 0.005606380690342514 0.328912595869832 -0.371863847731768
v 0.003585604430690527 0.3066650621270639 -0.3734771407910844
v 0.0008482962191828279 0.2846983267135067 -0.3747276617977734
v -0.001303631128053512 0.26253803157128003 -0.3759730224370395
v -0.003560277335883505 0.24048082112993555 -0.3771139366516985
v -0.006400689910322232 0.2183229586455786 -0.3780623684120753
v -0.00934624923774106 0.1963262133714342 -0.37889228204233194
v -0.01122527517201742 0.17421040911962654 -0.37979109274716266
v -0.011734205948112244 0.15209831993028777 -0.38074957353583083
v -0.01181676489970972 0.12992795617704178 -0.38164429185186616
v -0.011627837588207022 0.10782990068077858 -0.3824503294897177
v -0.012056560623547308 0.08572847291900965 -0.38326764572522726
v -0.010983128410552068 0.06366446409266664 -0.3838061292975736
v -0.009804091120553611 0.04163862847440696 -0.384309680269879
v -0.00842237503241387 0.019631844117517585 -0.38472897038428455
v -0.00704317762196913 -0.002317426526090926 -0.3851125035131495
v -0.005739275936697299 -0.024275874679838643 -0.3855051119741942
v -0.004415359505051804 -0.04615473880222294 -0.3858593667716399
v -0.0029979611110643317 -0.06803139578011237 -0.38617190452689293
v -0.0015555490024162795 -0.08988514798239457 -0.38646526272096215
v -0.00044449147191716787 -0.11171709481484401 -0.3868102148123262
v 0.0005818898910810407 -0.13355423704494124 -0.38717071193790714
v 0.0016110412544289424 -0.15534151231751658 -0.38751211163765564
v 0.0028261594646914077 -0.1770835829485643 -0.38780279763636233
v 0.003899058793432073 -0.19881053963370598 -0.38810669073172777
v 0.0046870057470458784 -0.22053607009357432 -0.3884497242179864
v 0.0052597335634756714 -0.24223309017529127 -0.3887832556972403
v 0.005471066343520256 -0.263915233288299 -0.38913821340339716
v 0.00608142148284934 -0.2855540623268099 -0.389457914672954
v 0.006239247828048314 -0.3071718441029581 -0.38978868428586766
v 0.006390123276624004 -0.3287600843553419 -0.3901167614399043
v 0.006393817064214412 -0.3503255940162929 -0.3904443790365577
v 0.006354158441336399 -0.37186774622263796 -0.39076839120481466
v 0.006280113007472624 -0.39337476031045143 -0.39109233770350355
v 0.0061478937260219845 -0.4148436993502481 -0.39141507978193485
v 0.0061098290563004285 -0.43629032847317595 -0.39174024792956896
v 0.006094094661560724 -0.45771039015474513 -0.3920695254179887
v 0.006034463428946648 -0.47910053138518666 -0.3924007283781366
v 0.006038079872793252 -0.5004544592280987 -0.3927455339907201
v 0.006037568428919924 -0.5217994939989794 -0.3930925635618915
v 0.006054073460597985 -0.5430964670017607 -0.39346625634189825
v 0.006077769367436549 -0.5643927474188718 -0.3938385744716595
v 0.015682098861387817 0.4439687333023889 -0.3340545071736447
v 0.00438399938526075 0.4263630633211844 -0.33750642825891214
v -0.006052396843647478 0.40814028166180244 -0.34130723895203935
v -0.00909341169045009 0.3873415366885157 -0.34556774570411236
v -0.009722404919572407 0.3664947464407325 -0.3491727326502274
v -0.0019721946716968397 0.3462534434537898 -0.3500846066592087
v 0.003638655252684163 0.32529907408839775 -0.35144807551531065
v 0.008036585183952654 0.30398520419338143 -0.3529521784432335
v 0.005124721766309321 0.28205054199146207 -0.3541546339082052
v 0.003190278368253281 0.2601346138817108 -0.35543743843813036
v 0.0009277886475608601 0.23810356061569057 -0.35658410498724774
v -0.0014118786069712407 0.21613232951334024 -0.35763338533478684
v -0.003999980741084597 0.19417910306121733 -0.35852634554928675
v -0.006875471721690398 0.1723242890625271 -0.3592517622029365
v -0.009841022669683588 0.1505257476744915 -0.35983060721884397
v -0.011858133765831991 0.12853811737878273 -0.3606075717519708
v -0.012567263525153569 0.10653374167680418 -0.36131636423600644
v -0.013132043779185892 0.08450279642036004 -0.36211427911053407
v -0.013669927854405448 0.06253308297822356 -0.36286791384482125
v -0.01356805198045421 0.04051283630823088 -0.3635552615762537
v -0.013584254730929564 0.018565254112733957 -0.36420484332711767
v -0.01257944463112009 -0.0033884741749669644 -0.3646750707174565
v -0.01133320965228091 -0.025263004970877783 -0.36505051061585264
v -0.009971930848390464 -0.04713969115508745 -0.3654027166543123
v -0.008623239216997 -0.06897745620078573 -0.3657148964554936
v -0.006851725111755469 -0.09078012098623557 -0.3659103683002627
v -0.005250418688051098 -0.11255537018404518 -0.36613465813080437
v -0.003750847934755953 -0.134311723037843 -0.3663769039807567
v -0.002567335192460262 -0.15607514572849887 -0.36668007987491613
v -0.0011322786211266389 -0.17777487640899003 -0.36692181330084384
v 0.00031208866634367736 -0.19947281477772938 -0.3671614816567891
v 0.0012245110227984428 -0.2211761671338885 -0.3674785787795738
v 0.002616873509255953 -0.24281175048229736 -0.36770860449318044
v 0.003939529039979083 -0.2644226083944247 -0.36794508435418394
v 0.004977218297604045 -0.28603602962542396 -0.3682253802645543
v 0.005467158620365949 -0.3076329238417528 -0.36853275083167036
v 0.005683822425667019 -0.32921873714617306 -0.3688569411384197
v 0.0058524214351796475 -0.3507555176631588 -0.36917854096127534
v 0.0059990037237173735 -0.3722913952582677 -0.36950103508074833
v 0.006124060706004252 -0.3937825394558228 -0.36981709129023116
v 0.005990935704998109 -0.41525595781491587 -0.37013912558382933
v 0.00584434973241994 -0.4366976427856062 -0.37046493594210095
v 0.005727137984491755 -0.45810214492519086 -0.3707937177839513
v 0.005661163926400967 -0.47948776996541287 -0.37112544915981355
v 0.00562014343506339 -0.5008539393620711 -0.3714641239167697
v 0.005600649044690269 -0.5221891973356494 -0.3718127172948932
v 0.00560834152689744 -0.5434918007321522 -0.3721837026532654
v 0.0056235959795470575 -0.5647850421528543 -0.37256082979999994
v 0.023203689752490486 0.4340705997215001 -0.31624256456280264
v 0.008619311921822893 0.4191376591982581 -0.3177274732906752
v -0.0015931260669560122 0.4007743093900641 -0.32157944761259805
v -0.011311074669299138 0.38210059164176524 -0.32554438884922954
v -0.014579891218436426 0.36223000243905484 -0.3288148718342586
v -0.00994655285170511 0.3413991993887412 -0.33082303235937344
v -0.0016945405814883254 0.3213537999888253 -0.33129033856726475
v 0.004949818299254805 0.3006507730444425 -0.33230687553103266
v 0.00932768500583804 0.2795149104302148 -0.33349577290845467
v 0.007565519471507344 0.25767150792014626 -0.3347985147856478
v 0.005645772561711159 0.2358895788563495 -0.3360113489499602
v 0.0033756800593255625 0.2139702687019469 -0.3370569327942463
v 0.0014728012906164425 0.19214218839767824 -0.3381372878128501
v -0.001424556634043328 0.1703442492806712 -0.33883171629230235
v -0.004510881098798287 0.14858580105218347 -0.3394041077275921
v -0.007780251308671458 0.1268224431433673 -0.3398994423043236
v -0.010373000505466582 0.10503364607033501 -0.34051328865213265
v -0.012796404938688746 0.08320742481773633 -0.3411111025332234
v -0.014411205192935251 0.06137021963375926 -0.34169571455452075
v -0.014479925766633463 0.03942212935292612 -0.3424147957329963
v -0.015053812351374565 0.017510321711467484 -0.3431038365525852
v -0.015831551703101042 -0.0043265246881915255 -0.3436961494800535
v -0.015121435466949423 -0.026187307203113106 -0.34417093273035126
v -0.01394211249938152 -0.048059014345401094 -0.34455610091400257
v -0.013533230807576228 -0.06989042981820134 -0.3450754306605812
v -0.012242575268795115 -0.09168023701732612 -0.3453762183009706
v -0.010491194259924088 -0.11342262380361096 -0.3455550833135354
v -0.00877717880649476 -0.13514928471488236 -0.34574464907429725
v -0.007088282894680303 -0.15682663911762212 -0.3459263884496397
v -0.0055497271271954226 -0.1785144393125621 -0.346142132654053
v -0.003994134726599653 -0.20018427157613428 -0.3463509973728745
v -0.0022289232956851585 -0.22180536181168412 -0.3465035862142907
v -0.0008202412274731735 -0.24342450286311906 -0.34672551582285505
v 0.0005850561455296875 -0.26502889208518365 -0.34694745390603327
v 0.0016962023691493638 -0.2866203977195048 -0.34721193202221623
v 0.0030142361716736115 -0.3081747585503439 -0.3474397047294474
v 0.004389309184361735 -0.3296935066451254 -0.34765044132821976
v 0.005009529842817342 -0.3512112477907149 -0.3479244392608971
v 0.005040434435639185 -0.3727345879859378 -0.34824716527716726
v 0.005189511424589595 -0.3942186900886907 -0.34856146608609145
v 0.005446225337134583 -0.4156762325396582 -0.34886910776649505
v 0.005523839337604402 -0.4371098471539506 -0.3491882095494346
v 0.005377755767430291 -0.4585126868432452 -0.349513318549457
v 0.005282351210866547 -0.47990171746926624 -0.3498424514452214
v 0.0051738462396373145 -0.5012591489855418 -0.3501783337811657
v 0.005144175014230297 -0.5225946326318962 -0.3505262317506398
v 0.005143806095057697 -0.5438991744010411 -0.3508913119200916
v 0.005175963815923516 -0.5651853793756884 -0.3512714681999991
v 0.030690479402155545 0.4241815322238347 -0.29843174210617146
v 0.014324697132924554 0.4107083438951493 -0.298837907007006
v 0.002036118712666646 0.3939359097102706 -0.3015939317188049
v -0.009412484350647118 0.37632414900550004 -0.30506045300348755
v -0.0178769624425901 0.35832614352123954 -0.30805364447943817
v -0.01664084725388966 0.3371073286449564 -0.3110568333767021
v -0.00942965089750676 0.3168660358577866 -0.3118865639723255
v -0.0018775923056614156 0.296651653234806 -0.3125438041971508
v 0.0047026485687745034 0.2758891392810292 -0.31349490894073584
v 0.011756263757108795 0.2552951566430765 -0.31422263982864185
v 0.010212083028869714 0.2336080001794077 -0.3153515076831382
v 0.00818002726062185 0.2118434971621691 -0.31647076290430987
v 0.0065090505530936375 0.19008448614205997 -0.3175853404641523
v 0.004486277621858999 0.16834950963474407 -0.3185337537739454
v 0.0016376488488303923 0.14665245573473695 -0.31917951553066315
v -0.0015920515288126863 0.12497346077720564 -0.31965760113867825
v -0.004834702251094421 0.10334426916762438 -0.32006744337011667
v -0.00743808496975891 0.08157233868149624 -0.32062038160241607
v -0.010597153575658453 0.05993766171424722 -0.3209605900311853
v -0.013742989269080411 0.03830802965244286 -0.32125567295056834
v -0.01447274041521597 0.01644052368900382 -0.3219623504176743
v -0.01571182139761368 -0.0053753124695943314 -0.32261582850795856
v -0.017217093205233756 -0.02711195706245558 -0.32309535554357416
v -0.017108605561277496 -0.048954996196987885 -0.32361587418378734
v -0.016174850462932547 -0.07074569221391167 -0.32403742221813503
v -0.015607614669107473 -0.09250769011375796 -0.32448363671263214
v -0.015650377933351438 -0.11429873869340866 -0.3249714682817227
v -0.014297177280666857 -0.13601040129588607 -0.3252242549395411
v -0.012731928038363661 -0.15770505757474218 -0.32543874186457994
v -0.010810164699772112 -0.17933808899652784 -0.32555638958092803
v -0.008941100824041362 -0.2009563231489662 -0.32568290305215714
v -0.007104330682310752 -0.2225525067751091 -0.32581230405654665
v -0.005319750811525454 -0.24412995315650296 -0.3259459479347577
v -0.0036626798763426775 -0.2656996468812495 -0.32611007622384863
v -0.0021097719098253183 -0.28725066832795265 -0.32629378340974363
v -0.0005719542341640414 -0.30877381386420355 -0.3264726935439827
v 0.0009828402291929455 -0.3302679931446426 -0.3266499659994777
v 0.0025294420280867163 -0.3517305808438202 -0.32682548950384005
v 0.004064601202736965 -0.3731738482674489 -0.3269927896254179
v 0.004290863635586844 -0.3946456955285542 -0.3273016272447745
v 0.00462695341107649 -0.41610434337872254 -0.32760488629539347
v 0.00477504886850458 -0.43753018011739153 -0.3279193164879701
v 0.004848806211653174 -0.4589286352155659 -0.3282339458559689
v 0.004775751041520798 -0.4803128826767898 -0.3285603014365016
v 0.004709092174654038 -0.5016660047254843 -0.32889584758266227
v 0.004661855051376134 -0.5229976781429382 -0.3292369247965656
v 0.004682246214077288 -0.5443062021732274 -0.32959543558570215
v 0.0047252875460424395 -0.5655876754938718 -0.32997870255915585
v 0.03800324321488717 0.41433780025603817 -0.280626521052422
v 0.02163372705238558 0.4008116835134784 -0.2811106340595301
v 0.005256456334451875 0.3872273632576509 -0.2816985901430914
v -0.008030454051849857 0.37085546148590964 -0.2844683539753706
v -0.021082369132558107 0.3542389296400818 -0.2874117834425894
v -0.020937475421049855 0.33328264848090106 -0.29042557732084207
v -0.017150230336702106 0.31255200398802363 -0.29241893187524226
v -0.00917789550923 0.29252419179905387 -0.29292651602951386
v -0.002215789726822248 0.2720444459556336 -0.2936991814977376
v 0.005043442995551584 0.25162479143530386 -0.2942840034021128
v 0.012480642510139783 0.2312573806690236 -0.294770911757238
v 0.012808733582327168 0.20980076970233036 -0.2958049359808961
v 0.011845247367362305 0.18806665962942692 -0.2970913987116142
v 0.010170537052833042 0.16633196781691945 -0.2981508889982217
v 0.00788373522033902 0.14468430738278093 -0.29896720523013814
v 0.0048250041970277395 0.12309309255500234 -0.29947766220096256
v 0.0015027609176574634 0.10151034630923864 -0.29986996312565234
v -0.0017435492185169568 0.07993692915579347 -0.300219522394533
v -0.005060566376368381 0.05838918834656982 -0.300498018709928
v -0.008148400741783978 0.036792601902509416 -0.30080516832026694
v -0.011600229772438717 0.015264923354017537 -0.30095690962066335
v -0.01315208555382181 -0.006482168335780501 -0.3015412811203808
v -0.015224813905483671 -0.028174968725378523 -0.3020297523002567
v -0.017463341760422944 -0.049795036202356376 -0.3023897206387413
v -0.01796981062330994 -0.0715535900149684 -0.30286917109563194
v -0.017478801923944184 -0.09331394488149469 -0.30331963986178134
v -0.0172060157533118 -0.11504348614126074 -0.3037718021185333
v -0.01698884480857695 -0.13676004575453843 -0.3042023803228826
v -0.016268737839129584 -0.1584728975812859 -0.30457102081955584
v -0.01548552810632389 -0.18010990840346497 -0.3048340156345938
v -0.013543877045920768 -0.20171425556092687 -0.3049366448992267
v -0.011712741890287235 -0.22328247448205296 -0.30505375641926347
v -0.009785584217452051 -0.24483955737127702 -0.30515586254152316
v -0.00791877000536043 -0.26637059601895763 -0.3052744109270803
v -0.005974525402320812 -0.28786929348167367 -0.30537750325568624
v -0.004103553332922846 -0.3093603849217856 -0.3054939870843451
v -0.002529336111079034 -0.33085152652198596 -0.305666965587674
v -0.0007656322227534232 -0.35228718685281324 -0.305805891393856
v 0.0009107988972310385 -0.37371930654209384 -0.3059592010106478
v 0.0023843409654392624 -0.3951273321027786 -0.3061402957771255
v 0.003568401061571357 -0.41654444936186275 -0.30636572809410867
v 0.004037034451616387 -0.4379448799175455 -0.30664851683530947
v 0.004200488844778192 -0.4593463708613725 -0.30695711517766666
v 0.004180384036881587 -0.4807307125282183 -0.3072802513933438
v 0.00414963299426972 -0.5020762648119986 -0.30760589859138243
v 0.0041005004890471266 -0.5234053708665594 -0.3079363830663835
v 0.004148649347873395 -0.5447119557977165 -0.30829460342347187
v 0.004259389027836361 -0.5659997671937219 -0.308668914794041
v 0.04521476153295454 0.40457508039731427 -0.26274925652424574
v 0.028923629989384924 0.3909032581532912 -0.26349158913315335
v 0.01253998397102681 0.3773223194079136 -0.2641175634541563
v -0.003264512765983142 0.363102311755674 -0.2652737336115657
v -0.018084477169040148 0.3479075036239102 -0.26712812283351284
v -0.025592329009789697 0.3296404253400553 -0.2698591034770819
v -0.024420434964803398 0.3084891438962918 -0.27273401542477926
v -0.01702035444456339 0.28833061914780855 -0.27343025921183706
v -0.009426453152539382 0.268263169418525 -0.2739950470323841
v -0.0016210464506509242 0.24810298439419057 -0.27431080700466315
v 0.005835670451343954 0.22779556511106844 -0.27478375918383346
v 0.01381792886669061 0.20774202002230677 -0.27489171828067915
v 0.014413302870678994 0.18603134103176047 -0.2763179621726963
v 0.01522450882498574 0.1643860040787158 -0.2777092759518824
v 0.014393354132962125 0.14273745409054064 -0.2788058590645482
v 0.011800399980269174 0.1211544746356347 -0.2794771090480369
v 0.008204052687467376 0.09969838202518942 -0.27975825639822754
v 0.0049050297562004685 0.07817246489692271 -0.2800968037872267
v 0.0013999747390968569 0.05669890600022379 -0.280295568836631
v -0.0021271364698557927 0.035264073090952815 -0.28046643239184893
v -0.005410788181056329 0.013753027405576289 -0.280663343537919
v -0.00870809471729809 -0.00773160467882154 -0.28080918313021935
v -0.011096900646686218 -0.02932682104905148 -0.2811886880572183
v -0.013699544868384365 -0.050883061175332096 -0.28149042316801376
v -0.016008523361199824 -0.07248976318865234 -0.2818031530457569
v -0.01830919787504895 -0.09407089151639333 -0.28208929202988403
v -0.01773812709925396 -0.11578562197130939 -0.2825215255345016
v -0.017960594528474032 -0.1374675660263052 -0.282960780978765
v -0.017943284418697778 -0.15914070915860207 -0.28337282715285594
v -0.018394787691250004 -0.18080574045311076 -0.2838036090395669
v -0.01789632346946078 -0.20244249403648112 -0.284123953409525
v -0.01611622021347037 -0.22401178080403802 -0.2842468949757502
v -0.014187425506926307 -0.24555964245878287 -0.2843489293588676
v -0.01231671440877819 -0.26707139129324736 -0.2844646911070208
v -0.010438598295852974 -0.28857772253934627 -0.28457863879573647
v -0.008276591969482557 -0.3100175900503395 -0.28463543959011106
v -0.006113633860196001 -0.33143857935316445 -0.28469557473670376
v -0.004143456471565946 -0.3528592007707534 -0.28479837818897946
v -0.0024328739600288363 -0.3742716155949114 -0.28494306066400454
v -0.0005362219015575385 -0.3956474350422878 -0.28506070940429007
v 0.0008065720711640418 -0.4170475610774777 -0.28526255279872226
v 0.0022515918016370834 -0.43839703064267765 -0.28544537821550425
v 0.0028739448405049805 -0.45978211360912735 -0.28572433294566585
v 0.0034641546519076786 -0.4811431685825435 -0.2859997947322388
v 0.003482501253892435 -0.5024894232792253 -0.28631631500072824
v 0.003510136410304841 -0.5238114324529131 -0.2866450486937743
v 0.003602884604101874 -0.5451173434839898 -0.28699240785783453
v 0.003789651091771692 -0.5664074948377434 -0.28735391407864486
v 0.052041583514123385 0.39512017731313465 -0.24459825279610528
v 0.035891744058280425 0.3813313733681203 -0.2455611564925445
v 0.01971405938122778 0.36752537239327154 -0.24644754066529148
v 0.0035878795690751585 0.35365081073332794 -0.24736012683692832
v -0.012447343055056851 0.3396552306173213 -0.24834697099040431
v -0.02779820547590421 0.324846871115392 -0.24976467315978335
v -0.02955039236239717 0.30497202451261274 -0.2522573799799728
v -0.02522792017349315 0.28408168795259403 -0.2542128736536651
v -0.017836319365321616 0.26402740546814546 -0.2547590115449206
v -0.009707189575628935 0.24413970449938305 -0.25497370364241745
v -0.0014425027827884383 0.22423814046242543 -0.25503667296740257
v 0.006925993172928991 0.2044020681738034 -0.2549475416458099
v 0.014105477894801188 0.18418909368108605 -0.2551087375475919
v 0.015071435897374811 0.16258212978344777 -0.256494169106265
v 0.015677219111757963 0.14090613800176488 -0.25782513894661024
v 0.017188448595979976 0.1193912723791431 -0.2590890328356631
v 0.014860411153855346 0.09788219851593367 -0.2596266078528222
v 0.011697703665605508 0.07643766494216005 -0.25999667506597374
v 0.008162815939875206 0.05501617454581971 -0.26018550125533807
v 0.0045173107578626425 0.033621501293330816 -0.2603106483736706
v 0.0008272338991196196 0.01223657546172923 -0.26038300934152114
v -0.002688811416068223 -0.009156727483085568 -0.2604735571933684
v -0.005802524496543283 -0.03063675999670367 -0.2606625021909855
v -0.009062813815850897 -0.05204974597768244 -0.2607730102899885
v -0.011655678740568593 -0.07357887077650022 -0.26103063476796395
v -0.014352123184661277 -0.09509883160555913 -0.2612356495288871
v -0.0173487870485522 -0.11651053064186767 -0.26131297833154377
v -0.017726944710727832 -0.13817479255213197 -0.26175209555258133
v -0.018250314074966988 -0.15982208350528437 -0.2621718476127153
v -0.01834713017839458 -0.18143810386274295 -0.2625458537021381
v -0.018869328875673247 -0.20304224091799022 -0.2629030238007334
v -0.018677423643298722 -0.22466741403966128 -0.2632144514430516
v -0.018250921961081835 -0.24625110713291276 -0.26349512429887284
v -0.01663600962100277 -0.2677740216098389 -0.26363475429609207
v -0.014715489316191717 -0.28926423970798487 -0.26373939494952137
v -0.012745836479061114 -0.3107226787419112 -0.26383561473663086
v -0.010330675312602506 -0.33211214314861426 -0.2638379710525205
v -0.008100644215405755 -0.3534898098548877 -0.2638915481766655
v -0.005739804140638778 -0.37483718781600606 -0.26391826236337385
v -0.0037047700634459755 -0.3961859328078089 -0.2640173329163221
v -0.0018667924698246051 -0.41753580374023513 -0.2641468971876045
v -0.00019266803364611932 -0.43887600584733955 -0.26430229120042037
v 0.0010433937689954115 -0.4602212867886057 -0.26451199800498043
v 0.0020522381130437637 -0.4815599713508176 -0.2647493813768414
v 0.002475265344201931 -0.5028925091666091 -0.26503403945231935
v 0.002781035944074696 -0.524208514754293 -0.26534496217312215
v 0.0029438173271233324 -0.5455191891171519 -0.26567718644718225
v 0.0033053247536164385 -0.5667986406447472 -0.2660191060337049
v 0.058769840326366736 0.3857584649727909 -0.22639133462166353
v 0.0425397294796704 0.37205294745086526 -0.22736139799082072
v 0.026505697316285395 0.35811228344677903 -0.22842895647545303
v 0.010365400508282064 0.344286062193191 -0.2293771443615928
v -0.0062217157287947555 0.330961816796225 -0.2298867424495167
v -0.022433165191522657 0.3171915300757373 -0.23054751879396296
v -0.035768513839467844 0.3013751303050419 -0.23213954059673939
v -0.03243264779340306 0.28042065595597276 -0.23439436353303897
v -0.025823549918120796 0.2600567614995744 -0.23532366544471203
v -0.018218891590763148 0.2400360524104665 -0.2357950856347804
v -0.009474107514866364 0.22044625349596164 -0.23560347999947234
v -0.00044405667613533757 0.2009864818818532 -0.23521247563795372
v 0.007673727471167081 0.18098593297405047 -0.2351877364173155
v 0.01513188385534366 0.16080466082844466 -0.23531671004378785
v 0.01794905574470966 0.1394306605571772 -0.23670835088154007
v 0.019147401737244354 0.11790841446992102 -0.23791702422591826
v 0.019249129801753622 0.09634888116451024 -0.23894681913554008
v 0.017496184560993926 0.07477896705293328 -0.2396505663394458
v 0.01525165041891586 0.05328183011017961 -0.24018790655245942
v 0.01164407601451738 0.03192555412602081 -0.24032077866547175
v 0.007867222609008535 0.010620707747909245 -0.2403537042314715
v 0.004143394178111901 -0.010716802922420596 -0.24037323820052775
v 0.0004383633132409065 -0.032015626713504955 -0.24036085468193102
v -0.002862354580269521 -0.05340353319305025 -0.24046076783269
v -0.00635653550486247 -0.07475837366193251 -0.2404546375340571
v -0.009381560053686892 -0.09616902487859783 -0.24056035691553734
v -0.01254979897913547 -0.11754018502765326 -0.24059851637543345
v -0.015494188794459206 -0.13892114092872415 -0.2406082650633087
v -0.016503435635967213 -0.16051164716197272 -0.24096322141212578
v -0.017699894551288682 -0.1820731852907523 -0.2412921391567675
v -0.018274198263583914 -0.20364324660790542 -0.2416613387721085
v -0.01909200002254613 -0.2251802690093667 -0.24193439124627492
v -0.018710224748995252 -0.24676690248859062 -0.24222241460087005
v -0.018245634510393297 -0.2683359971472754 -0.24248407781048564
v -0.01787191802067644 -0.28985562063034875 -0.2427110304726278
v -0.01579401999956173 -0.3112989396348534 -0.24278576893395445
v -0.014173086858627362 -0.3327515046468615 -0.2429208980794332
v -0.012053165170560376 -0.3541275748417433 -0.24297852048693294
v -0.009568483717416637 -0.3754587623541485 -0.24298401508172202
v -0.007117691436612237 -0.39676495368990694 -0.24300679782304008
v -0.004822998364648937 -0.41806100393121476 -0.24306992028789914
v -0.0027665464412629406 -0.4393660058570534 -0.2431688551480825
v -0.0009283080338853603 -0.46066300242231084 -0.24331257265853617
v 0.0003722263093058495 -0.481974247449788 -0.24351697324363025
v 0.001421662135863452 -0.5032926131792962 -0.24375031867740113
v 0.0018199509565753826 -0.5246019259246425 -0.2440477345992128
v 0.002250191795865822 -0.5459025363133714 -0.24435739487664587
v 0.0028105904136188206 -0.5671813609872398 -0.24467880867097755
v 0.06520240163183377 0.37667632486395425 -0.20801667310831723
v 0.04894355144910605 0.36301025645369145 -0.20896704232606578
v 0.03276005337570889 0.3492689071453313 -0.2099569029000778
v 0.016897658102693273 0.3351783260564328 -0.21115740120967524
v -0.00022159439968152256 0.3226536789067159 -0.21119565125168466
v -0.017615713933849732 0.31043516709872626 -0.21096757512539394
v -0.031171597122148616 0.29412067294509414 -0.21290872497514335
v -0.039716344457641564 0.2767144086526564 -0.21465665705361175
v -0.033123101550315975 0.2563741644711149 -0.21559840005132583
v -0.026529858642990397 0.2360339202895734 -0.2165401430490399
v -0.018074960243480844 0.21639222588366244 -0.21646532957539197
v -0.008630490326216697 0.19712506110360015 -0.2158591623980311
v 0.0005669252101953566 0.17773830917839284 -0.21534392122125234
v 0.009124971909754353 0.1581062977308375 -0.21503869022258873
v 0.014236480502407809 0.1372635294545984 -0.2159628428811247
v 0.01875859399245167 0.11631057934740792 -0.21682460032218298
v 0.021619769841301397 0.0950118470179856 -0.21784641801802798
v 0.020848420333565633 0.07348266519821066 -0.21865677637786565
v 0.019034851171357805 0.05196253811973771 -0.21928739513032977
v 0.01722481975062801 0.03049913513263863 -0.2198645170391066
v 0.014102670795848723 0.009116570944197634 -0.22008712753830376
v 0.010855338516204547 -0.012207851595691453 -0.22022116124400315
v 0.007059074944850621 -0.03348091587921856 -0.22017985595430373
v 0.0034291147487096876 -0.054756918472464146 -0.22016885100213862
v -2.6891520759370763e-06 -0.07608843602642731 -0.22017153736716538
v -0.00343945607434932 -0.09739397791808654 -0.2201536662573207
v -0.006937127738394574 -0.11866294193893973 -0.2200948893037937
v -0.010289755519712666 -0.13997897539814821 -0.2200338062046383
v -0.013556199611816123 -0.16127575915566297 -0.21996028596943407
v -0.015657716926565434 -0.1827267390369352 -0.2201122250143696
v -0.016783091893600312 -0.20424695148979813 -0.22042706593465575
v -0.018050828924616964 -0.2257595947791119 -0.2206991050989091
v -0.019215158712916007 -0.24727789765585279 -0.22095360593404012
v -0.019376087955035266 -0.26880703149228435 -0.22122796577063086
v -0.018932995722340487 -0.29032411386122775 -0.22144936772915236
v -0.018168421208792866 -0.3118164773150711 -0.22164393895942353
v -0.016603428315595564 -0.33325586580166283 -0.22177357004858864
v -0.014707922973428164 -0.35465382054924804 -0.22187291873182138
v -0.012933045057054456 -0.376034917213246 -0.2219716565606512
v -0.010394271335792338 -0.39733358578552425 -0.2219766441776888
v -0.007963986409536883 -0.41860935235958074 -0.22201435912527678
v -0.0054557800567028155 -0.43986396958628404 -0.22204994964749344
v -0.003227972728919561 -0.4611151797359002 -0.2221423563312224
v -0.0014146021302311653 -0.4823974304946611 -0.22228740449174111
v -9.250973203735188e-05 -0.5036895373010729 -0.22249373141460477
v 0.0007782523434027096 -0.5249883709835388 -0.22274727303034242
v 0.001607418546377584 -0.5462690234212594 -0.22301940377430168
v 0.002284632068094092 -0.5675388049361988 -0.22332204335488715
v 0.07146339528719267 0.3677847522905047 -0.18951171767378067
v 0.05509231929192576 0.3542341272374253 -0.19038932377452955
v 0.038676623737059046 0.3407408257557005 -0.19122580100357012
v 0.022574935119441853 0.32689762570957615 -0.19226289843576216
v 0.004957881369990279 0.315285958830685 -0.19191194592452648
v -0.012922962789475412 0.3041139748772747 -0.1912426175730404
v -0.028555791313706988 0.28980657847965907 -0.19226147873189436
v -0.03924012303542332 0.2729457122659488 -0.19403442293054196
v -0.04261221497696358 0.2521182594240618 -0.1969685759222105
v -0.034539471877636764 0.23234333246143324 -0.19706696765998313
v -0.026005786957090545 0.21272407166647486 -0.1969505620681501
v -0.016879829528324276 0.19336130564913342 -0.1965149337968592
v -0.007528869102330328 0.17408944832639467 -0.19594764883895915
v 0.001997699279554543 0.15490563873287144 -0.19525439373012005
v 0.009709066043647106 0.13487719371539983 -0.19540678700567946
v 0.016814506029903118 0.1146609709446618 -0.19571846926447886
v 0.0210738563792475 0.09368411700274545 -0.1965770905400988
v 0.02239270480946737 0.07225318182023045 -0.19750429132208147
v 0.02214502939431571 0.05076881968786151 -0.19829724975778845
v 0.021481270846088526 0.029289004549285253 -0.19902696993982505
v 0.018462724931271463 0.007953886272757059 -0.19926378075818763
v 0.015540424523300895 -0.013402525067514298 -0.19949120901580542
v 0.012438338448574771 -0.03469748528213127 -0.19964965433823426
v 0.009301532483857879 -0.056023575508319476 -0.19976513927680195
v 0.006213489082205618 -0.07734017490512729 -0.1998398890301754
v 0.002689020741559569 -0.09860958410605272 -0.19979499057824127
v -0.000885139052315211 -0.1198362075732733 -0.19971060533146306
v -0.004390591483500571 -0.14108723334125614 -0.19959034685582747
v -0.007977641161544034 -0.16229169604781918 -0.19943401296986726
v -0.01117891821845796 -0.1835863118251126 -0.19936140944641983
v -0.01348247420081335 -0.20494766800259595 -0.19943844834297303
v -0.015500178814953892 -0.22634825424837635 -0.19958194024695342
v -0.016486066476493734 -0.24785535948005571 -0.19984030210468928
v -0.017688030198901965 -0.2693045124703272 -0.2000393839236969
v -0.018812222301186916 -0.2907687214833376 -0.20020027413941582
v -0.018938450045798232 -0.31223519755349866 -0.20036483852688633
v -0.018149003071263672 -0.3336929671544261 -0.20054429825623007
v -0.01670317308564465 -0.3551040608789179 -0.20067364486166828
v -0.01511486139423721 -0.3764970030882296 -0.2007908696653169
v -0.013188981229018857 -0.397845949481295 -0.20087292587453665
v -0.010598035449688176 -0.4191076745858063 -0.20088542907910423
v -0.008112450948061163 -0.4403532283691284 -0.20092570454281403
v -0.005703526531252183 -0.4615931079071746 -0.20098715430248873
v -0.0033175022929864324 -0.48281545520726143 -0.20106565541117766
v -0.0015985794609909485 -0.5040748276813086 -0.20122947371532363
v -0.00010626743058975784 -0.5253419134871472 -0.2014214657278431
v 0.000762838440266775 -0.5466205950420481 -0.20168955329565877
v 0.0017668621150037128 -0.5678813583318609 -0.20195783094997607
v 0.07730769305127606 0.35935602168613423 -0.1706903101482815
v 0.060891788741605606 0.3458593396237323 -0.1715494501729394
v 0.044367427109009594 0.33248383301572104 -0.1723119417926714
v 0.02794747417577601 0.3189625674942342 -0.17312657210580362
v 0.010640790060174326 0.306821567447632 -0.17310193784871516
v -0.00762138166546697 0.29586788951307913 -0.17248844197812238
v -0.026200608978236343 0.28552070535423874 -0.17161477560784208
v -0.03758509173658578 0.2693830006973297 -0.17302084833121467
v -0.04290714066665434 0.24898060712649056 -0.17579885035204673
v -0.04213347083773814 0.22883396600194747 -0.17737324930609621
v -0.033300405005866014 0.2093874325568127 -0.17711957415492438
v -0.02443896447651893 0.1899244246670772 -0.17682791498916564
v -0.015571297735941103 0.17048118546183616 -0.17651366899447124
v -0.006387442235636703 0.15116865457628484 -0.17599407057846495
v 0.002319429118361446 0.13162853713985703 -0.17568255200778807
v 0.010815068798194953 0.11201333769913532 -0.1754430736985677
v 0.017658876577335628 0.0917538928250764 -0.17578810536411732
v 0.02361493866596218 0.07115421137925894 -0.1762588979469937
v 0.02403500934516091 0.049706254934154856 -0.17710997654039867
v 0.02421386367321461 0.028267207590667143 -0.1779123126375995
v 0.02239594130325158 0.006870199317488113 -0.1783553181068115
v 0.019522291895016346 -0.01443682413727606 -0.17858627767459295
v 0.016444702750048685 -0.03570596510976766 -0.17874979314957856
v 0.013393603732143076 -0.05699706542849873 -0.17887413987475126
v 0.01030771630523578 -0.07828316071661262 -0.17895980705315617
v 0.007196615393620424 -0.09954376167864926 -0.17901020835760906
v 0.004009994013745027 -0.12080400768262103 -0.17901544528422042
v 0.0010379156301285573 -0.14208440600640115 -0.17901629752490952
v -0.002472921022566346 -0.16329449277229138 -0.1788756396402567
v -0.005880111249309373 -0.1844992991762922 -0.17874821481114914
v -0.009225917346605123 -0.20571023341348862 -0.1786015793639199
v -0.011586958312076363 -0.22705997946935141 -0.17867212015047948
v -0.013815956326978284 -0.24839440591299244 -0.17872980520990672
v -0.015388528294256158 -0.2698072546633087 -0.178877972835568
v -0.016762314890347 -0.2912182442115373 -0.17900709746163374
v -0.017822542823906537 -0.3126371339787165 -0.17912850229367744
v -0.018678655605608326 -0.3340608377961644 -0.1792566429218077
v -0.017666198784493135 -0.35548091099842166 -0.17940738323824051
v -0.0161774472717876 -0.37687313107565723 -0.17952783129841104
v -0.015000546136371425 -0.39826058774017115 -0.17965196229005506
v -0.012674462571067533 -0.4195396971936918 -0.17968653299897558
v -0.010143913589570296 -0.44078191778608267 -0.1797192729506701
v -0.007712498845355891 -0.462014644048144 -0.17977719692543304
v -0.0052884619803573825 -0.4832299549216953 -0.17984848067566525
v -0.0030182298826292287 -0.5044456886028557 -0.17995229172117036
v -0.0014744005908924876 -0.5257034586305224 -0.18013951377660417
v 0.00012974653033760028 -0.5469438313114844 -0.1803273613785245
v 0.001268979765907403 -0.5681877462127904 -0.1805755313863745
v 0.08290922821070199 0.35122762554325093 -0.15168964194788565
v 0.06630278188615696 0.3379419809081107 -0.15240712321865543
v 0.049696335561611946 0.32465633627297036 -0.1531246044894252
v 0.033080740171635405 0.3113777611582076 -0.15379132850703725
v 0.015953932343023388 0.2987712000066457 -0.15409381279848672
v -0.0019318950010676007 0.28721190772590355 -0.1538131884146948
v -0.02062099136017532 0.2770510605079759 -0.15284183309293753
v -0.038824109307883124 0.26606239763817074 -0.1523241472316264
v -0.04489343169693838 0.24638341659060015 -0.15476178091135923
v -0.04839144011512555 0.22589294867508564 -0.15720622452426225
v -0.040262553138112486 0.20622127182261074 -0.15714643965109204
v -0.031434430427780505 0.18678441189014022 -0.1568735117393607
v -0.022727771966816038 0.16729082316627875 -0.15663304444466292
v -0.014046019560517266 0.14778742258401256 -0.15637045065931238
v -0.0052320611862769545 0.12832462460107913 -0.15601650781008608
v 0.003631693638707654 0.10888723480247604 -0.1556272071007884
v 0.012356859514507733 0.08937207950678096 -0.15530769428319025
v 0.01989365154064135 0.06941470421552648 -0.15534483661585907
v 0.0236655122027032 0.048488141970266053 -0.15597801516304405
v 0.026299221917293156 0.02725691620777678 -0.15677115318154164
v 0.025324234812346528 0.0059235817416167305 -0.1572626143891563
v 0.023089396438891706 -0.015384671646404599 -0.15760093542538356
v 0.02006789890578732 -0.03663519913276827 -0.15777020716884027
v 0.016953105538054125 -0.05786354827521924 -0.1578864458910004
v 0.014049080763381048 -0.07912710661580913 -0.15800190888699392
v 0.011148833646467377 -0.10039665264756503 -0.1580883566034838
v 0.00811308868017584 -0.12163863364707451 -0.1581335655523927
v 0.005210465485416657 -0.14289899262352673 -0.15816122100819252
v 0.0025238582045451294 -0.16417467502710717 -0.1581856383119376
v -0.0009954488458463668 -0.18534443841566925 -0.15802649712471925
v -0.004238405674900713 -0.2065449703592381 -0.15791177050864263
v -0.007272431800791217 -0.22775950185024194 -0.15782559646876806
v -0.009996476714351348 -0.2490158165192663 -0.15779157288210074
v -0.011994968223463487 -0.27035120608090063 -0.15786114557914663
v -0.014079807256751425 -0.2916637480030925 -0.1578919036306928
v -0.015531540840063666 -0.31304417949391283 -0.15796763639222483
v -0.01685171477093521 -0.3344278026522824 -0.1580472089913335
v -0.017620117593937855 -0.35578945753365415 -0.1581160042652371
v -0.016481818362943552 -0.37718683755692467 -0.15824694504836426
v -0.015449207555386476 -0.39856841189487546 -0.15836564624939384
v -0.014186958153564392 -0.4199224019814966 -0.15845552081116265
v -0.01200973361689556 -0.4411879611740399 -0.15849785373000685
v -0.009387532058465365 -0.4623946134961884 -0.15853327001928907
v -0.0068702461064700454 -0.48360105178039003 -0.15858861498822635
v -0.004390653507035386 -0.5047921167211364 -0.15866806711669612
v -0.002486911534194561 -0.5260166534738878 -0.1588154448786897
v -0.0007514199916058 -0.547248681385746 -0.1589860450092118
v 0.0008147316972715273 -0.5684706413647413 -0.15918404082060955
v 0.08802527238873153 0.3436998559781735 -0.13233047767226377
v 0.07135934622733392 0.3304890900936763 -0.1330053653170042
v 0.054441610151716766 0.3175953259491642 -0.1334999313959115
v 0.037832242101598 0.30428727818823076 -0.134170806913729
v 0.02061803125735754 0.2917812170262648 -0.13441515860740477
v 0.002911392854121511 0.2799812408684642 -0.13431109341080305
v -0.015397267654962256 0.269196221289877 -0.13371405201221928
v -0.03347083244622056 0.25799932978723616 -0.13334572214454565
v -0.04785611863937255 0.24407663817324138 -0.13394073516865235
v -0.05174082927513778 0.22408117604783978 -0.1361193015495259
v -0.04577964756452686 0.20365558140375434 -0.1366966761923459
v -0.037915542578252436 0.18390118573986652 -0.13671655187466325
v -0.028984591907014474 0.16454006756161021 -0.13640518238600174
v -0.020341155403010864 0.1450305403097832 -0.13616231756503147
v -0.01179022633166314 0.1254835733155319 -0.13593748046898402
v -0.0035684540003156776 0.10576823773920555 -0.13580808037822775
v 0.00529798611194872 0.08635689393093238 -0.1354152757206203
v 0.014329703205381105 0.06701164615454101 -0.13495988782978893
v 0.022076268136685187 0.04728736213862715 -0.13477389058202138
v 0.025200769932308707 0.02613679041989573 -0.1355168635204892
v 0.028172880371568756 0.005058260066940375 -0.1361621825262747
v 0.02602660741041831 -0.0162436225265966 -0.13650286204804052
v 0.023223201561959905 -0.03747434745833254 -0.13669772368421096
v 0.020240685033373187 -0.05867817608905245 -0.13684916120535429
v 0.017087901919882513 -0.07985788192076587 -0.13692063548198713
v 0.014120286621099678 -0.10107253442901336 -0.1369969387003188
v 0.011251882184437139 -0.12231059116322016 -0.1370625033532865
v 0.008432175725662298 -0.14354743123386762 -0.13711011394404382
v 0.005618691188250884 -0.16478789135137942 -0.13711127931552325
v 0.0029657050053021735 -0.18604039987245663 -0.13712211928834872
v -0.00010624946053974822 -0.20723348006140613 -0.1370283815540443
v -0.003163588279601751 -0.2284199621067007 -0.13693676129172302
v -0.006030824184164665 -0.24963535285115718 -0.13687210475296424
v -0.008534910780976922 -0.27089017634944224 -0.13685027029693733
v -0.01091186491237205 -0.29215575125519344 -0.13683134942433586
v -0.013110923640165863 -0.3134318685779526 -0.13681951020125122
v -0.014823705825082122 -0.3347632162081158 -0.13684081921555197
v -0.01652947029778288 -0.3560955562997877 -0.13686271438213268
v -0.016464435517434615 -0.37745604243743824 -0.136947143571431
v -0.015646019456356713 -0.398833664744681 -0.13706358333779947
v -0.014497167580584022 -0.42017062107273706 -0.13714719727591856
v -0.012914122107712193 -0.44148811793275355 -0.1372143193700855
v -0.010790370073137878 -0.4627348399260778 -0.13726401632701535
v -0.00818054093794679 -0.48392664619566533 -0.13730308508785877
v -0.005576510871990448 -0.5050942896284261 -0.1373667119948481
v -0.003367527400495472 -0.5262940341022553 -0.13747741483113135
v -0.001361017284733837 -0.5474979071075055 -0.13761110907330135
v 0.00044774603741212673 -0.5687065543710544 -0.13777416954638835
v 0.09271569656746576 0.33673620955968525 -0.11268804545001938
v 0.07575044775377096 0.3239064282764051 -0.11315032718462689
v 0.05876436812152247 0.31110544042132715 -0.11359669444074326
v 0.04178901888566004 0.298290281171408 -0.1140278360196403
v 0.024724820826996938 0.2855737003529095 -0.11437480773228212
v 0.007310938474364009 0.27339340875846563 -0.11445036492017657
v -0.011260520788009033 0.26315737919611804 -0.11374292771412481
v -0.030483480070334024 0.25417160490810475 -0.11259980236012117
v -0.04469778146283404 0.23992299458236627 -0.11333161167339335
v -0.05497083095503827 0.22178446537530278 -0.1152514442963094
v -0.0511712978354395 0.20134075646559663 -0.11610460759825988
v -0.04305768377784504 0.18165190387367175 -0.11607969039902882
v -0.03423285477236773 0.16226391626905354 -0.11584601553618964
v -0.02601511444328087 0.14259297236188 -0.11574814574307654
v -0.01768699030570322 0.12295593006053479 -0.1155905046629056
v -0.00924728850561949 0.10337227070263028 -0.11538597581317482
v -0.0009281633646097997 0.08373279709820658 -0.11519203068269607
v 0.007838966510630858 0.06428086194078664 -0.11483436273254312
v 0.017342104851049624 0.045191321596748955 -0.1142105198265145
v 0.024003959709390704 0.02512055215175675 -0.11427773762747757
v 0.028402281344872965 0.004304218510401285 -0.11485692901665641
v 0.028668930099053257 -0.017035043598140426 -0.11538002349824067
v 0.025961682646314793 -0.038217612067229415 -0.1155679884827746
v 0.022902520442224537 -0.059353928569174236 -0.11570047160790445
v 0.019856440746742966 -0.08053074989266558 -0.11579634256644696
v 0.016821803623565303 -0.10170264766860798 -0.11586195673960546
v 0.013784097919738256 -0.12286865086497091 -0.11590771928494634
v 0.010927152355623498 -0.14407765758889082 -0.11594429503433897
v 0.008202470943197973 -0.16529694117860522 -0.11597008540118132
v 0.005570638583209634 -0.18652897443021468 -0.11597302305592538
v 0.002861716224302311 -0.20773368709150813 -0.11596027761674599
v 0.00029626872786182683 -0.22897453317324956 -0.11592636743071155
v -0.002666442753849565 -0.2501455110599903 -0.11584547731523634
v -0.005316798927846805 -0.2713702186572095 -0.11580124895001521
v -0.007786047282955544 -0.29260260231977187 -0.11576385993391083
v -0.010100509599867061 -0.3138494873059492 -0.11573204799909756
v -0.012182654354650392 -0.33511205930680366 -0.1157137341322715
v -0.014059707254414234 -0.35640030281620283 -0.11570888545779867
v -0.015245490338563763 -0.3777375821855658 -0.11572292529171463
v -0.015886152580023342 -0.39907542518007577 -0.11575484086762204
v -0.014867465959349695 -0.4204132690323155 -0.11583952040568612
v -0.013362504727671337 -0.4417185969893329 -0.11590188661872386
v -0.011358309267621436 -0.46296774030403615 -0.11595009195151637
v -0.009043084584344507 -0.4841823499578818 -0.11598926980325461
v -0.006529912526801598 -0.5053615465939238 -0.11604999860546376
v -0.004020457562668873 -0.5265247132233924 -0.116112523050275
v -0.0019887236078202962 -0.5477247177662007 -0.11624295740009066
v 0.00011655347418667466 -0.568913169739408 -0.11636136850837107
v 0.09669675408070778 0.3307127683855125 -0.09257349998340436
v 0.0797670004890676 0.3178333520127514 -0.09305491433868542
v 0.06270747663336085 0.3051331282350807 -0.09344672518092516
v 0.045505082139595 0.29263054127652754 -0.09375516110109718
v 0.02844664682638249 0.2799286230841376 -0.0940957736189254
v 0.011587860509129485 0.2669404361063143 -0.09450869577050705
v -0.007385929775452202 0.2573758976949865 -0.09361596508877867
v -0.0263670047640426 0.24782179487767955 -0.09271976692797938
v -0.04508733691024549 0.2378527616356805 -0.09206358025092101
v -0.05476182765397851 0.21941320746265902 -0.09399466816061303
v -0.0560204619433636 0.19921034345832345 -0.0953632802174735
v -0.04782133751099597 0.1795794056575502 -0.09532975734197431
v -0.03902308660936474 0.1601946902797787 -0.09514211372981475
v -0.030556312267130504 0.14065700783876542 -0.09499182326923059
v -0.02237613289033303 0.1209799253420056 -0.09488453364549057
v -0.014221869158013453 0.10129988191396327 -0.09476657262743296
v -0.006104415102652352 0.08159403379103689 -0.09463434234852999
v 0.0019706806438188583 0.061862931246870534 -0.09448064965358699
v 0.011319506310801988 0.04272124711913004 -0.09390662823448463
v 0.0201693473060378 0.023365941431473143 -0.09352021613034567
v 0.027406441285986356 0.0033127924150300157 -0.09362616055514557
v 0.030516175149081604 -0.017648648734378852 -0.09416467079715196
v 0.028177597207426415 -0.038848216726381356 -0.09437505128696662
v 0.02556435585107589 -0.060029681049296034 -0.09455178201045461
v 0.022259946603460947 -0.08112452412261591 -0.09461708154367593
v 0.01894257702778281 -0.10221681954331177 -0.09466125590235985
v 0.01598187027580075 -0.12338287751929125 -0.0947109645202101
v 0.013044094662325565 -0.14453073303045777 -0.09474052263300081
v 0.010241077718963827 -0.16571433673600483 -0.09475764312611243
v 0.0076798461610821265 -0.18692057075464444 -0.09476918545000665
v 0.004930641812279648 -0.2081103069577508 -0.09475256868765694
v 0.002433725190851703 -0.22934435343927512 -0.09473436792258456
v -0.00012370956962288733 -0.25055251496051933 -0.09470745404614668
v -0.0025994930143824905 -0.27175846590225644 -0.09467815870781769
v -0.005328312982659209 -0.2929468603714614 -0.09460834188595735
v -0.007813574702691036 -0.31415692162467324 -0.09455721994755104
v -0.009910631866520584 -0.3354113386125155 -0.0945356805372876
v -0.011963670854793607 -0.35665487861249956 -0.09450959645253183
v -0.013453735535519238 -0.3779496891055176 -0.09450608545210391
v -0.01415944710416015 -0.39927875891373377 -0.09452381256906615
v -0.01465054392101981 -0.4206118657642914 -0.09454342406053419
v -0.013640628081050323 -0.44191115836022005 -0.09458870575452567
v -0.011880989882340225 -0.46317103030401285 -0.09462614700537336
v -0.009582573462683859 -0.4843746755980926 -0.09465813915833642
v -0.007172784038228351 -0.5055660472656678 -0.09470158258990416
v -0.004710618064428086 -0.5267335020742603 -0.09476226552348774
v -0.0024563760157448825 -0.5479133105902247 -0.09485733539984088
v -0.0001549839279821934 -0.5690709557111628 -0.09494368453069395
v 0.1001260760884174 0.3254547823573688 -0.07218480184644663
v 0.0829796234800104 0.31287138081759364 -0.07252549194814277
v 0.06580271180368048 0.30033517366448426 -0.07284913535664944
v 0.048613427730522005 0.2878198637176904 -0.0731508680911931
v 0.031369875053147145 0.27538557277078624 -0.07341528131323556
v 0.014013368744668818 0.2631199340659139 -0.07360333457673561
v -0.0035867704137092582 0.25121267570407946 -0.07366324064643717
v -0.021631701191134195 0.2400411989404477 -0.07345608962109004
v -0.04052480179790541 0.2302972180957043 -0.07272075180895574
v -0.05642849203498618 0.2177792738701141 -0.07280073920846519
v -0.05856311298735672 0.19805802064227318 -0.07415294672592532
v -0.05115388406295262 0.1781454575498167 -0.07425374215671851
v -0.042596969981164606 0.1586791422171047 -0.07415358756158441
v -0.0343793538037877 0.13904165142403446 -0.07406400756160084
v -0.026214841586945405 0.11939232356169097 -0.07396638555885378
v -0.01824064015406044 0.09964944762252595 -0.07388273295793998
v -0.010192398492866104 0.07994038811748244 -0.07375591888421291
v -0.002194847540750698 0.0602059312279917 -0.07362288957287973
v 0.005825733513206306 0.04049412323012815 -0.0734602920427614
v 0.01408865644794588 0.020882674357122398 -0.07325434171538317
v 0.02221851872800095 0.0012156882818054773 -0.0730955022349953
v 0.03006442321060915 -0.018567403120639946 -0.07304772495528034
v 0.030083399272573436 -0.03938555839778633 -0.07314627334446912
v 0.027543405537158762 -0.06055579104341992 -0.07332737130814637
v 0.02429869216609972 -0.08163919034284219 -0.0733960010668528
v 0.020823821537688962 -0.10267439846245241 -0.07342815247966004
v 0.01762012171233143 -0.12376502779874614 -0.07346150924312941
v 0.014686410466923473 -0.14490985875874726 -0.07348740456770878
v 0.01168533051313345 -0.16602203288316614 -0.07349441982783175
v 0.009065528636140734 -0.18720895289632528 -0.07350234869256564
v 0.006562212630039178 -0.2084214318275471 -0.07350810042458276
v 0.004086392091403569 -0.22961986014896468 -0.07349351059317563
v 0.0014746172485424786 -0.25081016312197035 -0.07346342443797754
v -0.0009659541723419382 -0.2720129237534552 -0.07343789028252845
v -0.0033085284162659044 -0.29323053530134224 -0.07340936881228587
v -0.005598281039276302 -0.3144482614154721 -0.07337437133424232
v -0.007788481376006617 -0.3356764741457744 -0.07333861916993258
v -0.010110463713730245 -0.3568768524382212 -0.07328914397231812
v -0.011979048455400019 -0.3781164804570108 -0.07325614201001884
v -0.01299292476438351 -0.3994165461912241 -0.0732554654963119
v -0.01358956365525632 -0.4207365902108068 -0.07326517820888885
v -0.013569769653893346 -0.44203832040557617 -0.07326527802461068
v -0.011968925351954044 -0.4633050220613662 -0.07329536220045477
v -0.010044075381122827 -0.4845440068551241 -0.07331823748034479
v -0.0075431729041137265 -0.505708325170057 -0.073347211721371
v -0.005108728417979659 -0.5268828771913684 -0.07338443998414132
v -0.0027637771672631025 -0.5480547926120959 -0.0734595272654103
v -0.0003673261752523356 -0.5692002332382851 -0.07351965885358852
v 0.10278291859789757 0.32126850261093537 -0.05141226523054158
v 0.08557639242749633 0.30877634400104553 -0.05172822779167705
v 0.06805317880561908 0.2967336463072815 -0.05191709054156913
v 0.05078916462154631 0.28433255906080634 -0.05217978512919
v 0.03360854103383274 0.27181962376748325 -0.05245139892687811
v 0.016374305984708702 0.2593877705880272 -0.052676826610531934
v -0.001314040528959325 0.24762030903690382 -0.052734957249648766
v -0.01909360577804672 0.23598713073162542 -0.05276231430918768
v -0.036411013252954844 0.22368489891227464 -0.052960673293592775
v -0.054445232036762256 0.21242875355586344 -0.05281561105678961
v -0.06121225731373531 0.19688804224605524 -0.052944633517919046
v -0.05423149859924728 0.17682563362946038 -0.0531173471479748
v -0.04550374129873268 0.15744929255561235 -0.053029070244643345
v -0.03712041685895065 0.13792254106518476 -0.05294084394575701
v -0.02907070131951792 0.11822882059435183 -0.052862940726829545
v -0.02096965686079252 0.09856364219260605 -0.05275159465854786
v -0.012919240867645418 0.07887024085793924 -0.052641069959914785
v -0.005253249053999427 0.05901537769261997 -0.052554524316425814
v 0.0024046021102009695 0.0391660620583803 -0.05246344928274527
v 0.010704900572712788 0.01958202592835796 -0.052248586116316664
v 0.01893107269487709 -4.1483162468942524e-05 -0.05208537830110229
v 0.026843249569502348 -0.019794710159409937 -0.052000234586381644
v 0.032121933894716646 -0.039885716167990595 -0.051936584187494805
v 0.029309693592077374 -0.06100591689003392 -0.052083989552154084
v 0.0257801552153675 -0.08201010952582015 -0.05213006249087824
v 0.022317731139296772 -0.10303927038493887 -0.05215995521430161
v 0.018911160360985342 -0.12407951901899172 -0.05218296427679623
v 0.01582034453054803 -0.14516594081244125 -0.05219792252205123
v 0.012836931716763107 -0.16627877731023827 -0.052207659370237164
v 0.010227171922355595 -0.1874589189035882 -0.05221909862088656
v 0.007533546081533251 -0.2086116447454725 -0.052212253740647765
v 0.004939685361218066 -0.22978502979955834 -0.05219880730049267
v 0.0025625532076143996 -0.25099243753518213 -0.052183492455307075
v 0.00015593366038205755 -0.272190585445931 -0.052161119815211335
v -0.0021917320935300588 -0.2933884203945301 -0.05213376969058682
v -0.004538541952601564 -0.3145891822896401 -0.05210123874514394
v -0.006671745211658695 -0.33580422286042744 -0.052069209439579565
v -0.008638921957047548 -0.3570396777277092 -0.05203670937854467
v -0.010647568333610058 -0.3782613370339428 -0.05199670172828262
v -0.01218934998768639 -0.3995139101486179 -0.0519669700627128
v -0.013035643181214147 -0.42080596812797094 -0.051959080347120684
v -0.012843067987079834 -0.44210995452918445 -0.05196075275597272
v -0.011990434532545582 -0.46340491942883494 -0.05195722612352569
v -0.010200481743143901 -0.4846399800122727 -0.05197425667689845
v -0.007851102196171798 -0.5058321779138814 -0.05198306813476212
v -0.005373067296606186 -0.5269918835455341 -0.05201507385792438
v -0.002931194758185177 -0.5481490264855259 -0.05204092490826842
v -0.0004967898636926274 -0.5692895963702227 -0.052086754224986764
v 0.10471162984023788 0.3181380625138829 -0.03042411508459931
v 0.08742879672323497 0.30574280420042677 -0.030660639699851954
v 0.07003008195243837 0.2935210755655911 -0.030882700208873782
v 0.05243222261968626 0.2816050650377928 -0.031059125627983658
v 0.03494166043426429 0.2695463314348667 -0.031244082001103145
v 0.017651017178505153 0.25720343110242766 -0.03145651448758242
v 0.0004755917186280668 0.24473039382162767 -0.03166741570243261
v -0.017016691101793484 0.23270188172017595 -0.03179196798664814
v -0.03422860741585295 0.22031802865284822 -0.032038506009628404
v -0.0525108230644192 0.20956135559068334 -0.03178614622678011
v -0.063139771606113 0.19596122184607367 -0.03165461934367167
v -0.05695926479319605 0.17565950914066877 -0.03192599004575073
v -0.0471411164165457 0.1568038681245461 -0.03177093722091754
v -0.03901121673104403 0.13716956368503266 -0.03170270266040581
v -0.031035999641069602 0.11746013672978124 -0.031634087326016365
v -0.022993239733913925 0.0977777027333527 -0.031535359342346726
v -0.014875430505796119 0.07813008540100955 -0.03143124528660792
v -0.007238871254175526 0.05828171992266228 -0.03133297124317983
v 0.0005889582112554887 0.03850921217188216 -0.03122030948977643
v 0.007825243503175728 0.018494829305600372 -0.031161585066796994
v 0.015980447628254006 -0.0011486101018109893 -0.031028576469690025
v 0.024179046618339927 -0.02077772352974898 -0.03088795488186177
v 0.03175296102081393 -0.0406672841039291 -0.030786501490884407
v 0.030673086539498583 -0.06137188906331338 -0.030797224103567812
v 0.027036716845948737 -0.08233567196814447 -0.03084371592661088
v 0.0233507692302028 -0.10330102469330271 -0.030866080479484425
v 0.01987924032662694 -0.124316535417801 -0.030882046711560168
v 0.016613513704452243 -0.14536556626304525 -0.030894314303335148
v 0.013560125373368955 -0.16645042817761205 -0.030903910523921267
v 0.01075455703024176 -0.18757973971646844 -0.030907318990176326
v 0.008154894273568351 -0.2087463868934877 -0.03090282024980641
v 0.005525141288005739 -0.2299025188496674 -0.03089509497831089
v 0.0029781770216922745 -0.2510692944096507 -0.03087787374588911
v 0.0006346426279954524 -0.2722685159012042 -0.030857299902561176
v -0.0015733193181986928 -0.2934779064990962 -0.03083275418649215
v -0.0038292897557380234 -0.31467804401383703 -0.03080718635405728
v -0.0060199844430279675 -0.3358817359721442 -0.030775295272971997
v -0.008030253944321063 -0.3570982306204938 -0.030742517219056256
v -0.010043969927717984 -0.3783152916570175 -0.030705684402717898
v -0.011587660433006665 -0.3995615629943311 -0.03067307523625125
v -0.012699846609544162 -0.42084286388857944 -0.030652928619348846
v -0.0124241721253404 -0.44213716173132406 -0.030636779467224273
v -0.011499182316182823 -0.46343243530811584 -0.03063037814627073
v -0.010245867083230553 -0.4847014857439576 -0.030620076664856513
v -0.007865130926734668 -0.5058776158123084 -0.030617485691695798
v -0.005441224140495975 -0.5270426791650782 -0.03062397354205035
v -0.0030082335571738937 -0.5481977583388146 -0.03064545790480063
v -0.00054187921690669 -0.5693379999999999 -0.030649973129186863
v 0.10577987661341262 0.31625535417129425 -0.009181165028199845
v 0.08854261628652083 0.30378671757086556 -0.009418376277581552
v 0.07087459636327445 0.291949936228438 -0.009588966054258519
v 0.05334310922507885 0.2799393488828185 -0.009782741464033594
v 0.035726688442624194 0.2680615564739133 -0.009960436078957425
v 0.018317373838627082 0.25589086174621034 -0.010152181788212469
v 0.0010652232955487453 0.24351155324883783 -0.010354584922164583
v -0.016533829234672618 0.23159729022904754 -0.010577240688614594
v -0.03515196738518956 0.22197184626565863 -0.011059122526035477
v -0.05446601222767882 0.21359653669037082 -0.011289427206021805
v -0.06252184793536279 0.19490013418590413 -0.0106642542983051
v -0.058538262637415926 0.17498283812378607 -0.010570847736753042
v -0.04799861801753272 0.15651322246790228 -0.010462836578761224
v -0.039854920207617245 0.13688474593872985 -0.010393835475447578
v -0.03174512675111324 0.11724052725725162 -0.010323324591366867
v -0.024034726703948406 0.09742635253446025 -0.010234722790590695
v -0.015880734958061637 0.07779918439382234 -0.010124927343328646
v -0.008199835872443089 0.05797294483399208 -0.010032338988791018
v -0.0006470354551581484 0.038085906974677564 -0.009946127471631292
v 0.007230119630449748 0.01832942952147598 -0.009849301047877568
v 0.01530672600165196 -0.0013377092314981196 -0.009752876715386157
v 0.02301377110172434 -0.02114680204265669 -0.009674496122525524
v 0.03013524567015825 -0.041171692359051514 -0.00955268557183339
v 0.031647187055348226 -0.06160790868718947 -0.00949986813362005
v 0.0275613310530421 -0.08247891422417204 -0.00952255844641862
v 0.02375414140035559 -0.10341756352748394 -0.009544016805929896
v 0.020025027479851347 -0.12437403559892155 -0.009562766194032488
v 0.01689186245361507 -0.14544490551311817 -0.009574750205674831
v 0.013874381332521564 -0.1665340424772787 -0.009584220639683564
v 0.010910730319656508 -0.1876293901832966 -0.009588715003426703
v 0.008167735609699148 -0.20876728207239914 -0.009587171988068788
v 0.005610654100237294 -0.2299329115229405 -0.00957744665681428
v 0.003083718377254849 -0.25109922975167853 -0.009566053650708894
v 0.0006097622126703488 -0.27226942757529077 -0.009547310518424845
v -0.0016010611593922069 -0.2934759566165972 -0.009524282392594521
v -0.003765682519909243 -0.3146804499726039 -0.009499410399906021
v -0.00592272985272045 -0.33588353230336654 -0.009472694513359185
v -0.00794605016839357 -0.35709744617145794 -0.009441896740719859
v -0.009780813475355522 -0.3783252062373802 -0.00941103827388655
v -0.011231268920205862 -0.39958089101921546 -0.009379695088166589
v -0.012564968598947932 -0.42083671082621454 -0.009345391722862861
v -0.012476914229590146 -0.44213114876321696 -0.009308614601158071
v -0.011528918810245776 -0.4634239617944988 -0.009300313405982606
v -0.009997161328094539 -0.4846663021000374 -0.00926433440430414
v -0.007702327049671798 -0.5058558616680155 -0.009253529777609834
v -0.005335377721071727 -0.5270359879002328 -0.009240677850789346
v -0.0029437321462431835 -0.5482035641378004 -0.009221356872626948
v -0.0004872597389688966 -0.569338 -0.00920861104306236
v 0.1061602991019476 0.3153796164963446 0.012121090085674167
v 0.08864318797711114 0.3033172479685741 0.011933244777002538
v 0.07099919129524086 0.2914488815022709 0.011740122832646945
v 0.05340811912410064 0.27952106568819274 0.011578077848465885
v 0.03588109568104531 0.26750139335958617 0.011399639003717885
v 0.018436535765998352 0.25535553786115184 0.011205122701539002
v 0.000772968522419867 0.24352344239531645 0.011004374843744433
v -0.01714260349284322 0.2321007892964117 0.010723556420570652
v -0.0365406351994593 0.22372359783345785 0.010115785728348065
v -0.05499131787393029 0.21560682710001533 0.00944033867013851
v -0.06129199754826871 0.19534783780625103 0.010177983180454691
v -0.05848821318542494 0.17511503655866162 0.010773160784013325
v -0.04840078192005907 0.15642972218734283 0.010874509524929219
v -0.040283855302106215 0.1367861110918278 0.010931273552311976
v -0.031634684291034866 0.11737928939526938 0.01099385138380572
v -0.02373173550327063 0.09765658427247337 0.011095142740133679
v -0.016132522358786754 0.07779146957985907 0.01119495290799825
v -0.008362931118045192 0.057997096598768005 0.011287692111026098
v -0.0005789168382988852 0.03820394220610767 0.011378420607131519
v 0.0073318914334521545 0.01846025050628322 0.011460692904108347
v 0.015060678253084357 -0.0013642008024388735 0.01156572112889321
v 0.023350544819956482 -0.02093555284564546 0.011624098324343453
v 0.031437529238945584 -0.040487117473241796 0.011664789569002557
v 0.03137793140465505 -0.06156058945308939 0.011827406700278738
v 0.027380313991889293 -0.08245698715719066 0.011800930992982153
v 0.023579511049958434 -0.10339904813856557 0.01177777318643068
v 0.019792295886096 -0.12434613394878276 0.01175175073037548
v 0.01663534578723074 -0.145410680178091 0.011744077470722055
v 0.013558913190335958 -0.16648687612623814 0.011736009342343446
v 0.010708345489110538 -0.1876092191715936 0.011732047636074341
v 0.007810558612707349 -0.20872194789117485 0.011726369514214064
v 0.005109834467581045 -0.22986210951266817 0.011732206770069881
v 0.002449909586984711 -0.25100524670974267 0.01174029907259736
v 6.271919626243779e-05 -0.2721918879900709 0.011756144578360477
v -0.00219582956870911 -0.293391534419871 0.011775782005020151
v -0.004445491461138216 -0.31458654478516396 0.0117973363330603
v -0.006398503022873312 -0.33581353965235605 0.011827778474308596
v -0.008368768747247695 -0.3570318205632504 0.011853679401722468
v -0.010209771864452969 -0.3782564201653928 0.011882647935228216
v -0.011503153606819236 -0.39952529596015063 0.011925617520490895
v -0.01254173827433593 -0.42079459109557643 0.011963177981534977
v -0.012372096424640034 -0.44211267385075464 0.012007643238065444
v -0.011304851981273685 -0.46338834296189907 0.012050711195268087
v -0.009704943709251694 -0.48462677310513813 0.012086519499096716
v -0.007520437933202794 -0.5058268967862279 0.012111783592498876
v -0.005108888329357145 -0.5269881348284217 0.01214756434338861
v -0.002706588800636588 -0.548146807583084 0.012182503115029523
v -0.0003402901130237771 -0.5692961279945505 0.012231234459450242
v 0.10585289730584284 0.31551084948903385 0.03348265025702261
v 0.08817022688373483 0.30370161335644363 0.033287920034762566
v 0.07031473298579212 0.29215661620712025 0.033086002812335334
v 0.05277344413222772 0.2801491791323725 0.03291370844798049
v 0.035108487308062354 0.2683226982543515 0.032721200778043275
v 0.017388719835417336 0.2565662861090183 0.032506414289912564
v -0.00020187765277303272 0.2446157987960197 0.032290624701781415
v -0.018682962595362573 0.23406118986566943 0.03189946481013295
v -0.03767560348199629 0.22452887375005098 0.03138983586760533
v -0.05763848020735729 0.21723685286020225 0.03055336930893412
v -0.06026942513003933 0.19626618767430823 0.03157432842217618
v -0.05653084553717393 0.1761681329315022 0.03209571792382997
v -0.04785821626253954 0.15676541946822037 0.03217155500637898
v -0.039096689666513355 0.13740289180521037 0.03221467090310784
v -0.03071533218582184 0.11787759066689996 0.03228905343643427
v -0.023089362683430596 0.0980336424461019 0.032408259361262286
v -0.014973619354252607 0.07839080720653455 0.03248368936608281
v -0.0075912456150613134 0.05842908683755409 0.0325984687054885
v 0.00044728451054291355 0.038732291888461404 0.03267151279408557
v 0.008458968180149982 0.01902359257926595 0.03274643604305677
v 0.015951312488216927 -0.0009027139143991843 0.032850833743925306
v 0.02399971740900298 -0.02060505578685122 0.03290956044786757
v 0.03158060424530755 -0.04020580026638058 0.03295056241072747
v 0.03080724780570506 -0.06143880190910877 0.0331504816939562
v 0.02681517039727057 -0.08233996919673844 0.03312206724901358
v 0.022874181140363197 -0.10326063138038033 0.03308941285363862
v 0.018970267218825266 -0.12418579754389382 0.033055302002820044
v 0.015853725297960596 -0.1452617466172575 0.03304909332745744
v 0.012667457705091083 -0.16633285711627332 0.0330351379282791
v 0.009545656306214496 -0.18741341866049827 0.0330177719605123
v 0.006633377949410085 -0.2085296119635179 0.033009926540814964
v 0.0039871407681444735 -0.22968166288806868 0.033017282132257686
v 0.0014897892523561857 -0.2508609831011413 0.0330279501461337
v -0.0009067144558983468 -0.2720497982281522 0.033043821953218
v -0.0032899352655739802 -0.2932361543610412 0.03305571513010144
v -0.005588990854699471 -0.3144280051486468 0.03307076857948422
v -0.007647478637880883 -0.33564322508927946 0.03309877707398108
v -0.009699509086372984 -0.35686068557769235 0.033118743863157246
v -0.011085139879408961 -0.37813160421527414 0.03316600094212739
v -0.012182062533704756 -0.3994205283050386 0.03321993110157998
v -0.013116440756016999 -0.42070438619458156 0.033265480150821015
v -0.012446226216111092 -0.44200236317127695 0.033329182415840736
v -0.011241522641831874 -0.4632824611787336 0.03337831913582232
v -0.009367213058205329 -0.4845207528907137 0.03343228108260464
v -0.007083409006141856 -0.505715133537645 0.033478677265141296
v -0.004702522067660681 -0.5268866011581533 0.03353139620663354
v -0.002434487535262666 -0.5480584066508527 0.03360776779214787
v -0.00010097033907133017 -0.5692123839836516 0.03366956337835083
v 0.1046180779670347 0.3170731720761149 0.054698865113399275
v 0.0869462610766619 0.30524091659677927 0.05454703658498501
v 0.06911030481435484 0.2936658051615118 0.054348261399098256
v 0.0513346645014188 0.28199915587395963 0.054143579692507215
v 0.033626816479213055 0.2702358656129729 0.05394388402268744
v 0.016085310973627254 0.2581894663956764 0.05376501927913431
v -0.002038192693897812 0.24706461746609765 0.05342786669596833
v -0.0203322155848669 0.23621519336986732 0.05305138898056512
v -0.03971828448779702 0.22757906611088757 0.05240560243062205
v -0.058136902314975876 0.21839862091447115 0.051851496504561875
v -0.059423061450997385 0.1972074962090011 0.052959649839743515
v -0.05451931579680417 0.17721560182152074 0.05336655178178743
v -0.045801006176829175 0.15780814213539823 0.05339876541322794
v -0.037082696556854165 0.13840068244927567 0.053430979044668446
v -0.029086924915465405 0.11870177485769881 0.05353601817651006
v -0.021414258570629792 0.09886814781837044 0.053660429136422556
v -0.013598671527573878 0.07907660103404211 0.05374647701380476
v -0.005647179446658761 0.05934516123757346 0.05381636430916283
v 0.0020863441236326575 0.03951403381874891 0.05391667286656622
v 0.009989437076769803 0.01975164651600633 0.0539902322068463
v 0.01790748013847355 -3.1786817749628223e-06 0.054062119398278534
v 0.026014126123819807 -0.01967944657887685 0.054114802372824455
v 0.03097385635472722 -0.03983591269209034 0.05421679759363984
v 0.028727317902926926 -0.0610030682356065 0.054365662675297535
v 0.02538151846762592 -0.0820232401159677 0.054398251681390467
v 0.02129394446876752 -0.10292191184116863 0.054348271094856626
v 0.017742084466125862 -0.12393605821052558 0.054332041017193376
v 0.014456532069961392 -0.14499716428192422 0.05431709723276814
v 0.011239773722284699 -0.1660649864591008 0.05430200809557703
v 0.008226575132912407 -0.18718205811019023 0.05428981489031476
v 0.005431907792065958 -0.20832922996901734 0.05429318000383201
v 0.0027012311212234255 -0.2294724672626275 0.05429508342355348
v -4.4137202430041074e-05 -0.2506256078465027 0.0542822968243163
v -0.0026583048108000796 -0.2717903022088109 0.054280350984729143
v -0.005017353416611242 -0.29298706695114585 0.05429339268153602
v -0.0072004884255855136 -0.31420115039462526 0.05431681406086735
v -0.0092282374986222 -0.335429041011662 0.05434153173702535
v -0.011107352373911111 -0.3566704082280447 0.05437391631407843
v -0.012245746175319611 -0.37796687168030796 0.054435627537227284
v -0.01335924070457177 -0.39925491842291916 0.05449029739003239
v -0.013434619068487488 -0.4205737703690611 0.054575406186293876
v -0.012448221867916602 -0.4418855553508769 0.05465241654303483
v -0.010830780210826603 -0.4631446707406214 0.05471527708837148
v -0.0089818815463156 -0.48438319647320255 0.05477270630897543
v -0.006468719479951731 -0.5055455802806972 0.05483393447401544
v -0.004148462985309885 -0.526722852063944 0.05492457213346155
v -0.0019022529661030369 -0.5478998680952596 0.0550034525755594
v 0.00016406364691331598 -0.5690854905055501 0.05510888183380297
v 0.1025984711852411 0.31984649304499513 0.07579208771134376
v 0.08490025997703657 0.30805532194359225 0.07563013071012074
v 0.06692072426597331 0.29670071914793106 0.07536384672410151
v 0.049211735485574615 0.2849291565542408 0.07518344959204343
v 0.031390163899126654 0.2733363897306019 0.07494245711111244
v 0.01356391463705522 0.26173614498407266 0.07468665460536852
v -0.004365833729493786 0.2502949164147605 0.0744093043536514
v -0.023676783545641615 0.241874515799766 0.07334416096882898
v -0.04382756401317945 0.23529335257434958 0.07183790018584116
v -0.05631503609630781 0.2189255955743896 0.07306848883662481
v -0.058619323144316574 0.19859553976783195 0.0742052584858898
v -0.05141915005141485 0.17870111549855558 0.07444483207894168
v -0.04260546000557441 0.15933693769829596 0.07445252747703685
v -0.03410468506548199 0.13983051636804508 0.07450966587512471
v -0.02644163250272096 0.11997364502858478 0.0746581256995656
v -0.01856401494104792 0.10019535121830536 0.07474606617052681
v -0.01053182962616002 0.08048598112832495 0.07480484296860554
v -0.0026103480669524308 0.06072624153018476 0.07487176291997212
v 0.005221304018017578 0.04092409367583889 0.07495960416104941
v 0.01306097323546896 0.02112559352288172 0.07504638677071328
v 0.02144197151083887 0.001553316553853319 0.07502060944629378
v 0.028828171091319358 -0.01841437993789433 0.07519093432852941
v 0.02942671417992032 -0.03939004791172521 0.07546148688497992
v 0.027295540703445514 -0.06059796555650514 0.07565235074214495
v 0.02311752728496514 -0.0815120647456262 0.07559396434132526
v 0.019185306407160367 -0.10247282846200258 0.0755543360479183
v 0.01573480643863758 -0.12352778122515194 0.0755496422630092
v 0.012454613853648393 -0.14460079410410978 0.07554094118025079
v 0.009205742989963565 -0.1656826901975118 0.0755154815281636
v 0.006116652426595576 -0.1867964437626541 0.07549564614508852
v 0.0032271520056300117 -0.20794530673466782 0.07548936422217775
v 0.000456027485473932 -0.22911531091494897 0.07547725389303978
v -0.002262062744483549 -0.25027356754583246 0.0754676786542592
v -0.0047521098930630055 -0.27147261893695446 0.07548066375311244
v -0.007123875977583499 -0.2926853203850578 0.07549411585955323
v -0.009353585285517144 -0.3138984251989207 0.07550937301181684
v -0.011132154883802729 -0.3351671462111255 0.0755599343032936
v -0.01280454395600541 -0.3564239286684646 0.07560700227942155
v -0.013648003574172738 -0.3777472111238469 0.07569960213144852
v -0.013989491471061788 -0.3990706151685558 0.07578179085430535
v -0.013681912166986068 -0.4204056619911186 0.07588502555656822
v -0.012174401575529691 -0.4416961298351628 0.07596722104909445
v -0.010683574490869884 -0.462983731192561 0.07604750859768476
v -0.00798541098540689 -0.4841327965709797 0.07609117606944596
v -0.005588540195242174 -0.505317255375159 0.07616985671421331
v -0.0034579942833893773 -0.5265251485801874 0.07628699172910489
v -0.0012919137492707667 -0.5477203701177982 0.07639444904745264
v 0.00045085718539716483 -0.5689220836357212 0.07654903764225329
v 0.09987753902777288 0.3237216257510791 0.09660575441353914
v 0.0820938066089639 0.31205611766335106 0.09644763860806925
v 0.06416233913835963 0.3006230139725598 0.09619013097437418
v 0.04641647451933952 0.2889064902255274 0.0959974599337118
v 0.028555788235389172 0.27737437636513695 0.09573249750830998
v 0.010641685498285312 0.26592897229551976 0.09543257797502346
v -0.007747334579842999 0.25534245836965924 0.0948769978234118
v -0.02662777052495514 0.24583544515968633 0.09403687309557712
v -0.04665083247968081 0.2390413917821527 0.09255026423229931
v -0.05639136376037676 0.22089006265571964 0.09404132182588797
v -0.05518422208226943 0.20021969586449517 0.09528146910975852
v -0.0483130821260864 0.18017234987572786 0.0955878884105468
v -0.03928609133032907 0.16091715861277406 0.09549340723476575
v -0.030947869774368673 0.141335251013127 0.09553165701940106
v -0.022784016889453414 0.12165605272077731 0.09558828308868772
v -0.014635557024448204 0.10198590295015629 0.09561855428024452
v -0.0065239004318411896 0.08229496013681077 0.09565415518634385
v 0.0014719425600207094 0.06255165671999444 0.09570663694944949
v 0.009288380387851555 0.04273424350327135 0.09580496143784462
v 0.017247684348927764 0.02298134734183139 0.09586550184863926
v 0.025162237760743736 0.003199414252573579 0.09594199520477126
v 0.028222511623394387 -0.017616158890900745 0.09632666324151234
v 0.02804999068717615 -0.03887485019972389 0.09674198994326821
v 0.023996935350271434 -0.05983479653240441 0.09670751654006178
v 0.02016071647808078 -0.08084692013646022 0.09669850893527429
v 0.01658934569761992 -0.1019082852229058 0.09670511086875132
v 0.01325973465979911 -0.12300117946337837 0.09671571012448915
v 0.01017028323525157 -0.14413976120606634 0.09672589169060589
v 0.006764981657420083 -0.16522128948359793 0.09667591806543303
v 0.003770665329259848 -0.1863782901085892 0.09667252233909675
v 0.0008286740320758864 -0.20753828519858503 0.09666242096562329
v -0.002267371261705078 -0.2286694302126228 0.09660358963675234
v -0.004963964940448831 -0.24985678920441395 0.0965969047413947
v -0.007613386119091434 -0.27104362029150264 0.09659193747689179
v -0.009963585597971494 -0.2922635273139157 0.09660848954914414
v -0.01193442401722295 -0.3135362820187494 0.09665637309116279
v -0.013639193312496873 -0.33481290823225773 0.09671529844310478
v -0.014450134290716943 -0.3561614206428645 0.0968418713173646
v -0.01509172666049842 -0.37751726924265344 0.0969581681693035
v -0.01451147514253745 -0.39886035355744764 0.09707836363005601
v -0.013632840774339123 -0.4201926153185795 0.09719287002631623
v -0.011824421320047657 -0.4414649041008481 0.09727649565154525
v -0.009424893491468828 -0.4626696521515542 0.09733196231683833
v -0.006816755519332443 -0.48384732251303947 0.09738994098189016
v -0.004561376671428998 -0.5050477572753952 0.09750102997249543
v -0.0023514939184907492 -0.5262435410260273 0.09761152958890014
v -0.0006266912657553438 -0.5474736491453913 0.09778535680717805
v 0.0007551981664657317 -0.5687014864858102 0.09798698686393485
v 0.09665569246211987 0.32838371611393063 0.1172197512036925
v 0.07864414412835248 0.3170900063677369 0.11692175552000457
v 0.06082910604019451 0.3054667206906141 0.11673493948481911
v 0.04287476897193762 0.2940765317275463 0.11644451133356044
v 0.024922687960019077 0.28267362509618554 0.11612628349478993
v 0.006420547662573854 0.2722927331898899 0.1153686788335774
v -0.012310143611625465 0.26233179301702075 0.11450126354661777
v -0.03201208519024428 0.25539285552474644 0.11188839593640222
v -0.04818511353388504 0.24255698373474255 0.11295835737997223
v -0.05277436299364894 0.22236730007125716 0.11505920732786395
v -0.052671727094810536 0.20168564699098326 0.11648080870661423
v -0.0432956455639695 0.18254987460572333 0.11623617645079819
v -0.03435726894433389 0.16321313371376645 0.11612567169751642
v -0.02606497204517775 0.14359426890121527 0.11618514385372297
v -0.017885251070799676 0.12389450072453531 0.1162334357553291
v -0.009870099247188903 0.10414020197396175 0.1162987747764889
v -0.0018462233868914517 0.08439916465337256 0.11635266457011267
v 0.006412331002946779 0.06474770396847145 0.11632303254295531
v 0.013959673175114873 0.044806560414122 0.11650003073657306
v 0.021543856657371553 0.024884836185243616 0.11666102180476724
v 0.02662997688264653 0.004312260485030037 0.1170841800695307
v 0.027678734729337753 -0.0168772634947122 0.11759048516792564
v 0.024529631949928073 -0.03802800971573625 0.11775862076379116
v 0.020680193379179874 -0.05906587808656428 0.11775971331100847
v 0.017026156480825144 -0.0801330728484948 0.11777282707960657
v 0.013669689066552863 -0.1012572967157705 0.11780756858317262
v 0.010259721060411463 -0.12237745539048756 0.11779569086239208
v 0.006869423394198685 -0.14350206726866865 0.1177727709316499
v 0.0035390729044986907 -0.1646117416523933 0.11772938146994405
v 9.506274956674952e-05 -0.18572195898147226 0.11764384694805426
v -0.0031012318185315428 -0.20687603629657858 0.11759101538106795
v -0.005983728272946505 -0.22806726399783378 0.1175719072020862
v -0.008787149421162809 -0.2492485833390373 0.11755472463826197
v -0.010838436849049707 -0.2705318174558767 0.11764433720564649
v -0.01277318604972104 -0.29183436347423686 0.11772671754787634
v -0.014702635192835746 -0.3131152343239151 0.11777793612318257
v -0.015302020770136412 -0.33449767503093136 0.1179543923852448
v -0.015550801652297599 -0.3558807108377623 0.1181114544314041
v -0.015637695144211726 -0.3772484410783752 0.1182555813912082
v -0.014729955755973937 -0.39861205249669757 0.11839042232097677
v -0.01293278152268637 -0.41990633282257184 0.11848613615627399
v -0.01074255697792908 -0.4411589910604774 0.11855919184045749
v -0.00800722394197994 -0.4623313546103981 0.1186030743601993
v -0.0055089579611223675 -0.48351993888559874 0.11868487929896647
v -0.0031924764416166778 -0.5047186218340253 0.11879443249655992
v -0.0014607488180652906 -0.5259493021860298 0.11897225764047814
v 0.00015600242361966544 -0.5471767252270592 0.11915940079641527
v 0.0010720722272179269 -0.5684400417688573 0.11942336005380041
v 0.09277231927378624 0.33412675527600033 0.13743149589271375
v 0.074765032170276 0.32281382336620323 0.13716735928689328
v 0.056892856677789136 0.3112820983007735 0.13693922587223972
v 0.038805701652641 0.3000974563905832 0.13654243551020112
v 0.020550932070144096 0.2892337523714218 0.1359781985745394
v 0.0018811237113167988 0.2791450924205416 0.1350775640174228
v -0.017822947419705217 0.27185611965750844 0.13266647353742186
v -0.0345329048551283 0.26208309085325454 0.1311139725422283
v -0.04373701923964754 0.2430918174858386 0.1338096444498521
v -0.05275029983128497 0.22444704300000623 0.13639705075872527
v -0.04645991243278132 0.20463398203049343 0.13675358582346764
v -0.03741551085085835 0.18532402286684976 0.1366013910517283
v -0.02911860067530137 0.1656722334968554 0.13667310601680377
v -0.020806914742937433 0.14599863113985662 0.13670923257112108
v -0.012653548470505505 0.1262865001698122 0.13676621911312653
v -0.003863421632637032 0.10683555848564597 0.13655628584080878
v 0.0044630971020408975 0.08719375803281282 0.1365114047642557
v 0.012263767596971793 0.06732391475270429 0.13665862370115534
v 0.019309336266009367 0.04718930242356031 0.1369792260199581
v 0.023331420269282976 0.026228128009926143 0.13771851658674358
v 0.027081654425826156 0.005219357776675168 0.13840254807058822
v 0.023987953309251256 -0.015940084790332543 0.13857753906339312
v 0.020618385404948907 -0.037089104257475615 0.13869998057720617
v 0.016756170218602533 -0.0581424036047692 0.13869250897583962
v 0.013479056767052171 -0.07931296709006436 0.13876699671861395
v 0.009759147350079732 -0.10043653521244833 0.1387280060893862
v 0.006116574799076476 -0.12154259777265247 0.13868216426185037
v 0.0025261925518450965 -0.14265519792645348 0.13861219644384132
v -0.0009663255900969566 -0.16379032503276705 0.13853495183862496
v -0.00420634327891722 -0.1849583315971686 0.13849650772785732
v -0.007138475343211211 -0.20617967324803665 0.1384975158091047
v -0.010021191675225541 -0.22738778687075123 0.13848555339820243
v -0.012047932652450032 -0.2486973230046461 0.13859544393243706
v -0.013879677800008514 -0.27002867652995743 0.1387274000636617
v -0.015743509041286533 -0.2913528136146296 0.13881867463865571
v -0.01639426724527842 -0.31274880916545805 0.13900407263186862
v -0.016780537103806534 -0.3341549451887046 0.13920688916291216
v -0.016299608699044767 -0.3555540920605553 0.13938574840266144
v -0.015193192865136262 -0.37692121443415194 0.13953391832101347
v -0.013457321332690586 -0.3982446610409829 0.1396533764901583
v -0.011544301096866466 -0.41954692497958856 0.13974961720593326
v -0.008754581241379011 -0.44073197734147984 0.13977426088425882
v -0.006072130007479105 -0.4619129549820491 0.1398270592042816
v -0.0036064664435090685 -0.4831106089266471 0.13991796992009367
v -0.0017262355664241062 -0.5043416028621902 0.14008079202376653
v -0.0003397901631608759 -0.5256055852763933 0.14030406091042516
v 0.0009284659201624809 -0.5468613500349594 0.14053383916142465
v 0.0014642456855749417 -0.5681233847276457 0.14084253125362234
v 0.08849203011184421 0.34051836371760086 0.15740188932105562
v 0.07052737450557581 0.32912736243066854 0.15715849516929659
v 0.05245636082683768 0.31791103047834157 0.15679480257400188
v 0.033991011474972875 0.30738172450482787 0.1560485655331671
v 0.015526648549799857 0.2968628618481751 0.1553054979159889
v -0.0037622018523123316 0.2892105661789659 0.1528417373364543
v -0.02358474286617371 0.2828978092486207 0.1497930470285104
v -0.03541465783087952 0.2656614098374405 0.15210923930282438
v -0.04478993217352469 0.24676307476622433 0.15479067488709397
v -0.04810709696384337 0.22740719778687962 0.15672710324620248
v -0.03981957973830644 0.2077727328186369 0.1568590373930285
v -0.031221065916539132 0.18823025026425094 0.15684530316092968
v -0.022709540836691355 0.1686219737838221 0.15681375633344458
v -0.014322438424204366 0.14898079355833396 0.1568263562584793
v -0.0061128557541258784 0.12924381405688257 0.1568571426078446
v 0.0029246283300682005 0.10987929713856599 0.1565426492628218
v 0.009817257177715796 0.08969034360551527 0.15692893533826213
v 0.016379430423105648 0.06935281125898533 0.15746576580227006
v 0.021875106470088505 0.048628654816756475 0.15808136274225065
v 0.025381341643936475 0.0276224920719662 0.158814651103827
v 0.023453392644093178 0.006278360086849519 0.15934182069538969
v 0.019993185420574502 -0.01489281238012917 0.15948932373108188
v 0.016222233377754733 -0.036036093549499666 0.15953075069037348
v 0.012435506372018056 -0.057169889820523435 0.15953261821457765
v 0.008494196209990637 -0.07826082607430641 0.1594585635273662
v 0.00475146692670861 -0.09938103081650519 0.15941595883118825
v 0.0009509484137249068 -0.12050244356306297 0.15931069822596108
v -0.0026598967810301296 -0.1416525711681381 0.1592416622915861
v -0.005818017117325522 -0.16290294814833542 0.15926150334217315
v -0.009109298824700119 -0.18408278712771076 0.15921198024326755
v -0.011748868734483097 -0.20537126348009924 0.15928670208579715
v -0.014042720649630558 -0.22668460363117734 0.15939022391135038
v -0.015471470672962517 -0.24809628253629068 0.15960489835841118
v -0.016899989458898042 -0.269480448929867 0.15980259893338472
v -0.017163875479296067 -0.29091752484213707 0.16005246679391522
v -0.017060401632666825 -0.31236590664680197 0.16030387701457405
v -0.01681788149169551 -0.33378000695827087 0.16050084559292083
v -0.01590158223983662 -0.35519614048142717 0.16068579961970247
v -0.013982139238700446 -0.3765279534731073 0.16079876338354626
v -0.011921404086600038 -0.3978476062094002 0.16089996123518102
v -0.008988988385954005 -0.41904208482331073 0.16089125260406822
v -0.0062788565404664565 -0.4402401712326598 0.16092938677853785
v -0.003839256406234305 -0.46145644225914717 0.16101850559975645
v -0.001428170941195418 -0.4826568460965435 0.1611166858293261
v -0.00014759333819220228 -0.503940195736766 0.16135472162888753
v 0.0010001350810418996 -0.5252171717950184 0.16160372595323202
v 0.0014933680251842183 -0.5464994560943712 0.1619214862909254
v 0.0019015987824948454 -0.5677736002918785 0.16225138125941796
v 0.08372650163657086 0.34770666419428664 0.17700494545631876
v 0.06575891795789857 0.3363220050633752 0.1767539074486402
v 0.047264865565658 0.32583672639230654 0.17597965219365858
v 0.028765221590333328 0.31536770945789727 0.17519890426881518
v 0.01016055723501203 0.30514895864919955 0.17424434388834578
v -0.009773262846776603 0.29903490753885853 0.1707424573559329
v -0.02450918864584752 0.2863437721859463 0.1707502756304991
v -0.03836975061152872 0.2703819240135394 0.17278685944078667
v -0.046858872878475705 0.25123859542356786 0.17550291552960606
v -0.04070431745753854 0.23087874467407873 0.17650354394348114
v -0.033121902751600305 0.2109231502943429 0.1769176322511627
v -0.02468585802498405 0.19129753035964575 0.17695760170560876
v -0.016233801150397013 0.17163916838377538 0.17694281852472651
v -0.007766991185796807 0.1519895436082161 0.17691378640829195
v 0.0008924853260170165 0.13242110654203537 0.17675634158153047
v 0.008987704058860669 0.11265048863666129 0.17677083814082406
v 0.01438993180030916 0.09190032375848134 0.17761488036876766
v 0.020216258651427906 0.07130106047504972 0.17834723391594634
v 0.022745710708309247 0.050255859529549446 0.17901714418504677
v 0.021504203302587507 0.028807758710074006 0.17976029266231933
v 0.018589230098401646 0.007535012768827895 0.18005721593270183
v 0.014847160901979895 -0.013656070320120301 0.1801345574160888
v 0.011003959405983421 -0.03482056025991267 0.18016049442287202
v 0.006930904657367339 -0.05594488418122432 0.18007919592135085
v 0.0031170274337964142 -0.07709682903838762 0.1800472955211918
v -0.0009205621123547273 -0.09821774123876022 0.17991137026986445
v -0.004902928064675699 -0.11933683893799808 0.1797575498781559
v -0.007970828521054081 -0.1406137746270105 0.1798440051170348
v -0.011061468184299298 -0.16188201799034893 0.1798833243583981
v -0.013978116388524222 -0.18316833237809083 0.1799216096342498
v -0.015438017903401744 -0.2046240965418637 0.18021890934333212
v -0.016524659050296906 -0.22608368471289192 0.1805213455938694
v -0.0175448502059436 -0.2475412907596598 0.18078861344300584
v -0.018246543471150425 -0.2689975536615981 0.1810489023311433
v -0.017711746756303173 -0.29046847197107084 0.18132978807745614
v -0.017614779689328123 -0.31194521875010883 0.18158396206894334
v -0.015591279016688102 -0.33332020375209437 0.18170895974119292
v -0.013548539915452618 -0.3546777270160804 0.18183084345583128
v -0.011363959715356212 -0.3760020943261467 0.1819255490961587
v -0.008730156992726187 -0.3972569571264451 0.18195502006052527
v -0.006065270732201003 -0.4184918440943708 0.18198522979575202
v -0.0034429641619430043 -0.43970379691400663 0.18203871717152018
v -0.0010025730306828812 -0.46092085458926846 0.182123740510521
v 0.00041948516206329376 -0.4822127887238685 0.1823514825594167
v 0.0015181134542938191 -0.5035088789546873 0.1826100817496434
v 0.0019071263144310186 -0.5248140199743658 0.1829363585988577
v 0.0022080792986270753 -0.5461046649914059 0.18327674328678617
v 0.002312484181959677 -0.567379214849395 0.18364355265531057
v 0.07871833639954409 0.3552933387725693 0.19642431999609866
v 0.060284461272124445 0.3447344466189307 0.1956775613665881
v 0.04171459177738621 0.3344163902299808 0.19478622532199957
v 0.023206835786680015 0.32396647244512505 0.1939915791879454
v 0.0036325707723716635 0.31606820521265694 0.19139154820572438
v -0.015789460387219442 0.30770957012952105 0.18926992961868871
v -0.028332076936456976 0.2920879441776342 0.1909162273001392
v -0.039813127770504775 0.2743926088447846 0.1936333807843151
v -0.03975642145931321 0.2546542851686963 0.19539634502777362
v -0.033909871811320755 0.23418594637479173 0.19652129164178697
v -0.025973638713864662 0.21433813195797197 0.19677867916567776
v -0.01751983171596805 0.19466965444164422 0.19678124982156503
v -0.008656077809988765 0.1751556805371303 0.19657235299865802
v 4.0868667896357905e-05 0.1555782573787538 0.1964368537109662
v 0.007885972835842203 0.1355964052932947 0.19667212720597393
v 0.014149114735283365 0.11519093092593682 0.19727603355851037
v 0.019183126518370865 0.09431251547236474 0.19825095710054244
v 0.020705538778534916 0.07300359355436138 0.19927339204154143
v 0.019009776438324355 0.051509069437673555 0.19997255659925567
v 0.016927074866637852 0.030110286375692057 0.20052336502787035
v 0.013123468295273869 0.00887440209787654 0.20062295795973467
v 0.008695125826193322 -0.012204256965179258 0.20047313733095823
v 0.004421659030146042 -0.03333392699544395 0.20035626545667423
v 0.0004511669865473729 -0.05452041543266589 0.20032211972670338
v -0.0035104634632482836 -0.07569300323591574 0.20024343006215056
v -0.007497752415631163 -0.09686103906972414 0.20013722233275252
v -0.010528746173094263 -0.11818160216110427 0.2002497075496207
v -0.013335926495925559 -0.1395495606479126 0.20042484203586994
v -0.015336858413750865 -0.16096014998139369 0.20068410390475155
v -0.01639502095534431 -0.1824511363433337 0.20106686766578014
v -0.017963626272145837 -0.2039476941728505 0.20135008293306486
v -0.018824000954255633 -0.22545759644943258 0.20166862322901496
v -0.018686696154714542 -0.24697991758942112 0.20201109979899703
v -0.017939294960582726 -0.2684849368337231 0.20231607153479875
v -0.016732176637926886 -0.2899545305989204 0.2025560076893467
v -0.014621838544758518 -0.3113422493034309 0.20266419556352305
v -0.012469264748896782 -0.3327173262786176 0.20276886271148623
v -0.010365257974733862 -0.3540766854782501 0.20288127189426797
v -0.007876958471882082 -0.3753773260140756 0.20292885790796397
v -0.005377633053298922 -0.3966478292685872 0.20298200586541587
v -0.002829213928143876 -0.41790484331756184 0.2030308728403202
v -9.670023891601232e-05 -0.4391085059241274 0.20306414119223873
v 0.0012297906397421112 -0.4604275586546349 0.20330502719691518
v 0.002226867656041884 -0.48174661098547095 0.20357801729975425
v 0.0026863598237657177 -0.5030666720690051 0.20389966470397047
v 0.002816274078426137 -0.5243833712727638 0.20425094937159685
v 0.002763029224431823 -0.5456770220262305 0.2046391132718316
v 0.0027101347996887105 -0.566962527331331 0.20502738415831678
v 0.0731334417764658 0.36386481317374986 0.21527295209383002
v 0.054711624155514185 0.35329584074013876 0.21453092252828004
v 0.036076919828622996 0.34314433773317127 0.21351154719485704
v 0.01664930909654539 0.33491838996739043 0.21111648847033454
v -0.002879293257507188 0.3269386961971945 0.20858941912211895
v -0.02016969945489797 0.314793949361115 0.20866062127009796
v -0.03132283311064596 0.29743782856207607 0.2113460268161183
v -0.03927808407405605 0.27855591159894355 0.21438514809623344
v -0.03320545665948265 0.2580584580726385 0.21546096967612094
v -0.02701713066598753 0.2375833667619192 0.2164943321107629
v -0.018584955394986176 0.21791425698729847 0.21650875903163003
v -0.009396286261712888 0.19851568340891365 0.21615467398878313
v -0.0005768650914892951 0.17894338397538562 0.215966981678887
v 0.006912052975871844 0.1588757607548933 0.21625146812893908
v 0.01349260414110106 0.13843284385088273 0.2169388686605922
v 0.016139855042807898 0.11714742961510852 0.21819617183379378
v 0.017773278053476414 0.09585970135555794 0.21926998097646136
v 0.01727173750804875 0.07435308858465417 0.22025555618416515
v 0.01484498180956241 0.052913208410625766 0.22077610529382555
v 0.010351992184871109 0.03174402663608055 0.22067490308950122
v 0.005801478378222286 0.010624422506693348 0.2205319172115953
v 0.001233256011321445 -0.01045962246558702 0.22035290326802148
v -0.002396151648750537 -0.031778395583893705 0.2204841404851962
v -0.006343678806059388 -0.052982137093339134 0.2204595662787826
v -0.009861072553549463 -0.07430642076568039 0.22052748840807906
v -0.012518442463968955 -0.09571341168794016 0.22076669117548797
v -0.014738598000000564 -0.11718415581075689 0.22110492248146796
v -0.0165933343257713 -0.13864429287384805 0.22141555900721155
v -0.017548728711439227 -0.16022559850414347 0.22185036114250542
v -0.018806046936501435 -0.18173979382669886 0.22219880518364835
v -0.018710629821722183 -0.2033072774731255 0.2225845624944543
v -0.01770049535401208 -0.22486564285649166 0.22292738043293542
v -0.016937508651419388 -0.24638354650568656 0.22322346247619448
v -0.015703076371229783 -0.26789373728437393 0.22348719613181303
v -0.01387536169958093 -0.2893429091354378 0.22364594879049907
v -0.011658290624649516 -0.3107374116590045 0.22374652518541624
v -0.009323802102848465 -0.3320997580713956 0.22381906335827437
v -0.006752658770465431 -0.35342711736158655 0.2238489988835527
v -0.004262808944201298 -0.37473698793258414 0.22390539922017796
v -0.001382233398694126 -0.39597242704656177 0.22388502021943515
v 0.00104165272272348 -0.4172408727813156 0.22396236416341064
v 0.0024227114606814224 -0.4385844303676485 0.22420551322744312
v 0.0035654217111661867 -0.4599197286347308 0.224472863098432
v 0.0038222390714463075 -0.48126639192280224 0.22481458839311674
v 0.0036803191961990497 -0.502610132478146 0.22518981174919597
v 0.0035007609534889895 -0.5239248384333663 0.2255725580015639
v 0.0032639541870416464 -0.5452248833875222 0.22597552591228703
v 0.003077492910558842 -0.5665071442230164 0.22639529871999317
v 0.06731108835529316 0.37284176263474994 0.23388659041876597
v 0.048794035215551035 0.36242971660810563 0.23303026017992662
v 0.029356332205862815 0.3543237314402844 0.23049080015794227
v 0.009944826032333015 0.3460328385888149 0.22813048467655972
v -0.008186717261632174 0.33517281509860386 0.22747911765296724
v -0.02448327821923526 0.3216808321679886 0.22827539857120227
v -0.03269728716214908 0.3023996776411587 0.23198303942187284
v -0.032307190619592495 0.2820433389137227 0.23430540413396828
v -0.026823201614242002 0.26141705703398344 0.23559204730046188
v -0.019155225924065322 0.2414966009176809 0.23593551694506354
v -0.010253680591080068 0.22190208004696743 0.23576727227749678
v -0.0012991566822326281 0.2023919236977961 0.23552176408983055
v 0.0064187051947118415 0.18228276612049707 0.23585193562988097
v 0.011917555964416056 0.16151836959841415 0.23678286845417215
v 0.01654231654335151 0.14049939328799715 0.23793909427976287
v 0.01706458640202079 0.11891966655418894 0.23930693578565537
v 0.014815565415916287 0.09741821703404827 0.2401362177198883
v 0.01154509256497343 0.0760314283772235 0.24057840979890194
v 0.007131686681812105 0.0548167555853112 0.2405365312134345
v 0.0026896128863109275 0.03363675732579596 0.2404685891426783
v -0.0018865606844955193 0.0124703702987915 0.2403147232909019
v -0.0059108550760193015 -0.00879325546570624 0.24033964357335486
v -0.00938837913809306 -0.030166588135733773 0.24054405364668885
v -0.012504064966199185 -0.05155291397356391 0.2407452658933654
v -0.014085377443606198 -0.0731490685633934 0.2412735153486068
v -0.016184227245857594 -0.09468048918458591 0.24167593358411316
v -0.017701025698945994 -0.11625327322037268 0.24210711313439431
v -0.018240213925501007 -0.137874171756484 0.24260883636087793
v -0.01836253839778991 -0.15949005387450843 0.24306342147637056
v -0.018299186102962627 -0.18109539852834017 0.24347304265435799
v -0.017103687847318815 -0.20265453102791647 0.2437569537864201
v -0.016126996415533928 -0.22422575130053346 0.2441114705583018
v -0.013977979439498672 -0.24569804193795783 0.24424193619784126
v -0.011900554790446119 -0.2671670489192968 0.24438935713830529
v -0.009635942446321336 -0.2885928636425956 0.24449267497054972
v -0.007155238980711824 -0.3099710266921844 0.24453847253892347
v -0.004522135929143852 -0.3313150226804203 0.2445479624366801
v -0.0020678314866415266 -0.3526515930777139 0.2446073765303965
v 0.0003635364600816019 -0.3739778342232162 0.24467654031845576
v 0.0025795503303859425 -0.39529804101935817 0.24478616454641833
v 0.003682247075473953 -0.4166836634043037 0.24507732876384047
v 0.004697198512335387 -0.43805562010735444 0.24536514958546685
v 0.004856695405523758 -0.45943455564632657 0.24572383894726582
v 0.004583311461708744 -0.48079142323906343 0.24610258355785353
v 0.004379327386308394 -0.5021361359964288 0.24648705614909155
v 0.00396960311473098 -0.5234523036387492 0.24689529646033753
v 0.0036584989373442648 -0.5447556794637453 0.2473147903192278
v 0.003432378582111768 -0.5660358288446034 0.24775665974399863
v 0.061180094850049715 0.3823123677209731 0.25219959285091675
v 0.04241359326481884 0.37245095625947183 0.25090925962020416
v 0.022883095718191276 0.3645140930178984 0.24823031654483257
v 0.0035312581164877958 0.3562821545128205 0.24571357803058397
v -0.01369546561207227 0.34378205848879034 0.2461203592391575
v -0.022859738112865142 0.3253058980437602 0.24927093553245067
v -0.02966965213379541 0.30536826400826184 0.25293183580727385
v -0.02749169448392956 0.28519085349398177 0.2547985996916432
v -0.019380497706665258 0.26534355521895986 0.2551259029723456
v -0.010083850460844377 0.2459704050844293 0.25474977797808507
v -0.0014670938610732223 0.22618826927047941 0.254758519168711
v 0.006515720626880777 0.20621335851871872 0.2549635102072773
v 0.01074622167422241 0.18506210904601034 0.25637301584168093
v 0.013813161435388084 0.1636732660164873 0.2577920404659675
v 0.012789617730175663 0.14234080285641396 0.2586079928119264
v 0.011010380646905007 0.1208053544385384 0.2596456837536551
v 0.007481280226819184 0.09938120760811558 0.260033498831523
v 0.0038600389024027724 0.07803976517956246 0.2603308527592712
v -0.0005467766744610336 0.056810207043591965 0.2602965662077989
v -0.004915851189675405 0.03555082986376508 0.26026742171199874
v -0.008066139119764809 0.01410826456956482 0.2605645079760057
v -0.010821197635871799 -0.007418579033793766 0.2609939570894332
v -0.013422256305179469 -0.0289070998243198 0.26131820570154446
v -0.014503034729073978 -0.05059926868745438 0.2619090020892781
v -0.01654078366721813 -0.07217942556056225 0.26239067977659136
v -0.017586020061253524 -0.09381330831652909 0.26287883097946496
v -0.017583523150783136 -0.11547051745070908 0.2633742847645247
v -0.017632511985674837 -0.1371140574548651 0.2638749851194518
v -0.01731410483584602 -0.15876620070589628 0.2642931760521058
v -0.01556143452659628 -0.18035564691961148 0.26453872891179026
v -0.01362035712964994 -0.201890043949093 0.2647401939831725
v -0.01154620247127195 -0.2234055234157255 0.2648861572411563
v -0.009344959777640265 -0.2448801942016165 0.26500425695813945
v -0.0071368446394626025 -0.26634593949634067 0.2651224027233485
v -0.004682046403419463 -0.28776946918043994 0.26518067711044574
v -0.002172104063307379 -0.3091541969315207 0.2652224286923601
v 0.00018516515983684286 -0.33053968551243407 0.2652967455139787
v 0.0021774125387515816 -0.3519341595627639 0.26545442075676967
v 0.004057913526316053 -0.37332402337791176 0.26562672803919385
v 0.005362422403656998 -0.39472889455536053 0.2658859549289941
v 0.006005462904639434 -0.41615007890851086 0.26623780972517214
v 0.005994636970547895 -0.43755401056764803 0.26661121925012343
v 0.005756078895948366 -0.45894497233989384 0.26699687141404643
v 0.005261930447353607 -0.4803083097916778 0.26738798597486246
v 0.004797862438127811 -0.5016483446227127 0.2677959388760714
v 0.004276999710671805 -0.5229738098043093 0.268205423176278
v 0.00401444523727721 -0.5442650855794683 0.26864530765125216
v 0.0037561934384014286 -0.5655530241964022 0.2690915954474917
v 0.05494622131678265 0.3919475246822706 0.2704123833188058
v 0.035729843702764705 0.3830936588452365 0.26834126272630426
v 0.016494068881719472 0.37420111426055197 0.26622415958111745
v -0.0021636546566032784 0.3653011693800745 0.2640361833030689
v -0.015268067604468359 0.34868709962804123 0.2666875514202619
v -0.02441070988159425 0.3300582382075538 0.27007242309848856
v -0.026764184154203226 0.3097757968988324 0.27316480413877187
v -0.018341031724724913 0.28992560874932055 0.27344581697924
v -0.00969577969536165 0.2702181703980654 0.2735465071485121
v -0.0017533705096623993 0.2501493711925915 0.2739164855545121
v 0.005760668308288282 0.22992564556806377 0.27443943507148605
v 0.00923791212632788 0.2086105325099351 0.2759657755972743
v 0.01261236700811321 0.18726799215388168 0.27748020283348784
v 0.010576620234686142 0.16576244366370027 0.2784161733795262
v 0.007560061997914296 0.14423439465393853 0.27914932639617496
v 0.0043311845175914776 0.12273694951782071 0.2797668192117346
v 0.00034320127593779454 0.10136131048195113 0.2799815010386502
v -0.003753908516409878 0.08002381761016586 0.2801324457364055
v -0.008072792793124972 0.05873455258872127 0.2801365456911409
v -0.010243509329261115 0.037085507317879636 0.2807366920485227
v -0.012709716619366453 0.015485766858823007 0.28126794795335225
v -0.01480943025465694 -0.006155577022874992 0.2818301892536634
v -0.015583937876252878 -0.027893096371686632 0.28245734697399455
v -0.016378225287749886 -0.049618798586105885 0.2830808105405905
v -0.01738725302381023 -0.07128804763658914 0.28362104353133777
v -0.017251414588678356 -0.0929984664365135 0.2841300111862017
v -0.01567570426626961 -0.11465994265178277 0.2845130589666457
v -0.014657401769290826 -0.1362900061393824 0.28484427135781176
v -0.012620356886271545 -0.15787762738501954 0.28502731991232616
v -0.010828467480260376 -0.1794681727966585 0.2852632971688782
v -0.008656273746857075 -0.20100610374223843 0.2853891748151333
v -0.006289842147921804 -0.22250267191131284 0.2854742874354294
v -0.003993451363721591 -0.24399853137307229 0.2855802414194416
v -0.0017907347234313409 -0.26547405080561076 0.2857036755646596
v 0.0005226804841059953 -0.28691713180401796 0.2858028420745828
v 0.0026573371456785964 -0.3083639612446809 0.28593990302501493
v 0.00447201490901801 -0.32980417168301823 0.2861336552753418
v 0.006080263886777652 -0.3512575664271191 0.2863699174127263
v 0.006542293350463852 -0.37273155562705895 0.2867266062187138
v 0.00660801212029396 -0.39419835985308027 0.2871213924015561
v 0.006682748294315965 -0.41562871171457066 0.2874981619163646
v 0.006355905984605286 -0.43704831383969356 0.28788963612227536
v 0.0058840420552945865 -0.4584397248296603 0.2882872912165468
v 0.005361237840620705 -0.47980933230085493 0.28868341921546903
v 0.004897946397478705 -0.5011526987327651 0.28909157054637313
v 0.0045388919879062115 -0.5224777049392489 0.28951553944336983
v 0.004312867770837809 -0.5437775571494121 0.28996572582854296
v 0.004069651356270001 -0.5650663897916051 0.2904177227108141
v 0.04826273955436906 0.40246211669803733 0.2879924583976322
v 0.02908141834663411 0.39356831737850506 0.2858761390902689
v 0.009877227724225935 0.3845753715612917 0.28380506767580205
v -0.006734742274707087 0.37271101873930423 0.2834307672880986
v -0.01589346745052332 0.3537143859199405 0.2872507295984457
v -0.02501981538924899 0.33479249105116365 0.2909845112306841
v -0.017031191749501066 0.3148382543926736 0.2915467854819491
v -0.009164304620756002 0.29477162013150143 0.29211963782519773
v -0.001780275849610069 0.27443034653667564 0.2928934685382455
v 0.005649020951256848 0.2540887671319861 0.29355639168371783
v 0.008328518492103495 0.2326040381496317 0.2953648796124314
v 0.0101164704406569 0.2111309653318016 0.2968296341740779
v 0.006895187742690461 0.1895518169172698 0.29766256030727456
v 0.003901024012021867 0.1679725028677898 0.29850652937469163
v 0.0004385010763995837 0.14640944105405865 0.2990648941351278
v -0.0029978513412559204 0.12486660762306043 0.2996250575379473
v -0.006812502138416016 0.10334930242457233 0.2999279828847185
v -0.010839439053496595 0.08196587109102303 0.3001038055461487
v -0.013072151164002016 0.06024992588665175 0.30075662349694066
v -0.014634962773798835 0.038515196334042316 0.30148983202073865
v -0.01610569019152499 0.016769595040655998 0.3022417520690212
v -0.017166178344707343 -0.005011319002791893 0.3029144706433714
v -0.017111559372442468 -0.02678949152036263 0.30351692745008174
v -0.016045126035017905 -0.04855644816390927 0.3040354852010575
v -0.01488687975031747 -0.0703067195382666 0.3045284256838027
v -0.013157587491341367 -0.0920276533871314 0.30486453525508406
v -0.011929488491083077 -0.11373077200487895 0.30532801443030744
v -0.009799494632264413 -0.1353599731843309 0.3055109690223019
v -0.00764632158584623 -0.15695624739321645 0.3056786807718726
v -0.00542681281068877 -0.1785309780838118 0.30581375004632105
v -0.002835138519975271 -0.20003968893663174 0.30583187900963354
v -0.000495263744620609 -0.22155454774598943 0.30592811898409855
v 0.0017829755756798948 -0.2430694432915603 0.30604325844991753
v 0.0034898037479233254 -0.2646064640149269 0.3063019670229365
v 0.005414190954121099 -0.2861026691959724 0.30649764354833203
v 0.0064584504112429365 -0.3076503930369461 0.3068169083486546
v 0.006811512053365091 -0.32917353972342533 0.30720623952062787
v 0.007155631164652743 -0.35069504784805994 0.307595550148092
v 0.007329109590937452 -0.37218639447824686 0.3079879072450168
v 0.007218209783613029 -0.39366960066545 0.3083844444521042
v 0.006809179840897418 -0.4151117406763659 0.3087786398993536
v 0.006358743488203902 -0.4365390323856032 0.30917325310525223
v 0.005824091712133661 -0.45793059952934584 0.30957343717607844
v 0.005372742074915807 -0.47930268679589844 0.3099767016893602
v 0.005002601993520492 -0.5006565781151955 0.3103878436353366
v 0.004782665009115777 -0.5219729022851135 0.3108269043674353
v 0.004561940078693928 -0.5432870942849964 0.3112674052307912
v 0.004371614209570331 -0.5645704483036835 0.3117309147940409
v 0.04146092859773416 0.4132081609751713 0.3054060136102603
v 0.022380677982590032 0.4040542960634207 0.303481972338682
v 0.004677435314832987 0.3922672259658476 0.3030779418403
v -0.011772148332357568 0.3798133838766322 0.3030730585983312
v -0.018852038695299354 0.36000125293006696 0.3074883028884346
v -0.0157032889977956 0.339834993358515 0.30953909059156604
v -0.008028433927412221 0.3196929841660951 0.3103531535274549
v -0.0015265695033825268 0.2990212713587034 0.3116075204684529
v 0.003879707846598738 0.2781972607942085 0.31283978564879555
v 0.005851777276419151 0.2565785719362735 0.314680145260769
v 0.006780819164242302 0.23509376036757154 0.31607814953733177
v 0.0032139494052544214 0.21353995757092076 0.316806602555538
v 7.058364931465688e-05 0.19191769710014928 0.3176728751606736
v -0.003277354218365702 0.17025470745299276 0.3183624397635202
v -0.006784002399520277 0.14863941958947047 0.3189283203578744
v -0.010432718105272656 0.1270349153811536 0.3194142323357988
v -0.013018185202747522 0.10537347392300095 0.3199978868469078
v -0.013723109669607637 0.08348551448814427 0.3208777971565714
v -0.0146997233581226 0.061623035074137675 0.3217278542510534
v -0.01450921685358536 0.03973042008326865 0.32250304403720376
v -0.014808359723380057 0.01792767715157089 0.3232101772815891
v -0.013649518323940025 -0.0039045551380256192 0.3237303631274334
v -0.012121940608037146 -0.025688485632529567 0.3241546769218431
v -0.01105583789862987 -0.04746608951338641 0.32467617462306503
v -0.009302035085171724 -0.06923098881580629 0.3250121389249229
v -0.007597406212907762 -0.09095372221347506 0.32535575101054237
v -0.005734333399928741 -0.11265293439737914 0.3256422599117655
v -0.0035881153975908333 -0.13430637918782531 0.32582541309439106
v -0.0013459390521574856 -0.15591003639769568 0.32596989251987163
v 0.0007203806017307224 -0.1775231081850249 0.3261545797883244
v 0.002602528857190041 -0.1991216130455987 0.32637140770211975
v 0.0040736497155224715 -0.22075347137642432 0.3266929241920269
v 0.005368370071878315 -0.24233639638676144 0.3269812401852117
v 0.006524256140238287 -0.2639203787960719 0.32732178831562214
v 0.007295575057646213 -0.2854839838013743 0.3276645625291422
v 0.007157869120749959 -0.3070818493741313 0.32807743581178145
v 0.007435492692560358 -0.3286306668654391 0.32847417726810535
v 0.0075365556265285984 -0.3501583434947334 0.3288671147315908
v 0.007338844425223203 -0.3716627080466369 0.3292646616390821
v 0.007052476027706348 -0.3931367651477119 0.3296611003050015
v 0.006592468560309944 -0.4145947653040091 0.3300564453450734
v 0.006093971502765916 -0.4360230552432667 0.3304540524453629
v 0.0056879852536673384 -0.4574221952305853 0.33085711721494127
v 0.005387134165199365 -0.4788044555340662 0.33126521095277806
v 0.005143934725892629 -0.5001593766666539 0.33168391275757714
v 0.00497555822241345 -0.5214836843167385 0.33212363439684356
v 0.004798384329350765 -0.5427888049480644 0.3325716825299529
v 0.004670551758528562 -0.5640720573507048 0.33304070255915585
v 0.03441844256743818 0.424496123843605 0.32245070592984193
v 0.015862894861911447 0.4140540972417508 0.3214571721799101
v -0.0012895119614613438 0.40127690703497965 0.32163463017449645
v -0.013003476316098578 0.3861141677942338 0.3227662660625021
v -0.013812731046366978 0.36506082906233717 0.32710447561261263
v -0.0070184209238225975 0.3447354452760643 0.3284182552313442
v -0.001998471324769019 0.32379731369018905 0.33009915900875203
v 0.0019494868846640177 0.302522505328982 0.33203558389633664
v 0.004581288786428867 0.28085690513115813 0.3339855822880669
v 0.0041701080449602825 0.25920117048464797 0.33543746351787745
v 0.0003180641979579264 0.23757103111522881 0.3361720092114069
v -0.00389065436071794 0.21605585610638303 0.3366945992208536
v -0.006481569503245235 0.19425703486910922 0.3377203828782711
v -0.009997865989761497 0.17255502963316674 0.3383660296185384
v -0.011549093789876147 0.150635625947744 0.3392881100891466
v -0.01263130974712476 0.12872186381649095 0.3402674835586155
v -0.013352216926067344 0.10676808600388538 0.34118522256250494
v -0.013523714809763256 0.08482031084855236 0.3420230602901909
v -0.012333748173666451 0.06289958891006675 0.34266528777582383
v -0.011555028811019455 0.04100233341165645 0.343353427589124
v -0.009969659745746443 0.019100910739519854 0.3438207286508929
v -0.008369796077446617 -0.0027285822951733977 0.3442595166893567
v -0.007047130462116227 -0.024564980862618553 0.3447619858354117
v -0.005051905577979616 -0.046334518260467625 0.3450277185286822
v -0.0033176852685154945 -0.06811604798952826 0.34537591080940866
v -0.0016573081278005418 -0.08986769202292488 0.3457398308130873
v 0.0004771882563657585 -0.11156996132123208 0.3459481636481401
v 0.002166391819093531 -0.13327658687670196 0.3462490972186135
v 0.004006480573409791 -0.15496441341262732 0.3465255056920221
v 0.005345396419552766 -0.17664979955599025 0.3468728442272739
v 0.006296879900478733 -0.19833795165332713 0.34728391166782374
v 0.006940618193850516 -0.2200140211797454 0.3476893478654909
v 0.007627370387705361 -0.24166960014938346 0.3481030237849054
v 0.008006586815974921 -0.26331075495414086 0.3485116136403859
v 0.007982648065347044 -0.28491676019175444 0.3489255331241013
v 0.00785728783025698 -0.3065133057113166 0.3493379632749083
v 0.00783247278155497 -0.3280738638387716 0.34974012547259736
v 0.007435735655419824 -0.34962357896734453 0.35013984996433367
v 0.006979679712829517 -0.3711342736737714 0.3505338220190015
v 0.006577160670868374 -0.392616106764355 0.35093151897208374
v 0.00615560265100089 -0.4140830624495746 0.35132888377432114
v 0.005836863801829116 -0.4355151363041272 0.3517302638793093
v 0.00563432315436318 -0.45692401283642803 0.35214050293755905
v 0.00537772264232101 -0.47830642147574504 0.3525507066514386
v 0.005242763693196036 -0.4996589611248845 0.35297751882686723
v 0.005123217029458463 -0.5209923408737804 0.35341403891419093
v 0.005049051059431742 -0.542296715898875 0.35386682181317214
v 0.004945568176775437 -0.5635872935339921 0.3543300639079143
v 0.027327826951937598 0.435892458204845 0.3394216339922046
v 0.009726718222390976 0.4239639286914856 0.339543944967465
v -0.0072196071889882585 0.4108245097969487 0.34011452414303694
v -0.008043877673666343 0.39083086129391115 0.34311010785209495
v -0.006671790954021588 0.3697369653128485 0.3466583926049626
v -0.0016476592526253233 0.34881885667344226 0.3486367268016358
v 0.0007991377291294334 0.32727036256372044 0.3509355973704831
v 0.003319819629006366 0.30565468304494686 0.35304836475219803
v 0.0011516670594965929 0.28380926608352064 0.35438624154193654
v -0.0029864880967466613 0.2620513631344247 0.35519971097466957
v -0.007151734740265994 0.2403977886364225 0.35586548764664144
v -0.008176897124384278 0.21830185055878565 0.3571980732653866
v -0.010323855968749742 0.19637302323260875 0.3583068269691887
v -0.010878943755870464 0.17425766637529064 0.35940935819697073
v -0.011865118705397793 0.15225676137690086 0.3604350873906985
v -0.010696914683565994 0.13020418246037102 0.36117645307172014
v -0.009546421830370865 0.10818682884901715 0.361886839325669
v -0.008461368649553524 0.08621074383263092 0.3625854457671941
v -0.007243051229477517 0.06421490221038158 0.36322551043948
v -0.005602215543702631 0.0422812250761162 0.3636943456614334
v -0.004021888115005804 0.020376309815452506 0.364164296634229
v -0.002427524079084941 -0.0015029750148294776 0.36461835049276675
v -0.0009275522497084234 -0.02337962065250439 0.3650652306024878
v 0.0006359969994071772 -0.045221942269206575 0.3654538257285769
v 0.001955547531087609 -0.06705875748863192 0.36591226866689197
v 0.0034609007226610814 -0.08886105967325249 0.3663137787681766
v 0.004704593061522313 -0.11065785725264607 0.3667416557865263
v 0.006220550138099338 -0.13241681936513378 0.3671019077579113
v 0.006741112388994389 -0.1541801633919034 0.36754555843633263
v 0.00708470959011063 -0.17594050105610393 0.3680217636968857
v 0.00749724428104395 -0.19767547412344177 0.36847360713164856
v 0.00798936567873223 -0.21936904999479712 0.36891322923919984
v 0.00801344257540455 -0.24105982955518823 0.36934808382252027
v 0.007860347020674577 -0.26272213236426556 0.3697753934556635
v 0.007803894706578564 -0.28434627023021464 0.37019046023200486
v 0.007536040432659984 -0.3059647896455088 0.3705979726443567
v 0.00714480275832618 -0.3275332597689805 0.37100018128402834
v 0.006770992238276646 -0.3490912519565132 0.37140106321130634
v 0.006448709464603759 -0.3706158483663152 0.37180024811480283
v 0.006194789319544271 -0.3921047906456884 0.3722026182374618
v 0.005892842616328772 -0.41357490851649814 0.37260354364766934
v 0.005748741719756235 -0.43501848554122013 0.3730072343579909
v 0.005563008513798015 -0.45642888839101287 0.3734193835515793
v 0.005487376086983085 -0.47781510324370563 0.3738363743065197
v 0.005384885856214067 -0.49917337323272076 0.37426136941957827
v 0.005335117887684244 -0.5205055244356982 0.3747009346511343
v 0.005279484276371156 -0.5418056002925735 0.37515812654143166
v 0.005215800908530604 -0.5631052548371103 0.37561534043421263
v 0.020456458518629733 0.44679060506222323 0.35695464266430543
v 0.0036027547070598266 0.43395728007446943 0.357586616628935
v -0.006329038679160926 0.41680595719664265 0.3603206147887526
v -0.0041293966544576404 0.3956034079697801 0.3636283947902092
v -0.0015663812713637556 0.3743817310553444 0.36669676983099914
v 0.0010520194696141722 0.3528222015999681 0.3692633715691042
v 0.00010498805197117636 0.3307750863711609 0.3714325187989407
v -0.0016812461479461494 0.3087916295321016 0.37317117098851327
v -0.005283469824801184 0.2867163994740656 0.37436775288673435
v -0.007884684131438236 0.2647662517747573 0.37544175106277444
v -0.0076954095296540865 0.24247735684013844 0.37686316692721034
v -0.009453509426437749 0.22035160744359622 0.378186340471763
v -0.008926156797449583 0.19810917863933303 0.379220890782111
v -0.008289758411801126 0.1759473362633652 0.3802057988920609
v -0.007072497256303758 0.15379548069912424 0.38100285684856294
v -0.005725248753164918 0.1317112684299655 0.3817335184231172
v -0.004529698758226713 0.10964344108033397 0.3824421809784685
v -0.0031257397641659265 0.08756178253254902 0.38306885804343116
v -0.001581191088795295 0.06554086157921216 0.38361752364398216
v 4.6598057436559323e-05 0.043562722036782915 0.3841125301214729
v 0.0010235473792216904 0.021557345139767068 0.384739044293526
v 0.0022657022669350744 -0.0003947308421047733 0.3852851956163574
v 0.0037229417308313356 -0.022303303455189563 0.3857445904822448
v 0.004844772311552094 -0.044221667109017725 0.38621719827603884
v 0.006092989425533583 -0.06610165334613755 0.3867278261294525
v 0.0067058453927161124 -0.08797166787135041 0.3872486822081781
v 0.006923862815329104 -0.10985374992453903 0.3877799582010794
v 0.0070452505716967866 -0.13168816541467307 0.38828532002268956
v 0.007301038839896324 -0.15349641935654146 0.38877796660317065
v 0.007581284424377963 -0.17528284106083253 0.38925704299785147
v 0.00772903367458237 -0.19703442440624785 0.3897212944715025
v 0.007624932024923896 -0.21876702859919323 0.39016421053106604
v 0.007470190728201549 -0.24047764080098788 0.3906023327524111
v 0.0073648165524504905 -0.26214860113458965 0.391031185708307
v 0.007126764671061721 -0.28380335526431333 0.3914467479567615
v 0.006854111018686092 -0.3054193918780801 0.3918552697821637
v 0.006614272321069402 -0.3270167778986561 0.392264642960235
v 0.006311880208650565 -0.34856885736940835 0.392666680265847
v 0.006147448439086177 -0.3701111945338409 0.3930701214198189
v 0.005970919282425031 -0.39160913835295313 0.39347376520251903
v 0.005871332438109247 -0.4130887366539038 0.3938785970054478
v 0.005753788683505295 -0.4345319025649929 0.39428312092822054
v 0.00569181554692419 -0.4559413035140933 0.39469817639039406
v 0.005619680356173483 -0.4773334793195889 0.39511593721842364
v 0.00558116018341248 -0.49869323320080206 0.39554425240821567
v 0.0055485949557074355 -0.5200265708314283 0.3959831304256969
v 0.005500839995522101 -0.5413330096663874 0.3964370390156716
v 0.0054709003570967175 -0.5626258969698456 0.3968952553012767
v 0.013616411111349409 0.4576175822761928 0.3745679485663689
v 0.001603083128420228 0.4406733725441152 0.3778804289295618
v -0.003795228629617761 0.4217481185200018 0.38113998796071624
v -0.0016039063433696907 0.40047146340033746 0.384311615680142
v -0.0013949212900276676 0.3786202774535713 0.3872673016305921
v -0.0019626120435355665 0.3566719445902296 0.3898329359129191
v -0.00473738887434652 0.33426725706365307 0.391661361537478
v -0.006360778370722611 0.3120239842452261 0.3932147558378559
v -0.006276272999628102 0.2894867922807337 0.39476380893259494
v -0.006590503988804712 0.2670229347740617 0.3963120053931671
v -0.007002276618651469 0.24458861928810186 0.3978272212766072
v -0.005823568753293306 0.2222260197370722 0.39886440482410523
v -0.004608396883633868 0.19992210087536244 0.3998165521836082
v -0.0033293159602177046 0.1776167408503287 0.40070883904214327
v -0.002043846973875929 0.1553937519585451 0.40151364375843474
v -0.0008953699925197756 0.13317686786925487 0.40230721884083287
v 0.0004906886636936935 0.11101832751496779 0.40298663169841376
v 0.0019151750129840334 0.08889597322247692 0.4036238535494766
v 0.0033008293845652402 0.06684350491621806 0.4041845980363191
v 0.0037274440909540628 0.04470615677183689 0.4049264667285103
v 0.00510030835563422 0.02269557337516393 0.4055037878633925
v 0.005570840514195194 0.0006529384898743963 0.4061442511560759
v 0.005910198363942649 -0.021389847325544584 0.4067707874068168
v 0.0064406580191726575 -0.04336219896401542 0.40736808325198376
v 0.006658410088165681 -0.06530765744247963 0.4079319683178463
v 0.006878531722133193 -0.08723060115797503 0.40848370241842846
v 0.007049969365935542 -0.10911880939931243 0.40901158795413145
v 0.007216495501191496 -0.13097935200163613 0.4095240860924968
v 0.007344212196337729 -0.15282836451186319 0.4100240461292676
v 0.0072818715423256485 -0.17463772687740056 0.4104991540488814
v 0.0072204398564182405 -0.19642473702912325 0.4109648501897957
v 0.007091061791307962 -0.21818453096075904 0.4114166905602824
v 0.006966112494650649 -0.23989673090997482 0.411854775806725
v 0.006770693337624785 -0.2615932298565825 0.4122835146459876
v 0.006545428449424021 -0.2832592569854797 0.41270293944801917
v 0.0064260640983480315 -0.30489789849467136 0.41311724184863774
v 0.006281556721388912 -0.32650577815138887 0.4135291658566139
v 0.006198188725729103 -0.3480797878196312 0.4139364694664248
v 0.00607285953225528 -0.36961713407917735 0.4143406823154281
v 0.006007466274787326 -0.3911293513821755 0.41474622828014995
v 0.005928138429835334 -0.41259868405254235 0.41515200375055666
v 0.005860483611666805 -0.43405490154051374 0.41555943679312385
v 0.00581985092446307 -0.45547108275575965 0.41597359713241494
v 0.00579498582282196 -0.4768535925858363 0.416395970632113
v 0.005772684579449188 -0.49821954951336866 0.41682450793005543
v 0.005752989293525232 -0.5195500837648217 0.4172658145279906
v 0.005740167451330113 -0.5408613750682044 0.41771422586516327
v 0.0057238379080643935 -0.5621469220782405 0.4181744042170215
v 0.009231405863901478 0.4661511831642923 0.3940989164648762
v 0.00047735981413106606 0.4473723393336005 0.3984579064804098
v -0.00314742283278208 0.42705965812164615 0.401746948074859
v -0.0022123635347458715 0.4053472972171571 0.40489939135221503
v -0.0031995918231173576 0.38290878746939755 0.40794918884359366
v -0.0035986691644793135 0.3602434467670892 0.41029324750609236
v -0.0038155021750039407 0.33751205415349816 0.41211069159703867
v -0.0037421834627892983 0.3146521078339322 0.41384408432383035
v -0.003595749076147643 0.2919244072351954 0.4154735749517281
v -0.0030640297646245397 0.26930131344361163 0.41689505314958997
v -0.0020777845142820797 0.2467085973759287 0.4181428427311358
v -0.0006655098110825796 0.22417053301366943 0.41921674704432205
v 0.0006031645109672401 0.20175301985451483 0.4201733231539695
v 0.001900276490130998 0.17931441409838456 0.42111262871691846
v 0.0029732914616076083 0.1569857862101678 0.4219924351086438
v 0.003869849442640772 0.13464666434779274 0.4228734723422952
v 0.004488000812086693 0.11239048523132555 0.42366852407240807
v 0.004766180966922169 0.09011338453382708 0.42448978312015984
v 0.005338117549403507 0.06793578266972662 0.4252410609127915
v 0.005925996624304776 0.04577636957389399 0.4259794842226589
v 0.006133011641188698 0.023658966090788724 0.42666061318228404
v 0.006344413848431186 0.0015646785782563054 0.42732853543823685
v 0.006435496406701934 -0.02052232687661666 0.42796354366044387
v 0.006709582135868079 -0.042555861566930274 0.4285795311281442
v 0.006868647568012283 -0.06453007934227672 0.4291536164678498
v 0.00690405145383227 -0.08650390313455072 0.42971342268144996
v 0.006935759986858491 -0.1084288488144364 0.43024677278153467
v 0.006954372739761875 -0.13033987214892861 0.4307631459210598
v 0.006980131639454192 -0.15220384514012986 0.43126227679502094
v 0.006923494542176838 -0.17403367878345666 0.43174513058169806
v 0.006812248632522755 -0.195839788625873 0.4322116629330366
v 0.006704700733681486 -0.21761438496795255 0.43266726265318456
v 0.006552933925514182 -0.2393540004032949 0.4331097607662417
v 0.00645943195973564 -0.2610611956379736 0.4335397722260971
v 0.006409969735566602 -0.2827534372706074 0.4339661915987369
v 0.00630370270926256 -0.3044021082817716 0.43438326467380706
v 0.0062205163084254 -0.32601370448715716 0.4347966633078516
v 0.006152255039771728 -0.34759508710493453 0.43520538807921416
v 0.006106512480885014 -0.3691403980283794 0.4356118818852187
v 0.006057927131107767 -0.3906607122207364 0.4360177164710464
v 0.0060388155785323595 -0.4121370553410384 0.4364235838327
v 0.006021465784015215 -0.43359391364993954 0.43683246876892284
v 0.005996757761542497 -0.4550090020650124 0.43724791162641324
v 0.005980525560941504 -0.47639918523437236 0.4376692116491807
v 0.00597146460872812 -0.49775580520818064 0.43810183493811794
v 0.005960806394991082 -0.5190907698282549 0.4385416644169304
v 0.005958298805969566 -0.5403980983165342 0.43898973461917556
v 0.005946205737858614 -0.5616857238638371 0.4394451276662129
v 0.005069632041477782 0.474476252535615 0.4138042530268569
v -0.0013153597120313953 0.455431174436432 0.41831978585200275
v -0.002287645695102232 0.43259154384659604 0.4221220362362234
v -0.0019024899928325747 0.41034091163474756 0.42524637169921875
v -0.0019276866401599395 0.3876452515052281 0.42812706184643745
v -0.0012090455885356024 0.36382493959130957 0.4304364568094538
v -0.001234236521163182 0.3405154558101756 0.4325492037751363
v -0.0005800741548728129 0.3173734483864847 0.4342851899292173
v 1.0728595894424946e-05 0.2944716018758645 0.4358677208735864
v 0.001223366163684356 0.2715757410785323 0.4372549653395357
v 0.0024420271742681423 0.24877046634558764 0.4385323824975819
v 0.0029644604333522975 0.22603136279902497 0.4398049317969493
v 0.0037208973210370753 0.20347763078097136 0.440901129615855
v 0.004231957755726378 0.1808880285481305 0.4419610066034788
v 0.004619271526131825 0.15835033204381058 0.44297160064759117
v 0.005249007640546389 0.1359396531261225 0.44390926130466446
v 0.005494570515421074 0.11354434052030946 0.44478794835023644
v 0.005796622579910624 0.09125784906816677 0.445604600964699
v 0.006203144339245929 0.06900257038440502 0.4463923808082356
v 0.006329158232355583 0.04672946009011606 0.4471440707645437
v 0.006461784314003616 0.02452728959682445 0.4478545988829489
v 0.006592760308851983 0.0023627894910946954 0.4485338158487914
v 0.006754165751122858 -0.01971129914260197 0.44916721504290935
v 0.006854975644993362 -0.041786597008784815 0.4497931516868869
v 0.006867803313958993 -0.06380968618303759 0.45037638212509545
v 0.00684858506190854 -0.08581714374776941 0.4509432691231074
v 0.006826176098064672 -0.10778859351031764 0.45148199815466017
v 0.006773493785475388 -0.12970452249019002 0.4519987506680322
v 0.006711840301068278 -0.15159947921768505 0.45250346838424804
v 0.006652282020042206 -0.17346143839947073 0.45299279990651176
v 0.006607541485608528 -0.19529139095685097 0.45346277175793465
v 0.006571112556271035 -0.21709115287944483 0.45392443437594626
v 0.006484321478247955 -0.23884697650621717 0.45436799051893495
v 0.006421492742551136 -0.26056502713047547 0.45480135852495546
v 0.006364070576642553 -0.2822504103267915 0.45522753228979596
v 0.0063162873323879525 -0.30392140482371205 0.45565078847390983
v 0.006278151933979146 -0.32554040381623733 0.4560650386469339
v 0.006248250875462746 -0.34712536392440807 0.4564751569761133
v 0.006226986673057735 -0.3686823242663373 0.45688209413398606
v 0.006209359084599549 -0.3902136630046158 0.4572882377993941
v 0.0061942467433366765 -0.4116881323259193 0.4576947065533212
v 0.006180350032362798 -0.43313762013387413 0.4581047330434057
v 0.00617337153903905 -0.45455563532711707 0.4585205313858497
v 0.0061659043659679485 -0.4759494274711914 0.4589423713028324
v 0.00616359646954902 -0.49730332881203976 0.4593759134028267
v 0.006164189021907071 -0.5186335404295196 0.45981628647975437
v 0.0061615780715405365 -0.5399450327646488 0.46026265989816534
v 0.006165793932120786 -0.5612261420424429 0.4607150850068068
v 0.0025001909596089147 0.48667103507393217 0.43171952567851796
v -0.0009606338695509213 0.4649258618048876 0.4372799721932323
v -0.0005949447265670838 0.44072976751790716 0.4409736831318548
v -0.00018528723302126539 0.4164533518272463 0.4446680515625271
v 0.0005151746082446389 0.3918820027881181 0.44785858277059754
v 0.0011431278142523084 0.36777670649253935 0.4503481652216908
v 0.0020478930138205886 0.34387655154064606 0.45248128320506753
v 0.002935629469523607 0.3202052355307513 0.45451116639088096
v 0.0037164623585525785 0.29689951052234576 0.4562411081051534
v 0.0042577475114540225 0.2737530043417106 0.4578028248254391
v 0.004646563355438567 0.25074765039143293 0.4592457162826783
v 0.005165752892048351 0.22791518084417023 0.46055937466661967
v 0.005402044028109258 0.2050116365402623 0.4618354753507409
v 0.005747512376154028 0.1823492470126746 0.46292820570195614
v 0.0060367996727743 0.15975429413329809 0.4639548592560464
v 0.006214756347713477 0.1371459399280601 0.4649806941743408
v 0.006449618972539358 0.1147000303565949 0.4658955097543327
v 0.006532687690870384 0.09228250431214916 0.46674498827630084
v 0.006656447652581868 0.06993457491907859 0.46755277710498655
v 0.006690257445154056 0.04762186287357364 0.46831775439924134
v 0.006769130546715555 0.02537733725017696 0.46904086829881975
v 0.006767181345142988 0.0031611420422705495 0.469735007774585
v 0.00690095911419299 -0.01894683801304964 0.47038109101503633
v 0.00689482343038352 -0.04103670665390509 0.4709998334383483
v 0.006837229692161335 -0.06314707995649477 0.47160202596593104
v 0.006804257140406802 -0.08518854767801663 0.4721720543810132
v 0.006755912119005274 -0.10717082520392018 0.47271749237195937
v 0.006706297884233586 -0.1291151703193154 0.4732401885442512
v 0.006660327224421131 -0.15104546388326281 0.47375068423681554
v 0.0066148668532838295 -0.1729393829240313 0.4742442461965769
v 0.0065609116323229345 -0.19476725055109562 0.4747148775470563
v 0.0065079859913835586 -0.21658208899537307 0.4751801096500164
v 0.006474414717215587 -0.23835341288151693 0.47562754983645456
v 0.006448574096808504 -0.2600969635450327 0.4760652549310985
v 0.006408679668959768 -0.28179391434626766 0.4764933734797452
v 0.006390138335040463 -0.3034574166824145 0.4769160653547452
v 0.0063849850219105855 -0.325102992634938 0.4773353165818196
v 0.006373851711661972 -0.3467054470048291 0.4777471419259305
v 0.0063574583691594615 -0.36825818587654685 0.47815401244799627
v 0.006356391981646034 -0.38978145502110806 0.4785598448155718
v 0.0063531759700144715 -0.4112552225203614 0.4789659554424037
v 0.006346856129457338 -0.4327088980997166 0.479375719180905
v 0.00634688358076708 -0.4541200815997208 0.4797925316310352
v 0.006350705914048477 -0.4755043585267802 0.48021546932471276
v 0.006354214576777461 -0.4968594245078799 0.4806475059477096
v 0.006358914700910255 -0.5181776951172163 0.48109093096690136
v 0.006363964873274833 -0.5394930990620699 0.48153518273203616
v 0.00636630159742722 -0.5607773368388371 0.4819855318658727
v -4.54265e-08 0.499034 0.449557
v 0.0012489737353041522 0.4725739563612002 0.45478129863114286
v 0.0024784608520851226 0.4461799901251186 0.45994022177529303
v 0.0032585346098609916 0.4213064006583255 0.4635949185483138
v 0.0040221187335301315 0.39645720575443905 0.46716278387458005
v 0.004604354075647394 0.3718762960187383 0.4697756991414707
v 0.005178855224319056 0.3473716622685742 0.47233589142588983
v 0.005699217018871508 0.3234009604171677 0.47452702283300885
v 0.006184496823012997 0.29951509223551837 0.4766366374486673
v 0.006494346886997 0.2760534402533419 0.47833862212723066
v 0.006772202826355262 0.2526778688104112 0.47997463641618526
v 0.006928492639866541 0.22962937234731906 0.481359987035508
v 0.007046548716694522 0.2066235138409957 0.48269338062367845
v 0.0070499035834726085 0.18374556920497825 0.4838709031183921
v 0.00706580885144375 0.16094163184483293 0.48500390362007495
v 0.007112195976616477 0.13831744007053046 0.4860287710817841
v 0.0071335911177527606 0.11574153330044851 0.4870037560588026
v 0.007105005814520292 0.09326218973094175 0.4878789830995394
v 0.0070765430634988965 0.07083225002152323 0.48871495513516744
v 0.00704828456616262 0.04848465007891855 0.4894855021622806
v 0.007018827939781504 0.026189559568621186 0.4902266958267928
v 0.006987693824614385 0.0039679870021835425 0.4909267921347167
v 0.006944763998419076 -0.018225114849651433 0.4915924755853017
v 0.006887894666139692 -0.04038457161655046 0.4922174918617673
v 0.006830279807909622 -0.062493513893948374 0.492819018964444
v 0.006771919423728866 -0.08455194168184525 0.49339705689333213
v 0.006720083090166889 -0.10657594390824296 0.4939504856334722
v 0.006673767455499713 -0.12857081497511613 0.49448308989982137
v 0.006626877564805865 -0.15050890044726448 0.4949945373745946
v 0.006579577517674327 -0.1724064273947085 0.49549087382943485
v 0.006545873106458553 -0.19426310360512866 0.4959686997940613
v 0.0065203260767922365 -0.21609526937333431 0.49643541946455916
v 0.006504620266690225 -0.23787876354464227 0.49688648714549655
v 0.006493835413281507 -0.2596379202017871 0.4973297282799078
v 0.0064908527682553015 -0.2813442593991162 0.49775957871145543
v 0.00649108255365106 -0.30302885187982326 0.4981839157422911
v 0.006492874879737983 -0.32466097669516514 0.49860174218691355
v 0.006495188052721962 -0.3462756122887187 0.49901739843613163
v 0.0064962723381429424 -0.36782597795283867 0.4994257860146188
v 0.006497033201380583 -0.38935942887103214 0.4998322606033186
v 0.006505921796753286 -0.4108281931024552 0.5002391525989494
v 0.00651643575519481 -0.4322840214558283 0.5006461280665498
v 0.0065234065504922775 -0.45368355238724045 0.5010651672674278
v 0.006529871179626308 -0.475075040829801 0.5014859298587739
v 0.006538798075955598 -0.496411765902297 0.5019221484985461
v 0.006547948860666026 -0.5177435114655451 0.5023597725218072
v 0.0065569673061441035 -0.5390370852289351 0.5028076631611628
v 0.00656598 -0.560329 0.503256
vt 1.0 1.0
vt 1.0 0.9787234042553191
vt 1.0 0.9574468085106383
vt 1.0 0.9361702127659575
vt 1.0 0.9148936170212766
vt 1.0 0.8936170212765957
vt 1.0 0.8723404255319149
vt 1.0 0.851063829787234
vt 1.0 0.8297872340425532
vt 1.0 0.8085106382978724
vt 1.0 0.7872340425531915
vt 1.0 0.7659574468085106
vt 1.0 0.7446808510638299
vt 1.0 0.7234042553191489
vt 1.0 0.7021276595744681
vt 1.0 0.6808510638297872
vt 1.0 0.6595744680851063
vt 1.0 0.6382978723404256
vt 1.0 0.6170212765957447
vt 1.0 0.5957446808510638
vt 1.0 0.574468085106383
vt 1.0 0.5531914893617021
vt 1.0 0.5319148936170213
vt 1.0 0.5106382978723405
vt 1.0 0.4893617021276596
vt 1.0 0.46808510638297873
vt 1.0 0.44680851063829785
vt 1.0 0.4255319148936171
vt 1.0 0.4042553191489362
vt 1.0 0.3829787234042553
vt 1.0 0.36170212765957444
vt 1.0 0.34042553191489366
vt 1.0 0.3191489361702128
vt 1.0 0.2978723404255319
vt 1.0 0.27659574468085113
vt 1.0 0.25531914893617025
vt 1.0 0.23404255319148937
vt 1.0 0.21276595744680848
vt 1.0 0.19148936170212771
vt 1.0 0.17021276595744683
vt 1.0 0.14893617021276595
vt 1.0 0.12765957446808518
vt 1.0 0.1063829787234043
vt 1.0 0.08510638297872342
vt 1.0 0.06382978723404253
vt 1.0 0.042553191489361764
vt 1.0 0.021276595744680882
vt 1.0 0.0
vt 0.9787234042553191 1.0
vt 0.9787234042553191 0.9787234042553191
vt 0.9787234042553191 0.9574468085106383
vt 0.9787234042553191 0.9361702127659575
vt 0.9787234042553191 0.9148936170212766
vt 0.9787234042553191 0.8936170212765957
vt 0.9787234042553191 0.8723404255319149
vt 0.9787234042553191 0.851063829787234
vt 0.9787234042553191 0.8297872340425532
vt 0.9787234042553191 0.8085106382978724
vt 0.9787234042553191 0.7872340425531915
vt 0.9787234042553191 0.7659574468085106
vt 0.9787234042553191 0.7446808510638299
vt 0.9787234042553191 0.7234042553191489
vt 0.9787234042553191 0.7021276595744681
vt 0.9787234042553191 0.6808510638297872
vt 0.9787234042553191 0.6595744680851063
vt 0.9787234042553191 0.6382978723404256
vt 0.9787234042553191 0.6170212765957447
vt 0.9787234042553191 0.5957446808510638
vt 0.9787234042553191 0.574468085106383
vt 0.9787234042553191 0.5531914893617021
vt 0.9787234042553191 0.5319148936170213
vt 0.9787234042553191 0.5106382978723405
vt 0.9787234042553191 0.4893617021276596
vt 0.9787234042553191 0.46808510638297873
vt 0.9787234042553191 0.44680851063829785
vt 0.9787234042553191 0.4255319148936171
vt 0.9787234042553191 0.4042553191489362
vt 0.9787234042553191 0.3829787234042553
vt 0.9787234042553191 0.36170212765957444
vt 0.9787234042553191 0.34042553191489366
vt 0.9787234042553191 0.3191489361702128
vt 0.9787234042553191 0.2978723404255319
vt 0.9787234042553191 0.27659574468085113
vt 0.9787234042553191 0.25531914893617025
vt 0.9787234042553191 0.23404255319148937
vt 0.9787234042553191 0.21276595744680848
vt 0.9787234042553191 0.19148936170212771
vt 0.9787234042553191 0.17021276595744683
vt 0.9787234042553191 0.14893617021276595
vt 0.9787234042553191 0.12765957446808518
vt 0.9787234042553191 0.1063829787234043
vt 0.9787234042553191 0.08510638297872342
vt 0.9787234042553191 0.06382978723404253
vt 0.9787234042553191 0.042553191489361764
vt 0.9787234042553191 0.021276595744680882
vt 0.9787234042553191 0.0
vt 0.9574468085106383 1.0
vt 0.9574468085106383 0.9787234042553191
vt 0.9574468085106383 0.9574468085106383
vt 0.9574468085106383 0.9361702127659575
vt 0.9574468085106383 0.9148936170212766
vt 0.9574468085106383 0.8936170212765957
vt 0.9574468085106383 0.8723404255319149
vt 0.9574468085106383 0.851063829787234
vt 0.9574468085106383 0.8297872340425532
vt 0.9574468085106383 0.8085106382978724
vt 0.9574468085106383 0.7872340425531915
vt 0.9574468085106383 0.7659574468085106
vt 0.9574468085106383 0.7446808510638299
vt 0.9574468085106383 0.7234042553191489
vt 0.9574468085106383 0.7021276595744681
vt 0.9574468085106383 0.6808510638297872
vt 0.9574468085106383 0.6595744680851063
vt 0.9574468085106383 0.6382978723404256
vt 0.9574468085106383 0.6170212765957447
vt 0.9574468085106383 0.5957446808510638
vt 0.9574468085106383 0.574468085106383
vt 0.9574468085106383 0.5531914893617021
vt 0.9574468085106383 0.5319148936170213
vt 0.9574468085106383 0.5106382978723405
vt 0.9574468085106383 0.4893617021276596
vt 0.9574468085106383 0.46808510638297873
vt 0.9574468085106383 0.44680851063829785
vt 0.9574468085106383 0.4255319148936171
vt 0.9574468085106383 0.4042553191489362
vt 0.9574468085106383 0.3829787234042553
vt 0.9574468085106383 0.36170212765957444
vt 0.9574468085106383 0.34042553191489366
vt 0.9574468085106383 0.3191489361702128
vt 0.9574468085106383 0.2978723404255319
vt 0.9574468085106383 0.27659574468085113
vt 0.9574468085106383 0.25531914893617025
vt 0.9574468085106383 0.23404255319148937
vt 0.9574468085106383 0.21276595744680848
vt 0.9574468085106383 0.19148936170212771
vt 0.9574468085106383 0.17021276595744683
vt 0.9574468085106383 0.14893617021276595
vt 0.9574468085106383 0.12765957446808518
vt 0.9574468085106383 0.1063829787234043
vt 0.9574468085106383 0.08510638297872342
vt 0.9574468085106383 0.06382978723404253
vt 0.9574468085106383 0.042553191489361764
vt 0.9574468085106383 0.021276595744680882
vt 0.9574468085106383 0.0
vt 0.9361702127659575 1.0
vt 0.9361702127659575 0.9787234042553191
vt 0.9361702127659575 0.9574468085106383
vt 0.9361702127659575 0.9361702127659575
vt 0.9361702127659575 0.9148936170212766
vt 0.9361702127659575 0.8936170212765957
vt 0.9361702127659575 0.8723404255319149
vt 0.9361702127659575 0.851063829787234
vt 0.9361702127659575 0.8297872340425532
vt 0.9361702127659575 0.8085106382978724
vt 0.9361702127659575 0.7872340425531915
vt 0.9361702127659575 0.7659574468085106
vt 0.9361702127659575 0.7446808510638299
vt 0.9361702127659575 0.7234042553191489
vt 0.9361702127659575 0.7021276595744681
vt 0.9361702127659575 0.6808510638297872
vt 0.9361702127659575 0.6595744680851063
vt 0.9361702127659575 0.6382978723404256
vt 0.9361702127659575 0.6170212765957447
vt 0.9361702127659575 0.5957446808510638
vt 0.9361702127659575 0.574468085106383
vt 0.9361702127659575 0.5531914893617021
vt 0.9361702127659575 0.5319148936170213
vt 0.9361702127659575 0.5106382978723405
vt 0.9361702127659575 0.4893617021276596
vt 0.9361702127659575 0.46808510638297873
vt 0.9361702127659575 0.44680851063829785
vt 0.9361702127659575 0.4255319148936171
vt 0.9361702127659575 0.4042553191489362
vt 0.9361702127659575 0.3829787234042553
vt 0.9361702127659575 0.36170212765957444
vt 0.9361702127659575 0.34042553191489366
vt 0.9361702127659575 0.3191489361702128
vt 0.9361702127659575 0.2978723404255319
vt 0.9361702127659575 0.27659574468085113
vt 0.9361702127659575 0.25531914893617025
vt 0.9361702127659575 0.23404255319148937
vt 0.9361702127659575 0.21276595744680848
vt 0.9361702127659575 0.19148936170212771
vt 0.9361702127659575 0.17021276595744683
vt 0.9361702127659575 0.14893617021276595
vt 0.9361702127659575 0.12765957446808518
vt 0.9361702127659575 0.1063829787234043
vt 0.9361702127659575 0.08510638297872342
vt 0.9361702127659575 0.06382978723404253
vt 0.9361702127659575 0.042553191489361764
vt 0.9361702127659575 0.021276595744680882
vt 0.9361702127659575 0.0
vt 0.9148936170212766 1.0
vt 0.9148936170212766 0.9787234042553191
vt 0.9148936170212766 0.9574468085106383
vt 0.9148936170212766 0.9361702127659575
vt 0.9148936170212766 0.9148936170212766
vt 0.9148936170212766 0.8936170212765957
vt 0.9148936170212766 0.8723404255319149
vt 0.9148936170212766 0.851063829787234
vt 0.9148936170212766 0.8297872340425532
vt 0.9148936170212766 0.8085106382978724
vt 0.9148936170212766 0.7872340425531915
vt 0.9148936170212766 0.7659574468085106
vt 0.9148936170212766 0.7446808510638299
vt 0.9148936170212766 0.7234042553191489
vt 0.9148936170212766 0.7021276595744681
vt 0.9148936170212766 0.6808510638297872
vt 0.9148936170212766 0.6595744680851063
vt 0.9148936170212766 0.6382978723404256
vt 0.9148936170212766 0.6170212765957447
vt 0.9148936170212766 0.5957446808510638
vt 0.9148936170212766 0.574468085106383
vt 0.9148936170212766 0.5531914893617021
vt 0.9148936170212766 0.5319148936170213
vt 0.9148936170212766 0.5106382978723405
vt 0.9148936170212766 0.4893617021276596
vt 0.9148936170212766 0.46808510638297873
vt 0.9148936170212766 0.44680851063829785
vt 0.9148936170212766 0.4255319148936171
vt 0.9148936170212766 0.4042553191489362
vt 0.9148936170212766 0.3829787234042553
vt 0.9148936170212766 0.36170212765957444
vt 0.9148936170212766 0.34042553191489366
vt 0.9148936170212766 0.3191489361702128
vt 0.9148936170212766 0.2978723404255319
vt 0.9148936170212766 0.27659574468085113
vt 0.9148936170212766 0.25531914893617025
vt 0.9148936170212766 0.23404255319148937
vt 0.9148936170212766 0.21276595744680848
vt 0.9148936170212766 0.19148936170212771
vt 0.9148936170212766 0.17021276595744683
vt 0.9148936170212766 0.14893617021276595
vt 0.9148936170212766 0.12765957446808518
vt 0.9148936170212766 0.1063829787234043
vt 0.9148936170212766 0.08510638297872342
vt 0.9148936170212766 0.06382978723404253
vt 0.9148936170212766 0.042553191489361764
vt 0.9148936170212766 0.021276595744680882
vt 0.9148936170212766 0.0
vt 0.8936170212765957 1.0
vt 0.8936170212765957 0.9787234042553191
vt 0.8936170212765957 0.9574468085106383
vt 0.8936170212765957 0.9361702127659575
vt 0.8936170212765957 0.9148936170212766
vt 0.8936170212765957 0.8936170212765957
vt 0.8936170212765957 0.8723404255319149
vt 0.8936170212765957 0.851063829787234
vt 0.8936170212765957 0.8297872340425532
vt 0.8936170212765957 0.8085106382978724
vt 0.8936170212765957 0.7872340425531915
vt 0.8936170212765957 0.7659574468085106
vt 0.8936170212765957 0.7446808510638299
vt 0.8936170212765957 0.7234042553191489
vt 0.8936170212765957 0.7021276595744681
vt 0.8936170212765957 0.6808510638297872
vt 0.8936170212765957 0.6595744680851063
vt 0.8936170212765957 0.6382978723404256
vt 0.8936170212765957 0.6170212765957447
vt 0.8936170212765957 0.5957446808510638
vt 0.8936170212765957 0.574468085106383
vt 0.8936170212765957 0.5531914893617021
vt 0.8936170212765957 0.5319148936170213
vt 0.8936170212765957 0.5106382978723405
vt 0.8936170212765957 0.4893617021276596
vt 0.8936170212765957 0.46808510638297873
vt 0.8936170212765957 0.44680851063829785
vt 0.8936170212765957 0.4255319148936171
vt 0.8936170212765957 0.4042553191489362
vt 0.8936170212765957 0.3829787234042553
vt 0.8936170212765957 0.36170212765957444
vt 0.8936170212765957 0.34042553191489366
vt 0.8936170212765957 0.3191489361702128
vt 0.8936170212765957 0.2978723404255319
vt 0.8936170212765957 0.27659574468085113
vt 0.8936170212765957 0.25531914893617025
vt 0.8936170212765957 0.23404255319148937
vt 0.8936170212765957 0.21276595744680848
vt 0.8936170212765957 0.19148936170212771
vt 0.8936170212765957 0.17021276595744683
vt 0.8936170212765957 0.14893617021276595
vt 0.8936170212765957 0.12765957446808518
vt 0.8936170212765957 0.1063829787234043
vt 0.8936170212765957 0.08510638297872342
vt 0.8936170212765957 0.06382978723404253
vt 0.8936170212765957 0.042553191489361764
vt 0.8936170212765957 0.021276595744680882
vt 0.8936170212765957 0.0
vt 0.8723404255319149 1.0
vt 0.8723404255319149 0.9787234042553191
vt 0.8723404255319149 0.9574468085106383
vt 0.8723404255319149 0.9361702127659575
vt 0.8723404255319149 0.9148936170212766
vt 0.8723404255319149 0.8936170212765957
vt 0.8723404255319149 0.8723404255319149
vt 0.8723404255319149 0.851063829787234
vt 0.8723404255319149 0.8297872340425532
vt 0.8723404255319149 0.8085106382978724
vt 0.8723404255319149 0.7872340425531915
vt 0.8723404255319149 0.7659574468085106
vt 0.8723404255319149 0.7446808510638299
vt 0.8723404255319149 0.7234042553191489
vt 0.8723404255319149 0.7021276595744681
vt 0.8723404255319149 0.6808510638297872
vt 0.8723404255319149 0.6595744680851063
vt 0.8723404255319149 0.6382978723404256
vt 0.8723404255319149 0.6170212765957447
vt 0.8723404255319149 0.5957446808510638
vt 0.8723404255319149 0.574468085106383
vt 0.8723404255319149 0.5531914893617021
vt 0.8723404255319149 0.5319148936170213
vt 0.8723404255319149 0.5106382978723405
vt 0.8723404255319149 0.4893617021276596
vt 0.8723404255319149 0.46808510638297873
vt 0.8723404255319149 0.44680851063829785
vt 0.8723404255319149 0.4255319148936171
vt 0.8723404255319149 0.4042553191489362
vt 0.8723404255319149 0.3829787234042553
vt 0.8723404255319149 0.36170212765957444
vt 0.8723404255319149 0.34042553191489366
vt 0.8723404255319149 0.3191489361702128
vt 0.8723404255319149 0.2978723404255319
vt 0.8723404255319149 0.27659574468085113
vt 0.8723404255319149 0.25531914893617025
vt 0.8723404255319149 0.23404255319148937
vt 0.8723404255319149 0.21276595744680848
vt 0.8723404255319149 0.19148936170212771
vt 0.8723404255319149 0.17021276595744683
vt 0.8723404255319149 0.14893617021276595
vt 0.8723404255319149 0.12765957446808518
vt 0.8723404255319149 0.1063829787234043
vt 0.8723404255319149 0.08510638297872342
vt 0.8723404255319149 0.06382978723404253
vt 0.8723404255319149 0.042553191489361764
vt 0.8723404255319149 0.021276595744680882
vt 0.8723404255319149 0.0
vt 0.851063829787234 1.0
vt 0.851063829787234 0.9787234042553191
vt 0.851063829787234 0.9574468085106383
vt 0.851063829787234 0.9361702127659575
vt 0.851063829787234 0.9148936170212766
vt 0.851063829787234 0.8936170212765957
vt 0.851063829787234 0.8723404255319149
vt 0.851063829787234 0.851063829787234
vt 0.851063829787234 0.8297872340425532
vt 0.851063829787234 0.8085106382978724
vt 0.851063829787234 0.7872340425531915
vt 0.851063829787234 0.7659574468085106
vt 0.851063829787234 0.7446808510638299
vt 0.851063829787234 0.7234042553191489
vt 0.851063829787234 0.7021276595744681
vt 0.851063829787234 0.6808510638297872
vt 0.851063829787234 0.6595744680851063
vt 0.851063829787234 0.6382978723404256
vt 0.851063829787234 0.6170212765957447
vt 0.851063829787234 0.5957446808510638
vt 0.851063829787234 0.574468085106383
vt 0.851063829787234 0.5531914893617021
vt 0.851063829787234 0.5319148936170213
vt 0.851063829787234 0.5106382978723405
vt 0.851063829787234 0.4893617021276596
vt 0.851063829787234 0.46808510638297873
vt 0.851063829787234 0.44680851063829785
vt 0.851063829787234 0.4255319148936171
vt 0.851063829787234 0.4042553191489362
vt 0.851063829787234 0.3829787234042553
vt 0.851063829787234 0.36170212765957444
vt 0.851063829787234 0.34042553191489366
vt 0.851063829787234 0.3191489361702128
vt 0.851063829787234 0.2978723404255319
vt 0.851063829787234 0.27659574468085113
vt 0.851063829787234 0.25531914893617025
vt 0.851063829787234 0.23404255319148937
vt 0.851063829787234 0.21276595744680848
vt 0.851063829787234 0.19148936170212771
vt 0.851063829787234 0.17021276595744683
vt 0.851063829787234 0.14893617021276595
vt 0.851063829787234 0.12765957446808518
vt 0.851063829787234 0.1063829787234043
vt 0.851063829787234 0.08510638297872342
vt 0.851063829787234 0.06382978723404253
vt 0.851063829787234 0.042553191489361764
vt 0.851063829787234 0.021276595744680882
vt 0.851063829787234 0.0
vt 0.8297872340425532 1.0
vt 0.8297872340425532 0.9787234042553191
vt 0.8297872340425532 0.9574468085106383
vt 0.8297872340425532 0.9361702127659575
vt 0.8297872340425532 0.9148936170212766
vt 0.8297872340425532 0.8936170212765957
vt 0.8297872340425532 0.8723404255319149
vt 0.8297872340425532 0.851063829787234
vt 0.8297872340425532 0.8297872340425532
vt 0.8297872340425532 0.8085106382978724
vt 0.8297872340425532 0.7872340425531915
vt 0.8297872340425532 0.7659574468085106
vt 0.8297872340425532 0.7446808510638299
vt 0.8297872340425532 0.7234042553191489
vt 0.8297872340425532 0.7021276595744681
vt 0.8297872340425532 0.6808510638297872
vt 0.8297872340425532 0.6595744680851063
vt 0.8297872340425532 0.6382978723404256
vt 0.8297872340425532 0.6170212765957447
vt 0.8297872340425532 0.5957446808510638
vt 0.8297872340425532 0.574468085106383
vt 0.8297872340425532 0.5531914893617021
vt 0.8297872340425532 0.5319148936170213
vt 0.8297872340425532 0.5106382978723405
vt 0.8297872340425532 0.4893617021276596
vt 0.8297872340425532 0.46808510638297873
vt 0.8297872340425532 0.44680851063829785
vt 0.8297872340425532 0.4255319148936171
vt 0.8297872340425532 0.4042553191489362
vt 0.8297872340425532 0.3829787234042553
vt 0.8297872340425532 0.36170212765957444
vt 0.8297872340425532 0.34042553191489366
vt 0.8297872340425532 0.3191489361702128
vt 0.8297872340425532 0.2978723404255319
vt 0.8297872340425532 0.27659574468085113
vt 0.8297872340425532 0.25531914893617025
vt 0.8297872340425532 0.23404255319148937
vt 0.8297872340425532 0.21276595744680848
vt 0.8297872340425532 0.19148936170212771
vt 0.8297872340425532 0.17021276595744683
vt 0.8297872340425532 0.14893617021276595
vt 0.8297872340425532 0.12765957446808518
vt 0.8297872340425532 0.1063829787234043
vt 0.8297872340425532 0.08510638297872342
vt 0.8297872340425532 0.06382978723404253
vt 0.8297872340425532 0.042553191489361764
vt 0.8297872340425532 0.021276595744680882
vt 0.8297872340425532 0.0
vt 0.8085106382978724 1.0
vt 0.8085106382978724 0.9787234042553191
vt 0.8085106382978724 0.9574468085106383
vt 0.8085106382978724 0.9361702127659575
vt 0.8085106382978724 0.9148936170212766
vt 0.8085106382978724 0.8936170212765957
vt 0.8085106382978724 0.8723404255319149
vt 0.8085106382978724 0.851063829787234
vt 0.8085106382978724 0.8297872340425532
vt 0.8085106382978724 0.8085106382978724
vt 0.8085106382978724 0.7872340425531915
vt 0.8085106382978724 0.7659574468085106
vt 0.8085106382978724 0.7446808510638299
vt 0.8085106382978724 0.7234042553191489
vt 0.8085106382978724 0.7021276595744681
vt 0.8085106382978724 0.6808510638297872
vt 0.8085106382978724 0.6595744680851063
vt 0.8085106382978724 0.6382978723404256
vt 0.8085106382978724 0.6170212765957447
vt 0.8085106382978724 0.5957446808510638
vt 0.8085106382978724 0.574468085106383
vt 0.8085106382978724 0.5531914893617021
vt 0.8085106382978724 0.5319148936170213
vt 0.8085106382978724 0.5106382978723405
vt 0.8085106382978724 0.4893617021276596
vt 0.8085106382978724 0.46808510638297873
vt 0.8085106382978724 0.44680851063829785
vt 0.8085106382978724 0.4255319148936171
vt 0.8085106382978724 0.4042553191489362
vt 0.8085106382978724 0.3829787234042553
vt 0.8085106382978724 0.36170212765957444
vt 0.8085106382978724 0.34042553191489366
vt 0.8085106382978724 0.3191489361702128
vt 0.8085106382978724 0.2978723404255319
vt 0.8085106382978724 0.27659574468085113
vt 0.8085106382978724 0.25531914893617025
vt 0.8085106382978724 0.23404255319148937
vt 0.8085106382978724 0.21276595744680848
vt 0.8085106382978724 0.19148936170212771
vt 0.8085106382978724 0.17021276595744683
vt 0.8085106382978724 0.14893617021276595
vt 0.8085106382978724 0.12765957446808518
vt 0.8085106382978724 0.1063829787234043
vt 0.8085106382978724 0.08510638297872342
vt 0.8085106382978724 0.06382978723404253
vt 0.8085106382978724 0.042553191489361764
vt 0.8085106382978724 0.021276595744680882
vt 0.8085106382978724 0.0
vt 0.7872340425531915 1.0
vt 0.7872340425531915 0.9787234042553191
vt 0.7872340425531915 0.9574468085106383
vt 0.7872340425531915 0.9361702127659575
vt 0.7872340425531915 0.9148936170212766
vt 0.7872340425531915 0.8936170212765957
vt 0.7872340425531915 0.8723404255319149
vt 0.7872340425531915 0.851063829787234
vt 0.7872340425531915 0.8297872340425532
vt 0.7872340425531915 0.8085106382978724
vt 0.7872340425531915 0.7872340425531915
vt 0.7872340425531915 0.7659574468085106
vt 0.7872340425531915 0.7446808510638299
vt 0.7872340425531915 0.7234042553191489
vt 0.7872340425531915 0.7021276595744681
vt 0.7872340425531915 0.6808510638297872
vt 0.7872340425531915 0.6595744680851063
vt 0.7872340425531915 0.6382978723404256
vt 0.7872340425531915 0.6170212765957447
vt 0.7872340425531915 0.5957446808510638
vt 0.7872340425531915 0.574468085106383
vt 0.7872340425531915 0.5531914893617021
vt 0.7872340425531915 0.5319148936170213
vt 0.7872340425531915 0.5106382978723405
vt 0.7872340425531915 0.4893617021276596
vt 0.7872340425531915 0.46808510638297873
vt 0.7872340425531915 0.44680851063829785
vt 0.7872340425531915 0.4255319148936171
vt 0.7872340425531915 0.4042553191489362
vt 0.7872340425531915 0.3829787234042553
vt 0.7872340425531915 0.36170212765957444
vt 0.7872340425531915 0.34042553191489366
vt 0.7872340425531915 0.3191489361702128
vt 0.7872340425531915 0.2978723404255319
vt 0.7872340425531915 0.27659574468085113
vt 0.7872340425531915 0.25531914893617025
vt 0.7872340425531915 0.23404255319148937
vt 0.7872340425531915 0.21276595744680848
vt 0.7872340425531915 0.19148936170212771
vt 0.7872340425531915 0.17021276595744683
vt 0.7872340425531915 0.14893617021276595
vt 0.7872340425531915 0.12765957446808518
vt 0.7872340425531915 0.1063829787234043
vt 0.7872340425531915 0.08510638297872342
vt 0.7872340425531915 0.06382978723404253
vt 0.7872340425531915 0.042553191489361764
vt 0.7872340425531915 0.021276595744680882
vt 0.7872340425531915 0.0
vt 0.7659574468085106 1.0
vt 0.7659574468085106 0.9787234042553191
vt 0.7659574468085106 0.9574468085106383
vt 0.7659574468085106 0.9361702127659575
vt 0.7659574468085106 0.9148936170212766
vt 0.7659574468085106 0.8936170212765957
vt 0.7659574468085106 0.8723404255319149
vt 0.7659574468085106 0.851063829787234
vt 0.7659574468085106 0.8297872340425532
vt 0.7659574468085106 0.8085106382978724
vt 0.7659574468085106 0.7872340425531915
vt 0.7659574468085106 0.7659574468085106
vt 0.7659574468085106 0.7446808510638299
vt 0.7659574468085106 0.7234042553191489
vt 0.7659574468085106 0.7021276595744681
vt 0.7659574468085106 0.6808510638297872
vt 0.7659574468085106 0.6595744680851063
vt 0.7659574468085106 0.6382978723404256
vt 0.7659574468085106 0.6170212765957447
vt 0.7659574468085106 0.5957446808510638
vt 0.7659574468085106 0.574468085106383
vt 0.7659574468085106 0.5531914893617021
vt 0.7659574468085106 0.5319148936170213
vt 0.7659574468085106 0.5106382978723405
vt 0.7659574468085106 0.4893617021276596
vt 0.7659574468085106 0.46808510638297873
vt 0.7659574468085106 0.44680851063829785
vt 0.7659574468085106 0.4255319148936171
vt 0.7659574468085106 0.4042553191489362
vt 0.7659574468085106 0.3829787234042553
vt 0.7659574468085106 0.36170212765957444
vt 0.7659574468085106 0.34042553191489366
vt 0.7659574468085106 0.3191489361702128
vt 0.7659574468085106 0.2978723404255319
vt 0.7659574468085106 0.27659574468085113
vt 0.7659574468085106 0.25531914893617025
vt 0.7659574468085106 0.23404255319148937
vt 0.7659574468085106 0.21276595744680848
vt 0.7659574468085106 0.19148936170212771
vt 0.7659574468085106 0.17021276595744683
vt 0.7659574468085106 0.14893617021276595
vt 0.7659574468085106 0.12765957446808518
vt 0.7659574468085106 0.1063829787234043
vt 0.7659574468085106 0.08510638297872342
vt 0.7659574468085106 0.06382978723404253
vt 0.7659574468085106 0.042553191489361764
vt 0.7659574468085106 0.021276595744680882
vt 0.7659574468085106 0.0
vt 0.7446808510638299 1.0
vt 0.7446808510638299 0.9787234042553191
vt 0.7446808510638299 0.9574468085106383
vt 0.7446808510638299 0.9361702127659575
vt 0.7446808510638299 0.9148936170212766
vt 0.7446808510638299 0.8936170212765957
vt 0.7446808510638299 0.8723404255319149
vt 0.7446808510638299 0.851063829787234
vt 0.7446808510638299 0.8297872340425532
vt 0.7446808510638299 0.8085106382978724
vt 0.7446808510638299 0.7872340425531915
vt 0.7446808510638299 0.7659574468085106
vt 0.7446808510638299 0.7446808510638299
vt 0.7446808510638299 0.7234042553191489
vt 0.7446808510638299 0.7021276595744681
vt 0.7446808510638299 0.6808510638297872
vt 0.7446808510638299 0.6595744680851063
vt 0.7446808510638299 0.6382978723404256
vt 0.7446808510638299 0.6170212765957447
vt 0.7446808510638299 0.5957446808510638
vt 0.7446808510638299 0.574468085106383
vt 0.7446808510638299 0.5531914893617021
vt 0.7446808510638299 0.5319148936170213
vt 0.7446808510638299 0.5106382978723405
vt 0.7446808510638299 0.4893617021276596
vt 0.7446808510638299 0.46808510638297873
vt 0.7446808510638299 0.44680851063829785
vt 0.7446808510638299 0.4255319148936171
vt 0.7446808510638299 0.4042553191489362
vt 0.7446808510638299 0.3829787234042553
vt 0.7446808510638299 0.36170212765957444
vt 0.7446808510638299 0.34042553191489366
vt 0.7446808510638299 0.3191489361702128
vt 0.7446808510638299 0.2978723404255319
vt 0.7446808510638299 0.27659574468085113
vt 0.7446808510638299 0.25531914893617025
vt 0.7446808510638299 0.23404255319148937
vt 0.7446808510638299 0.21276595744680848
vt 0.7446808510638299 0.19148936170212771
vt 0.7446808510638299 0.17021276595744683
vt 0.7446808510638299 0.14893617021276595
vt 0.7446808510638299 0.12765957446808518
vt 0.7446808510638299 0.1063829787234043
vt 0.7446808510638299 0.08510638297872342
vt 0.7446808510638299 0.06382978723404253
vt 0.7446808510638299 0.042553191489361764
vt 0.7446808510638299 0.021276595744680882
vt 0.7446808510638299 0.0
vt 0.7234042553191489 1.0
vt 0.7234042553191489 0.9787234042553191
vt 0.7234042553191489 0.9574468085106383
vt 0.7234042553191489 0.9361702127659575
vt 0.7234042553191489 0.9148936170212766
vt 0.7234042553191489 0.8936170212765957
vt 0.7234042553191489 0.8723404255319149
vt 0.7234042553191489 0.851063829787234
vt 0.7234042553191489 0.8297872340425532
vt 0.7234042553191489 0.8085106382978724
vt 0.7234042553191489 0.7872340425531915
vt 0.7234042553191489 0.7659574468085106
vt 0.7234042553191489 0.7446808510638299
vt 0.7234042553191489 0.7234042553191489
vt 0.7234042553191489 0.7021276595744681
vt 0.7234042553191489 0.6808510638297872
vt 0.7234042553191489 0.6595744680851063
vt 0.7234042553191489 0.6382978723404256
vt 0.7234042553191489 0.6170212765957447
vt 0.7234042553191489 0.5957446808510638
vt 0.7234042553191489 0.574468085106383
vt 0.7234042553191489 0.5531914893617021
vt 0.7234042553191489 0.5319148936170213
vt 0.7234042553191489 0.5106382978723405
vt 0.7234042553191489 0.4893617021276596
vt 0.7234042553191489 0.46808510638297873
vt 0.7234042553191489 0.44680851063829785
vt 0.7234042553191489 0.4255319148936171
vt 0.7234042553191489 0.4042553191489362
vt 0.7234042553191489 0.3829787234042553
vt 0.7234042553191489 0.36170212765957444
vt 0.7234042553191489 0.34042553191489366
vt 0.7234042553191489 0.3191489361702128
vt 0.7234042553191489 0.2978723404255319
vt 0.7234042553191489 0.27659574468085113
vt 0.7234042553191489 0.25531914893617025
vt 0.7234042553191489 0.23404255319148937
vt 0.7234042553191489 0.21276595744680848
vt 0.7234042553191489 0.19148936170212771
vt 0.7234042553191489 0.17021276595744683
vt 0.7234042553191489 0.14893617021276595
vt 0.7234042553191489 0.12765957446808518
vt 0.7234042553191489 0.1063829787234043
vt 0.7234042553191489 0.08510638297872342
vt 0.7234042553191489 0.06382978723404253
vt 0.7234042553191489 0.042553191489361764
vt 0.7234042553191489 0.021276595744680882
vt 0.7234042553191489 0.0
vt 0.7021276595744681 1.0
vt 0.7021276595744681 0.9787234042553191
vt 0.7021276595744681 0.9574468085106383
vt 0.7021276595744681 0.9361702127659575
vt 0.7021276595744681 0.9148936170212766
vt 0.7021276595744681 0.8936170212765957
vt 0.7021276595744681 0.8723404255319149
vt 0.7021276595744681 0.851063829787234
vt 0.7021276595744681 0.8297872340425532
vt 0.7021276595744681 0.8085106382978724
vt 0.7021276595744681 0.7872340425531915
vt 0.7021276595744681 0.7659574468085106
vt 0.7021276595744681 0.7446808510638299
vt 0.7021276595744681 0.7234042553191489
vt 0.7021276595744681 0.7021276595744681
vt 0.7021276595744681 0.6808510638297872
vt 0.7021276595744681 0.6595744680851063
vt 0.7021276595744681 0.6382978723404256
vt 0.7021276595744681 0.6170212765957447
vt 0.7021276595744681 0.5957446808510638
vt 0.7021276595744681 0.574468085106383
vt 0.7021276595744681 0.5531914893617021
vt 0.7021276595744681 0.5319148936170213
vt 0.7021276595744681 0.5106382978723405
vt 0.7021276595744681 0.4893617021276596
vt 0.7021276595744681 0.46808510638297873
vt 0.7021276595744681 0.44680851063829785
vt 0.7021276595744681 0.4255319148936171
vt 0.7021276595744681 0.4042553191489362
vt 0.7021276595744681 0.3829787234042553
vt 0.7021276595744681 0.36170212765957444
vt 0.7021276595744681 0.34042553191489366
vt 0.7021276595744681 0.3191489361702128
vt 0.7021276595744681 0.2978723404255319
vt 0.7021276595744681 0.27659574468085113
vt 0.7021276595744681 0.25531914893617025
vt 0.7021276595744681 0.23404255319148937
vt 0.7021276595744681 0.21276595744680848
vt 0.7021276595744681 0.19148936170212771
vt 0.7021276595744681 0.17021276595744683
vt 0.7021276595744681 0.14893617021276595
vt 0.7021276595744681 0.12765957446808518
vt 0.7021276595744681 0.1063829787234043
vt 0.7021276595744681 0.08510638297872342
vt 0.7021276595744681 0.06382978723404253
vt 0.7021276595744681 0.042553191489361764
vt 0.7021276595744681 0.021276595744680882
vt 0.7021276595744681 0.0
vt 0.6808510638297872 1.0
vt 0.6808510638297872 0.9787234042553191
vt 0.6808510638297872 0.9574468085106383
vt 0.6808510638297872 0.9361702127659575
vt 0.6808510638297872 0.9148936170212766
vt 0.6808510638297872 0.8936170212765957
vt 0.6808510638297872 0.8723404255319149
vt 0.6808510638297872 0.851063829787234
vt 0.6808510638297872 0.8297872340425532
vt 0.6808510638297872 0.8085106382978724
vt 0.6808510638297872 0.7872340425531915
vt 0.6808510638297872 0.7659574468085106
vt 0.6808510638297872 0.7446808510638299
vt 0.6808510638297872 0.7234042553191489
vt 0.6808510638297872 0.7021276595744681
vt 0.6808510638297872 0.6808510638297872
vt 0.6808510638297872 0.6595744680851063
vt 0.6808510638297872 0.6382978723404256
vt 0.6808510638297872 0.6170212765957447
vt 0.6808510638297872 0.5957446808510638
vt 0.6808510638297872 0.574468085106383
vt 0.6808510638297872 0.5531914893617021
vt 0.6808510638297872 0.5319148936170213
vt 0.6808510638297872 0.5106382978723405
vt 0.6808510638297872 0.4893617021276596
vt 0.6808510638297872 0.46808510638297873
vt 0.6808510638297872 0.44680851063829785
vt 0.6808510638297872 0.4255319148936171
vt 0.6808510638297872 0.4042553191489362
vt 0.6808510638297872 0.3829787234042553
vt 0.6808510638297872 0.36170212765957444
vt 0.6808510638297872 0.34042553191489366
vt 0.6808510638297872 0.3191489361702128
vt 0.6808510638297872 0.2978723404255319
vt 0.6808510638297872 0.27659574468085113
vt 0.6808510638297872 0.25531914893617025
vt 0.6808510638297872 0.23404255319148937
vt 0.6808510638297872 0.21276595744680848
vt 0.6808510638297872 0.19148936170212771
vt 0.6808510638297872 0.17021276595744683
vt 0.6808510638297872 0.14893617021276595
vt 0.6808510638297872 0.12765957446808518
vt 0.6808510638297872 0.1063829787234043
vt 0.6808510638297872 0.08510638297872342
vt 0.6808510638297872 0.06382978723404253
vt 0.6808510638297872 0.042553191489361764
vt 0.6808510638297872 0.021276595744680882
vt 0.6808510638297872 0.0
vt 0.6595744680851063 1.0
vt 0.6595744680851063 0.9787234042553191
vt 0.6595744680851063 0.9574468085106383
vt 0.6595744680851063 0.9361702127659575
vt 0.6595744680851063 0.9148936170212766
vt 0.6595744680851063 0.8936170212765957
vt 0.6595744680851063 0.8723404255319149
vt 0.6595744680851063 0.851063829787234
vt 0.6595744680851063 0.8297872340425532
vt 0.6595744680851063 0.8085106382978724
vt 0.6595744680851063 0.7872340425531915
vt 0.6595744680851063 0.7659574468085106
vt 0.6595744680851063 0.7446808510638299
vt 0.6595744680851063 0.7234042553191489
vt 0.6595744680851063 0.7021276595744681
vt 0.6595744680851063 0.6808510638297872
vt 0.6595744680851063 0.6595744680851063
vt 0.6595744680851063 0.6382978723404256
vt 0.6595744680851063 0.6170212765957447
vt 0.6595744680851063 0.5957446808510638
vt 0.6595744680851063 0.574468085106383
vt 0.6595744680851063 0.5531914893617021
vt 0.6595744680851063 0.5319148936170213
vt 0.6595744680851063 0.5106382978723405
vt 0.6595744680851063 0.4893617021276596
vt 0.6595744680851063 0.46808510638297873
vt 0.6595744680851063 0.44680851063829785
vt 0.6595744680851063 0.4255319148936171
vt 0.6595744680851063 0.4042553191489362
vt 0.6595744680851063 0.3829787234042553
vt 0.6595744680851063 0.36170212765957444
vt 0.6595744680851063 0.34042553191489366
vt 0.6595744680851063 0.3191489361702128
vt 0.6595744680851063 0.2978723404255319
vt 0.6595744680851063 0.27659574468085113
vt 0.6595744680851063 0.25531914893617025
vt 0.6595744680851063 0.23404255319148937
vt 0.6595744680851063 0.21276595744680848
vt 0.6595744680851063 0.19148936170212771
vt 0.6595744680851063 0.17021276595744683
vt 0.6595744680851063 0.14893617021276595
vt 0.6595744680851063 0.12765957446808518
vt 0.6595744680851063 0.1063829787234043
vt 0.6595744680851063 0.08510638297872342
vt 0.6595744680851063 0.06382978723404253
vt 0.6595744680851063 0.042553191489361764
vt 0.6595744680851063 0.021276595744680882
vt 0.6595744680851063 0.0
vt 0.6382978723404256 1.0
vt 0.6382978723404256 0.9787234042553191
vt 0.6382978723404256 0.9574468085106383
vt 0.6382978723404256 0.9361702127659575
vt 0.6382978723404256 0.9148936170212766
vt 0.6382978723404256 0.8936170212765957
vt 0.6382978723404256 0.8723404255319149
vt 0.6382978723404256 0.851063829787234
vt 0.6382978723404256 0.8297872340425532
vt 0.6382978723404256 0.8085106382978724
vt 0.6382978723404256 0.7872340425531915
vt 0.6382978723404256 0.7659574468085106
vt 0.6382978723404256 0.7446808510638299
vt 0.6382978723404256 0.7234042553191489
vt 0.6382978723404256 0.7021276595744681
vt 0.6382978723404256 0.6808510638297872
vt 0.6382978723404256 0.6595744680851063
vt 0.6382978723404256 0.6382978723404256
vt 0.6382978723404256 0.6170212765957447
vt 0.6382978723404256 0.5957446808510638
vt 0.6382978723404256 0.574468085106383
vt 0.6382978723404256 0.5531914893617021
vt 0.6382978723404256 0.5319148936170213
vt 0.6382978723404256 0.5106382978723405
vt 0.6382978723404256 0.4893617021276596
vt 0.6382978723404256 0.46808510638297873
vt 0.6382978723404256 0.44680851063829785
vt 0.6382978723404256 0.4255319148936171
vt 0.6382978723404256 0.4042553191489362
vt 0.6382978723404256 0.3829787234042553
vt 0.6382978723404256 0.36170212765957444
vt 0.6382978723404256 0.34042553191489366
vt 0.6382978723404256 0.3191489361702128
vt 0.6382978723404256 0.2978723404255319
vt 0.6382978723404256 0.27659574468085113
vt 0.6382978723404256 0.25531914893617025
vt 0.6382978723404256 0.23404255319148937
vt 0.6382978723404256 0.21276595744680848
vt 0.6382978723404256 0.19148936170212771
vt 0.6382978723404256 0.17021276595744683
vt 0.6382978723404256 0.14893617021276595
vt 0.6382978723404256 0.12765957446808518
vt 0.6382978723404256 0.1063829787234043
vt 0.6382978723404256 0.08510638297872342
vt 0.6382978723404256 0.06382978723404253
vt 0.6382978723404256 0.042553191489361764
vt 0.6382978723404256 0.021276595744680882
vt 0.6382978723404256 0.0
vt 0.6170212765957447 1.0
vt 0.6170212765957447 0.9787234042553191
vt 0.6170212765957447 0.9574468085106383
vt 0.6170212765957447 0.9361702127659575
vt 0.6170212765957447 0.9148936170212766
vt 0.6170212765957447 0.8936170212765957
vt 0.6170212765957447 0.8723404255319149
vt 0.6170212765957447 0.851063829787234
vt 0.6170212765957447 0.8297872340425532
vt 0.6170212765957447 0.8085106382978724
vt 0.6170212765957447 0.7872340425531915
vt 0.6170212765957447 0.7659574468085106
vt 0.6170212765957447 0.7446808510638299
vt 0.6170212765957447 0.7234042553191489
vt 0.6170212765957447 0.7021276595744681
vt 0.6170212765957447 0.6808510638297872
vt 0.6170212765957447 0.6595744680851063
vt 0.6170212765957447 0.6382978723404256
vt 0.6170212765957447 0.6170212765957447
vt 0.6170212765957447 0.5957446808510638
vt 0.6170212765957447 0.574468085106383
vt 0.6170212765957447 0.5531914893617021
vt 0.6170212765957447 0.5319148936170213
vt 0.6170212765957447 0.5106382978723405
vt 0.6170212765957447 0.4893617021276596
vt 0.6170212765957447 0.46808510638297873
vt 0.6170212765957447 0.44680851063829785
vt 0.6170212765957447 0.4255319148936171
vt 0.6170212765957447 0.4042553191489362
vt 0.6170212765957447 0.3829787234042553
vt 0.6170212765957447 0.36170212765957444
vt 0.6170212765957447 0.34042553191489366
vt 0.6170212765957447 0.3191489361702128
vt 0.6170212765957447 0.2978723404255319
vt 0.6170212765957447 0.27659574468085113
vt 0.6170212765957447 0.25531914893617025
vt 0.6170212765957447 0.23404255319148937
vt 0.6170212765957447 0.21276595744680848
vt 0.6170212765957447 0.19148936170212771
vt 0.6170212765957447 0.17021276595744683
vt 0.6170212765957447 0.14893617021276595
vt 0.6170212765957447 0.12765957446808518
vt 0.6170212765957447 0.1063829787234043
vt 0.6170212765957447 0.08510638297872342
vt 0.6170212765957447 0.06382978723404253
vt 0.6170212765957447 0.042553191489361764
vt 0.6170212765957447 0.021276595744680882
vt 0.6170212765957447 0.0
vt 0.5957446808510638 1.0
vt 0.5957446808510638 0.9787234042553191
vt 0.5957446808510638 0.9574468085106383
vt 0.5957446808510638 0.9361702127659575
vt 0.5957446808510638 0.9148936170212766
vt 0.5957446808510638 0.8936170212765957
vt 0.5957446808510638 0.8723404255319149
vt 0.5957446808510638 0.851063829787234
vt 0.5957446808510638 0.8297872340425532
vt 0.5957446808510638 0.8085106382978724
vt 0.5957446808510638 0.7872340425531915
vt 0.5957446808510638 0.7659574468085106
vt 0.5957446808510638 0.7446808510638299
vt 0.5957446808510638 0.7234042553191489
vt 0.5957446808510638 0.7021276595744681
vt 0.5957446808510638 0.6808510638297872
vt 0.5957446808510638 0.6595744680851063
vt 0.5957446808510638 0.6382978723404256
vt 0.5957446808510638 0.6170212765957447
vt 0.5957446808510638 0.5957446808510638
vt 0.5957446808510638 0.574468085106383
vt 0.5957446808510638 0.5531914893617021
vt 0.5957446808510638 0.5319148936170213
vt 0.5957446808510638 0.5106382978723405
vt 0.5957446808510638 0.4893617021276596
vt 0.5957446808510638 0.46808510638297873
vt 0.5957446808510638 0.44680851063829785
vt 0.5957446808510638 0.4255319148936171
vt 0.5957446808510638 0.4042553191489362
vt 0.5957446808510638 0.3829787234042553
vt 0.5957446808510638 0.36170212765957444
vt 0.5957446808510638 0.34042553191489366
vt 0.5957446808510638 0.3191489361702128
vt 0.5957446808510638 0.2978723404255319
vt 0.5957446808510638 0.27659574468085113
vt 0.5957446808510638 0.25531914893617025
vt 0.5957446808510638 0.23404255319148937
vt 0.5957446808510638 0.21276595744680848
vt 0.5957446808510638 0.19148936170212771
vt 0.5957446808510638 0.17021276595744683
vt 0.5957446808510638 0.14893617021276595
vt 0.5957446808510638 0.12765957446808518
vt 0.5957446808510638 0.1063829787234043
vt 0.5957446808510638 0.08510638297872342
vt 0.5957446808510638 0.06382978723404253
vt 0.5957446808510638 0.042553191489361764
vt 0.5957446808510638 0.021276595744680882
vt 0.5957446808510638 0.0
vt 0.574468085106383 1.0
vt 0.574468085106383 0.9787234042553191
vt 0.574468085106383 0.9574468085106383
vt 0.574468085106383 0.9361702127659575
vt 0.574468085106383 0.9148936170212766
vt 0.574468085106383 0.8936170212765957
vt 0.574468085106383 0.8723404255319149
vt 0.574468085106383 0.851063829787234
vt 0.574468085106383 0.8297872340425532
vt 0.574468085106383 0.8085106382978724
vt 0.574468085106383 0.7872340425531915
vt 0.574468085106383 0.7659574468085106
vt 0.574468085106383 0.7446808510638299
vt 0.574468085106383 0.7234042553191489
vt 0.574468085106383 0.7021276595744681
vt 0.574468085106383 0.6808510638297872
vt 0.574468085106383 0.6595744680851063
vt 0.574468085106383 0.6382978723404256
vt 0.574468085106383 0.6170212765957447
vt 0.574468085106383 0.5957446808510638
vt 0.574468085106383 0.574468085106383
vt 0.574468085106383 0.5531914893617021
vt 0.574468085106383 0.5319148936170213
vt 0.574468085106383 0.5106382978723405
vt 0.574468085106383 0.4893617021276596
vt 0.574468085106383 0.46808510638297873
vt 0.574468085106383 0.44680851063829785
vt 0.574468085106383 0.4255319148936171
vt 0.574468085106383 0.4042553191489362
vt 0.574468085106383 0.3829787234042553
vt 0.574468085106383 0.36170212765957444
vt 0.574468085106383 0.34042553191489366
vt 0.574468085106383 0.3191489361702128
vt 0.574468085106383 0.2978723404255319
vt 0.574468085106383 0.27659574468085113
vt 0.574468085106383 0.25531914893617025
vt 0.574468085106383 0.23404255319148937
vt 0.574468085106383 0.21276595744680848
vt 0.574468085106383 0.19148936170212771
vt 0.574468085106383 0.17021276595744683
vt 0.574468085106383 0.14893617021276595
vt 0.574468085106383 0.12765957446808518
vt 0.574468085106383 0.1063829787234043
vt 0.574468085106383 0.08510638297872342
vt 0.574468085106383 0.06382978723404253
vt 0.574468085106383 0.042553191489361764
vt 0.574468085106383 0.021276595744680882
vt 0.574468085106383 0.0
vt 0.5531914893617021 1.0
vt 0.5531914893617021 0.9787234042553191
vt 0.5531914893617021 0.9574468085106383
vt 0.5531914893617021 0.9361702127659575
vt 0.5531914893617021 0.9148936170212766
vt 0.5531914893617021 0.8936170212765957
vt 0.5531914893617021 0.8723404255319149
vt 0.5531914893617021 0.851063829787234
vt 0.5531914893617021 0.8297872340425532
vt 0.5531914893617021 0.8085106382978724
vt 0.5531914893617021 0.7872340425531915
vt 0.5531914893617021 0.7659574468085106
vt 0.5531914893617021 0.7446808510638299
vt 0.5531914893617021 0.7234042553191489
vt 0.5531914893617021 0.7021276595744681
vt 0.5531914893617021 0.6808510638297872
vt 0.5531914893617021 0.6595744680851063
vt 0.5531914893617021 0.6382978723404256
vt 0.5531914893617021 0.6170212765957447
vt 0.5531914893617021 0.5957446808510638
vt 0.5531914893617021 0.574468085106383
vt 0.5531914893617021 0.5531914893617021
vt 0.5531914893617021 0.5319148936170213
vt 0.5531914893617021 0.5106382978723405
vt 0.5531914893617021 0.4893617021276596
vt 0.5531914893617021 0.46808510638297873
vt 0.5531914893617021 0.44680851063829785
vt 0.5531914893617021 0.4255319148936171
vt 0.5531914893617021 0.4042553191489362
vt 0.5531914893617021 0.3829787234042553
vt 0.5531914893617021 0.36170212765957444
vt 0.5531914893617021 0.34042553191489366
vt 0.5531914893617021 0.3191489361702128
vt 0.5531914893617021 0.2978723404255319
vt 0.5531914893617021 0.27659574468085113
vt 0.5531914893617021 0.25531914893617025
vt 0.5531914893617021 0.23404255319148937
vt 0.5531914893617021 0.21276595744680848
vt 0.5531914893617021 0.19148936170212771
vt 0.5531914893617021 0.17021276595744683
vt 0.5531914893617021 0.14893617021276595
vt 0.5531914893617021 0.12765957446808518
vt 0.5531914893617021 0.1063829787234043
vt 0.5531914893617021 0.08510638297872342
vt 0.5531914893617021 0.06382978723404253
vt 0.5531914893617021 0.042553191489361764
vt 0.5531914893617021 0.021276595744680882
vt 0.5531914893617021 0.0
vt 0.5319148936170213 1.0
vt 0.5319148936170213 0.9787234042553191
vt 0.5319148936170213 0.9574468085106383
vt 0.5319148936170213 0.9361702127659575
vt 0.5319148936170213 0.9148936170212766
vt 0.5319148936170213 0.8936170212765957
vt 0.5319148936170213 0.8723404255319149
vt 0.5319148936170213 0.851063829787234
vt 0.5319148936170213 0.8297872340425532
vt 0.5319148936170213 0.8085106382978724
vt 0.5319148936170213 0.7872340425531915
vt 0.5319148936170213 0.7659574468085106
vt 0.5319148936170213 0.7446808510638299
vt 0.5319148936170213 0.7234042553191489
vt 0.5319148936170213 0.7021276595744681
vt 0.5319148936170213 0.6808510638297872
vt 0.5319148936170213 0.6595744680851063
vt 0.5319148936170213 0.6382978723404256
vt 0.5319148936170213 0.6170212765957447
vt 0.5319148936170213 0.5957446808510638
vt 0.5319148936170213 0.574468085106383
vt 0.5319148936170213 0.5531914893617021
vt 0.5319148936170213 0.5319148936170213
vt 0.5319148936170213 0.5106382978723405
vt 0.5319148936170213 0.4893617021276596
vt 0.5319148936170213 0.46808510638297873
vt 0.5319148936170213 0.44680851063829785
vt 0.5319148936170213 0.4255319148936171
vt 0.5319148936170213 0.4042553191489362
vt 0.5319148936170213 0.3829787234042553
vt 0.5319148936170213 0.36170212765957444
vt 0.5319148936170213 0.34042553191489366
vt 0.5319148936170213 0.3191489361702128
vt 0.5319148936170213 0.2978723404255319
vt 0.5319148936170213 0.27659574468085113
vt 0.5319148936170213 0.25531914893617025
vt 0.5319148936170213 0.23404255319148937
vt 0.5319148936170213 0.21276595744680848
vt 0.5319148936170213 0.19148936170212771
vt 0.5319148936170213 0.17021276595744683
vt 0.5319148936170213 0.14893617021276595
vt 0.5319148936170213 0.12765957446808518
vt 0.5319148936170213 0.1063829787234043
vt 0.5319148936170213 0.08510638297872342
vt 0.5319148936170213 0.06382978723404253
vt 0.5319148936170213 0.042553191489361764
vt 0.5319148936170213 0.021276595744680882
vt 0.5319148936170213 0.0
vt 0.5106382978723405 1.0
vt 0.5106382978723405 0.9787234042553191
vt 0.5106382978723405 0.9574468085106383
vt 0.5106382978723405 0.9361702127659575
vt 0.5106382978723405 0.9148936170212766
vt 0.5106382978723405 0.8936170212765957
vt 0.5106382978723405 0.8723404255319149
vt 0.5106382978723405 0.851063829787234
vt 0.5106382978723405 0.8297872340425532
vt 0.5106382978723405 0.8085106382978724
vt 0.5106382978723405 0.7872340425531915
vt 0.5106382978723405 0.7659574468085106
vt 0.5106382978723405 0.7446808510638299
vt 0.5106382978723405 0.7234042553191489
vt 0.5106382978723405 0.7021276595744681
vt 0.5106382978723405 0.6808510638297872
vt 0.5106382978723405 0.6595744680851063
vt 0.5106382978723405 0.6382978723404256
vt 0.5106382978723405 0.6170212765957447
vt 0.5106382978723405 0.5957446808510638
vt 0.5106382978723405 0.574468085106383
vt 0.5106382978723405 0.5531914893617021
vt 0.5106382978723405 0.5319148936170213
vt 0.5106382978723405 0.5106382978723405
vt 0.5106382978723405 0.4893617021276596
vt 0.5106382978723405 0.46808510638297873
vt 0.5106382978723405 0.44680851063829785
vt 0.5106382978723405 0.4255319148936171
vt 0.5106382978723405 0.4042553191489362
vt 0.5106382978723405 0.3829787234042553
vt 0.5106382978723405 0.36170212765957444
vt 0.5106382978723405 0.34042553191489366
vt 0.5106382978723405 0.3191489361702128
vt 0.5106382978723405 0.2978723404255319
vt 0.5106382978723405 0.27659574468085113
vt 0.5106382978723405 0.25531914893617025
vt 0.5106382978723405 0.23404255319148937
vt 0.5106382978723405 0.21276595744680848
vt 0.5106382978723405 0.19148936170212771
vt 0.5106382978723405 0.17021276595744683
vt 0.5106382978723405 0.14893617021276595
vt 0.5106382978723405 0.12765957446808518
vt 0.5106382978723405 0.1063829787234043
vt 0.5106382978723405 0.08510638297872342
vt 0.5106382978723405 0.06382978723404253
vt 0.5106382978723405 0.042553191489361764
vt 0.5106382978723405 0.021276595744680882
vt 0.5106382978723405 0.0
vt 0.4893617021276596 1.0
vt 0.4893617021276596 0.9787234042553191
vt 0.4893617021276596 0.9574468085106383
vt 0.4893617021276596 0.9361702127659575
vt 0.4893617021276596 0.9148936170212766
vt 0.4893617021276596 0.8936170212765957
vt 0.4893617021276596 0.8723404255319149
vt 0.4893617021276596 0.851063829787234
vt 0.4893617021276596 0.8297872340425532
vt 0.4893617021276596 0.8085106382978724
vt 0.4893617021276596 0.7872340425531915
vt 0.4893617021276596 0.7659574468085106
vt 0.4893617021276596 0.7446808510638299
vt 0.4893617021276596 0.7234042553191489
vt 0.4893617021276596 0.7021276595744681
vt 0.4893617021276596 0.6808510638297872
vt 0.4893617021276596 0.6595744680851063
vt 0.4893617021276596 0.6382978723404256
vt 0.4893617021276596 0.6170212765957447
vt 0.4893617021276596 0.5957446808510638
vt 0.4893617021276596 0.574468085106383
vt 0.4893617021276596 0.5531914893617021
vt 0.4893617021276596 0.5319148936170213
vt 0.4893617021276596 0.5106382978723405
vt 0.4893617021276596 0.4893617021276596
vt 0.4893617021276596 0.46808510638297873
vt 0.4893617021276596 0.44680851063829785
vt 0.4893617021276596 0.4255319148936171
vt 0.4893617021276596 0.4042553191489362
vt 0.4893617021276596 0.3829787234042553
vt 0.4893617021276596 0.36170212765957444
vt 0.4893617021276596 0.34042553191489366
vt 0.4893617021276596 0.3191489361702128
vt 0.4893617021276596 0.2978723404255319
vt 0.4893617021276596 0.27659574468085113
vt 0.4893617021276596 0.25531914893617025
vt 0.4893617021276596 0.23404255319148937
vt 0.4893617021276596 0.21276595744680848
vt 0.4893617021276596 0.19148936170212771
vt 0.4893617021276596 0.17021276595744683
vt 0.4893617021276596 0.14893617021276595
vt 0.4893617021276596 0.12765957446808518
vt 0.4893617021276596 0.1063829787234043
vt 0.4893617021276596 0.08510638297872342
vt 0.4893617021276596 0.06382978723404253
vt 0.4893617021276596 0.042553191489361764
vt 0.4893617021276596 0.021276595744680882
vt 0.4893617021276596 0.0
vt 0.46808510638297873 1.0
vt 0.46808510638297873 0.9787234042553191
vt 0.46808510638297873 0.9574468085106383
vt 0.46808510638297873 0.9361702127659575
vt 0.46808510638297873 0.9148936170212766
vt 0.46808510638297873 0.8936170212765957
vt 0.46808510638297873 0.8723404255319149
vt 0.46808510638297873 0.851063829787234
vt 0.46808510638297873 0.8297872340425532
vt 0.46808510638297873 0.8085106382978724
vt 0.46808510638297873 0.7872340425531915
vt 0.46808510638297873 0.7659574468085106
vt 0.46808510638297873 0.7446808510638299
vt 0.46808510638297873 0.7234042553191489
vt 0.46808510638297873 0.7021276595744681
vt 0.46808510638297873 0.6808510638297872
vt 0.46808510638297873 0.6595744680851063
vt 0.46808510638297873 0.6382978723404256
vt 0.46808510638297873 0.6170212765957447
vt 0.46808510638297873 0.5957446808510638
vt 0.46808510638297873 0.574468085106383
vt 0.46808510638297873 0.5531914893617021
vt 0.46808510638297873 0.5319148936170213
vt 0.46808510638297873 0.5106382978723405
vt 0.46808510638297873 0.4893617021276596
vt 0.46808510638297873 0.46808510638297873
vt 0.46808510638297873 0.44680851063829785
vt 0.46808510638297873 0.4255319148936171
vt 0.46808510638297873 0.4042553191489362
vt 0.46808510638297873 0.3829787234042553
vt 0.46808510638297873 0.36170212765957444
vt 0.46808510638297873 0.34042553191489366
vt 0.46808510638297873 0.3191489361702128
vt 0.46808510638297873 0.2978723404255319
vt 0.46808510638297873 0.27659574468085113
vt 0.46808510638297873 0.25531914893617025
vt 0.46808510638297873 0.23404255319148937
vt 0.46808510638297873 0.21276595744680848
vt 0.46808510638297873 0.19148936170212771
vt 0.46808510638297873 0.17021276595744683
vt 0.46808510638297873 0.14893617021276595
vt 0.46808510638297873 0.12765957446808518
vt 0.46808510638297873 0.1063829787234043
vt 0.46808510638297873 0.08510638297872342
vt 0.46808510638297873 0.06382978723404253
vt 0.46808510638297873 0.042553191489361764
vt 0.46808510638297873 0.021276595744680882
vt 0.46808510638297873 0.0
vt 0.44680851063829785 1.0
vt 0.44680851063829785 0.9787234042553191
vt 0.44680851063829785 0.9574468085106383
vt 0.44680851063829785 0.9361702127659575
vt 0.44680851063829785 0.9148936170212766
vt 0.44680851063829785 0.8936170212765957
vt 0.44680851063829785 0.8723404255319149
vt 0.44680851063829785 0.851063829787234
vt 0.44680851063829785 0.8297872340425532
vt 0.44680851063829785 0.8085106382978724
vt 0.44680851063829785 0.7872340425531915
vt 0.44680851063829785 0.7659574468085106
vt 0.44680851063829785 0.7446808510638299
vt 0.44680851063829785 0.7234042553191489
vt 0.44680851063829785 0.7021276595744681
vt 0.44680851063829785 0.6808510638297872
vt 0.44680851063829785 0.6595744680851063
vt 0.44680851063829785 0.6382978723404256
vt 0.44680851063829785 0.6170212765957447
vt 0.44680851063829785 0.5957446808510638
vt 0.44680851063829785 0.574468085106383
vt 0.44680851063829785 0.5531914893617021
vt 0.44680851063829785 0.5319148936170213
vt 0.44680851063829785 0.5106382978723405
vt 0.44680851063829785 0.4893617021276596
vt 0.44680851063829785 0.46808510638297873
vt 0.44680851063829785 0.44680851063829785
vt 0.44680851063829785 0.4255319148936171
vt 0.44680851063829785 0.4042553191489362
vt 0.44680851063829785 0.3829787234042553
vt 0.44680851063829785 0.36170212765957444
vt 0.44680851063829785 0.34042553191489366
vt 0.44680851063829785 0.3191489361702128
vt 0.44680851063829785 0.2978723404255319
vt 0.44680851063829785 0.27659574468085113
vt 0.44680851063829785 0.25531914893617025
vt 0.44680851063829785 0.23404255319148937
vt 0.44680851063829785 0.21276595744680848
vt 0.44680851063829785 0.19148936170212771
vt 0.44680851063829785 0.17021276595744683
vt 0.44680851063829785 0.14893617021276595
vt 0.44680851063829785 0.12765957446808518
vt 0.44680851063829785 0.1063829787234043
vt 0.44680851063829785 0.08510638297872342
vt 0.44680851063829785 0.06382978723404253
vt 0.44680851063829785 0.042553191489361764
vt 0.44680851063829785 0.021276595744680882
vt 0.44680851063829785 0.0
vt 0.4255319148936171 1.0
vt 0.4255319148936171 0.9787234042553191
vt 0.4255319148936171 0.9574468085106383
vt 0.4255319148936171 0.9361702127659575
vt 0.4255319148936171 0.9148936170212766
vt 0.4255319148936171 0.8936170212765957
vt 0.4255319148936171 0.8723404255319149
vt 0.4255319148936171 0.851063829787234
vt 0.4255319148936171 0.8297872340425532
vt 0.4255319148936171 0.8085106382978724
vt 0.4255319148936171 0.7872340425531915
vt 0.4255319148936171 0.7659574468085106
vt 0.4255319148936171 0.7446808510638299
vt 0.4255319148936171 0.7234042553191489
vt 0.4255319148936171 0.7021276595744681
vt 0.4255319148936171 0.6808510638297872
vt 0.4255319148936171 0.6595744680851063
vt 0.4255319148936171 0.6382978723404256
vt 0.4255319148936171 0.6170212765957447
vt 0.4255319148936171 0.5957446808510638
vt 0.4255319148936171 0.574468085106383
vt 0.4255319148936171 0.5531914893617021
vt 0.4255319148936171 0.5319148936170213
vt 0.4255319148936171 0.5106382978723405
vt 0.4255319148936171 0.4893617021276596
vt 0.4255319148936171 0.46808510638297873
vt 0.4255319148936171 0.44680851063829785
vt 0.4255319148936171 0.4255319148936171
vt 0.4255319148936171 0.4042553191489362
vt 0.4255319148936171 0.3829787234042553
vt 0.4255319148936171 0.36170212765957444
vt 0.4255319148936171 0.34042553191489366
vt 0.4255319148936171 0.3191489361702128
vt 0.4255319148936171 0.2978723404255319
vt 0.4255319148936171 0.27659574468085113
vt 0.4255319148936171 0.25531914893617025
vt 0.4255319148936171 0.23404255319148937
vt 0.4255319148936171 0.21276595744680848
vt 0.4255319148936171 0.19148936170212771
vt 0.4255319148936171 0.17021276595744683
vt 0.4255319148936171 0.14893617021276595
vt 0.4255319148936171 0.12765957446808518
vt 0.4255319148936171 0.1063829787234043
vt 0.4255319148936171 0.08510638297872342
vt 0.4255319148936171 0.06382978723404253
vt 0.4255319148936171 0.042553191489361764
vt 0.4255319148936171 0.021276595744680882
vt 0.4255319148936171 0.0
vt 0.4042553191489362 1.0
vt 0.4042553191489362 0.9787234042553191
vt 0.4042553191489362 0.9574468085106383
vt 0.4042553191489362 0.9361702127659575
vt 0.4042553191489362 0.9148936170212766
vt 0.4042553191489362 0.8936170212765957
vt 0.4042553191489362 0.8723404255319149
vt 0.4042553191489362 0.851063829787234
vt 0.4042553191489362 0.8297872340425532
vt 0.4042553191489362 0.8085106382978724
vt 0.4042553191489362 0.7872340425531915
vt 0.4042553191489362 0.7659574468085106
vt 0.4042553191489362 0.7446808510638299
vt 0.4042553191489362 0.7234042553191489
vt 0.4042553191489362 0.7021276595744681
vt 0.4042553191489362 0.6808510638297872
vt 0.4042553191489362 0.6595744680851063
vt 0.4042553191489362 0.6382978723404256
vt 0.4042553191489362 0.6170212765957447
vt 0.4042553191489362 0.5957446808510638
vt 0.4042553191489362 0.574468085106383
vt 0.4042553191489362 0.5531914893617021
vt 0.4042553191489362 0.5319148936170213
vt 0.4042553191489362 0.5106382978723405
vt 0.4042553191489362 0.4893617021276596
vt 0.4042553191489362 0.46808510638297873
vt 0.4042553191489362 0.44680851063829785
vt 0.4042553191489362 0.4255319148936171
vt 0.4042553191489362 0.4042553191489362
vt 0.4042553191489362 0.3829787234042553
vt 0.4042553191489362 0.36170212765957444
vt 0.4042553191489362 0.34042553191489366
vt 0.4042553191489362 0.3191489361702128
vt 0.4042553191489362 0.2978723404255319
vt 0.4042553191489362 0.27659574468085113
vt 0.4042553191489362 0.25531914893617025
vt 0.4042553191489362 0.23404255319148937
vt 0.4042553191489362 0.21276595744680848
vt 0.4042553191489362 0.19148936170212771
vt 0.4042553191489362 0.17021276595744683
vt 0.4042553191489362 0.14893617021276595
vt 0.4042553191489362 0.12765957446808518
vt 0.4042553191489362 0.1063829787234043
vt 0.4042553191489362 0.08510638297872342
vt 0.4042553191489362 0.06382978723404253
vt 0.4042553191489362 0.042553191489361764
vt 0.4042553191489362 0.021276595744680882
vt 0.4042553191489362 0.0
vt 0.3829787234042553 1.0
vt 0.3829787234042553 0.9787234042553191
vt 0.3829787234042553 0.9574468085106383
vt 0.3829787234042553 0.9361702127659575
vt 0.3829787234042553 0.9148936170212766
vt 0.3829787234042553 0.8936170212765957
vt 0.3829787234042553 0.8723404255319149
vt 0.3829787234042553 0.851063829787234
vt 0.3829787234042553 0.8297872340425532
vt 0.3829787234042553 0.8085106382978724
vt 0.3829787234042553 0.7872340425531915
vt 0.3829787234042553 0.7659574468085106
vt 0.3829787234042553 0.7446808510638299
vt 0.3829787234042553 0.7234042553191489
vt 0.3829787234042553 0.7021276595744681
vt 0.3829787234042553 0.6808510638297872
vt 0.3829787234042553 0.6595744680851063
vt 0.3829787234042553 0.6382978723404256
vt 0.3829787234042553 0.6170212765957447
vt 0.3829787234042553 0.5957446808510638
vt 0.3829787234042553 0.574468085106383
vt 0.3829787234042553 0.5531914893617021
vt 0.3829787234042553 0.5319148936170213
vt 0.3829787234042553 0.5106382978723405
vt 0.3829787234042553 0.4893617021276596
vt 0.3829787234042553 0.46808510638297873
vt 0.3829787234042553 0.44680851063829785
vt 0.3829787234042553 0.4255319148936171
vt 0.3829787234042553 0.4042553191489362
vt 0.3829787234042553 0.3829787234042553
vt 0.3829787234042553 0.36170212765957444
vt 0.3829787234042553 0.34042553191489366
vt 0.3829787234042553 0.3191489361702128
vt 0.3829787234042553 0.2978723404255319
vt 0.3829787234042553 0.27659574468085113
vt 0.3829787234042553 0.25531914893617025
vt 0.3829787234042553 0.23404255319148937
vt 0.3829787234042553 0.21276595744680848
vt 0.3829787234042553 0.19148936170212771
vt 0.3829787234042553 0.17021276595744683
vt 0.3829787234042553 0.14893617021276595
vt 0.3829787234042553 0.12765957446808518
vt 0.3829787234042553 0.1063829787234043
vt 0.3829787234042553 0.08510638297872342
vt 0.3829787234042553 0.06382978723404253
vt 0.3829787234042553 0.042553191489361764
vt 0.3829787234042553 0.021276595744680882
vt 0.3829787234042553 0.0
vt 0.36170212765957444 1.0
vt 0.36170212765957444 0.9787234042553191
vt 0.36170212765957444 0.9574468085106383
vt 0.36170212765957444 0.9361702127659575
vt 0.36170212765957444 0.9148936170212766
vt 0.36170212765957444 0.8936170212765957
vt 0.36170212765957444 0.8723404255319149
vt 0.36170212765957444 0.851063829787234
vt 0.36170212765957444 0.8297872340425532
vt 0.36170212765957444 0.8085106382978724
vt 0.36170212765957444 0.7872340425531915
vt 0.36170212765957444 0.7659574468085106
vt 0.36170212765957444 0.7446808510638299
vt 0.36170212765957444 0.7234042553191489
vt 0.36170212765957444 0.7021276595744681
vt 0.36170212765957444 0.6808510638297872
vt 0.36170212765957444 0.6595744680851063
vt 0.36170212765957444 0.6382978723404256
vt 0.36170212765957444 0.6170212765957447
vt 0.36170212765957444 0.5957446808510638
vt 0.36170212765957444 0.574468085106383
vt 0.36170212765957444 0.5531914893617021
vt 0.36170212765957444 0.5319148936170213
vt 0.36170212765957444 0.5106382978723405
vt 0.36170212765957444 0.4893617021276596
vt 0.36170212765957444 0.46808510638297873
vt 0.36170212765957444 0.44680851063829785
vt 0.36170212765957444 0.4255319148936171
vt 0.36170212765957444 0.4042553191489362
vt 0.36170212765957444 0.3829787234042553
vt 0.36170212765957444 0.36170212765957444
vt 0.36170212765957444 0.34042553191489366
vt 0.36170212765957444 0.3191489361702128
vt 0.36170212765957444 0.2978723404255319
vt 0.36170212765957444 0.27659574468085113
vt 0.36170212765957444 0.25531914893617025
vt 0.36170212765957444 0.23404255319148937
vt 0.36170212765957444 0.21276595744680848
vt 0.36170212765957444 0.19148936170212771
vt 0.36170212765957444 0.17021276595744683
vt 0.36170212765957444 0.14893617021276595
vt 0.36170212765957444 0.12765957446808518
vt 0.36170212765957444 0.1063829787234043
vt 0.36170212765957444 0.08510638297872342
vt 0.36170212765957444 0.06382978723404253
vt 0.36170212765957444 0.042553191489361764
vt 0.36170212765957444 0.021276595744680882
vt 0.36170212765957444 0.0
vt 0.34042553191489366 1.0
vt 0.34042553191489366 0.9787234042553191
vt 0.34042553191489366 0.9574468085106383
vt 0.34042553191489366 0.9361702127659575
vt 0.34042553191489366 0.9148936170212766
vt 0.34042553191489366 0.8936170212765957
vt 0.34042553191489366 0.8723404255319149
vt 0.34042553191489366 0.851063829787234
vt 0.34042553191489366 0.8297872340425532
vt 0.34042553191489366 0.8085106382978724
vt 0.34042553191489366 0.7872340425531915
vt 0.34042553191489366 0.7659574468085106
vt 0.34042553191489366 0.7446808510638299
vt 0.34042553191489366 0.7234042553191489
vt 0.34042553191489366 0.7021276595744681
vt 0.34042553191489366 0.6808510638297872
vt 0.34042553191489366 0.6595744680851063
vt 0.34042553191489366 0.6382978723404256
vt 0.34042553191489366 0.6170212765957447
vt 0.34042553191489366 0.5957446808510638
vt 0.34042553191489366 0.574468085106383
vt 0.34042553191489366 0.5531914893617021
vt 0.34042553191489366 0.5319148936170213
vt 0.34042553191489366 0.5106382978723405
vt 0.34042553191489366 0.4893617021276596
vt 0.34042553191489366 0.46808510638297873
vt 0.34042553191489366 0.44680851063829785
vt 0.34042553191489366 0.4255319148936171
vt 0.34042553191489366 0.4042553191489362
vt 0.34042553191489366 0.3829787234042553
vt 0.34042553191489366 0.36170212765957444
vt 0.34042553191489366 0.34042553191489366
vt 0.34042553191489366 0.3191489361702128
vt 0.34042553191489366 0.2978723404255319
vt 0.34042553191489366 0.27659574468085113
vt 0.34042553191489366 0.25531914893617025
vt 0.34042553191489366 0.23404255319148937
vt 0.34042553191489366 0.21276595744680848
vt 0.34042553191489366 0.19148936170212771
vt 0.34042553191489366 0.17021276595744683
vt 0.34042553191489366 0.14893617021276595
vt 0.34042553191489366 0.12765957446808518
vt 0.34042553191489366 0.1063829787234043
vt 0.34042553191489366 0.08510638297872342
vt 0.34042553191489366 0.06382978723404253
vt 0.34042553191489366 0.042553191489361764
vt 0.34042553191489366 0.021276595744680882
vt 0.34042553191489366 0.0
vt 0.3191489361702128 1.0
vt 0.3191489361702128 0.9787234042553191
vt 0.3191489361702128 0.9574468085106383
vt 0.3191489361702128 0.9361702127659575
vt 0.3191489361702128 0.9148936170212766
vt 0.3191489361702128 0.8936170212765957
vt 0.3191489361702128 0.8723404255319149
vt 0.3191489361702128 0.851063829787234
vt 0.3191489361702128 0.8297872340425532
vt 0.3191489361702128 0.8085106382978724
vt 0.3191489361702128 0.7872340425531915
vt 0.3191489361702128 0.7659574468085106
vt 0.3191489361702128 0.7446808510638299
vt 0.3191489361702128 0.7234042553191489
vt 0.3191489361702128 0.7021276595744681
vt 0.3191489361702128 0.6808510638297872
vt 0.3191489361702128 0.6595744680851063
vt 0.3191489361702128 0.6382978723404256
vt 0.3191489361702128 0.6170212765957447
vt 0.3191489361702128 0.5957446808510638
vt 0.3191489361702128 0.574468085106383
vt 0.3191489361702128 0.5531914893617021
vt 0.3191489361702128 0.5319148936170213
vt 0.3191489361702128 0.5106382978723405
vt 0.3191489361702128 0.4893617021276596
vt 0.3191489361702128 0.46808510638297873
vt 0.3191489361702128 0.44680851063829785
vt 0.3191489361702128 0.4255319148936171
vt 0.3191489361702128 0.4042553191489362
vt 0.3191489361702128 0.3829787234042553
vt 0.3191489361702128 0.36170212765957444
vt 0.3191489361702128 0.34042553191489366
vt 0.3191489361702128 0.3191489361702128
vt 0.3191489361702128 0.2978723404255319
vt 0.3191489361702128 0.27659574468085113
vt 0.3191489361702128 0.25531914893617025
vt 0.3191489361702128 0.23404255319148937
vt 0.3191489361702128 0.21276595744680848
vt 0.3191489361702128 0.19148936170212771
vt 0.3191489361702128 0.17021276595744683
vt 0.3191489361702128 0.14893617021276595
vt 0.3191489361702128 0.12765957446808518
vt 0.3191489361702128 0.1063829787234043
vt 0.3191489361702128 0.08510638297872342
vt 0.3191489361702128 0.06382978723404253
vt 0.3191489361702128 0.042553191489361764
vt 0.3191489361702128 0.021276595744680882
vt 0.3191489361702128 0.0
vt 0.2978723404255319 1.0
vt 0.2978723404255319 0.9787234042553191
vt 0.2978723404255319 0.9574468085106383
vt 0.2978723404255319 0.9361702127659575
vt 0.2978723404255319 0.9148936170212766
vt 0.2978723404255319 0.8936170212765957
vt 0.2978723404255319 0.8723404255319149
vt 0.2978723404255319 0.851063829787234
vt 0.2978723404255319 0.8297872340425532
vt 0.2978723404255319 0.8085106382978724
vt 0.2978723404255319 0.7872340425531915
vt 0.2978723404255319 0.7659574468085106
vt 0.2978723404255319 0.7446808510638299
vt 0.2978723404255319 0.7234042553191489
vt 0.2978723404255319 0.7021276595744681
vt 0.2978723404255319 0.6808510638297872
vt 0.2978723404255319 0.6595744680851063
vt 0.2978723404255319 0.6382978723404256
vt 0.2978723404255319 0.6170212765957447
vt 0.2978723404255319 0.5957446808510638
vt 0.2978723404255319 0.574468085106383
vt 0.2978723404255319 0.5531914893617021
vt 0.2978723404255319 0.5319148936170213
vt 0.2978723404255319 0.5106382978723405
vt 0.2978723404255319 0.4893617021276596
vt 0.2978723404255319 0.46808510638297873
vt 0.2978723404255319 0.44680851063829785
vt 0.2978723404255319 0.4255319148936171
vt 0.2978723404255319 0.4042553191489362
vt 0.2978723404255319 0.3829787234042553
vt 0.2978723404255319 0.36170212765957444
vt 0.2978723404255319 0.34042553191489366
vt 0.2978723404255319 0.3191489361702128
vt 0.2978723404255319 0.2978723404255319
vt 0.2978723404255319 0.27659574468085113
vt 0.2978723404255319 0.25531914893617025
vt 0.2978723404255319 0.23404255319148937
vt 0.2978723404255319 0.21276595744680848
vt 0.2978723404255319 0.19148936170212771
vt 0.2978723404255319 0.17021276595744683
vt 0.2978723404255319 0.14893617021276595
vt 0.2978723404255319 0.12765957446808518
vt 0.2978723404255319 0.1063829787234043
vt 0.2978723404255319 0.08510638297872342
vt 0.2978723404255319 0.06382978723404253
vt 0.2978723404255319 0.042553191489361764
vt 0.2978723404255319 0.021276595744680882
vt 0.2978723404255319 0.0
vt 0.27659574468085113 1.0
vt 0.27659574468085113 0.9787234042553191
vt 0.27659574468085113 0.9574468085106383
vt 0.27659574468085113 0.9361702127659575
vt 0.27659574468085113 0.9148936170212766
vt 0.27659574468085113 0.8936170212765957
vt 0.27659574468085113 0.8723404255319149
vt 0.27659574468085113 0.851063829787234
vt 0.27659574468085113 0.8297872340425532
vt 0.27659574468085113 0.8085106382978724
vt 0.27659574468085113 0.7872340425531915
vt 0.27659574468085113 0.7659574468085106
vt 0.27659574468085113 0.7446808510638299
vt 0.27659574468085113 0.7234042553191489
vt 0.27659574468085113 0.7021276595744681
vt 0.27659574468085113 0.6808510638297872
vt 0.27659574468085113 0.6595744680851063
vt 0.27659574468085113 0.6382978723404256
vt 0.27659574468085113 0.6170212765957447
vt 0.27659574468085113 0.5957446808510638
vt 0.27659574468085113 0.574468085106383
vt 0.27659574468085113 0.5531914893617021
vt 0.27659574468085113 0.5319148936170213
vt 0.27659574468085113 0.5106382978723405
vt 0.27659574468085113 0.4893617021276596
vt 0.27659574468085113 0.46808510638297873
vt 0.27659574468085113 0.44680851063829785
vt 0.27659574468085113 0.4255319148936171
vt 0.27659574468085113 0.4042553191489362
vt 0.27659574468085113 0.3829787234042553
vt 0.27659574468085113 0.36170212765957444
vt 0.27659574468085113 0.34042553191489366
vt 0.27659574468085113 0.3191489361702128
vt 0.27659574468085113 0.2978723404255319
vt 0.27659574468085113 0.27659574468085113
vt 0.27659574468085113 0.25531914893617025
vt 0.27659574468085113 0.23404255319148937
vt 0.27659574468085113 0.21276595744680848
vt 0.27659574468085113 0.19148936170212771
vt 0.27659574468085113 0.17021276595744683
vt 0.27659574468085113 0.14893617021276595
vt 0.27659574468085113 0.12765957446808518
vt 0.27659574468085113 0.1063829787234043
vt 0.27659574468085113 0.08510638297872342
vt 0.27659574468085113 0.06382978723404253
vt 0.27659574468085113 0.042553191489361764
vt 0.27659574468085113 0.021276595744680882
vt 0.27659574468085113 0.0
vt 0.25531914893617025 1.0
vt 0.25531914893617025 0.9787234042553191
vt 0.25531914893617025 0.9574468085106383
vt 0.25531914893617025 0.9361702127659575
vt 0.25531914893617025 0.9148936170212766
vt 0.25531914893617025 0.8936170212765957
vt 0.25531914893617025 0.8723404255319149
vt 0.25531914893617025 0.851063829787234
vt 0.25531914893617025 0.8297872340425532
vt 0.25531914893617025 0.8085106382978724
vt 0.25531914893617025 0.7872340425531915
vt 0.25531914893617025 0.7659574468085106
vt 0.25531914893617025 0.7446808510638299
vt 0.25531914893617025 0.7234042553191489
vt 0.25531914893617025 0.7021276595744681
vt 0.25531914893617025 0.6808510638297872
vt 0.25531914893617025 0.6595744680851063
vt 0.25531914893617025 0.6382978723404256
vt 0.25531914893617025 0.6170212765957447
vt 0.25531914893617025 0.5957446808510638
vt 0.25531914893617025 0.574468085106383
vt 0.25531914893617025 0.5531914893617021
vt 0.25531914893617025 0.5319148936170213
vt 0.25531914893617025 0.5106382978723405
vt 0.25531914893617025 0.4893617021276596
vt 0.25531914893617025 0.46808510638297873
vt 0.25531914893617025 0.44680851063829785
vt 0.25531914893617025 0.4255319148936171
vt 0.25531914893617025 0.4042553191489362
vt 0.25531914893617025 0.3829787234042553
vt 0.25531914893617025 0.36170212765957444
vt 0.25531914893617025 0.34042553191489366
vt 0.25531914893617025 0.3191489361702128
vt 0.25531914893617025 0.2978723404255319
vt 0.25531914893617025 0.27659574468085113
vt 0.25531914893617025 0.25531914893617025
vt 0.25531914893617025 0.23404255319148937
vt 0.25531914893617025 0.21276595744680848
vt 0.25531914893617025 0.19148936170212771
vt 0.25531914893617025 0.17021276595744683
vt 0.25531914893617025 0.14893617021276595
vt 0.25531914893617025 0.12765957446808518
vt 0.25531914893617025 0.1063829787234043
vt 0.25531914893617025 0.08510638297872342
vt 0.25531914893617025 0.06382978723404253
vt 0.25531914893617025 0.042553191489361764
vt 0.25531914893617025 0.021276595744680882
vt 0.25531914893617025 0.0
vt 0.23404255319148937 1.0
vt 0.23404255319148937 0.9787234042553191
vt 0.23404255319148937 0.9574468085106383
vt 0.23404255319148937 0.9361702127659575
vt 0.23404255319148937 0.9148936170212766
vt 0.23404255319148937 0.8936170212765957
vt 0.23404255319148937 0.8723404255319149
vt 0.23404255319148937 0.851063829787234
vt 0.23404255319148937 0.8297872340425532
vt 0.23404255319148937 0.8085106382978724
vt 0.23404255319148937 0.7872340425531915
vt 0.23404255319148937 0.7659574468085106
vt 0.23404255319148937 0.7446808510638299
vt 0.23404255319148937 0.7234042553191489
vt 0.23404255319148937 0.7021276595744681
vt 0.23404255319148937 0.6808510638297872
vt 0.23404255319148937 0.6595744680851063
vt 0.23404255319148937 0.6382978723404256
vt 0.23404255319148937 0.6170212765957447
vt 0.23404255319148937 0.5957446808510638
vt 0.23404255319148937 0.574468085106383
vt 0.23404255319148937 0.5531914893617021
vt 0.23404255319148937 0.5319148936170213
vt 0.23404255319148937 0.5106382978723405
vt 0.23404255319148937 0.4893617021276596
vt 0.23404255319148937 0.46808510638297873
vt 0.23404255319148937 0.44680851063829785
vt 0.23404255319148937 0.4255319148936171
vt 0.23404255319148937 0.4042553191489362
vt 0.23404255319148937 0.3829787234042553
vt 0.23404255319148937 0.36170212765957444
vt 0.23404255319148937 0.34042553191489366
vt 0.23404255319148937 0.3191489361702128
vt 0.23404255319148937 0.2978723404255319
vt 0.23404255319148937 0.27659574468085113
vt 0.23404255319148937 0.25531914893617025
vt 0.23404255319148937 0.23404255319148937
vt 0.23404255319148937 0.21276595744680848
vt 0.23404255319148937 0.19148936170212771
vt 0.23404255319148937 0.17021276595744683
vt 0.23404255319148937 0.14893617021276595
vt 0.23404255319148937 0.12765957446808518
vt 0.23404255319148937 0.1063829787234043
vt 0.23404255319148937 0.08510638297872342
vt 0.23404255319148937 0.06382978723404253
vt 0.23404255319148937 0.042553191489361764
vt 0.23404255319148937 0.021276595744680882
vt 0.23404255319148937 0.0
vt 0.21276595744680848 1.0
vt 0.21276595744680848 0.9787234042553191
vt 0.21276595744680848 0.9574468085106383
vt 0.21276595744680848 0.9361702127659575
vt 0.21276595744680848 0.9148936170212766
vt 0.21276595744680848 0.8936170212765957
vt 0.21276595744680848 0.8723404255319149
vt 0.21276595744680848 0.851063829787234
vt 0.21276595744680848 0.8297872340425532
vt 0.21276595744680848 0.8085106382978724
vt 0.21276595744680848 0.7872340425531915
vt 0.21276595744680848 0.7659574468085106
vt 0.21276595744680848 0.7446808510638299
vt 0.21276595744680848 0.7234042553191489
vt 0.21276595744680848 0.7021276595744681
vt 0.21276595744680848 0.6808510638297872
vt 0.21276595744680848 0.6595744680851063
vt 0.21276595744680848 0.6382978723404256
vt 0.21276595744680848 0.6170212765957447
vt 0.21276595744680848 0.5957446808510638
vt 0.21276595744680848 0.574468085106383
vt 0.21276595744680848 0.5531914893617021
vt 0.21276595744680848 0.5319148936170213
vt 0.21276595744680848 0.5106382978723405
vt 0.21276595744680848 0.4893617021276596
vt 0.21276595744680848 0.46808510638297873
vt 0.21276595744680848 0.44680851063829785
vt 0.21276595744680848 0.4255319148936171
vt 0.21276595744680848 0.4042553191489362
vt 0.21276595744680848 0.3829787234042553
vt 0.21276595744680848 0.36170212765957444
vt 0.21276595744680848 0.34042553191489366
vt 0.21276595744680848 0.3191489361702128
vt 0.21276595744680848 0.2978723404255319
vt 0.21276595744680848 0.27659574468085113
vt 0.21276595744680848 0.25531914893617025
vt 0.21276595744680848 0.23404255319148937
vt 0.21276595744680848 0.21276595744680848
vt 0.21276595744680848 0.19148936170212771
vt 0.21276595744680848 0.17021276595744683
vt 0.21276595744680848 0.14893617021276595
vt 0.21276595744680848 0.12765957446808518
vt 0.21276595744680848 0.1063829787234043
vt 0.21276595744680848 0.08510638297872342
vt 0.21276595744680848 0.06382978723404253
vt 0.21276595744680848 0.042553191489361764
vt 0.21276595744680848 0.021276595744680882
vt 0.21276595744680848 0.0
vt 0.19148936170212771 1.0
vt 0.19148936170212771 0.9787234042553191
vt 0.19148936170212771 0.9574468085106383
vt 0.19148936170212771 0.9361702127659575
vt 0.19148936170212771 0.9148936170212766
vt 0.19148936170212771 0.8936170212765957
vt 0.19148936170212771 0.8723404255319149
vt 0.19148936170212771 0.851063829787234
vt 0.19148936170212771 0.8297872340425532
vt 0.19148936170212771 0.8085106382978724
vt 0.19148936170212771 0.7872340425531915
vt 0.19148936170212771 0.7659574468085106
vt 0.19148936170212771 0.7446808510638299
vt 0.19148936170212771 0.7234042553191489
vt 0.19148936170212771 0.7021276595744681
vt 0.19148936170212771 0.6808510638297872
vt 0.19148936170212771 0.6595744680851063
vt 0.19148936170212771 0.6382978723404256
vt 0.19148936170212771 0.6170212765957447
vt 0.19148936170212771 0.5957446808510638
vt 0.19148936170212771 0.574468085106383
vt 0.19148936170212771 0.5531914893617021
vt 0.19148936170212771 0.5319148936170213
vt 0.19148936170212771 0.5106382978723405
vt 0.19148936170212771 0.4893617021276596
vt 0.19148936170212771 0.46808510638297873
vt 0.19148936170212771 0.44680851063829785
vt 0.19148936170212771 0.4255319148936171
vt 0.19148936170212771 0.4042553191489362
vt 0.19148936170212771 0.3829787234042553
vt 0.19148936170212771 0.36170212765957444
vt 0.19148936170212771 0.34042553191489366
vt 0.19148936170212771 0.3191489361702128
vt 0.19148936170212771 0.2978723404255319
vt 0.19148936170212771 0.27659574468085113
vt 0.19148936170212771 0.25531914893617025
vt 0.19148936170212771 0.23404255319148937
vt 0.19148936170212771 0.21276595744680848
vt 0.19148936170212771 0.19148936170212771
vt 0.19148936170212771 0.17021276595744683
vt 0.19148936170212771 0.14893617021276595
vt 0.19148936170212771 0.12765957446808518
vt 0.19148936170212771 0.1063829787234043
vt 0.19148936170212771 0.08510638297872342
vt 0.19148936170212771 0.06382978723404253
vt 0.19148936170212771 0.042553191489361764
vt 0.19148936170212771 0.021276595744680882
vt 0.19148936170212771 0.0
vt 0.17021276595744683 1.0
vt 0.17021276595744683 0.9787234042553191
vt 0.17021276595744683 0.9574468085106383
vt 0.17021276595744683 0.9361702127659575
vt 0.17021276595744683 0.9148936170212766
vt 0.17021276595744683 0.8936170212765957
vt 0.17021276595744683 0.8723404255319149
vt 0.17021276595744683 0.851063829787234
vt 0.17021276595744683 0.8297872340425532
vt 0.17021276595744683 0.8085106382978724
vt 0.17021276595744683 0.7872340425531915
vt 0.17021276595744683 0.7659574468085106
vt 0.17021276595744683 0.7446808510638299
vt 0.17021276595744683 0.7234042553191489
vt 0.17021276595744683 0.7021276595744681
vt 0.17021276595744683 0.6808510638297872
vt 0.17021276595744683 0.6595744680851063
vt 0.17021276595744683 0.6382978723404256
vt 0.17021276595744683 0.6170212765957447
vt 0.17021276595744683 0.5957446808510638
vt 0.17021276595744683 0.574468085106383
vt 0.17021276595744683 0.5531914893617021
vt 0.17021276595744683 0.5319148936170213
vt 0.17021276595744683 0.5106382978723405
vt 0.17021276595744683 0.4893617021276596
vt 0.17021276595744683 0.46808510638297873
vt 0.17021276595744683 0.44680851063829785
vt 0.17021276595744683 0.4255319148936171
vt 0.17021276595744683 0.4042553191489362
vt 0.17021276595744683 0.3829787234042553
vt 0.17021276595744683 0.36170212765957444
vt 0.17021276595744683 0.34042553191489366
vt 0.17021276595744683 0.3191489361702128
vt 0.17021276595744683 0.2978723404255319
vt 0.17021276595744683 0.27659574468085113
vt 0.17021276595744683 0.25531914893617025
vt 0.17021276595744683 0.23404255319148937
vt 0.17021276595744683 0.21276595744680848
vt 0.17021276595744683 0.19148936170212771
vt 0.17021276595744683 0.17021276595744683
vt 0.17021276595744683 0.14893617021276595
vt 0.17021276595744683 0.12765957446808518
vt 0.17021276595744683 0.1063829787234043
vt 0.17021276595744683 0.08510638297872342
vt 0.17021276595744683 0.06382978723404253
vt 0.17021276595744683 0.042553191489361764
vt 0.17021276595744683 0.021276595744680882
vt 0.17021276595744683 0.0
vt 0.14893617021276595 1.0
vt 0.14893617021276595 0.9787234042553191
vt 0.14893617021276595 0.9574468085106383
vt 0.14893617021276595 0.9361702127659575
vt 0.14893617021276595 0.9148936170212766
vt 0.14893617021276595 0.8936170212765957
vt 0.14893617021276595 0.8723404255319149
vt 0.14893617021276595 0.851063829787234
vt 0.14893617021276595 0.8297872340425532
vt 0.14893617021276595 0.8085106382978724
vt 0.14893617021276595 0.7872340425531915
vt 0.14893617021276595 0.7659574468085106
vt 0.14893617021276595 0.7446808510638299
vt 0.14893617021276595 0.7234042553191489
vt 0.14893617021276595 0.7021276595744681
vt 0.14893617021276595 0.6808510638297872
vt 0.14893617021276595 0.6595744680851063
vt 0.14893617021276595 0.6382978723404256
vt 0.14893617021276595 0.6170212765957447
vt 0.14893617021276595 0.5957446808510638
vt 0.14893617021276595 0.574468085106383
vt 0.14893617021276595 0.5531914893617021
vt 0.14893617021276595 0.5319148936170213
vt 0.14893617021276595 0.5106382978723405
vt 0.14893617021276595 0.4893617021276596
vt 0.14893617021276595 0.46808510638297873
vt 0.14893617021276595 0.44680851063829785
vt 0.14893617021276595 0.4255319148936171
vt 0.14893617021276595 0.4042553191489362
vt 0.14893617021276595 0.3829787234042553
vt 0.14893617021276595 0.36170212765957444
vt 0.14893617021276595 0.34042553191489366
vt 0.14893617021276595 0.3191489361702128
vt 0.14893617021276595 0.2978723404255319
vt 0.14893617021276595 0.27659574468085113
vt 0.14893617021276595 0.25531914893617025
vt 0.14893617021276595 0.23404255319148937
vt 0.14893617021276595 0.21276595744680848
vt 0.14893617021276595 0.19148936170212771
vt 0.14893617021276595 0.17021276595744683
vt 0.14893617021276595 0.14893617021276595
vt 0.14893617021276595 0.12765957446808518
vt 0.14893617021276595 0.1063829787234043
vt 0.14893617021276595 0.08510638297872342
vt 0.14893617021276595 0.06382978723404253
vt 0.14893617021276595 0.042553191489361764
vt 0.14893617021276595 0.021276595744680882
vt 0.14893617021276595 0.0
vt 0.12765957446808518 1.0
vt 0.12765957446808518 0.9787234042553191
vt 0.12765957446808518 0.9574468085106383
vt 0.12765957446808518 0.9361702127659575
vt 0.12765957446808518 0.9148936170212766
vt 0.12765957446808518 0.8936170212765957
vt 0.12765957446808518 0.8723404255319149
vt 0.12765957446808518 0.851063829787234
vt 0.12765957446808518 0.8297872340425532
vt 0.12765957446808518 0.8085106382978724
vt 0.12765957446808518 0.7872340425531915
vt 0.12765957446808518 0.7659574468085106
vt 0.12765957446808518 0.7446808510638299
vt 0.12765957446808518 0.7234042553191489
vt 0.12765957446808518 0.7021276595744681
vt 0.12765957446808518 0.6808510638297872
vt 0.12765957446808518 0.6595744680851063
vt 0.12765957446808518 0.6382978723404256
vt 0.12765957446808518 0.6170212765957447
vt 0.12765957446808518 0.5957446808510638
vt 0.12765957446808518 0.574468085106383
vt 0.12765957446808518 0.5531914893617021
vt 0.12765957446808518 0.5319148936170213
vt 0.12765957446808518 0.5106382978723405
vt 0.12765957446808518 0.4893617021276596
vt 0.12765957446808518 0.46808510638297873
vt 0.12765957446808518 0.44680851063829785
vt 0.12765957446808518 0.4255319148936171
vt 0.12765957446808518 0.4042553191489362
vt 0.12765957446808518 0.3829787234042553
vt 0.12765957446808518 0.36170212765957444
vt 0.12765957446808518 0.34042553191489366
vt 0.12765957446808518 0.3191489361702128
vt 0.12765957446808518 0.2978723404255319
vt 0.12765957446808518 0.27659574468085113
vt 0.12765957446808518 0.25531914893617025
vt 0.12765957446808518 0.23404255319148937
vt 0.12765957446808518 0.21276595744680848
vt 0.12765957446808518 0.19148936170212771
vt 0.12765957446808518 0.17021276595744683
vt 0.12765957446808518 0.14893617021276595
vt 0.12765957446808518 0.12765957446808518
vt 0.12765957446808518 0.1063829787234043
vt 0.12765957446808518 0.08510638297872342
vt 0.12765957446808518 0.06382978723404253
vt 0.12765957446808518 0.042553191489361764
vt 0.12765957446808518 0.021276595744680882
vt 0.12765957446808518 0.0
vt 0.1063829787234043 1.0
vt 0.1063829787234043 0.9787234042553191
vt 0.1063829787234043 0.9574468085106383
vt 0.1063829787234043 0.9361702127659575
vt 0.1063829787234043 0.9148936170212766
vt 0.1063829787234043 0.8936170212765957
vt 0.1063829787234043 0.8723404255319149
vt 0.1063829787234043 0.851063829787234
vt 0.1063829787234043 0.8297872340425532
vt 0.1063829787234043 0.8085106382978724
vt 0.1063829787234043 0.7872340425531915
vt 0.1063829787234043 0.7659574468085106
vt 0.1063829787234043 0.7446808510638299
vt 0.1063829787234043 0.7234042553191489
vt 0.1063829787234043 0.7021276595744681
vt 0.1063829787234043 0.6808510638297872
vt 0.1063829787234043 0.6595744680851063
vt 0.1063829787234043 0.6382978723404256
vt 0.1063829787234043 0.6170212765957447
vt 0.1063829787234043 0.5957446808510638
vt 0.1063829787234043 0.574468085106383
vt 0.1063829787234043 0.5531914893617021
vt 0.1063829787234043 0.5319148936170213
vt 0.1063829787234043 0.5106382978723405
vt 0.1063829787234043 0.4893617021276596
vt 0.1063829787234043 0.46808510638297873
vt 0.1063829787234043 0.44680851063829785
vt 0.1063829787234043 0.4255319148936171
vt 0.1063829787234043 0.4042553191489362
vt 0.1063829787234043 0.3829787234042553
vt 0.1063829787234043 0.36170212765957444
vt 0.1063829787234043 0.34042553191489366
vt 0.1063829787234043 0.3191489361702128
vt 0.1063829787234043 0.2978723404255319
vt 0.1063829787234043 0.27659574468085113
vt 0.1063829787234043 0.25531914893617025
vt 0.1063829787234043 0.23404255319148937
vt 0.1063829787234043 0.21276595744680848
vt 0.1063829787234043 0.19148936170212771
vt 0.1063829787234043 0.17021276595744683
vt 0.1063829787234043 0.14893617021276595
vt 0.1063829787234043 0.12765957446808518
vt 0.1063829787234043 0.1063829787234043
vt 0.1063829787234043 0.08510638297872342
vt 0.1063829787234043 0.06382978723404253
vt 0.1063829787234043 0.042553191489361764
vt 0.1063829787234043 0.021276595744680882
vt 0.1063829787234043 0.0
vt 0.08510638297872342 1.0
vt 0.08510638297872342 0.9787234042553191
vt 0.08510638297872342 0.9574468085106383
vt 0.08510638297872342 0.9361702127659575
vt 0.08510638297872342 0.9148936170212766
vt 0.08510638297872342 0.8936170212765957
vt 0.08510638297872342 0.8723404255319149
vt 0.08510638297872342 0.851063829787234
vt 0.08510638297872342 0.8297872340425532
vt 0.08510638297872342 0.8085106382978724
vt 0.08510638297872342 0.7872340425531915
vt 0.08510638297872342 0.7659574468085106
vt 0.08510638297872342 0.7446808510638299
vt 0.08510638297872342 0.7234042553191489
vt 0.08510638297872342 0.7021276595744681
vt 0.08510638297872342 0.6808510638297872
vt 0.08510638297872342 0.6595744680851063
vt 0.08510638297872342 0.6382978723404256
vt 0.08510638297872342 0.6170212765957447
vt 0.08510638297872342 0.5957446808510638
vt 0.08510638297872342 0.574468085106383
vt 0.08510638297872342 0.5531914893617021
vt 0.08510638297872342 0.5319148936170213
vt 0.08510638297872342 0.5106382978723405
vt 0.08510638297872342 0.4893617021276596
vt 0.08510638297872342 0.46808510638297873
vt 0.08510638297872342 0.44680851063829785
vt 0.08510638297872342 0.4255319148936171
vt 0.08510638297872342 0.4042553191489362
vt 0.08510638297872342 0.3829787234042553
vt 0.08510638297872342 0.36170212765957444
vt 0.08510638297872342 0.34042553191489366
vt 0.08510638297872342 0.3191489361702128
vt 0.08510638297872342 0.2978723404255319
vt 0.08510638297872342 0.27659574468085113
vt 0.08510638297872342 0.25531914893617025
vt 0.08510638297872342 0.23404255319148937
vt 0.08510638297872342 0.21276595744680848
vt 0.08510638297872342 0.19148936170212771
vt 0.08510638297872342 0.17021276595744683
vt 0.08510638297872342 0.14893617021276595
vt 0.08510638297872342 0.12765957446808518
vt 0.08510638297872342 0.1063829787234043
vt 0.08510638297872342 0.08510638297872342
vt 0.08510638297872342 0.06382978723404253
vt 0.08510638297872342 0.042553191489361764
vt 0.08510638297872342 0.021276595744680882
vt 0.08510638297872342 0.0
vt 0.06382978723404253 1.0
vt 0.06382978723404253 0.9787234042553191
vt 0.06382978723404253 0.9574468085106383
vt 0.06382978723404253 0.9361702127659575
vt 0.06382978723404253 0.9148936170212766
vt 0.06382978723404253 0.8936170212765957
vt 0.06382978723404253 0.8723404255319149
vt 0.06382978723404253 0.851063829787234
vt 0.06382978723404253 0.8297872340425532
vt 0.06382978723404253 0.8085106382978724
vt 0.06382978723404253 0.7872340425531915
vt 0.06382978723404253 0.7659574468085106
vt 0.06382978723404253 0.7446808510638299
vt 0.06382978723404253 0.7234042553191489
vt 0.06382978723404253 0.7021276595744681
vt 0.06382978723404253 0.6808510638297872
vt 0.06382978723404253 0.6595744680851063
vt 0.06382978723404253 0.6382978723404256
vt 0.06382978723404253 0.6170212765957447
vt 0.06382978723404253 0.5957446808510638
vt 0.06382978723404253 0.574468085106383
vt 0.06382978723404253 0.5531914893617021
vt 0.06382978723404253 0.5319148936170213
vt 0.06382978723404253 0.5106382978723405
vt 0.06382978723404253 0.4893617021276596
vt 0.06382978723404253 0.46808510638297873
vt 0.06382978723404253 0.44680851063829785
vt 0.06382978723404253 0.4255319148936171
vt 0.06382978723404253 0.4042553191489362
vt 0.06382978723404253 0.3829787234042553
vt 0.06382978723404253 0.36170212765957444
vt 0.06382978723404253 0.34042553191489366
vt 0.06382978723404253 0.3191489361702128
vt 0.06382978723404253 0.2978723404255319
vt 0.06382978723404253 0.27659574468085113
vt 0.06382978723404253 0.25531914893617025
vt 0.06382978723404253 0.23404255319148937
vt 0.06382978723404253 0.21276595744680848
vt 0.06382978723404253 0.19148936170212771
vt 0.06382978723404253 0.17021276595744683
vt 0.06382978723404253 0.14893617021276595
vt 0.06382978723404253 0.12765957446808518
vt 0.06382978723404253 0.1063829787234043
vt 0.06382978723404253 0.08510638297872342
vt 0.06382978723404253 0.06382978723404253
vt 0.06382978723404253 0.042553191489361764
vt 0.06382978723404253 0.021276595744680882
vt 0.06382978723404253 0.0
vt 0.042553191489361764 1.0
vt 0.042553191489361764 0.9787234042553191
vt 0.042553191489361764 0.9574468085106383
vt 0.042553191489361764 0.9361702127659575
vt 0.042553191489361764 0.9148936170212766
vt 0.042553191489361764 0.8936170212765957
vt 0.042553191489361764 0.8723404255319149
vt 0.042553191489361764 0.851063829787234
vt 0.042553191489361764 0.8297872340425532
vt 0.042553191489361764 0.8085106382978724
vt 0.042553191489361764 0.7872340425531915
vt 0.042553191489361764 0.7659574468085106
vt 0.042553191489361764 0.7446808510638299
vt 0.042553191489361764 0.7234042553191489
vt 0.042553191489361764 0.7021276595744681
vt 0.042553191489361764 0.6808510638297872
vt 0.042553191489361764 0.6595744680851063
vt 0.042553191489361764 0.6382978723404256
vt 0.042553191489361764 0.6170212765957447
vt 0.042553191489361764 0.5957446808510638
vt 0.042553191489361764 0.574468085106383
vt 0.042553191489361764 0.5531914893617021
vt 0.042553191489361764 0.5319148936170213
vt 0.042553191489361764 0.5106382978723405
vt 0.042553191489361764 0.4893617021276596
vt 0.042553191489361764 0.46808510638297873
vt 0.042553191489361764 0.44680851063829785
vt 0.042553191489361764 0.4255319148936171
vt 0.042553191489361764 0.4042553191489362
vt 0.042553191489361764 0.3829787234042553
vt 0.042553191489361764 0.36170212765957444
vt 0.042553191489361764 0.34042553191489366
vt 0.042553191489361764 0.3191489361702128
vt 0.042553191489361764 0.2978723404255319
vt 0.042553191489361764 0.27659574468085113
vt 0.042553191489361764 0.25531914893617025
vt 0.042553191489361764 0.23404255319148937
vt 0.042553191489361764 0.21276595744680848
vt 0.042553191489361764 0.19148936170212771
vt 0.042553191489361764 0.17021276595744683
vt 0.042553191489361764 0.14893617021276595
vt 0.042553191489361764 0.12765957446808518
vt 0.042553191489361764 0.1063829787234043
vt 0.042553191489361764 0.08510638297872342
vt 0.042553191489361764 0.06382978723404253
vt 0.042553191489361764 0.042553191489361764
vt 0.042553191489361764 0.021276595744680882
vt 0.042553191489361764 0.0
vt 0.021276595744680882 1.0
vt 0.021276595744680882 0.9787234042553191
vt 0.021276595744680882 0.9574468085106383
vt 0.021276595744680882 0.9361702127659575
vt 0.021276595744680882 0.9148936170212766
vt 0.021276595744680882 0.8936170212765957
vt 0.021276595744680882 0.8723404255319149
vt 0.021276595744680882 0.851063829787234
vt 0.021276595744680882 0.8297872340425532
vt 0.021276595744680882 0.8085106382978724
vt 0.021276595744680882 0.7872340425531915
vt 0.021276595744680882 0.7659574468085106
vt 0.021276595744680882 0.7446808510638299
vt 0.021276595744680882 0.7234042553191489
vt 0.021276595744680882 0.7021276595744681
vt 0.021276595744680882 0.6808510638297872
vt 0.021276595744680882 0.6595744680851063
vt 0.021276595744680882 0.6382978723404256
vt 0.021276595744680882 0.6170212765957447
vt 0.021276595744680882 0.5957446808510638
vt 0.021276595744680882 0.574468085106383
vt 0.021276595744680882 0.5531914893617021
vt 0.021276595744680882 0.5319148936170213
vt 0.021276595744680882 0.5106382978723405
vt 0.021276595744680882 0.4893617021276596
vt 0.021276595744680882 0.46808510638297873
vt 0.021276595744680882 0.44680851063829785
vt 0.021276595744680882 0.4255319148936171
vt 0.021276595744680882 0.4042553191489362
vt 0.021276595744680882 0.3829787234042553
vt 0.021276595744680882 0.36170212765957444
vt 0.021276595744680882 0.34042553191489366
vt 0.021276595744680882 0.3191489361702128
vt 0.021276595744680882 0.2978723404255319
vt 0.021276595744680882 0.27659574468085113
vt 0.021276595744680882 0.25531914893617025
vt 0.021276595744680882 0.23404255319148937
vt 0.021276595744680882 0.21276595744680848
vt 0.021276595744680882 0.19148936170212771
vt 0.021276595744680882 0.17021276595744683
vt 0.021276595744680882 0.14893617021276595
vt 0.021276595744680882 0.12765957446808518
vt 0.021276595744680882 0.1063829787234043
vt 0.021276595744680882 0.08510638297872342
vt 0.021276595744680882 0.06382978723404253
vt 0.021276595744680882 0.042553191489361764
vt 0.021276595744680882 0.021276595744680882
vt 0.021276595744680882 0.0
vt 0.0 1.0
vt 0.0 0.9787234042553191
vt 0.0 0.9574468085106383
vt 0.0 0.9361702127659575
vt 0.0 0.9148936170212766
vt 0.0 0.8936170212765957
vt 0.0 0.8723404255319149
vt 0.0 0.851063829787234
vt 0.0 0.8297872340425532
vt 0.0 0.8085106382978724
vt 0.0 0.7872340425531915
vt 0.0 0.7659574468085106
vt 0.0 0.7446808510638299
vt 0.0 0.7234042553191489
vt 0.0 0.7021276595744681
vt 0.0 0.6808510638297872
vt 0.0 0.6595744680851063
vt 0.0 0.6382978723404256
vt 0.0 0.6170212765957447
vt 0.0 0.5957446808510638
vt 0.0 0.574468085106383
vt 0.0 0.5531914893617021
vt 0.0 0.5319148936170213
vt 0.0 0.5106382978723405
vt 0.0 0.4893617021276596
vt 0.0 0.46808510638297873
vt 0.0 0.44680851063829785
vt 0.0 0.4255319148936171
vt 0.0 0.4042553191489362
vt 0.0 0.3829787234042553
vt 0.0 0.36170212765957444
vt 0.0 0.34042553191489366
vt 0.0 0.3191489361702128
vt 0.0 0.2978723404255319
vt 0.0 0.27659574468085113
vt 0.0 0.25531914893617025
vt 0.0 0.23404255319148937
vt 0.0 0.21276595744680848
vt 0.0 0.19148936170212771
vt 0.0 0.17021276595744683
vt 0.0 0.14893617021276595
vt 0.0 0.12765957446808518
vt 0.0 0.1063829787234043
vt 0.0 0.08510638297872342
vt 0.0 0.06382978723404253
vt 0.0 0.042553191489361764
vt 0.0 0.021276595744680882
vt 0.0 0.0
f 1/1 49/49 50/50 2/2
f 2/2 50/50 51/51 3/3
f 3/3 51/51 52/52 4/4
f 4/4 52/52 53/53 5/5
f 5/5 53/53 54/54 6/6
f 6/6 54/54 55/55 7/7
f 7/7 55/55 56/56 8/8
f 8/8 56/56 57/57 9/9
f 9/9 57/57 58/58 10/10
f 10/10 58/58 59/59 11/11
f 11/11 59/59 60/60 12/12
f 12/12 60/60 61/61 13/13
f 13/13 61/61 62/62 14/14
f 14/14 62/62 63/63 15/15
f 15/15 63/63 64/64 16/16
f 16/16 64/64 65/65 17/17
f 17/17 65/65 66/66 18/18
f 18/18 66/66 67/67 19/19
f 19/19 67/67 68/68 20/20
f 20/20 68/68 69/69 21/21
f 21/21 69/69 70/70 22/22
f 22/22 70/70 71/71 23/23
f 23/23 71/71 72/72 24/24
f 24/24 72/72 73/73 25/25
f 25/25 73/73 74/74 26/26
f 26/26 74/74 75/75 27/27
f 27/27 75/75 76/76 28/28
f 28/28 76/76 77/77 29/29
f 29/29 77/77 78/78 30/30
f 30/30 78/78 79/79 31/31
f 31/31 79/79 80/80 32/32
f 32/32 80/80 81/81 33/33
f 33/33 81/81 82/82 34/34
f 34/34 82/82 83/83 35/35
f 35/35 83/83 84/84 36/36
f 36/36 84/84 85/85 37/37
f 37/37 85/85 86/86 38/38
f 38/38 86/86 87/87 39/39
f 39/39 87/87 88/88 40/40
f 40/40 88/88 89/89 41/41
f 41/41 89/89 90/90 42/42
f 42/42 90/90 91/91 43/43
f 43/43 91/91 92/92 44/44
f 44/44 92/92 93/93 45/45
f 45/45 93/93 94/94 46/46
f 46/46 94/94 95/95 47/47
f 47/47 95/95 96/96 48/48
f 49/49 97/97 98/98 50/50
f 50/50 98/98 99/99 51/51
f 51/51 99/99 100/100 52/52
f 52/52 100/100 101/101 53/53
f 53/53 101/101 102/102 54/54
f 54/54 102/102 103/103 55/55
f 55/55 103/103 104/104 56/56
f 56/56 104/104 105/105 57/57
f 57/57 105/105 106/106 58/58
f 58/58 106/106 107/107 59/59
f 59/59 107/107 108/108 60/60
f 60/60 108/108 109/109 61/61
f 61/61 109/109 110/110 62/62
f 62/62 110/110 111/111 63/63
f 63/63 111/111 112/112 64/64
f 64/64 112/112 113/113 65/65
f 65/65 113/113 114/114 66/66
f 66/66 114/114 115/115 67/67
f 67/67 115/115 116/116 68/68
f 68/68 116/116 117/117 69/69
f 69/69 117/117 118/118 70/70
f 70/70 118/118 119/119 71/71
f 71/71 119/119 120/120 72/72
f 72/72 120/120 121/121 73/73
f 73/73 121/121 122/122 74/74
f 74/74 122/122 123/123 75/75
f 75/75 123/123 124/124 76/76
f 76/76 124/124 125/125 77/77
f 77/77 125/125 126/126 78/78
f 78/78 126/126 127/127 79/79
f 79/79 127/127 128/128 80/80
f 80/80 128/128 129/129 81/81
f 81/81 129/129 130/130 82/82
f 82/82 130/130 131/131 83/83
f 83/83 131/131 132/132 84/84
f 84/84 132/132 133/133 85/85
f 85/85 133/133 134/134 86/86
f 86/86 134/134 135/135 87/87
f 87/87 135/135 136/136 88/88
f 88/88 136/136 137/137 89/89
f 89/89 137/137 138/138 90/90
f 90/90 138/138 139/139 91/91
f 91/91 139/139 140/140 92/92
f 92/92 140/140 141/141 93/93
f 93/93 141/141 142/142 94/94
f 94/94 142/142 143/143 95/95
f 95/95 143/143 144/144 96/96
f 97/97 145/145 146/146 98/98
f 98/98 146/146 147/147 99/99
f 99/99 147/147 148/148 100/100
f 100/100 148/148 149/149 101/101
f 101/101 149/149 150/150 102/102
f 102/102 150/150 151/151 103/103
f 103/103 151/151 152/152 104/104
f 104/104 152/152 153/153 105/105
f 105/105 153/153 154/154 106/106
f 106/106 154/154 155/155 107/107
f 107/107 155/155 156/156 108/108
f 108/108 156/156 157/157 109/109
f 109/109 157/157 158/158 110/110
f 110/110 158/158 159/159 111/111
f 111/111 159/159 160/160 112/112
f 112/112 160/160 161/161 113/113
f 113/113 161/161 162/162 114/114
f 114/114 162/162 163/163 115/115
f 115/115 163/163 164/164 116/116
f 116/116 164/164 165/165 117/117
f 117/117 165/165 166/166 118/118
f 118/118 166/166 167/167 119/119
f 119/119 167/167 168/168 120/120
f 120/120 168/168 169/169 121/121
f 121/121 169/169 170/170 122/122
f 122/122 170/170 171/171 123/123
f 123/123 171/171 172/172 124/124
f 124/124 172/172 173/173 125/125
f 125/125 173/173 174/174 126/126
f 126/126 174/174 175/175 127/127
f 127/127 175/175 176/176 128/128
f 128/128 176/176 177/177 129/129
f 129/129 177/177 178/178 130/130
f 130/130 178/178 179/179 131/131
f 131/131 179/179 180/180 132/132
f 132/132 180/180 181/181 133/133
f 133/133 181/181 182/182 134/134
f 134/134 182/182 183/183 135/135
f 135/135 183/183 184/184 136/136
f 136/136 184/184 185/185 137/137
f 137/137 185/185 186/186 138/138
f 138/138 186/186 187/187 139/139
f 139/139 187/187 188/188 140/140
f 140/140 188/188 189/189 141/141
f 141/141 189/189 190/190 142/142
f 142/142 190/190 191/191 143/143
f 143/143 191/191 192/192 144/144
f 145/145 193/193 194/194 146/146
f 146/146 194/194 195/195 147/147
f 147/147 195/195 196/196 148/148
f 148/148 196/196 197/197 149/149
f 149/149 197/197 198/198 150/150
f 150/150 198/198 199/199 151/151
f 151/151 199/199 200/200 152/152
f 152/152 200/200 201/201 153/153
f 153/153 201/201 202/202 154/154
f 154/154 202/202 203/203 155/155
f 155/155 203/203 204/204 156/156
f 156/156 204/204 205/205 157/157
f 157/157 205/205 206/206 158/158
f 158/158 206/206 207/207 159/159
f 159/159 207/207 208/208 160/160
f 160/160 208/208 209/209 161/161
f 161/161 209/209 210/210 162/162
f 162/162 210/210 211/211 163/163
f 163/163 211/211 212/212 164/164
f 164/164 212/212 213/213 165/165
f 165/165 213/213 214/214 166/166
f 166/166 214/214 215/215 167/167
f 167/167 215/215 216/216 168/168
f 168/168 216/216 217/217 169/169
f 169/169 217/217 218/218 170/170
f 170/170 218/218 219/219 171/171
f 171/171 219/219 220/220 172/172
f 172/172 220/220 221/221 173/173
f 173/173 221/221 222/222 174/174
f 174/174 222/222 223/223 175/175
f 175/175 223/223 224/224 176/176
f 176/176 224/224 225/225 177/177
f 177/177 225/225 226/226 178/178
f 178/178 226/226 227/227 179/179
f 179/179 227/227 228/228 180/180
f 180/180 228/228 229/229 181/181
f 181/181 229/229 230/230 182/182
f 182/182 230/230 231/231 183/183
f 183/183 231/231 232/232 184/184
f 184/184 232/232 233/233 185/185
f 185/185 233/233 234/234 186/186
f 186/186 234/234 235/235 187/187
f 187/187 235/235 236/236 188/188
f 188/188 236/236 237/237 189/189
f 189/189 237/237 238/238 190/190
f 190/190 238/238 239/239 191/191
f 191/191 239/239 240/240 192/192
f 193/193 241/241 242/242 194/194
f 194/194 242/242 243/243 195/195
f 195/195 243/243 244/244 196/196
f 196/196 244/244 245/245 197/197
f 197/197 245/245 246/246 198/198
f 198/198 246/246 247/247 199/199
f 199/199 247/247 248/248 200/200
f 200/200 248/248 249/249 201/201
f 201/201 249/249 250/250 202/202
f 202/202 250/250 251/251 203/203
f 203/203 251/251 252/252 204/204
f 204/204 252/252 253/253 205/205
f 205/205 253/253 254/254 206/206
f 206/206 254/254 255/255 207/207
f 207/207 255/255 256/256 208/208
f 208/208 256/256 257/257 209/209
f 209/209 257/257 258/258 210/210
f 210/210 258/258 259/259 211/211
f 211/211 259/259 260/260 212/212
f 212/212 260/260 261/261 213/213
f 213/213 261/261 262/262 214/214
f 214/214 262/262 263/263 215/215
f 215/215 263/263 264/264 216/216
f 216/216 264/264 265/265 217/217
f 217/217 265/265 266/266 218/218
f 218/218 266/266 267/267 219/219
f 219/219 267/267 268/268 220/220
f 220/220 268/268 269/269 221/221
f 221/221 269/269 270/270 222/222
f 222/222 270/270 271/271 223/223
f 223/223 271/271 272/272 224/224
f 224/224 272/272 273/273 225/225
f 225/225 273/273 274/274 226/226
f 226/226 274/274 275/275 227/227
f 227/227 275/275 276/276 228/228
f 228/228 276/276 277/277 229/229
f 229/229 277/277 278/278 230/230
f 230/230 278/278 279/279 231/231
f 231/231 279/279 280/280 232/232
f 232/232 280/280 281/281 233/233
f 233/233 281/281 282/282 234/234
f 234/234 282/282 283/283 235/235
f 235/235 283/283 284/284 236/236
f 236/236 284/284 285/285 237/237
f 237/237 285/285 286/286 238/238
f 238/238 286/286 287/287 239/239
f 239/239 287/287 288/288 240/240
f 241/241 289/289 290/290 242/242
f 242/242 290/290 291/291 243/243
f 243/243 291/291 292/292 244/244
f 244/244 292/292 293/293 245/245
f 245/245 293/293 294/294 246/246
f 246/246 294/294 295/295 247/247
f 247/247 295/295 296/296 248/248
f 248/248 296/296 297/297 249/249
f 249/249 297/297 298/298 250/250
f 250/250 298/298 299/299 251/251
f 251/251 299/299 300/300 252/252
f 252/252 300/300 301/301 253/253
f 253/253 301/301 302/302 254/254
f 254/254 302/302 303/303 255/255
f 255/255 303/303 304/304 256/256
f 256/256 304/304 305/305 257/257
f 257/257 305/305 306/306 258/258
f 258/258 306/306 307/307 259/259
f 259/259 307/307 308/308 260/260
f 260/260 308/308 309/309 261/261
f 261/261 309/309 310/310 262/262
f 262/262 310/310 311/311 263/263
f 263/263 311/311 312/312 264/264
f 264/264 312/312 313/313 265/265
f 265/265 313/313 314/314 266/266
f 266/266 314/314 315/315 267/267
f 267/267 315/315 316/316 268/268
f 268/268 316/316 317/317 269/269
f 269/269 317/317 318/318 270/270
f 270/270 318/318 319/319 271/271
f 271/271 319/319 320/320 272/272
f 272/272 320/320 321/321 273/273
f 273/273 321/321 322/322 274/274
f 274/274 322/322 323/323 275/275
f 275/275 323/323 324/324 276/276
f 276/276 324/324 325/325 277/277
f 277/277 325/325 326/326 278/278
f 278/278 326/326 327/327 279/279
f 279/279 327/327 328/328 280/280
f 280/280 328/328 329/329 281/281
f 281/281 329/329 330/330 282/282
f 282/282 330/330 331/331 283/283
f 283/283 331/331 332/332 284/284
f 284/284 332/332 333/333 285/285
f 285/285 333/333 334/334 286/286
f 286/286 334/334 335/335 287/287
f 287/287 335/335 336/336 288/288
f 289/289 337/337 338/338 290/290
f 290/290 338/338 339/339 291/291
f 291/291 339/339 340/340 292/292
f 292/292 340/340 341/341 293/293
f 293/293 341/341 342/342 294/294
f 294/294 342/342 343/343 295/295
f 295/295 343/343 344/344 296/296
f 296/296 344/344 345/345 297/297
f 297/297 345/345 346/346 298/298
f 298/298 346/346 347/347 299/299
f 299/299 347/347 348/348 300/300
f 300/300 348/348 349/349 301/301
f 301/301 349/349 350/350 302/302
f 302/302 350/350 351/351 303/303
f 303/303 351/351 352/352 304/304
f 304/304 352/352 353/353 305/305
f 305/305 353/353 354/354 306/306
f 306/306 354/354 355/355 307/307
f 307/307 355/355 356/356 308/308
f 308/308 356/356 357/357 309/309
f 309/309 357/357 358/358 310/310
f 310/310 358/358 359/359 311/311
f 311/311 359/359 360/360 312/312
f 312/312 360/360 361/361 313/313
f 313/313 361/361 362/362 314/314
f 314/314 362/362 363/363 315/315
f 315/315 363/363 364/364 316/316
f 316/316 364/364 365/365 317/317
f 317/317 365/365 366/366 318/318
f 318/318 366/366 367/367 319/319
f 319/319 367/367 368/368 320/320
f 320/320 368/368 369/369 321/321
f 321/321 369/369 370/370 322/322
f 322/322 370/370 371/371 323/323
f 323/323 371/371 372/372 324/324
f 324/324 372/372 373/373 325/325
f 325/325 373/373 374/374 326/326
f 326/326 374/374 375/375 327/327
f 327/327 375/375 376/376 328/328
f 328/328 376/376 377/377 329/329
f 329/329 377/377 378/378 330/330
f 330/330 378/378 379/379 331/331
f 331/331 379/379 380/380 332/332
f 332/332 380/380 381/381 333/333
f 333/333 381/381 382/382 334/334
f 334/334 382/382 383/383 335/335
f 335/335 383/383 384/384 336/336
f 337/337 385/385 386/386 338/338
f 338/338 386/386 387/387 339/339
f 339/339 387/387 388/388 340/340
f 340/340 388/388 389/389 341/341
f 341/341 389/389 390/390 342/342
f 342/342 390/390 391/391 343/343
f 343/343 391/391 392/392 344/344
f 344/344 392/392 393/393 345/345
f 345/345 393/393 394/394 346/346
f 346/346 394/394 395/395 347/347
f 347/347 395/395 396/396 348/348
f 348/348 396/396 397/397 349/349
f 349/349 397/397 398/398 350/350
f 350/350 398/398 399/399 351/351
f 351/351 399/399 400/400 352/352
f 352/352 400/400 401/401 353/353
f 353/353 401/401 402/402 354/354
f 354/354 402/402 403/403 355/355
f 355/355 403/403 404/404 356/356
f 356/356 404/404 405/405 357/357
f 357/357 405/405 406/406 358/358
f 358/358 406/406 407/407 359/359
f 359/359 407/407 408/408 360/360
f 360/360 408/408 409/409 361/361
f 361/361 409/409 410/410 362/362
f 362/362 410/410 411/411 363/363
f 363/363 411/411 412/412 364/364
f 364/364 412/412 413/413 365/365
f 365/365 413/413 414/414 366/366
f 366/366 414/414 415/415 367/367
f 367/367 415/415 416/416 368/368
f 368/368 416/416 417/417 369/369
f 369/369 417/417 418/418 370/370
f 370/370 418/418 419/419 371/371
f 371/371 419/419 420/420 372/372
f 372/372 420/420 421/421 373/373
f 373/373 421/421 422/422 374/374
f 374/374 422/422 423/423 375/375
f 375/375 423/423 424/424 376/376
f 376/376 424/424 425/425 377/377
f 377/377 425/425 426/426 378/378
f 378/378 426/426 427/427 379/379
f 379/379 427/427 428/428 380/380
f 380/380 428/428 429/429 381/381
f 381/381 429/429 430/430 382/382
f 382/382 430/430 431/431 383/383
f 383/383 431/431 432/432 384/384
f 385/385 433/433 434/434 386/386
f 386/386 434/434 435/435 387/387
f 387/387 435/435 436/436 388/388
f 388/388 436/436 437/437 389/389
f 389/389 437/437 438/438 390/390
f 390/390 438/438 439/439 391/391
f 391/391 439/439 440/440 392/392
f 392/392 440/440 441/441 393/393
f 393/393 441/441 442/442 394/394
f 394/394 442/442 443/443 395/395
f 395/395 443/443 444/444 396/396
f 396/396 444/444 445/445 397/397
f 397/397 445/445 446/446 398/398
f 398/398 446/446 447/447 399/399
f 399/399 447/447 448/448 400/400
f 400/400 448/448 449/449 401/401
f 401/401 449/449 450/450 402/402
f 402/402 450/450 451/451 403/403
f 403/403 451/451 452/452 404/404
f 404/404 452/452 453/453 405/405
f 405/405 453/453 454/454 406/406
f 406/406 454/454 455/455 407/407
f 407/407 455/455 456/456 408/408
f 408/408 456/456 457/457 409/409
f 409/409 457/457 458/458 410/410
f 410/410 458/458 459/459 411/411
f 411/411 459/459 460/460 412/412
f 412/412 460/460 461/461 413/413
f 413/413 461/461 462/462 414/414
f 414/414 462/462 463/463 415/415
f 415/415 463/463 464/464 416/416
f 416/416 464/464 465/465 417/417
f 417/417 465/465 466/466 418/418
f 418/418 466/466 467/467 419/419
f 419/419 467/467 468/468 420/420
f 420/420 468/468 469/469 421/421
f 421/421 469/469 470/470 422/422
f 422/422 470/470 471/471 423/423
f 423/423 471/471 472/472 424/424
f 424/424 472/472 473/473 425/425
f 425/425 473/473 474/474 426/426
f 426/426 474/474 475/475 427/427
f 427/427 475/475 476/476 428/428
f 428/428 476/476 477/477 429/429
f 429/429 477/477 478/478 430/430
f 430/430 478/478 479/479 431/431
f 431/431 479/479 480/480 432/432
f 433/433 481/481 482/482 434/434
f 434/434 482/482 483/483 435/435
f 435/435 483/483 484/484 436/436
f 436/436 484/484 485/485 437/437
f 437/437 485/485 486/486 438/438
f 438/438 486/486 487/487 439/439
f 439/439 487/487 488/488 440/440
f 440/440 488/488 489/489 441/441
f 441/441 489/489 490/490 442/442
f 442/442 490/490 491/491 443/443
f 443/443 491/491 492/492 444/444
f 444/444 492/492 493/493 445/445
f 445/445 493/493 494/494 446/446
f 446/446 494/494 495/495 447/447
f 447/447 495/495 496/496 448/448
f 448/448 496/496 497/497 449/449
f 449/449 497/497 498/498 450/450
f 450/450 498/498 499/499 451/451
f 451/451 499/499 500/500 452/452
f 452/452 500/500 501/501 453/453
f 453/453 501/501 502/502 454/454
f 454/454 502/502 503/503 455/455
f 455/455 503/503 504/504 456/456
f 456/456 504/504 505/505 457/457
f 457/457 505/505 506/506 458/458
f 458/458 506/506 507/507 459/459
f 459/459 507/507 508/508 460/460
f 460/460 508/508 509/509 461/461
f 461/461 509/509 510/510 462/462
f 462/462 510/510 511/511 463/463
f 463/463 511/511 512/512 464/464
f 464/464 512/512 513/513 465/465
f 465/465 513/513 514/514 466/466
f 466/466 514/514 515/515 467/467
f 467/467 515/515 516/516 468/468
f 468/468 516/516 517/517 469/469
f 469/469 517/517 518/518 470/470
f 470/470 518/518 519/519 471/471
f 471/471 519/519 520/520 472/472
f 472/472 520/520 521/521 473/473
f 473/473 521/521 522/522 474/474
f 474/474 522/522 523/523 475/475
f 475/475 523/523 524/524 476/476
f 476/476 524/524 525/525 477/477
f 477/477 525/525 526/526 478/478
f 478/478 526/526 527/527 479/479
f 479/479 527/527 528/528 480/480
f 481/481 529/529 530/530 482/482
f 482/482 530/530 531/531 483/483
f 483/483 531/531 532/532 484/484
f 484/484 532/532 533/533 485/485
f 485/485 533/533 534/534 486/486
f 486/486 534/534 535/535 487/487
f 487/487 535/535 536/536 488/488
f 488/488 536/536 537/537 489/489
f 489/489 537/537 538/538 490/490
f 490/490 538/538 539/539 491/491
f 491/491 539/539 540/540 492/492
f 492/492 540/540 541/541 493/493
f 493/493 541/541 542/542 494/494
f 494/494 542/542 543/543 495/495
f 495/495 543/543 544/544 496/496
f 496/496 544/544 545/545 497/497
f 497/497 545/545 546/546 498/498
f 498/498 546/546 547/547 499/499
f 499/499 547/547 548/548 500/500
f 500/500 548/548 549/549 501/501
f 501/501 549/549 550/550 502/502
f 502/502 550/550 551/551 503/503
f 503/503 551/551 552/552 504/504
f 504/504 552/552 553/553 505/505
f 505/505 553/553 554/554 506/506
f 506/506 554/554 555/555 507/507
f 507/507 555/555 556/556 508/508
f 508/508 556/556 557/557 509/509
f 509/509 557/557 558/558 510/510
f 510/510 558/558 559/559 511/511
f 511/511 559/559 560/560 512/512
f 512/512 560/560 561/561 513/513
f 513/513 561/561 562/562 514/514
f 514/514 562/562 563/563 515/515
f 515/515 563/563 564/564 516/516
f 516/516 564/564 565/565 517/517
f 517/517 565/565 566/566 518/518
f 518/518 566/566 567/567 519/519
f 519/519 567/567 568/568 520/520
f 520/520 568/568 569/569 521/521
f 521/521 569/569 570/570 522/522
f 522/522 570/570 571/571 523/523
f 523/523 571/571 572/572 524/524
f 524/524 572/572 573/573 525/525
f 525/525 573/573 574/574 526/526
f 526/526 574/574 575/575 527/527
f 527/527 575/575 576/576 528/528
f 529/529 577/577 578/578 530/530
f 530/530 578/578 579/579 531/531
f 531/531 579/579 580/580 532/532
f 532/532 580/580 581/581 533/533
f 533/533 581/581 582/582 534/534
f 534/534 582/582 583/583 535/535
f 535/535 583/583 584/584 536/536
f 536/536 584/584 585/585 537/537
f 537/537 585/585 586/586 538/538
f 538/538 586/586 587/587 539/539
f 539/539 587/587 588/588 540/540
f 540/540 588/588 589/589 541/541
f 541/541 589/589 590/590 542/542
f 542/542 590/590 591/591 543/543
f 543/543 591/591 592/592 544/544
f 544/544 592/592 593/593 545/545
f 545/545 593/593 594/594 546/546
f 546/546 594/594 595/595 547/547
f 547/547 595/595 596/596 548/548
f 548/548 596/596 597/597 549/549
f 549/549 597/597 598/598 550/550
f 550/550 598/598 599/599 551/551
f 551/551 599/599 600/600 552/552
f 552/552 600/600 601/601 553/553
f 553/553 601/601 602/602 554/554
f 554/554 602/602 603/603 555/555
f 555/555 603/603 604/604 556/556
f 556/556 604/604 605/605 557/557
f 557/557 605/605 606/606 558/558
f 558/558 606/606 607/607 559/559
f 559/559 607/607 608/608 560/560
f 560/560 608/608 609/609 561/561
f 561/561 609/609 610/610 562/562
f 562/562 610/610 611/611 563/563
f 563/563 611/611 612/612 564/564
f 564/564 612/612 613/613 565/565
f 565/565 613/613 614/614 566/566
f 566/566 614/614 615/615 567/567
f 567/567 615/615 616/616 568/568
f 568/568 616/616 617/617 569/569
f 569/569 617/617 618/618 570/570
f 570/570 618/618 619/619 571/571
f 571/571 619/619 620/620 572/572
f 572/572 620/620 621/621 573/573
f 573/573 621/621 622/622 574/574
f 574/574 622/622 623/623 575/575
f 575/575 623/623 624/624 576/576
f 577/577 625/625 626/626 578/578
f 578/578 626/626 627/627 579/579
f 579/579 627/627 628/628 580/580
f 580/580 628/628 629/629 581/581
f 581/581 629/629 630/630 582/582
f 582/582 630/630 631/631 583/583
f 583/583 631/631 632/632 584/584
f 584/584 632/632 633/633 585/585
f 585/585 633/633 634/634 586/586
f 586/586 634/634 635/635 587/587
f 587/587 635/635 636/636 588/588
f 588/588 636/636 637/637 589/589
f 589/589 637/637 638/638 590/590
f 590/590 638/638 639/639 591/591
f 591/591 639/639 640/640 592/592
f 592/592 640/640 641/641 593/593
f 593/593 641/641 642/642 594/594
f 594/594 642/642 643/643 595/595
f 595/595 643/643 644/644 596/596
f 596/596 644/644 645/645 597/597
f 597/597 645/645 646/646 598/598
f 598/598 646/646 647/647 599/599
f 599/599 647/647 648/648 600/600
f 600/600 648/648 649/649 601/601
f 601/601 649/649 650/650 602/602
f 602/602 650/650 651/651 603/603
f 603/603 651/651 652/652 604/604
f 604/604 652/652 653/653 605/605
f 605/605 653/653 654/654 606/606
f 606/606 654/654 655/655 607/607
f 607/607 655/655 656/656 608/608
f 608/608 656/656 657/657 609/609
f 609/609 657/657 658/658 610/610
f 610/610 658/658 659/659 611/611
f 611/611 659/659 660/660 612/612
f 612/612 660/660 661/661 613/613
f 613/613 661/661 662/662 614/614
f 614/614 662/662 663/663 615/615
f 615/615 663/663 664/664 616/616
f 616/616 664/664 665/665 617/617
f 617/617 665/665 666/666 618/618
f 618/618 666/666 667/667 619/619
f 619/619 667/667 668/668 620/620
f 620/620 668/668 669/669 621/621
f 621/621 669/669 670/670 622/622
f 622/622 670/670 671/671 623/623
f 623/623 671/671 672/672 624/624
f 625/625 673/673 674/674 626/626
f 626/626 674/674 675/675 627/627
f 627/627 675/675 676/676 628/628
f 628/628 676/676 677/677 629/629
f 629/629 677/677 678/678 630/630
f 630/630 678/678 679/679 631/631
f 631/631 679/679 680/680 632/632
f 632/632 680/680 681/681 633/633
f 633/633 681/681 682/682 634/634
f 634/634 682/682 683/683 635/635
f 635/635 683/683 684/684 636/636
f 636/636 684/684 685/685 637/637
f 637/637 685/685 686/686 638/638
f 638/638 686/686 687/687 639/639
f 639/639 687/687 688/688 640/640
f 640/640 688/688 689/689 641/641
f 641/641 689/689 690/690 642/642
f 642/642 690/690 691/691 643/643
f 643/643 691/691 692/692 644/644
f 644/644 692/692 693/693 645/645
f 645/645 693/693 694/694 646/646
f 646/646 694/694 695/695 647/647
f 647/647 695/695 696/696 648/648
f 648/648 696/696 697/697 649/649
f 649/649 697/697 698/698 650/650
f 650/650 698/698 699/699 651/651
f 651/651 699/699 700/700 652/652
f 652/652 700/700 701/701 653/653
f 653/653 701/701 702/702 654/654
f 654/654 702/702 703/703 655/655
f 655/655 703/703 704/704 656/656
f 656/656 704/704 705/705 657/657
f 657/657 705/705 706/706 658/658
f 658/658 706/706 707/707 659/659
f 659/659 707/707 708/708 660/660
f 660/660 708/708 709/709 661/661
f 661/661 709/709 710/710 662/662
f 662/662 710/710 711/711 663/663
f 663/663 711/711 712/712 664/664
f 664/664 712/712 713/713 665/665
f 665/665 713/713 714/714 666/666
f 666/666 714/714 715/715 667/667
f 667/667 715/715 716/716 668/668
f 668/668 716/716 717/717 669/669
f 669/669 717/717 718/718 670/670
f 670/670 718/718 719/719 671/671
f 671/671 719/719 720/720 672/672
f 673/673 721/721 722/722 674/674
f 674/674 722/722 723/723 675/675
f 675/675 723/723 724/724 676/676
f 676/676 724/724 725/725 677/677
f 677/677 725/725 726/726 678/678
f 678/678 726/726 727/727 679/679
f 679/679 727/727 728/728 680/680
f 680/680 728/728 729/729 681/681
f 681/681 729/729 730/730 682/682
f 682/682 730/730 731/731 683/683
f 683/683 731/731 732/732 684/684
f 684/684 732/732 733/733 685/685
f 685/685 733/733 734/734 686/686
f 686/686 734/734 735/735 687/687
f 687/687 735/735 736/736 688/688
f 688/688 736/736 737/737 689/689
f 689/689 737/737 738/738 690/690
f 690/690 738/738 739/739 691/691
f 691/691 739/739 740/740 692/692
f 692/692 740/740 741/741 693/693
f 693/693 741/741 742/742 694/694
f 694/694 742/742 743/743 695/695
f 695/695 743/743 744/744 696/696
f 696/696 744/744 745/745 697/697
f 697/697 745/745 746/746 698/698
f 698/698 746/746 747/747 699/699
f 699/699 747/747 748/748 700/700
f 700/700 748/748 749/749 701/701
f 701/701 749/749 750/750 702/702
f 702/702 750/750 751/751 703/703
f 703/703 751/751 752/752 704/704
f 704/704 752/752 753/753 705/705
f 705/705 753/753 754/754 706/706
f 706/706 754/754 755/755 707/707
f 707/707 755/755 756/756 708/708
f 708/708 756/756 757/757 709/709
f 709/709 757/757 758/758 710/710
f 710/710 758/758 759/759 711/711
f 711/711 759/759 760/760 712/712
f 712/712 760/760 761/761 713/713
f 713/713 761/761 762/762 714/714
f 714/714 762/762 763/763 715/715
f 715/715 763/763 764/764 716/716
f 716/716 764/764 765/765 717/717
f 717/717 765/765 766/766 718/718
f 718/718 766/766 767/767 719/719
f 719/719 767/767 768/768 720/720
f 721/721 769/769 770/770 722/722
f 722/722 770/770 771/771 723/723
f 723/723 771/771 772/772 724/724
f 724/724 772/772 773/773 725/725
f 725/725 773/773 774/774 726/726
f 726/726 774/774 775/775 727/727
f 727/727 775/775 776/776 728/728
f 728/728 776/776 777/777 729/729
f 729/729 777/777 778/778 730/730
f 730/730 778/778 779/779 731/731
f 731/731 779/779 780/780 732/732
f 732/732 780/780 781/781 733/733
f 733/733 781/781 782/782 734/734
f 734/734 782/782 783/783 735/735
f 735/735 783/783 784/784 736/736
f 736/736 784/784 785/785 737/737
f 737/737 785/785 786/786 738/738
f 738/738 786/786 787/787 739/739
f 739/739 787/787 788/788 740/740
f 740/740 788/788 789/789 741/741
f 741/741 789/789 790/790 742/742
f 742/742 790/790 791/791 743/743
f 743/743 791/791 792/792 744/744
f 744/744 792/792 793/793 745/745
f 745/745 793/793 794/794 746/746
f 746/746 794/794 795/795 747/747
f 747/747 795/795 796/796 748/748
f 748/748 796/796 797/797 749/749
f 749/749 797/797 798/798 750/750
f 750/750 798/798 799/799 751/751
f 751/751 799/799 800/800 752/752
f 752/752 800/800 801/801 753/753
f 753/753 801/801 802/802 754/754
f 754/754 802/802 803/803 755/755
f 755/755 803/803 804/804 756/756
f 756/756 804/804 805/805 757/757
f 757/757 805/805 806/806 758/758
f 758/758 806/806 807/807 759/759
f 759/759 807/807 808/808 760/760
f 760/760 808/808 809/809 761/761
f 761/761 809/809 810/810 762/762
f 762/762 810/810 811/811 763/763
f 763/763 811/811 812/812 764/764
f 764/764 812/812 813/813 765/765
f 765/765 813/813 814/814 766/766
f 766/766 814/814 815/815 767/767
f 767/767 815/815 816/816 768/768
f 769/769 817/817 818/818 770/770
f 770/770 818/818 819/819 771/771
f 771/771 819/819 820/820 772/772
f 772/772 820/820 821/821 773/773
f 773/773 821/821 822/822 774/774
f 774/774 822/822 823/823 775/775
f 775/775 823/823 824/824 776/776
f 776/776 824/824 825/825 777/777
f 777/777 825/825 826/826 778/778
f 778/778 826/826 827/827 779/779
f 779/779 827/827 828/828 780/780
f 780/780 828/828 829/829 781/781
f 781/781 829/829 830/830 782/782
f 782/782 830/830 831/831 783/783
f 783/783 831/831 832/832 784/784
f 784/784 832/832 833/833 785/785
f 785/785 833/833 834/834 786/786
f 786/786 834/834 835/835 787/787
f 787/787 835/835 836/836 788/788
f 788/788 836/836 837/837 789/789
f 789/789 837/837 838/838 790/790
f 790/790 838/838 839/839 791/791
f 791/791 839/839 840/840 792/792
f 792/792 840/840 841/841 793/793
f 793/793 841/841 842/842 794/794
f 794/794 842/842 843/843 795/795
f 795/795 843/843 844/844 796/796
f 796/796 844/844 845/845 797/797
f 797/797 845/845 846/846 798/798
f 798/798 846/846 847/847 799/799
f 799/799 847/847 848/848 800/800
f 800/800 848/848 849/849 801/801
f 801/801 849/849 850/850 802/802
f 802/802 850/850 851/851 803/803
f 803/803 851/851 852/852 804/804
f 804/804 852/852 853/853 805/805
f 805/805 853/853 854/854 806/806
f 806/806 854/854 855/855 807/807
f 807/807 855/855 856/856 808/808
f 808/808 856/856 857/857 809/809
f 809/809 857/857 858/858 810/810
f 810/810 858/858 859/859 811/811
f 811/811 859/859 860/860 812/812
f 812/812 860/860 861/861 813/813
f 813/813 861/861 862/862 814/814
f 814/814 862/862 863/863 815/815
f 815/815 863/863 864/864 816/816
f 817/817 865/865 866/866 818/818
f 818/818 866/866 867/867 819/819
f 819/819 867/867 868/868 820/820
f 820/820 868/868 869/869 821/821
f 821/821 869/869 870/870 822/822
f 822/822 870/870 871/871 823/823
f 823/823 871/871 872/872 824/824
f 824/824 872/872 873/873 825/825
f 825/825 873/873 874/874 826/826
f 826/826 874/874 875/875 827/827
f 827/827 875/875 876/876 828/828
f 828/828 876/876 877/877 829/829
f 829/829 877/877 878/878 830/830
f 830/830 878/878 879/879 831/831
f 831/831 879/879 880/880 832/832
f 832/832 880/880 881/881 833/833
f 833/833 881/881 882/882 834/834
f 834/834 882/882 883/883 835/835
f 835/835 883/883 884/884 836/836
f 836/836 884/884 885/885 837/837
f 837/837 885/885 886/886 838/838
f 838/838 886/886 887/887 839/839
f 839/839 887/887 888/888 840/840
f 840/840 888/888 889/889 841/841
f 841/841 889/889 890/890 842/842
f 842/842 890/890 891/891 843/843
f 843/843 891/891 892/892 844/844
f 844/844 892/892 893/893 845/845
f 845/845 893/893 894/894 846/846
f 846/846 894/894 895/895 847/847
f 847/847 895/895 896/896 848/848
f 848/848 896/896 897/897 849/849
f 849/849 897/897 898/898 850/850
f 850/850 898/898 899/899 851/851
f 851/851 899/899 900/900 852/852
f 852/852 900/900 901/901 853/853
f 853/853 901/901 902/902 854/854
f 854/854 902/902 903/903 855/855
f 855/855 903/903 904/904 856/856
f 856/856 904/904 905/905 857/857
f 857/857 905/905 906/906 858/858
f 858/858 906/906 907/907 859/859
f 859/859 907/907 908/908 860/860
f 860/860 908/908 909/909 861/861
f 861/861 909/909 910/910 862/862
f 862/862 910/910 911/911 863/863
f 863/863 911/911 912/912 864/864
f 865/865 913/913 914/914 866/866
f 866/866 914/914 915/915 867/867
f 867/867 915/915 916/916 868/868
f 868/868 916/916 917/917 869/869
f 869/869 917/917 918/918 870/870
f 870/870 918/918 919/919 871/871
f 871/871 919/919 920/920 872/872
f 872/872 920/920 921/921 873/873
f 873/873 921/921 922/922 874/874
f 874/874 922/922 923/923 875/875
f 875/875 923/923 924/924 876/876
f 876/876 924/924 925/925 877/877
f 877/877 925/925 926/926 878/878
f 878/878 926/926 927/927 879/879
f 879/879 927/927 928/928 880/880
f 880/880 928/928 929/929 881/881
f 881/881 929/929 930/930 882/882
f 882/882 930/930 931/931 883/883
f 883/883 931/931 932/932 884/884
f 884/884 932/932 933/933 885/885
f 885/885 933/933 934/934 886/886
f 886/886 934/934 935/935 887/887
f 887/887 935/935 936/936 888/888
f 888/888 936/936 937/937 889/889
f 889/889 937/937 938/938 890/890
f 890/890 938/938 939/939 891/891
f 891/891 939/939 940/940 892/892
f 892/892 940/940 941/941 893/893
f 893/893 941/941 942/942 894/894
f 894/894 942/942 943/943 895/895
f 895/895 943/943 944/944 896/896
f 896/896 944/944 945/945 897/897
f 897/897 945/945 946/946 898/898
f 898/898 946/946 947/947 899/899
f 899/899 947/947 948/948 900/900
f 900/900 948/948 949/949 901/901
f 901/901 949/949 950/950 902/902
f 902/902 950/950 951/951 903/903
f 903/903 951/951 952/952 904/904
f 904/904 952/952 953/953 905/905
f 905/905 953/953 954/954 906/906
f 906/906 954/954 955/955 907/907
f 907/907 955/955 956/956 908/908
f 908/908 956/956 957/957 909/909
f 909/909 957/957 958/958 910/910
f 910/910 958/958 959/959 911/911
f 911/911 959/959 960/960 912/912
f 913/913 961/961 962/962 914/914
f 914/914 962/962 963/963 915/915
f 915/915 963/963 964/964 916/916
f 916/916 964/964 965/965 917/917
f 917/917 965/965 966/966 918/918
f 918/918 966/966 967/967 919/919
f 919/919 967/967 968/968 920/920
f 920/920 968/968 969/969 921/921
f 921/921 969/969 970/970 922/922
f 922/922 970/970 971/971 923/923
f 923/923 971/971 972/972 924/924
f 924/924 972/972 973/973 925/925
f 925/925 973/973 974/974 926/926
f 926/926 974/974 975/975 927/927
f 927/927 975/975 976/976 928/928
f 928/928 976/976 977/977 929/929
f 929/929 977/977 978/978 930/930
f 930/930 978/978 979/979 931/931
f 931/931 979/979 980/980 932/932
f 932/932 980/980 981/981 933/933
f 933/933 981/981 982/982 934/934
f 934/934 982/982 983/983 935/935
f 935/935 983/983 984/984 936/936
f 936/936 984/984 985/985 937/937
f 937/937 985/985 986/986 938/938
f 938/938 986/986 987/987 939/939
f 939/939 987/987 988/988 940/940
f 940/940 988/988 989/989 941/941
f 941/941 989/989 990/990 942/942
f 942/942 990/990 991/991 943/943
f 943/943 991/991 992/992 944/944
f 944/944 992/992 993/993 945/945
f 945/945 993/993 994/994 946/946
f 946/946 994/994 995/995 947/947
f 947/947 995/995 996/996 948/948
f 948/948 996/996 997/997 949/949
f 949/949 997/997 998/998 950/950
f 950/950 998/998 999/999 951/951
f 951/951 999/999 1000/1000 952/952
f 952/952 1000/1000 1001/1001 953/953
f 953/953 1001/1001 1002/1002 954/954
f 954/954 1002/1002 1003/1003 955/955
f 955/955 1003/1003 1004/1004 956/956
f 956/956 1004/1004 1005/1005 957/957
f 957/957 1005/1005 1006/1006 958/958
f 958/958 1006/1006 1007/1007 959/959
f 959/959 1007/1007 1008/1008 960/960
f 961/961 1009/1009 1010/1010 962/962
f 962/962 1010/1010 1011/1011 963/963
f 963/963 1011/1011 1012/1012 964/964
f 964/964 1012/1012 1013/1013 965/965
f 965/965 1013/1013 1014/1014 966/966
f 966/966 1014/1014 1015/1015 967/967
f 967/967 1015/1015 1016/1016 968/968
f 968/968 1016/1016 1017/1017 969/969
f 969/969 1017/1017 1018/1018 970/970
f 970/970 1018/1018 1019/1019 971/971
f 971/971 1019/1019 1020/1020 972/972
f 972/972 1020/1020 1021/1021 973/973
f 973/973 1021/1021 1022/1022 974/974
f 974/974 1022/1022 1023/1023 975/975
f 975/975 1023/1023 1024/1024 976/976
f 976/976 1024/1024 1025/1025 977/977
f 977/977 1025/1025 1026/1026 978/978
f 978/978 1026/1026 1027/1027 979/979
f 979/979 1027/1027 1028/1028 980/980
f 980/980 1028/1028 1029/1029 981/981
f 981/981 1029/1029 1030/1030 982/982
f 982/982 1030/1030 1031/1031 983/983
f 983/983 1031/1031 1032/1032 984/984
f 984/984 1032/1032 1033/1033 985/985
f 985/985 1033/1033 1034/1034 986/986
f 986/986 1034/1034 1035/1035 987/987
f 987/987 1035/1035 1036/1036 988/988
f 988/988 1036/1036 1037/1037 989/989
f 989/989 1037/1037 1038/1038 990/990
f 990/990 1038/1038 1039/1039 991/991
f 991/991 1039/1039 1040/1040 992/992
f 992/992 1040/1040 1041/1041 993/993
f 993/993 1041/1041 1042/1042 994/994
f 994/994 1042/1042 1043/1043 995/995
f 995/995 1043/1043 1044/1044 996/996
f 996/996 1044/1044 1045/1045 997/997
f 997/997 1045/1045 1046/1046 998/998
f 998/998 1046/1046 1047/1047 999/999
f 999/999 1047/1047 1048/1048 1000/1000
f 1000/1000 1048/1048 1049/1049 1001/1001
f 1001/1001 1049/1049 1050/1050 1002/1002
f 1002/1002 1050/1050 1051/1051 1003/1003
f 1003/1003 1051/1051 1052/1052 1004/1004
f 1004/1004 1052/1052 1053/1053 1005/1005
f 1005/1005 1053/1053 1054/1054 1006/1006
f 1006/1006 1054/1054 1055/1055 1007/1007
f 1007/1007 1055/1055 1056/1056 1008/1008
f 1009/1009 1057/1057 1058/1058 1010/1010
f 1010/1010 1058/1058 1059/1059 1011/1011
f 1011/1011 1059/1059 1060/1060 1012/1012
f 1012/1012 1060/1060 1061/1061 1013/1013
f 1013/1013 1061/1061 1062/1062 1014/1014
f 1014/1014 1062/1062 1063/1063 1015/1015
f 1015/1015 1063/1063 1064/1064 1016/1016
f 1016/1016 1064/1064 1065/1065 1017/1017
f 1017/1017 1065/1065 1066/1066 1018/1018
f 1018/1018 1066/1066 1067/1067 1019/1019
f 1019/1019 1067/1067 1068/1068 1020/1020
f 1020/1020 1068/1068 1069/1069 1021/1021
f 1021/1021 1069/1069 1070/1070 1022/1022
f 1022/1022 1070/1070 1071/1071 1023/1023
f 1023/1023 1071/1071 1072/1072 1024/1024
f 1024/1024 1072/1072 1073/1073 1025/1025
f 1025/1025 1073/1073 1074/1074 1026/1026
f 1026/1026 1074/1074 1075/1075 1027/1027
f 1027/1027 1075/1075 1076/1076 1028/1028
f 1028/1028 1076/1076 1077/1077 1029/1029
f 1029/1029 1077/1077 1078/1078 1030/1030
f 1030/1030 1078/1078 1079/1079 1031/1031
f 1031/1031 1079/1079 1080/1080 1032/1032
f 1032/1032 1080/1080 1081/1081 1033/1033
f 1033/1033 1081/1081 1082/1082 1034/1034
f 1034/1034 1082/1082 1083/1083 1035/1035
f 1035/1035 1083/1083 1084/1084 1036/1036
f 1036/1036 1084/1084 1085/1085 1037/1037
f 1037/1037 1085/1085 1086/1086 1038/1038
f 1038/1038 1086/1086 1087/1087 1039/1039
f 1039/1039 1087/1087 1088/1088 1040/1040
f 1040/1040 1088/1088 1089/1089 1041/1041
f 1041/1041 1089/1089 1090/1090 1042/1042
f 1042/1042 1090/1090 1091/1091 1043/1043
f 1043/1043 1091/1091 1092/1092 1044/1044
f 1044/1044 1092/1092 1093/1093 1045/1045
f 1045/1045 1093/1093 1094/1094 1046/1046
f 1046/1046 1094/1094 1095/1095 1047/1047
f 1047/1047 1095/1095 1096/1096 1048/1048
f 1048/1048 1096/1096 1097/1097 1049/1049
f 1049/1049 1097/1097 1098/1098 1050/1050
f 1050/1050 1098/1098 1099/1099 1051/1051
f 1051/1051 1099/1099 1100/1100 1052/1052
f 1052/1052 1100/1100 1101/1101 1053/1053
f 1053/1053 1101/1101 1102/1102 1054/1054
f 1054/1054 1102/1102 1103/1103 1055/1055
f 1055/1055 1103/1103 1104/1104 1056/1056
f 1057/1057 1105/1105 1106/1106 1058/1058
f 1058/1058 1106/1106 1107/1107 1059/1059
f 1059/1059 1107/1107 1108/1108 1060/1060
f 1060/1060 1108/1108 1109/1109 1061/1061
f 1061/1061 1109/1109 1110/1110 1062/1062
f 1062/1062 1110/1110 1111/1111 1063/1063
f 1063/1063 1111/1111 1112/1112 1064/1064
f 1064/1064 1112/1112 1113/1113 1065/1065
f 1065/1065 1113/1113 1114/1114 1066/1066
f 1066/1066 1114/1114 1115/1115 1067/1067
f 1067/1067 1115/1115 1116/1116 1068/1068
f 1068/1068 1116/1116 1117/1117 1069/1069
f 1069/1069 1117/1117 1118/1118 1070/1070
f 1070/1070 1118/1118 1119/1119 1071/1071
f 1071/1071 1119/1119 1120/1120 1072/1072
f 1072/1072 1120/1120 1121/1121 1073/1073
f 1073/1073 1121/1121 1122/1122 1074/1074
f 1074/1074 1122/1122 1123/1123 1075/1075
f 1075/1075 1123/1123 1124/1124 1076/1076
f 1076/1076 1124/1124 1125/1125 1077/1077
f 1077/1077 1125/1125 1126/1126 1078/1078
f 1078/1078 1126/1126 1127/1127 1079/1079
f 1079/1079 1127/1127 1128/1128 1080/1080
f 1080/1080 1128/1128 1129/1129 1081/1081
f 1081/1081 1129/1129 1130/1130 1082/1082
f 1082/1082 1130/1130 1131/1131 1083/1083
f 1083/1083 1131/1131 1132/1132 1084/1084
f 1084/1084 1132/1132 1133/1133 1085/1085
f 1085/1085 1133/1133 1134/1134 1086/1086
f 1086/1086 1134/1134 1135/1135 1087/1087
f 1087/1087 1135/1135 1136/1136 1088/1088
f 1088/1088 1136/1136 1137/1137 1089/1089
f 1089/1089 1137/1137 1138/1138 1090/1090
f 1090/1090 1138/1138 1139/1139 1091/1091
f 1091/1091 1139/1139 1140/1140 1092/1092
f 1092/1092 1140/1140 1141/1141 1093/1093
f 1093/1093 1141/1141 1142/1142 1094/1094
f 1094/1094 1142/1142 1143/1143 1095/1095
f 1095/1095 1143/1143 1144/1144 1096/1096
f 1096/1096 1144/1144 1145/1145 1097/1097
f 1097/1097 1145/1145 1146/1146 1098/1098
f 1098/1098 1146/1146 1147/1147 1099/1099
f 1099/1099 1147/1147 1148/1148 1100/1100
f 1100/1100 1148/1148 1149/1149 1101/1101
f 1101/1101 1149/1149 1150/1150 1102/1102
f 1102/1102 1150/1150 1151/1151 1103/1103
f 1103/1103 1151/1151 1152/1152 1104/1104
f 1105/1105 1153/1153 1154/1154 1106/1106
f 1106/1106 1154/1154 1155/1155 1107/1107
f 1107/1107 1155/1155 1156/1156 1108/1108
f 1108/1108 1156/1156 1157/1157 1109/1109
f 1109/1109 1157/1157 1158/1158 1110/1110
f 1110/1110 1158/1158 1159/1159 1111/1111
f 1111/1111 1159/1159 1160/1160 1112/1112
f 1112/1112 1160/1160 1161/1161 1113/1113
f 1113/1113 1161/1161 1162/1162 1114/1114
f 1114/1114 1162/1162 1163/1163 1115/1115
f 1115/1115 1163/1163 1164/1164 1116/1116
f 1116/1116 1164/1164 1165/1165 1117/1117
f 1117/1117 1165/1165 1166/1166 1118/1118
f 1118/1118 1166/1166 1167/1167 1119/1119
f 1119/1119 1167/1167 1168/1168 1120/1120
f 1120/1120 1168/1168 1169/1169 1121/1121
f 1121/1121 1169/1169 1170/1170 1122/1122
f 1122/1122 1170/1170 1171/1171 1123/1123
f 1123/1123 1171/1171 1172/1172 1124/1124
f 1124/1124 1172/1172 1173/1173 1125/1125
f 1125/1125 1173/1173 1174/1174 1126/1126
f 1126/1126 1174/1174 1175/1175 1127/1127
f 1127/1127 1175/1175 1176/1176 1128/1128
f 1128/1128 1176/1176 1177/1177 1129/1129
f 1129/1129 1177/1177 1178/1178 1130/1130
f 1130/1130 1178/1178 1179/1179 1131/1131
f 1131/1131 1179/1179 1180/1180 1132/1132
f 1132/1132 1180/1180 1181/1181 1133/1133
f 1133/1133 1181/1181 1182/1182 1134/1134
f 1134/1134 1182/1182 1183/1183 1135/1135
f 1135/1135 1183/1183 1184/1184 1136/1136
f 1136/1136 1184/1184 1185/1185 1137/1137
f 1137/1137 1185/1185 1186/1186 1138/1138
f 1138/1138 1186/1186 1187/1187 1139/1139
f 1139/1139 1187/1187 1188/1188 1140/1140
f 1140/1140 1188/1188 1189/1189 1141/1141
f 1141/1141 1189/1189 1190/1190 1142/1142
f 1142/1142 1190/1190 1191/1191 1143/1143
f 1143/1143 1191/1191 1192/1192 1144/1144
f 1144/1144 1192/1192 1193/1193 1145/1145
f 1145/1145 1193/1193 1194/1194 1146/1146
f 1146/1146 1194/1194 1195/1195 1147/1147
f 1147/1147 1195/1195 1196/1196 1148/1148
f 1148/1148 1196/1196 1197/1197 1149/1149
f 1149/1149 1197/1197 1198/1198 1150/1150
f 1150/1150 1198/1198 1199/1199 1151/1151
f 1151/1151 1199/1199 1200/1200 1152/1152
f 1153/1153 1201/1201 1202/1202 1154/1154
f 1154/1154 1202/1202 1203/1203 1155/1155
f 1155/1155 1203/1203 1204/1204 1156/1156
f 1156/1156 1204/1204 1205/1205 1157/1157
f 1157/1157 1205/1205 1206/1206 1158/1158
f 1158/1158 1206/1206 1207/1207 1159/1159
f 1159/1159 1207/1207 1208/1208 1160/1160
f 1160/1160 1208/1208 1209/1209 1161/1161
f 1161/1161 1209/1209 1210/1210 1162/1162
f 1162/1162 1210/1210 1211/1211 1163/1163
f 1163/1163 1211/1211 1212/1212 1164/1164
f 1164/1164 1212/1212 1213/1213 1165/1165
f 1165/1165 1213/1213 1214/1214 1166/1166
f 1166/1166 1214/1214 1215/1215 1167/1167
f 1167/1167 1215/1215 1216/1216 1168/1168
f 1168/1168 1216/1216 1217/1217 1169/1169
f 1169/1169 1217/1217 1218/1218 1170/1170
f 1170/1170 1218/1218 1219/1219 1171/1171
f 1171/1171 1219/1219 1220/1220 1172/1172
f 1172/1172 1220/1220 1221/1221 1173/1173
f 1173/1173 1221/1221 1222/1222 1174/1174
f 1174/1174 1222/1222 1223/1223 1175/1175
f 1175/1175 1223/1223 1224/1224 1176/1176
f 1176/1176 1224/1224 1225/1225 1177/1177
f 1177/1177 1225/1225 1226/1226 1178/1178
f 1178/1178 1226/1226 1227/1227 1179/1179
f 1179/1179 1227/1227 1228/1228 1180/1180
f 1180/1180 1228/1228 1229/1229 1181/1181
f 1181/1181 1229/1229 1230/1230 1182/1182
f 1182/1182 1230/1230 1231/1231 1183/1183
f 1183/1183 1231/1231 1232/1232 1184/1184
f 1184/1184 1232/1232 1233/1233 1185/1185
f 1185/1185 1233/1233 1234/1234 1186/1186
f 1186/1186 1234/1234 1235/1235 1187/1187
f 1187/1187 1235/1235 1236/1236 1188/1188
f 1188/1188 1236/1236 1237/1237 1189/1189
f 1189/1189 1237/1237 1238/1238 1190/1190
f 1190/1190 1238/1238 1239/1239 1191/1191
f 1191/1191 1239/1239 1240/1240 1192/1192
f 1192/1192 1240/1240 1241/1241 1193/1193
f 1193/1193 1241/1241 1242/1242 1194/1194
f 1194/1194 1242/1242 1243/1243 1195/1195
f 1195/1195 1243/1243 1244/1244 1196/1196
f 1196/1196 1244/1244 1245/1245 1197/1197
f 1197/1197 1245/1245 1246/1246 1198/1198
f 1198/1198 1246/1246 1247/1247 1199/1199
f 1199/1199 1247/1247 1248/1248 1200/1200
f 1201/1201 1249/1249 1250/1250 1202/1202
f 1202/1202 1250/1250 1251/1251 1203/1203
f 1203/1203 1251/1251 1252/1252 1204/1204
f 1204/1204 1252/1252 1253/1253 1205/1205
f 1205/1205 1253/1253 1254/1254 1206/1206
f 1206/1206 1254/1254 1255/1255 1207/1207
f 1207/1207 1255/1255 1256/1256 1208/1208
f 1208/1208 1256/1256 1257/1257 1209/1209
f 1209/1209 1257/1257 1258/1258 1210/1210
f 1210/1210 1258/1258 1259/1259 1211/1211
f 1211/1211 1259/1259 1260/1260 1212/1212
f 1212/1212 1260/1260 1261/1261 1213/1213
f 1213/1213 1261/1261 1262/1262 1214/1214
f 1214/1214 1262/1262 1263/1263 1215/1215
f 1215/1215 1263/1263 1264/1264 1216/1216
f 1216/1216 1264/1264 1265/1265 1217/1217
f 1217/1217 1265/1265 1266/1266 1218/1218
f 1218/1218 1266/1266 1267/1267 1219/1219
f 1219/1219 1267/1267 1268/1268 1220/1220
f 1220/1220 1268/1268 1269/1269 1221/1221
f 1221/1221 1269/1269 1270/1270 1222/1222
f 1222/1222 1270/1270 1271/1271 1223/1223
f 1223/1223 1271/1271 1272/1272 1224/1224
f 1224/1224 1272/1272 1273/1273 1225/1225
f 1225/1225 1273/1273 1274/1274 1226/1226
f 1226/1226 1274/1274 1275/1275 1227/1227
f 1227/1227 1275/1275 1276/1276 1228/1228
f 1228/1228 1276/1276 1277/1277 1229/1229
f 1229/1229 1277/1277 1278/1278 1230/1230
f 1230/1230 1278/1278 1279/1279 1231/1231
f 1231/1231 1279/1279 1280/1280 1232/1232
f 1232/1232 1280/1280 1281/1281 1233/1233
f 1233/1233 1281/1281 1282/1282 1234/1234
f 1234/1234 1282/1282 1283/1283 1235/1235
f 1235/1235 1283/1283 1284/1284 1236/1236
f 1236/1236 1284/1284 1285/1285 1237/1237
f 1237/1237 1285/1285 1286/1286 1238/1238
f 1238/1238 1286/1286 1287/1287 1239/1239
f 1239/1239 1287/1287 1288/1288 1240/1240
f 1240/1240 1288/1288 1289/1289 1241/1241
f 1241/1241 1289/1289 1290/1290 1242/1242
f 1242/1242 1290/1290 1291/1291 1243/1243
f 1243/1243 1291/1291 1292/1292 1244/1244
f 1244/1244 1292/1292 1293/1293 1245/1245
f 1245/1245 1293/1293 1294/1294 1246/1246
f 1246/1246 1294/1294 1295/1295 1247/1247
f 1247/1247 1295/1295 1296/1296 1248/1248
f 1249/1249 1297/1297 1298/1298 1250/1250
f 1250/1250 1298/1298 1299/1299 1251/1251
f 1251/1251 1299/1299 1300/1300 1252/1252
f 1252/1252 1300/1300 1301/1301 1253/1253
f 1253/1253 1301/1301 1302/1302 1254/1254
f 1254/1254 1302/1302 1303/1303 1255/1255
f 1255/1255 1303/1303 1304/1304 1256/1256
f 1256/1256 1304/1304 1305/1305 1257/1257
f 1257/1257 1305/1305 1306/1306 1258/1258
f 1258/1258 1306/1306 1307/1307 1259/1259
f 1259/1259 1307/1307 1308/1308 1260/1260
f 1260/1260 1308/1308 1309/1309 1261/1261
f 1261/1261 1309/1309 1310/1310 1262/1262
f 1262/1262 1310/1310 1311/1311 1263/1263
f 1263/1263 1311/1311 1312/1312 1264/1264
f 1264/1264 1312/1312 1313/1313 1265/1265
f 1265/1265 1313/1313 1314/1314 1266/1266
f 1266/1266 1314/1314 1315/1315 1267/1267
f 1267/1267 1315/1315 1316/1316 1268/1268
f 1268/1268 1316/1316 1317/1317 1269/1269
f 1269/1269 1317/1317 1318/1318 1270/1270
f 1270/1270 1318/1318 1319/1319 1271/1271
f 1271/1271 1319/1319 1320/1320 1272/1272
f 1272/1272 1320/1320 1321/1321 1273/1273
f 1273/1273 1321/1321 1322/1322 1274/1274
f 1274/1274 1322/1322 1323/1323 1275/1275
f 1275/1275 1323/1323 1324/1324 1276/1276
f 1276/1276 1324/1324 1325/1325 1277/1277
f 1277/1277 1325/1325 1326/1326 1278/1278
f 1278/1278 1326/1326 1327/1327 1279/1279
f 1279/1279 1327/1327 1328/1328 1280/1280
f 1280/1280 1328/1328 1329/1329 1281/1281
f 1281/1281 1329/1329 1330/1330 1282/1282
f 1282/1282 1330/1330 1331/1331 1283/1283
f 1283/1283 1331/1331 1332/1332 1284/1284
f 1284/1284 1332/1332 1333/1333 1285/1285
f 1285/1285 1333/1333 1334/1334 1286/1286
f 1286/1286 1334/1334 1335/1335 1287/1287
f 1287/1287 1335/1335 1336/1336 1288/1288
f 1288/1288 1336/1336 1337/1337 1289/1289
f 1289/1289 1337/1337 1338/1338 1290/1290
f 1290/1290 1338/1338 1339/1339 1291/1291
f 1291/1291 1339/1339 1340/1340 1292/1292
f 1292/1292 1340/1340 1341/1341 1293/1293
f 1293/1293 1341/1341 1342/1342 1294/1294
f 1294/1294 1342/1342 1343/1343 1295/1295
f 1295/1295 1343/1343 1344/1344 1296/1296
f 1297/1297 1345/1345 1346/1346 1298/1298
f 1298/1298 1346/1346 1347/1347 1299/1299
f 1299/1299 1347/1347 1348/1348 1300/1300
f 1300/1300 1348/1348 1349/1349 1301/1301
f 1301/1301 1349/1349 1350/1350 1302/1302
f 1302/1302 1350/1350 1351/1351 1303/1303
f 1303/1303 1351/1351 1352/1352 1304/1304
f 1304/1304 1352/1352 1353/1353 1305/1305
f 1305/1305 1353/1353 1354/1354 1306/1306
f 1306/1306 1354/1354 1355/1355 1307/1307
f 1307/1307 1355/1355 1356/1356 1308/1308
f 1308/1308 1356/1356 1357/1357 1309/1309
f 1309/1309 1357/1357 1358/1358 1310/1310
f 1310/1310 1358/1358 1359/1359 1311/1311
f 1311/1311 1359/1359 1360/1360 1312/1312
f 1312/1312 1360/1360 1361/1361 1313/1313
f 1313/1313 1361/1361 1362/1362 1314/1314
f 1314/1314 1362/1362 1363/1363 1315/1315
f 1315/1315 1363/1363 1364/1364 1316/1316
f 1316/1316 1364/1364 1365/1365 1317/1317
f 1317/1317 1365/1365 1366/1366 1318/1318
f 1318/1318 1366/1366 1367/1367 1319/1319
f 1319/1319 1367/1367 1368/1368 1320/1320
f 1320/1320 1368/1368 1369/1369 1321/1321
f 1321/1321 1369/1369 1370/1370 1322/1322
f 1322/1322 1370/1370 1371/1371 1323/1323
f 1323/1323 1371/1371 1372/1372 1324/1324
f 1324/1324 1372/1372 1373/1373 1325/1325
f 1325/1325 1373/1373 1374/1374 1326/1326
f 1326/1326 1374/1374 1375/1375 1327/1327
f 1327/1327 1375/1375 1376/1376 1328/1328
f 1328/1328 1376/1376 1377/1377 1329/1329
f 1329/1329 1377/1377 1378/1378 1330/1330
f 1330/1330 1378/1378 1379/1379 1331/1331
f 1331/1331 1379/1379 1380/1380 1332/1332
f 1332/1332 1380/1380 1381/1381 1333/1333
f 1333/1333 1381/1381 1382/1382 1334/1334
f 1334/1334 1382/1382 1383/1383 1335/1335
f 1335/1335 1383/1383 1384/1384 1336/1336
f 1336/1336 1384/1384 1385/1385 1337/1337
f 1337/1337 1385/1385 1386/1386 1338/1338
f 1338/1338 1386/1386 1387/1387 1339/1339
f 1339/1339 1387/1387 1388/1388 1340/1340
f 1340/1340 1388/1388 1389/1389 1341/1341
f 1341/1341 1389/1389 1390/1390 1342/1342
f 1342/1342 1390/1390 1391/1391 1343/1343
f 1343/1343 1391/1391 1392/1392 1344/1344
f 1345/1345 1393/1393 1394/1394 1346/1346
f 1346/1346 1394/1394 1395/1395 1347/1347
f 1347/1347 1395/1395 1396/1396 1348/1348
f 1348/1348 1396/1396 1397/1397 1349/1349
f 1349/1349 1397/1397 1398/1398 1350/1350
f 1350/1350 1398/1398 1399/1399 1351/1351
f 1351/1351 1399/1399 1400/1400 1352/1352
f 1352/1352 1400/1400 1401/1401 1353/1353
f 1353/1353 1401/1401 1402/1402 1354/1354
f 1354/1354 1402/1402 1403/1403 1355/1355
f 1355/1355 1403/1403 1404/1404 1356/1356
f 1356/1356 1404/1404 1405/1405 1357/1357
f 1357/1357 1405/1405 1406/1406 1358/1358
f 1358/1358 1406/1406 1407/1407 1359/1359
f 1359/1359 1407/1407 1408/1408 1360/1360
f 1360/1360 1408/1408 1409/1409 1361/1361
f 1361/1361 1409/1409 1410/1410 1362/1362
f 1362/1362 1410/1410 1411/1411 1363/1363
f 1363/1363 1411/1411 1412/1412 1364/1364
f 1364/1364 1412/1412 1413/1413 1365/1365
f 1365/1365 1413/1413 1414/1414 1366/1366
f 1366/1366 1414/1414 1415/1415 1367/1367
f 1367/1367 1415/1415 1416/1416 1368/1368
f 1368/1368 1416/1416 1417/1417 1369/1369
f 1369/1369 1417/1417 1418/1418 1370/1370
f 1370/1370 1418/1418 1419/1419 1371/1371
f 1371/1371 1419/1419 1420/1420 1372/1372
f 1372/1372 1420/1420 1421/1421 1373/1373
f 1373/1373 1421/1421 1422/1422 1374/1374
f 1374/1374 1422/1422 1423/1423 1375/1375
f 1375/1375 1423/1423 1424/1424 1376/1376
f 1376/1376 1424/1424 1425/1425 1377/1377
f 1377/1377 1425/1425 1426/1426 1378/1378
f 1378/1378 1426/1426 1427/1427 1379/1379
f 1379/1379 1427/1427 1428/1428 1380/1380
f 1380/1380 1428/1428 1429/1429 1381/1381
f 1381/1381 1429/1429 1430/1430 1382/1382
f 1382/1382 1430/1430 1431/1431 1383/1383
f 1383/1383 1431/1431 1432/1432 1384/1384
f 1384/1384 1432/1432 1433/1433 1385/1385
f 1385/1385 1433/1433 1434/1434 1386/1386
f 1386/1386 1434/1434 1435/1435 1387/1387
f 1387/1387 1435/1435 1436/1436 1388/1388
f 1388/1388 1436/1436 1437/1437 1389/1389
f 1389/1389 1437/1437 1438/1438 1390/1390
f 1390/1390 1438/1438 1439/1439 1391/1391
f 1391/1391 1439/1439 1440/1440 1392/1392
f 1393/1393 1441/1441 1442/1442 1394/1394
f 1394/1394 1442/1442 1443/1443 1395/1395
f 1395/1395 1443/1443 1444/1444 1396/1396
f 1396/1396 1444/1444 1445/1445 1397/1397
f 1397/1397 1445/1445 1446/1446 1398/1398
f 1398/1398 1446/1446 1447/1447 1399/1399
f 1399/1399 1447/1447 1448/1448 1400/1400
f 1400/1400 1448/1448 1449/1449 1401/1401
f 1401/1401 1449/1449 1450/1450 1402/1402
f 1402/1402 1450/1450 1451/1451 1403/1403
f 1403/1403 1451/1451 1452/1452 1404/1404
f 1404/1404 1452/1452 1453/1453 1405/1405
f 1405/1405 1453/1453 1454/1454 1406/1406
f 1406/1406 1454/1454 1455/1455 1407/1407
f 1407/1407 1455/1455 1456/1456 1408/1408
f 1408/1408 1456/1456 1457/1457 1409/1409
f 1409/1409 1457/1457 1458/1458 1410/1410
f 1410/1410 1458/1458 1459/1459 1411/1411
f 1411/1411 1459/1459 1460/1460 1412/1412
f 1412/1412 1460/1460 1461/1461 1413/1413
f 1413/1413 1461/1461 1462/1462 1414/1414
f 1414/1414 1462/1462 1463/1463 1415/1415
f 1415/1415 1463/1463 1464/1464 1416/1416
f 1416/1416 1464/1464 1465/1465 1417/1417
f 1417/1417 1465/1465 1466/1466 1418/1418
f 1418/1418 1466/1466 1467/1467 1419/1419
f 1419/1419 1467/1467 1468/1468 1420/1420
f 1420/1420 1468/1468 1469/1469 1421/1421
f 1421/1421 1469/1469 1470/1470 1422/1422
f 1422/1422 1470/1470 1471/1471 1423/1423
f 1423/1423 1471/1471 1472/1472 1424/1424
f 1424/1424 1472/1472 1473/1473 1425/1425
f 1425/1425 1473/1473 1474/1474 1426/1426
f 1426/1426 1474/1474 1475/1475 1427/1427
f 1427/1427 1475/1475 1476/1476 1428/1428
f 1428/1428 1476/1476 1477/1477 1429/1429
f 1429/1429 1477/1477 1478/1478 1430/1430
f 1430/1430 1478/1478 1479/1479 1431/1431
f 1431/1431 1479/1479 1480/1480 1432/1432
f 1432/1432 1480/1480 1481/1481 1433/1433
f 1433/1433 1481/1481 1482/1482 1434/1434
f 1434/1434 1482/1482 1483/1483 1435/1435
f 1435/1435 1483/1483 1484/1484 1436/1436
f 1436/1436 1484/1484 1485/1485 1437/1437
f 1437/1437 1485/1485 1486/1486 1438/1438
f 1438/1438 1486/1486 1487/1487 1439/1439
f 1439/1439 1487/1487 1488/1488 1440/1440
f 1441/1441 1489/1489 1490/1490 1442/1442
f 1442/1442 1490/1490 1491/1491 1443/1443
f 1443/1443 1491/1491 1492/1492 1444/1444
f 1444/1444 1492/1492 1493/1493 1445/1445
f 1445/1445 1493/1493 1494/1494 1446/1446
f 1446/1446 1494/1494 1495/1495 1447/1447
f 1447/1447 1495/1495 1496/1496 1448/1448
f 1448/1448 1496/1496 1497/1497 1449/1449
f 1449/1449 1497/1497 1498/1498 1450/1450
f 1450/1450 1498/1498 1499/1499 1451/1451
f 1451/1451 1499/1499 1500/1500 1452/1452
f 1452/1452 1500/1500 1501/1501 1453/1453
f 1453/1453 1501/1501 1502/1502 1454/1454
f 1454/1454 1502/1502 1503/1503 1455/1455
f 1455/1455 1503/1503 1504/1504 1456/1456
f 1456/1456 1504/1504 1505/1505 1457/1457
f 1457/1457 1505/1505 1506/1506 1458/1458
f 1458/1458 1506/1506 1507/1507 1459/1459
f 1459/1459 1507/1507 1508/1508 1460/1460
f 1460/1460 1508/1508 1509/1509 1461/1461
f 1461/1461 1509/1509 1510/1510 1462/1462
f 1462/1462 1510/1510 1511/1511 1463/1463
f 1463/1463 1511/1511 1512/1512 1464/1464
f 1464/1464 1512/1512 1513/1513 1465/1465
f 1465/1465 1513/1513 1514/1514 1466/1466
f 1466/1466 1514/1514 1515/1515 1467/1467
f 1467/1467 1515/1515 1516/1516 1468/1468
f 1468/1468 1516/1516 1517/1517 1469/1469
f 1469/1469 1517/1517 1518/1518 1470/1470
f 1470/1470 1518/1518 1519/1519 1471/1471
f 1471/1471 1519/1519 1520/1520 1472/1472
f 1472/1472 1520/1520 1521/1521 1473/1473
f 1473/1473 1521/1521 1522/1522 1474/1474
f 1474/1474 1522/1522 1523/1523 1475/1475
f 1475/1475 1523/1523 1524/1524 1476/1476
f 1476/1476 1524/1524 1525/1525 1477/1477
f 1477/1477 1525/1525 1526/1526 1478/1478
f 1478/1478 1526/1526 1527/1527 1479/1479
f 1479/1479 1527/1527 1528/1528 1480/1480
f 1480/1480 1528/1528 1529/1529 1481/1481
f 1481/1481 1529/1529 1530/1530 1482/1482
f 1482/1482 1530/1530 1531/1531 1483/1483
f 1483/1483 1531/1531 1532/1532 1484/1484
f 1484/1484 1532/1532 1533/1533 1485/1485
f 1485/1485 1533/1533 1534/1534 1486/1486
f 1486/1486 1534/1534 1535/1535 1487/1487
f 1487/1487 1535/1535 1536/1536 1488/1488
f 1489/1489 1537/1537 1538/1538 1490/1490
f 1490/1490 1538/1538 1539/1539 1491/1491
f 1491/1491 1539/1539 1540/1540 1492/1492
f 1492/1492 1540/1540 1541/1541 1493/1493
f 1493/1493 1541/1541 1542/1542 1494/1494
f 1494/1494 1542/1542 1543/1543 1495/1495
f 1495/1495 1543/1543 1544/1544 1496/1496
f 1496/1496 1544/1544 1545/1545 1497/1497
f 1497/1497 1545/1545 1546/1546 1498/1498
f 1498/1498 1546/1546 1547/1547 1499/1499
f 1499/1499 1547/1547 1548/1548 1500/1500
f 1500/1500 1548/1548 1549/1549 1501/1501
f 1501/1501 1549/1549 1550/1550 1502/1502
f 1502/1502 1550/1550 1551/1551 1503/1503
f 1503/1503 1551/1551 1552/1552 1504/1504
f 1504/1504 1552/1552 1553/1553 1505/1505
f 1505/1505 1553/1553 1554/1554 1506/1506
f 1506/1506 1554/1554 1555/1555 1507/1507
f 1507/1507 1555/1555 1556/1556 1508/1508
f 1508/1508 1556/1556 1557/1557 1509/1509
f 1509/1509 1557/1557 1558/1558 1510/1510
f 1510/1510 1558/1558 1559/1559 1511/1511
f 1511/1511 1559/1559 1560/1560 1512/1512
f 1512/1512 1560/1560 1561/1561 1513/1513
f 1513/1513 1561/1561 1562/1562 1514/1514
f 1514/1514 1562/1562 1563/1563 1515/1515
f 1515/1515 1563/1563 1564/1564 1516/1516
f 1516/1516 1564/1564 1565/1565 1517/1517
f 1517/1517 1565/1565 1566/1566 1518/1518
f 1518/1518 1566/1566 1567/1567 1519/1519
f 1519/1519 1567/1567 1568/1568 1520/1520
f 1520/1520 1568/1568 1569/1569 1521/1521
f 1521/1521 1569/1569 1570/1570 1522/1522
f 1522/1522 1570/1570 1571/1571 1523/1523
f 1523/1523 1571/1571 1572/1572 1524/1524
f 1524/1524 1572/1572 1573/1573 1525/1525
f 1525/1525 1573/1573 1574/1574 1526/1526
f 1526/1526 1574/1574 1575/1575 1527/1527
f 1527/1527 1575/1575 1576/1576 1528/1528
f 1528/1528 1576/1576 1577/1577 1529/1529
f 1529/1529 1577/1577 1578/1578 1530/1530
f 1530/1530 1578/1578 1579/1579 1531/1531
f 1531/1531 1579/1579 1580/1580 1532/1532
f 1532/1532 1580/1580 1581/1581 1533/1533
f 1533/1533 1581/1581 1582/1582 1534/1534
f 1534/1534 1582/1582 1583/1583 1535/1535
f 1535/1535 1583/1583 1584/1584 1536/1536
f 1537/1537 1585/1585 1586/1586 1538/1538
f 1538/1538 1586/1586 1587/1587 1539/1539
f 1539/1539 1587/1587 1588/1588 1540/1540
f 1540/1540 1588/1588 1589/1589 1541/1541
f 1541/1541 1589/1589 1590/1590 1542/1542
f 1542/1542 1590/1590 1591/1591 1543/1543
f 1543/1543 1591/1591 1592/1592 1544/1544
f 1544/1544 1592/1592 1593/1593 1545/1545
f 1545/1545 1593/1593 1594/1594 1546/1546
f 1546/1546 1594/1594 1595/1595 1547/1547
f 1547/1547 1595/1595 1596/1596 1548/1548
f 1548/1548 1596/1596 1597/1597 1549/1549
f 1549/1549 1597/1597 1598/1598 1550/1550
f 1550/1550 1598/1598 1599/1599 1551/1551
f 1551/1551 1599/1599 1600/1600 1552/1552
f 1552/1552 1600/1600 1601/1601 1553/1553
f 1553/1553 1601/1601 1602/1602 1554/1554
f 1554/1554 1602/1602 1603/1603 1555/1555
f 1555/1555 1603/1603 1604/1604 1556/1556
f 1556/1556 1604/1604 1605/1605 1557/1557
f 1557/1557 1605/1605 1606/1606 1558/1558
f 1558/1558 1606/1606 1607/1607 1559/1559
f 1559/1559 1607/1607 1608/1608 1560/1560
f 1560/1560 1608/1608 1609/1609 1561/1561
f 1561/1561 1609/1609 1610/1610 1562/1562
f 1562/1562 1610/1610 1611/1611 1563/1563
f 1563/1563 1611/1611 1612/1612 1564/1564
f 1564/1564 1612/1612 1613/1613 1565/1565
f 1565/1565 1613/1613 1614/1614 1566/1566
f 1566/1566 1614/1614 1615/1615 1567/1567
f 1567/1567 1615/1615 1616/1616 1568/1568
f 1568/1568 1616/1616 1617/1617 1569/1569
f 1569/1569 1617/1617 1618/1618 1570/1570
f 1570/1570 1618/1618 1619/1619 1571/1571
f 1571/1571 1619/1619 1620/1620 1572/1572
f 1572/1572 1620/1620 1621/1621 1573/1573
f 1573/1573 1621/1621 1622/1622 1574/1574
f 1574/1574 1622/1622 1623/1623 1575/1575
f 1575/1575 1623/1623 1624/1624 1576/1576
f 1576/1576 1624/1624 1625/1625 1577/1577
f 1577/1577 1625/1625 1626/1626 1578/1578
f 1578/1578 1626/1626 1627/1627 1579/1579
f 1579/1579 1627/1627 1628/1628 1580/1580
f 1580/1580 1628/1628 1629/1629 1581/1581
f 1581/1581 1629/1629 1630/1630 1582/1582
f 1582/1582 1630/1630 1631/1631 1583/1583
f 1583/1583 1631/1631 1632/1632 1584/1584
f 1585/1585 1633/1633 1634/1634 1586/1586
f 1586/1586 1634/1634 1635/1635 1587/1587
f 1587/1587 1635/1635 1636/1636 1588/1588
f 1588/1588 1636/1636 1637/1637 1589/1589
f 1589/1589 1637/1637 1638/1638 1590/1590
f 1590/1590 1638/1638 1639/1639 1591/1591
f 1591/1591 1639/1639 1640/1640 1592/1592
f 1592/1592 1640/1640 1641/1641 1593/1593
f 1593/1593 1641/1641 1642/1642 1594/1594
f 1594/1594 1642/1642 1643/1643 1595/1595
f 1595/1595 1643/1643 1644/1644 1596/1596
f 1596/1596 1644/1644 1645/1645 1597/1597
f 1597/1597 1645/1645 1646/1646 1598/1598
f 1598/1598 1646/1646 1647/1647 1599/1599
f 1599/1599 1647/1647 1648/1648 1600/1600
f 1600/1600 1648/1648 1649/1649 1601/1601
f 1601/1601 1649/1649 1650/1650 1602/1602
f 1602/1602 1650/1650 1651/1651 1603/1603
f 1603/1603 1651/1651 1652/1652 1604/1604
f 1604/1604 1652/1652 1653/1653 1605/1605
f 1605/1605 1653/1653 1654/1654 1606/1606
f 1606/1606 1654/1654 1655/1655 1607/1607
f 1607/1607 1655/1655 1656/1656 1608/1608
f 1608/1608 1656/1656 1657/1657 1609/1609
f 1609/1609 1657/1657 1658/1658 1610/1610
f 1610/1610 1658/1658 1659/1659 1611/1611
f 1611/1611 1659/1659 1660/1660 1612/1612
f 1612/1612 1660/1660 1661/1661 1613/1613
f 1613/1613 1661/1661 1662/1662 1614/1614
f 1614/1614 1662/1662 1663/1663 1615/1615
f 1615/1615 1663/1663 1664/1664 1616/1616
f 1616/1616 1664/1664 1665/1665 1617/1617
f 1617/1617 1665/1665 1666/1666 1618/1618
f 1618/1618 1666/1666 1667/1667 1619/1619
f 1619/1619 1667/1667 1668/1668 1620/1620
f 1620/1620 1668/1668 1669/1669 1621/1621
f 1621/1621 1669/1669 1670/1670 1622/1622
f 1622/1622 1670/1670 1671/1671 1623/1623
f 1623/1623 1671/1671 1672/1672 1624/1624
f 1624/1624 1672/1672 1673/1673 1625/1625
f 1625/1625 1673/1673 1674/1674 1626/1626
f 1626/1626 1674/1674 1675/1675 1627/1627
f 1627/1627 1675/1675 1676/1676 1628/1628
f 1628/1628 1676/1676 1677/1677 1629/1629
f 1629/1629 1677/1677 1678/1678 1630/1630
f 1630/1630 1678/1678 1679/1679 1631/1631
f 1631/1631 1679/1679 1680/1680 1632/1632
f 1633/1633 1681/1681 1682/1682 1634/1634
f 1634/1634 1682/1682 1683/1683 1635/1635
f 1635/1635 1683/1683 1684/1684 1636/1636
f 1636/1636 1684/1684 1685/1685 1637/1637
f 1637/1637 1685/1685 1686/1686 1638/1638
f 1638/1638 1686/1686 1687/1687 1639/1639
f 1639/1639 1687/1687 1688/1688 1640/1640
f 1640/1640 1688/1688 1689/1689 1641/1641
f 1641/1641 1689/1689 1690/1690 1642/1642
f 1642/1642 1690/1690 1691/1691 1643/1643
f 1643/1643 1691/1691 1692/1692 1644/1644
f 1644/1644 1692/1692 1693/1693 1645/1645
f 1645/1645 1693/1693 1694/1694 1646/1646
f 1646/1646 1694/1694 1695/1695 1647/1647
f 1647/1647 1695/1695 1696/1696 1648/1648
f 1648/1648 1696/1696 1697/1697 1649/1649
f 1649/1649 1697/1697 1698/1698 1650/1650
f 1650/1650 1698/1698 1699/1699 1651/1651
f 1651/1651 1699/1699 1700/1700 1652/1652
f 1652/1652 1700/1700 1701/1701 1653/1653
f 1653/1653 1701/1701 1702/1702 1654/1654
f 1654/1654 1702/1702 1703/1703 1655/1655
f 1655/1655 1703/1703 1704/1704 1656/1656
f 1656/1656 1704/1704 1705/1705 1657/1657
f 1657/1657 1705/1705 1706/1706 1658/1658
f 1658/1658 1706/1706 1707/1707 1659/1659
f 1659/1659 1707/1707 1708/1708 1660/1660
f 1660/1660 1708/1708 1709/1709 1661/1661
f 1661/1661 1709/1709 1710/1710 1662/1662
f 1662/1662 1710/1710 1711/1711 1663/1663
f 1663/1663 1711/1711 1712/1712 1664/1664
f 1664/1664 1712/1712 1713/1713 1665/1665
f 1665/1665 1713/1713 1714/1714 1666/1666
f 1666/1666 1714/1714 1715/1715 1667/1667
f 1667/1667 1715/1715 1716/1716 1668/1668
f 1668/1668 1716/1716 1717/1717 1669/1669
f 1669/1669 1717/1717 1718/1718 1670/1670
f 1670/1670 1718/1718 1719/1719 1671/1671
f 1671/1671 1719/1719 1720/1720 1672/1672
f 1672/1672 1720/1720 1721/1721 1673/1673
f 1673/1673 1721/1721 1722/1722 1674/1674
f 1674/1674 1722/1722 1723/1723 1675/1675
f 1675/1675 1723/1723 1724/1724 1676/1676
f 1676/1676 1724/1724 1725/1725 1677/1677
f 1677/1677 1725/1725 1726/1726 1678/1678
f 1678/1678 1726/1726 1727/1727 1679/1679
f 1679/1679 1727/1727 1728/1728 1680/1680
f 1681/1681 1729/1729 1730/1730 1682/1682
f 1682/1682 1730/1730 1731/1731 1683/1683
f 1683/1683 1731/1731 1732/1732 1684/1684
f 1684/1684 1732/1732 1733/1733 1685/1685
f 1685/1685 1733/1733 1734/1734 1686/1686
f 1686/1686 1734/1734 1735/1735 1687/1687
f 1687/1687 1735/1735 1736/1736 1688/1688
f 1688/1688 1736/1736 1737/1737 1689/1689
f 1689/1689 1737/1737 1738/1738 1690/1690
f 1690/1690 1738/1738 1739/1739 1691/1691
f 1691/1691 1739/1739 1740/1740 1692/1692
f 1692/1692 1740/1740 1741/1741 1693/1693
f 1693/1693 1741/1741 1742/1742 1694/1694
f 1694/1694 1742/1742 1743/1743 1695/1695
f 1695/1695 1743/1743 1744/1744 1696/1696
f 1696/1696 1744/1744 1745/1745 1697/1697
f 1697/1697 1745/1745 1746/1746 1698/1698
f 1698/1698 1746/1746 1747/1747 1699/1699
f 1699/1699 1747/1747 1748/1748 1700/1700
f 1700/1700 1748/1748 1749/1749 1701/1701
f 1701/1701 1749/1749 1750/1750 1702/1702
f 1702/1702 1750/1750 1751/1751 1703/1703
f 1703/1703 1751/1751 1752/1752 1704/1704
f 1704/1704 1752/1752 1753/1753 1705/1705
f 1705/1705 1753/1753 1754/1754 1706/1706
f 1706/1706 1754/1754 1755/1755 1707/1707
f 1707/1707 1755/1755 1756/1756 1708/1708
f 1708/1708 1756/1756 1757/1757 1709/1709
f 1709/1709 1757/1757 1758/1758 1710/1710
f 1710/1710 1758/1758 1759/1759 1711/1711
f 1711/1711 1759/1759 1760/1760 1712/1712
f 1712/1712 1760/1760 1761/1761 1713/1713
f 1713/1713 1761/1761 1762/1762 1714/1714
f 1714/1714 1762/1762 1763/1763 1715/1715
f 1715/1715 1763/1763 1764/1764 1716/1716
f 1716/1716 1764/1764 1765/1765 1717/1717
f 1717/1717 1765/1765 1766/1766 1718/1718
f 1718/1718 1766/1766 1767/1767 1719/1719
f 1719/1719 1767/1767 1768/1768 1720/1720
f 1720/1720 1768/1768 1769/1769 1721/1721
f 1721/1721 1769/1769 1770/1770 1722/1722
f 1722/1722 1770/1770 1771/1771 1723/1723
f 1723/1723 1771/1771 1772/1772 1724/1724
f 1724/1724 1772/1772 1773/1773 1725/1725
f 1725/1725 1773/1773 1774/1774 1726/1726
f 1726/1726 1774/1774 1775/1775 1727/1727
f 1727/1727 1775/1775 1776/1776 1728/1728
f 1729/1729 1777/1777 1778/1778 1730/1730
f 1730/1730 1778/1778 1779/1779 1731/1731
f 1731/1731 1779/1779 1780/1780 1732/1732
f 1732/1732 1780/1780 1781/1781 1733/1733
f 1733/1733 1781/1781 1782/1782 1734/1734
f 1734/1734 1782/1782 1783/1783 1735/1735
f 1735/1735 1783/1783 1784/1784 1736/1736
f 1736/1736 1784/1784 1785/1785 1737/1737
f 1737/1737 1785/1785 1786/1786 1738/1738
f 1738/1738 1786/1786 1787/1787 1739/1739
f 1739/1739 1787/1787 1788/1788 1740/1740
f 1740/1740 1788/1788 1789/1789 1741/1741
f 1741/1741 1789/1789 1790/1790 1742/1742
f 1742/1742 1790/1790 1791/1791 1743/1743
f 1743/1743 1791/1791 1792/1792 1744/1744
f 1744/1744 1792/1792 1793/1793 1745/1745
f 1745/1745 1793/1793 1794/1794 1746/1746
f 1746/1746 1794/1794 1795/1795 1747/1747
f 1747/1747 1795/1795 1796/1796 1748/1748
f 1748/1748 1796/1796 1797/1797 1749/1749
f 1749/1749 1797/1797 1798/1798 1750/1750
f 1750/1750 1798/1798 1799/1799 1751/1751
f 1751/1751 1799/1799 1800/1800 1752/1752
f 1752/1752 1800/1800 1801/1801 1753/1753
f 1753/1753 1801/1801 1802/1802 1754/1754
f 1754/1754 1802/1802 1803/1803 1755/1755
f 1755/1755 1803/1803 1804/1804 1756/1756
f 1756/1756 1804/1804 1805/1805 1757/1757
f 1757/1757 1805/1805 1806/1806 1758/1758
f 1758/1758 1806/1806 1807/1807 1759/1759
f 1759/1759 1807/1807 1808/1808 1760/1760
f 1760/1760 1808/1808 1809/1809 1761/1761
f 1761/1761 1809/1809 1810/1810 1762/1762
f 1762/1762 1810/1810 1811/1811 1763/1763
f 1763/1763 1811/1811 1812/1812 1764/1764
f 1764/1764 1812/1812 1813/1813 1765/1765
f 1765/1765 1813/1813 1814/1814 1766/1766
f 1766/1766 1814/1814 1815/1815 1767/1767
f 1767/1767 1815/1815 1816/1816 1768/1768
f 1768/1768 1816/1816 1817/1817 1769/1769
f 1769/1769 1817/1817 1818/1818 1770/1770
f 1770/1770 1818/1818 1819/1819 1771/1771
f 1771/1771 1819/1819 1820/1820 1772/1772
f 1772/1772 1820/1820 1821/1821 1773/1773
f 1773/1773 1821/1821 1822/1822 1774/1774
f 1774/1774 1822/1822 1823/1823 1775/1775
f 1775/1775 1823/1823 1824/1824 1776/1776
f 1777/1777 1825/1825 1826/1826 1778/1778
f 1778/1778 1826/1826 1827/1827 1779/1779
f 1779/1779 1827/1827 1828/1828 1780/1780
f 1780/1780 1828/1828 1829/1829 1781/1781
f 1781/1781 1829/1829 1830/1830 1782/1782
f 1782/1782 1830/1830 1831/1831 1783/1783
f 1783/1783 1831/1831 1832/1832 1784/1784
f 1784/1784 1832/1832 1833/1833 1785/1785
f 1785/1785 1833/1833 1834/1834 1786/1786
f 1786/1786 1834/1834 1835/1835 1787/1787
f 1787/1787 1835/1835 1836/1836 1788/1788
f 1788/1788 1836/1836 1837/1837 1789/1789
f 1789/1789 1837/1837 1838/1838 1790/1790
f 1790/1790 1838/1838 1839/1839 1791/1791
f 1791/1791 1839/1839 1840/1840 1792/1792
f 1792/1792 1840/1840 1841/1841 1793/1793
f 1793/1793 1841/1841 1842/1842 1794/1794
f 1794/1794 1842/1842 1843/1843 1795/1795
f 1795/1795 1843/1843 1844/1844 1796/1796
f 1796/1796 1844/1844 1845/1845 1797/1797
f 1797/1797 1845/1845 1846/1846 1798/1798
f 1798/1798 1846/1846 1847/1847 1799/1799
f 1799/1799 1847/1847 1848/1848 1800/1800
f 1800/1800 1848/1848 1849/1849 1801/1801
f 1801/1801 1849/1849 1850/1850 1802/1802
f 1802/1802 1850/1850 1851/1851 1803/1803
f 1803/1803 1851/1851 1852/1852 1804/1804
f 1804/1804 1852/1852 1853/1853 1805/1805
f 1805/1805 1853/1853 1854/1854 1806/1806
f 1806/1806 1854/1854 1855/1855 1807/1807
f 1807/1807 1855/1855 1856/1856 1808/1808
f 1808/1808 1856/1856 1857/1857 1809/1809
f 1809/1809 1857/1857 1858/1858 1810/1810
f 1810/1810 1858/1858 1859/1859 1811/1811
f 1811/1811 1859/1859 1860/1860 1812/1812
f 1812/1812 1860/1860 1861/1861 1813/1813
f 1813/1813 1861/1861 1862/1862 1814/1814
f 1814/1814 1862/1862 1863/1863 1815/1815
f 1815/1815 1863/1863 1864/1864 1816/1816
f 1816/1816 1864/1864 1865/1865 1817/1817
f 1817/1817 1865/1865 1866/1866 1818/1818
f 1818/1818 1866/1866 1867/1867 1819/1819
f 1819/1819 1867/1867 1868/1868 1820/1820
f 1820/1820 1868/1868 1869/1869 1821/1821
f 1821/1821 1869/1869 1870/1870 1822/1822
f 1822/1822 1870/1870 1871/1871 1823/1823
f 1823/1823 1871/1871 1872/1872 1824/1824
f 1825/1825 1873/1873 1874/1874 1826/1826
f 1826/1826 1874/1874 1875/1875 1827/1827
f 1827/1827 1875/1875 1876/1876 1828/1828
f 1828/1828 1876/1876 1877/1877 1829/1829
f 1829/1829 1877/1877 1878/1878 1830/1830
f 1830/1830 1878/1878 1879/1879 1831/1831
f 1831/1831 1879/1879 1880/1880 1832/1832
f 1832/1832 1880/1880 1881/1881 1833/1833
f 1833/1833 1881/1881 1882/1882 1834/1834
f 1834/1834 1882/1882 1883/1883 1835/1835
f 1835/1835 1883/1883 1884/1884 1836/1836
f 1836/1836 1884/1884 1885/1885 1837/1837
f 1837/1837 1885/1885 1886/1886 1838/1838
f 1838/1838 1886/1886 1887/1887 1839/1839
f 1839/1839 1887/1887 1888/1888 1840/1840
f 1840/1840 1888/1888 1889/1889 1841/1841
f 1841/1841 1889/1889 1890/1890 1842/1842
f 1842/1842 1890/1890 1891/1891 1843/1843
f 1843/1843 1891/1891 1892/1892 1844/1844
f 1844/1844 1892/1892 1893/1893 1845/1845
f 1845/1845 1893/1893 1894/1894 1846/1846
f 1846/1846 1894/1894 1895/1895 1847/1847
f 1847/1847 1895/1895 1896/1896 1848/1848
f 1848/1848 1896/1896 1897/1897 1849/1849
f 1849/1849 1897/1897 1898/1898 1850/1850
f 1850/1850 1898/1898 1899/1899 1851/1851
f 1851/1851 1899/1899 1900/1900 1852/1852
f 1852/1852 1900/1900 1901/1901 1853/1853
f 1853/1853 1901/1901 1902/1902 1854/1854
f 1854/1854 1902/1902 1903/1903 1855/1855
f 1855/1855 1903/1903 1904/1904 1856/1856
f 1856/1856 1904/1904 1905/1905 1857/1857
f 1857/1857 1905/1905 1906/1906 1858/1858
f 1858/1858 1906/1906 1907/1907 1859/1859
f 1859/1859 1907/1907 1908/1908 1860/1860
f 1860/1860 1908/1908 1909/1909 1861/1861
f 1861/1861 1909/1909 1910/1910 1862/1862
f 1862/1862 1910/1910 1911/1911 1863/1863
f 1863/1863 1911/1911 1912/1912 1864/1864
f 1864/1864 1912/1912 1913/1913 1865/1865
f 1865/1865 1913/1913 1914/1914 1866/1866
f 1866/1866 1914/1914 1915/1915 1867/1867
f 1867/1867 1915/1915 1916/1916 1868/1868
f 1868/1868 1916/1916 1917/1917 1869/1869
f 1869/1869 1917/1917 1918/1918 1870/1870
f 1870/1870 1918/1918 1919/1919 1871/1871
f 1871/1871 1919/1919 1920/1920 1872/1872
f 1873/1873 1921/1921 1922/1922 1874/1874
f 1874/1874 1922/1922 1923/1923 1875/1875
f 1875/1875 1923/1923 1924/1924 1876/1876
f 1876/1876 1924/1924 1925/1925 1877/1877
f 1877/1877 1925/1925 1926/1926 1878/1878
f 1878/1878 1926/1926 1927/1927 1879/1879
f 1879/1879 1927/1927 1928/1928 1880/1880
f 1880/1880 1928/1928 1929/1929 1881/1881
f 1881/1881 1929/1929 1930/1930 1882/1882
f 1882/1882 1930/1930 1931/1931 1883/1883
f 1883/1883 1931/1931 1932/1932 1884/1884
f 1884/1884 1932/1932 1933/1933 1885/1885
f 1885/1885 1933/1933 1934/1934 1886/1886
f 1886/1886 1934/1934 1935/1935 1887/1887
f 1887/1887 1935/1935 1936/1936 1888/1888
f 1888/1888 1936/1936 1937/1937 1889/1889
f 1889/1889 1937/1937 1938/1938 1890/1890
f 1890/1890 1938/1938 1939/1939 1891/1891
f 1891/1891 1939/1939 1940/1940 1892/1892
f 1892/1892 1940/1940 1941/1941 1893/1893
f 1893/1893 1941/1941 1942/1942 1894/1894
f 1894/1894 1942/1942 1943/1943 1895/1895
f 1895/1895 1943/1943 1944/1944 1896/1896
f 1896/1896 1944/1944 1945/1945 1897/1897
f 1897/1897 1945/1945 1946/1946 1898/1898
f 1898/1898 1946/1946 1947/1947 1899/1899
f 1899/1899 1947/1947 1948/1948 1900/1900
f 1900/1900 1948/1948 1949/1949 1901/1901
f 1901/1901 1949/1949 1950/1950 1902/1902
f 1902/1902 1950/1950 1951/1951 1903/1903
f 1903/1903 1951/1951 1952/1952 1904/1904
f 1904/1904 1952/1952 1953/1953 1905/1905
f 1905/1905 1953/1953 1954/1954 1906/1906
f 1906/1906 1954/1954 1955/1955 1907/1907
f 1907/1907 1955/1955 1956/1956 1908/1908
f 1908/1908 1956/1956 1957/1957 1909/1909
f 1909/1909 1957/1957 1958/1958 1910/1910
f 1910/1910 1958/1958 1959/1959 1911/1911
f 1911/1911 1959/1959 1960/1960 1912/1912
f 1912/1912 1960/1960 1961/1961 1913/1913
f 1913/1913 1961/1961 1962/1962 1914/1914
f 1914/1914 1962/1962 1963/1963 1915/1915
f 1915/1915 1963/1963 1964/1964 1916/1916
f 1916/1916 1964/1964 1965/1965 1917/1917
f 1917/1917 1965/1965 1966/1966 1918/1918
f 1918/1918 1966/1966 1967/1967 1919/1919
f 1919/1919 1967/1967 1968/1968 1920/1920
f 1921/1921 1969/1969 1970/1970 1922/1922
f 1922/1922 1970/1970 1971/1971 1923/1923
f 1923/1923 1971/1971 1972/1972 1924/1924
f 1924/1924 1972/1972 1973/1973 1925/1925
f 1925/1925 1973/1973 1974/1974 1926/1926
f 1926/1926 1974/1974 1975/1975 1927/1927
f 1927/1927 1975/1975 1976/1976 1928/1928
f 1928/1928 1976/1976 1977/1977 1929/1929
f 1929/1929 1977/1977 1978/1978 1930/1930
f 1930/1930 1978/1978 1979/1979 1931/1931
f 1931/1931 1979/1979 1980/1980 1932/1932
f 1932/1932 1980/1980 1981/1981 1933/1933
f 1933/1933 1981/1981 1982/1982 1934/1934
f 1934/1934 1982/1982 1983/1983 1935/1935
f 1935/1935 1983/1983 1984/1984 1936/1936
f 1936/1936 1984/1984 1985/1985 1937/1937
f 1937/1937 1985/1985 1986/1986 1938/1938
f 1938/1938 1986/1986 1987/1987 1939/1939
f 1939/1939 1987/1987 1988/1988 1940/1940
f 1940/1940 1988/1988 1989/1989 1941/1941
f 1941/1941 1989/1989 1990/1990 1942/1942
f 1942/1942 1990/1990 1991/1991 1943/1943
f 1943/1943 1991/1991 1992/1992 1944/1944
f 1944/1944 1992/1992 1993/1993 1945/1945
f 1945/1945 1993/1993 1994/1994 1946/1946
f 1946/1946 1994/1994 1995/1995 1947/1947
f 1947/1947 1995/1995 1996/1996 1948/1948
f 1948/1948 1996/1996 1997/1997 1949/1949
f 1949/1949 1997/1997 1998/1998 1950/1950
f 1950/1950 1998/1998 1999/1999 1951/1951
f 1951/1951 1999/1999 2000/2000 1952/1952
f 1952/1952 2000/2000 2001/2001 1953/1953
f 1953/1953 2001/2001 2002/2002 1954/1954
f 1954/1954 2002/2002 2003/2003 1955/1955
f 1955/1955 2003/2003 2004/2004 1956/1956
f 1956/1956 2004/2004 2005/2005 1957/1957
f 1957/1957 2005/2005 2006/2006 1958/1958
f 1958/1958 2006/2006 2007/2007 1959/1959
f 1959/1959 2007/2007 2008/2008 1960/1960
f 1960/1960 2008/2008 2009/2009 1961/1961
f 1961/1961 2009/2009 2010/2010 1962/1962
f 1962/1962 2010/2010 2011/2011 1963/1963
f 1963/1963 2011/2011 2012/2012 1964/1964
f 1964/1964 2012/2012 2013/2013 1965/1965
f 1965/1965 2013/2013 2014/2014 1966/1966
f 1966/1966 2014/2014 2015/2015 1967/1967
f 1967/1967 2015/2015 2016/2016 1968/1968
f 1969/1969 2017/2017 2018/2018 1970/1970
f 1970/1970 2018/2018 2019/2019 1971/1971
f 1971/1971 2019/2019 2020/2020 1972/1972
f 1972/1972 2020/2020 2021/2021 1973/1973
f 1973/1973 2021/2021 2022/2022 1974/1974
f 1974/1974 2022/2022 2023/2023 1975/1975
f 1975/1975 2023/2023 2024/2024 1976/1976
f 1976/1976 2024/2024 2025/2025 1977/1977
f 1977/1977 2025/2025 2026/2026 1978/1978
f 1978/1978 2026/2026 2027/2027 1979/1979
f 1979/1979 2027/2027 2028/2028 1980/1980
f 1980/1980 2028/2028 2029/2029 1981/1981
f 1981/1981 2029/2029 2030/2030 1982/1982
f 1982/1982 2030/2030 2031/2031 1983/1983
f 1983/1983 2031/2031 2032/2032 1984/1984
f 1984/1984 2032/2032 2033/2033 1985/1985
f 1985/1985 2033/2033 2034/2034 1986/1986
f 1986/1986 2034/2034 2035/2035 1987/1987
f 1987/1987 2035/2035 2036/2036 1988/1988
f 1988/1988 2036/2036 2037/2037 1989/1989
f 1989/1989 2037/2037 2038/2038 1990/1990
f 1990/1990 2038/2038 2039/2039 1991/1991
f 1991/1991 2039/2039 2040/2040 1992/1992
f 1992/1992 2040/2040 2041/2041 1993/1993
f 1993/1993 2041/2041 2042/2042 1994/1994
f 1994/1994 2042/2042 2043/2043 1995/1995
f 1995/1995 2043/2043 2044/2044 1996/1996
f 1996/1996 2044/2044 2045/2045 1997/1997
f 1997/1997 2045/2045 2046/2046 1998/1998
f 1998/1998 2046/2046 2047/2047 1999/1999
f 1999/1999 2047/2047 2048/2048 2000/2000
f 2000/2000 2048/2048 2049/2049 2001/2001
f 2001/2001 2049/2049 2050/2050 2002/2002
f 2002/2002 2050/2050 2051/2051 2003/2003
f 2003/2003 2051/2051 2052/2052 2004/2004
f 2004/2004 2052/2052 2053/2053 2005/2005
f 2005/2005 2053/2053 2054/2054 2006/2006
f 2006/2006 2054/2054 2055/2055 2007/2007
f 2007/2007 2055/2055 2056/2056 2008/2008
f 2008/2008 2056/2056 2057/2057 2009/2009
f 2009/2009 2057/2057 2058/2058 2010/2010
f 2010/2010 2058/2058 2059/2059 2011/2011
f 2011/2011 2059/2059 2060/2060 2012/2012
f 2012/2012 2060/2060 2061/2061 2013/2013
f 2013/2013 2061/2061 2062/2062 2014/2014
f 2014/2014 2062/2062 2063/2063 2015/2015
f 2015/2015 2063/2063 2064/2064 2016/2016
f 2017/2017 2065/2065 2066/2066 2018/2018
f 2018/2018 2066/2066 2067/2067 2019/2019
f 2019/2019 2067/2067 2068/2068 2020/2020
f 2020/2020 2068/2068 2069/2069 2021/2021
f 2021/2021 2069/2069 2070/2070 2022/2022
f 2022/2022 2070/2070 2071/2071 2023/2023
f 2023/2023 2071/2071 2072/2072 2024/2024
f 2024/2024 2072/2072 2073/2073 2025/2025
f 2025/2025 2073/2073 2074/2074 2026/2026
f 2026/2026 2074/2074 2075/2075 2027/2027
f 2027/2027 2075/2075 2076/2076 2028/2028
f 2028/2028 2076/2076 2077/2077 2029/2029
f 2029/2029 2077/2077 2078/2078 2030/2030
f 2030/2030 2078/2078 2079/2079 2031/2031
f 2031/2031 2079/2079 2080/2080 2032/2032
f 2032/2032 2080/2080 2081/2081 2033/2033
f 2033/2033 2081/2081 2082/2082 2034/2034
f 2034/2034 2082/2082 2083/2083 2035/2035
f 2035/2035 2083/2083 2084/2084 2036/2036
f 2036/2036 2084/2084 2085/2085 2037/2037
f 2037/2037 2085/2085 2086/2086 2038/2038
f 2038/2038 2086/2086 2087/2087 2039/2039
f 2039/2039 2087/2087 2088/2088 2040/2040
f 2040/2040 2088/2088 2089/2089 2041/2041
f 2041/2041 2089/2089 2090/2090 2042/2042
f 2042/2042 2090/2090 2091/2091 2043/2043
f 2043/2043 2091/2091 2092/2092 2044/2044
f 2044/2044 2092/2092 2093/2093 2045/2045
f 2045/2045 2093/2093 2094/2094 2046/2046
f 2046/2046 2094/2094 2095/2095 2047/2047
f 2047/2047 2095/2095 2096/2096 2048/2048
f 2048/2048 2096/2096 2097/2097 2049/2049
f 2049/2049 2097/2097 2098/2098 2050/2050
f 2050/2050 2098/2098 2099/2099 2051/2051
f 2051/2051 2099/2099 2100/2100 2052/2052
f 2052/2052 2100/2100 2101/2101 2053/2053
f 2053/2053 2101/2101 2102/2102 2054/2054
f 2054/2054 2102/2102 2103/2103 2055/2055
f 2055/2055 2103/2103 2104/2104 2056/2056
f 2056/2056 2104/2104 2105/2105 2057/2057
f 2057/2057 2105/2105 2106/2106 2058/2058
f 2058/2058 2106/2106 2107/2107 2059/2059
f 2059/2059 2107/2107 2108/2108 2060/2060
f 2060/2060 2108/2108 2109/2109 2061/2061
f 2061/2061 2109/2109 2110/2110 2062/2062
f 2062/2062 2110/2110 2111/2111 2063/2063
f 2063/2063 2111/2111 2112/2112 2064/2064
f 2065/2065 2113/2113 2114/2114 2066/2066
f 2066/2066 2114/2114 2115/2115 2067/2067
f 2067/2067 2115/2115 2116/2116 2068/2068
f 2068/2068 2116/2116 2117/2117 2069/2069
f 2069/2069 2117/2117 2118/2118 2070/2070
f 2070/2070 2118/2118 2119/2119 2071/2071
f 2071/2071 2119/2119 2120/2120 2072/2072
f 2072/2072 2120/2120 2121/2121 2073/2073
f 2073/2073 2121/2121 2122/2122 2074/2074
f 2074/2074 2122/2122 2123/2123 2075/2075
f 2075/2075 2123/2123 2124/2124 2076/2076
f 2076/2076 2124/2124 2125/2125 2077/2077
f 2077/2077 2125/2125 2126/2126 2078/2078
f 2078/2078 2126/2126 2127/2127 2079/2079
f 2079/2079 2127/2127 2128/2128 2080/2080
f 2080/2080 2128/2128 2129/2129 2081/2081
f 2081/2081 2129/2129 2130/2130 2082/2082
f 2082/2082 2130/2130 2131/2131 2083/2083
f 2083/2083 2131/2131 2132/2132 2084/2084
f 2084/2084 2132/2132 2133/2133 2085/2085
f 2085/2085 2133/2133 2134/2134 2086/2086
f 2086/2086 2134/2134 2135/2135 2087/2087
f 2087/2087 2135/2135 2136/2136 2088/2088
f 2088/2088 2136/2136 2137/2137 2089/2089
f 2089/2089 2137/2137 2138/2138 2090/2090
f 2090/2090 2138/2138 2139/2139 2091/2091
f 2091/2091 2139/2139 2140/2140 2092/2092
f 2092/2092 2140/2140 2141/2141 2093/2093
f 2093/2093 2141/2141 2142/2142 2094/2094
f 2094/2094 2142/2142 2143/2143 2095/2095
f 2095/2095 2143/2143 2144/2144 2096/2096
f 2096/2096 2144/2144 2145/2145 2097/2097
f 2097/2097 2145/2145 2146/2146 2098/2098
f 2098/2098 2146/2146 2147/2147 2099/2099
f 2099/2099 2147/2147 2148/2148 2100/2100
f 2100/2100 2148/2148 2149/2149 2101/2101
f 2101/2101 2149/2149 2150/2150 2102/2102
f 2102/2102 2150/2150 2151/2151 2103/2103
f 2103/2103 2151/2151 2152/2152 2104/2104
f 2104/2104 2152/2152 2153/2153 2105/2105
f 2105/2105 2153/2153 2154/2154 2106/2106
f 2106/2106 2154/2154 2155/2155 2107/2107
f 2107/2107 2155/2155 2156/2156 2108/2108
f 2108/2108 2156/2156 2157/2157 2109/2109
f 2109/2109 2157/2157 2158/2158 2110/2110
f 2110/2110 2158/2158 2159/2159 2111/2111
f 2111/2111 2159/2159 2160/2160 2112/2112
f 2113/2113 2161/2161 2162/2162 2114/2114
f 2114/2114 2162/2162 2163/2163 2115/2115
f 2115/2115 2163/2163 2164/2164 2116/2116
f 2116/2116 2164/2164 2165/2165 2117/2117
f 2117/2117 2165/2165 2166/2166 2118/2118
f 2118/2118 2166/2166 2167/2167 2119/2119
f 2119/2119 2167/2167 2168/2168 2120/2120
f 2120/2120 2168/2168 2169/2169 2121/2121
f 2121/2121 2169/2169 2170/2170 2122/2122
f 2122/2122 2170/2170 2171/2171 2123/2123
f 2123/2123 2171/2171 2172/2172 2124/2124
f 2124/2124 2172/2172 2173/2173 2125/2125
f 2125/2125 2173/2173 2174/2174 2126/2126
f 2126/2126 2174/2174 2175/2175 2127/2127
f 2127/2127 2175/2175 2176/2176 2128/2128
f 2128/2128 2176/2176 2177/2177 2129/2129
f 2129/2129 2177/2177 2178/2178 2130/2130
f 2130/2130 2178/2178 2179/2179 2131/2131
f 2131/2131 2179/2179 2180/2180 2132/2132
f 2132/2132 2180/2180 2181/2181 2133/2133
f 2133/2133 2181/2181 2182/2182 2134/2134
f 2134/2134 2182/2182 2183/2183 2135/2135
f 2135/2135 2183/2183 2184/2184 2136/2136
f 2136/2136 2184/2184 2185/2185 2137/2137
f 2137/2137 2185/2185 2186/2186 2138/2138
f 2138/2138 2186/2186 2187/2187 2139/2139
f 2139/2139 2187/2187 2188/2188 2140/2140
f 2140/2140 2188/2188 2189/2189 2141/2141
f 2141/2141 2189/2189 2190/2190 2142/2142
f 2142/2142 2190/2190 2191/2191 2143/2143
f 2143/2143 2191/2191 2192/2192 2144/2144
f 2144/2144 2192/2192 2193/2193 2145/2145
f 2145/2145 2193/2193 2194/2194 2146/2146
f 2146/2146 2194/2194 2195/2195 2147/2147
f 2147/2147 2195/2195 2196/2196 2148/2148
f 2148/2148 2196/2196 2197/2197 2149/2149
f 2149/2149 2197/2197 2198/2198 2150/2150
f 2150/2150 2198/2198 2199/2199 2151/2151
f 2151/2151 2199/2199 2200/2200 2152/2152
f 2152/2152 2200/2200 2201/2201 2153/2153
f 2153/2153 2201/2201 2202/2202 2154/2154
f 2154/2154 2202/2202 2203/2203 2155/2155
f 2155/2155 2203/2203 2204/2204 2156/2156
f 2156/2156 2204/2204 2205/2205 2157/2157
f 2157/2157 2205/2205 2206/2206 2158/2158
f 2158/2158 2206/2206 2207/2207 2159/2159
f 2159/2159 2207/2207 2208/2208 2160/2160
f 2161/2161 2209/2209 2210/2210 2162/2162
f 2162/2162 2210/2210 2211/2211 2163/2163
f 2163/2163 2211/2211 2212/2212 2164/2164
f 2164/2164 2212/2212 2213/2213 2165/2165
f 2165/2165 2213/2213 2214/2214 2166/2166
f 2166/2166 2214/2214 2215/2215 2167/2167
f 2167/2167 2215/2215 2216/2216 2168/2168
f 2168/2168 2216/2216 2217/2217 2169/2169
f 2169/2169 2217/2217 2218/2218 2170/2170
f 2170/2170 2218/2218 2219/2219 2171/2171
f 2171/2171 2219/2219 2220/2220 2172/2172
f 2172/2172 2220/2220 2221/2221 2173/2173
f 2173/2173 2221/2221 2222/2222 2174/2174
f 2174/2174 2222/2222 2223/2223 2175/2175
f 2175/2175 2223/2223 2224/2224 2176/2176
f 2176/2176 2224/2224 2225/2225 2177/2177
f 2177/2177 2225/2225 2226/2226 2178/2178
f 2178/2178 2226/2226 2227/2227 2179/2179
f 2179/2179 2227/2227 2228/2228 2180/2180
f 2180/2180 2228/2228 2229/2229 2181/2181
f 2181/2181 2229/2229 2230/2230 2182/2182
f 2182/2182 2230/2230 2231/2231 2183/2183
f 2183/2183 2231/2231 2232/2232 2184/2184
f 2184/2184 2232/2232 2233/2233 2185/2185
f 2185/2185 2233/2233 2234/2234 2186/2186
f 2186/2186 2234/2234 2235/2235 2187/2187
f 2187/2187 2235/2235 2236/2236 2188/2188
f 2188/2188 2236/2236 2237/2237 2189/2189
f 2189/2189 2237/2237 2238/2238 2190/2190
f 2190/2190 2238/2238 2239/2239 2191/2191
f 2191/2191 2239/2239 2240/2240 2192/2192
f 2192/2192 2240/2240 2241/2241 2193/2193
f 2193/2193 2241/2241 2242/2242 2194/2194
f 2194/2194 2242/2242 2243/2243 2195/2195
f 2195/2195 2243/2243 2244/2244 2196/2196
f 2196/2196 2244/2244 2245/2245 2197/2197
f 2197/2197 2245/2245 2246/2246 2198/2198
f 2198/2198 2246/2246 2247/2247 2199/2199
f 2199/2199 2247/2247 2248/2248 2200/2200
f 2200/2200 2248/2248 2249/2249 2201/2201
f 2201/2201 2249/2249 2250/2250 2202/2202
f 2202/2202 2250/2250 2251/2251 2203/2203
f 2203/2203 2251/2251 2252/2252 2204/2204
f 2204/2204 2252/2252 2253/2253 2205/2205
f 2205/2205 2253/2253 2254/2254 2206/2206
f 2206/2206 2254/2254 2255/2255 2207/2207
f 2207/2207 2255/2255 2256/2256 2208/2208
f 2209/2209 2257/2257 2258/2258 2210/2210
f 2210/2210 2258/2258 2259/2259 2211/2211
f 2211/2211 2259/2259 2260/2260 2212/2212
f 2212/2212 2260/2260 2261/2261 2213/2213
f 2213/2213 2261/2261 2262/2262 2214/2214
f 2214/2214 2262/2262 2263/2263 2215/2215
f 2215/2215 2263/2263 2264/2264 2216/2216
f 2216/2216 2264/2264 2265/2265 2217/2217
f 2217/2217 2265/2265 2266/2266 2218/2218
f 2218/2218 2266/2266 2267/2267 2219/2219
f 2219/2219 2267/2267 2268/2268 2220/2220
f 2220/2220 2268/2268 2269/2269 2221/2221
f 2221/2221 2269/2269 2270/2270 2222/2222
f 2222/2222 2270/2270 2271/2271 2223/2223
f 2223/2223 2271/2271 2272/2272 2224/2224
f 2224/2224 2272/2272 2273/2273 2225/2225
f 2225/2225 2273/2273 2274/2274 2226/2226
f 2226/2226 2274/2274 2275/2275 2227/2227
f 2227/2227 2275/2275 2276/2276 2228/2228
f 2228/2228 2276/2276 2277/2277 2229/2229
f 2229/2229 2277/2277 2278/2278 2230/2230
f 2230/2230 2278/2278 2279/2279 2231/2231
f 2231/2231 2279/2279 2280/2280 2232/2232
f 2232/2232 2280/2280 2281/2281 2233/2233
f 2233/2233 2281/2281 2282/2282 2234/2234
f 2234/2234 2282/2282 2283/2283 2235/2235
f 2235/2235 2283/2283 2284/2284 2236/2236
f 2236/2236 2284/2284 2285/2285 2237/2237
f 2237/2237 2285/2285 2286/2286 2238/2238
f 2238/2238 2286/2286 2287/2287 2239/2239
f 2239/2239 2287/2287 2288/2288 2240/2240
f 2240/2240 2288/2288 2289/2289 2241/2241
f 2241/2241 2289/2289 2290/2290 2242/2242
f 2242/2242 2290/2290 2291/2291 2243/2243
f 2243/2243 2291/2291 2292/2292 2244/2244
f 2244/2244 2292/2292 2293/2293 2245/2245
f 2245/2245 2293/2293 2294/2294 2246/2246
f 2246/2246 2294/2294 2295/2295 2247/2247
f 2247/2247 2295/2295 2296/2296 2248/2248
f 2248/2248 2296/2296 2297/2297 2249/2249
f 2249/2249 2297/2297 2298/2298 2250/2250
f 2250/2250 2298/2298 2299/2299 2251/2251
f 2251/2251 2299/2299 2300/2300 2252/2252
f 2252/2252 2300/2300 2301/2301 2253/2253
f 2253/2253 2301/2301 2302/2302 2254/2254
f 2254/2254 2302/2302 2303/2303 2255/2255
f 2255/2255 2303/2303 2304/2304 2256/2256
