v -4.05384e-08 0.499038 -0.449603
v -0.0003065963570391651 0.47914558771072685 -0.45346696908824724
v -0.0006131521756783303 0.4592531754214538 -0.45733093817649456
v -0.0004582747171703322 0.4396778571302855 -0.46070024754224637
v 0.00046572711447802177 0.4206310761913143 -0.4632450501638502
v 0.0013897289461263756 0.40158429525234307 -0.46578985278545415
v 0.0021031682203228085 0.38298529468221393 -0.4679848883197506
v 0.0027464278361506436 0.3645355375183665 -0.4700633478825503
v 0.0033857127218715585 0.3461480655705231 -0.4720719984800122
v 0.003997174496844025 0.3281965901347075 -0.4735919863201094
v 0.004608636271816492 0.31024511469889193 -0.4751119741602067
v 0.005175630350062744 0.29255322661962596 -0.47646265130908766
v 0.005698152996139367 0.2751209477031633 -0.4776440035440567
v 0.00622067564221599 0.2576886687867006 -0.4788253557790258
v 0.00653176393244854 0.24041875854593167 -0.4798730143998848
v 0.006812653113906518 0.2231720393768279 -0.48090157759995067
v 0.0070677596444828445 0.20597922453839418 -0.48188090309868
v 0.00724551822241422 0.18894812269197087 -0.4827125154933999
v 0.007423276800345597 0.17191702084554755 -0.48354412788811973
v 0.007615199700117106 0.1549799475919234 -0.4843064682619684
v 0.007815621954492223 0.13809929654912576 -0.48502724169910527
v 0.008016042429820562 0.12121864784441724 -0.4857480129038968
v 0.0081317481708413 0.10444933437987736 -0.4863624841786028
v 0.008247453911862039 0.08768002091533746 -0.48697695545330877
v 0.008339079845521237 0.07094476432119973 -0.48756671264001317
v 0.008390572766911197 0.05426626917773231 -0.4881152796800482
v 0.008442065688301158 0.037587774034264894 -0.48866384672008334
v 0.008493853818735384 0.02097212078090395 -0.48916128139078796
v 0.008545740363205812 0.004377417170408083 -0.4896416700293871
v 0.008596503715193136 -0.012208335224022954 -0.49011586575993105
v 0.008639406229115881 -0.02873144113441376 -0.4905467194559586
v 0.008682308743038627 -0.04525454704480456 -0.4909775731519862
v 0.008694942927679436 -0.061749919843726936 -0.4913870936853457
v 0.008677308783038306 -0.07821755953118079 -0.49177528105603724
v 0.00865967463839718 -0.09468519921863479 -0.49216346842672876
v 0.008652543372747297 -0.11109921848882917 -0.49252299751196016
v 0.008646912806467762 -0.12750557622864822 -0.49287843177033697
v 0.008639146873602154 -0.14389669151484874 -0.4932252918159512
v 0.008624975558401247 -0.16024208456122824 -0.49354643210397176
v 0.00861080424320034 -0.17658747760760773 -0.4938675723919923
v 0.008595982933199391 -0.19289929949398493 -0.49417418898667853
v 0.008580771626318418 -0.20919097868436087 -0.4944720913653643
v 0.008565560319437443 -0.22548265787473692 -0.49476999374405
v 0.008563137154971623 -0.2417191092939392 -0.49504847479807296
v 0.00856071425906243 -0.25795555955333377 -0.49532695544423955
v 0.00855930571935996 -0.27417200558166954 -0.4955995761599622
v 0.008559587621866644 -0.29035511421203863 -0.49586243119997897
v 0.008559869524373329 -0.3065382228424077 -0.4961252862399958
v 0.008559717144639985 -0.32268190321677426 -0.49637899849601197
v 0.008559420004159966 -0.33881244083913986 -0.4966296631573614
v 0.00855924998631978 -0.3549352185090199 -0.49687923349897406
v 0.008559969997839964 -0.37100366608037166 -0.49712114213141695
v 0.00856069000936015 -0.3870721136517231 -0.49736305076385984
v 0.00856246528621295 -0.40311255792582223 -0.49760628987196676
v 0.008565295739759796 -0.41912500125484703 -0.4978508593439823
v 0.008568126193306646 -0.43513744458387194 -0.49809542881599805
v 0.008571146645333504 -0.4511052216035604 -0.4983436649253472
v 0.008574194240000365 -0.46706661772191527 -0.4985924248400298
v 0.008577339941519064 -0.4830165865762423 -0.4988449002803092
v 0.008580779996559944 -0.4989322697986025 -0.4991085235459005
v 0.008584220051600824 -0.5148479530209625 -0.49937214681149183
v 0.00858740052458628 -0.5307445874966332 -0.49964076625063186
v 0.00859042526229314 -0.5466297937483166 -0.49991238312531594
v 0.00859345 -0.562515 -0.500184
v 0.0008022846766744669 0.48957445666072763 -0.4363490107938185
v -0.00016210214974768673 0.4734071137153432 -0.4404325675587952
v -0.0003518979973733993 0.45400603015000823 -0.4439529681842407
v -0.00046157358291171565 0.435403011519817 -0.44686293154056633
v -0.0017387898278954466 0.41658861525138136 -0.449386400487498
v -0.0013649738365172958 0.3979628178552501 -0.4516939176859278
v -0.0010285189612957812 0.3795670119293669 -0.4538274636586096
v -0.0003852593454679457 0.3611172547655195 -0.4559059232214093
v 5.350440833469332e-05 0.3434074111434981 -0.45747773767817723
v 0.0004926942430997182 0.32574392958053766 -0.45899064632123476
v 0.0010594986397058632 0.30811060062793044 -0.46033436654903137
v 0.0015816504808192963 0.29079538379958936 -0.461501838200943
v 0.0021041406980935994 0.2733733425651744 -0.4626819765074895
v 0.0025608946497896372 0.25614799178922615 -0.4637569778217775
v 0.003190620099598044 0.2390410523699159 -0.46471541636698055
v 0.003594235556664799 0.2218793247765742 -0.4656800416347735
v 0.00417877421639451 0.20489560703460136 -0.46649553048531006
v 0.004502031794943601 0.18788145375609278 -0.46732137573539806
v 0.004938144742261992 0.1709988285634411 -0.4680400392077442
v 0.005377785961782923 0.15411823107425524 -0.4687571601687556
v 0.005588178144968422 0.13723758226341146 -0.46947778138164503
v 0.005912423366791667 0.12045689686217523 -0.47011869341093426
v 0.006212815975287256 0.10371394887909578 -0.4707239537734513
v 0.006392249337967046 0.08697690796702862 -0.47131605005207583
v 0.006759785261625519 0.07033512480366447 -0.47184210284821637
v 0.007072008805528621 0.053686916479893466 -0.4723720959828528
v 0.007133075036508456 0.03702071618908824 -0.47291247293108285
v 0.007232742309022846 0.020424642770345766 -0.47340308516998764
v 0.007284628853493272 0.003829939159849898 -0.4738834738085868
v 0.007450408484857793 -0.01270075704795339 -0.47432837788990223
v 0.0075638909385486956 -0.029219348125944865 -0.4747612424739791
v 0.007606793452471443 -0.045742454036335665 -0.47519209617000663
v 0.007713226243741415 -0.062190400876559276 -0.4755834793047771
v 0.007721901615214145 -0.07865098191127534 -0.47596971789958087
v 0.0078116175228446685 -0.09508018506650731 -0.4763404611747776
v 0.00786157052952282 -0.11148094977286892 -0.4767000950406484
v 0.007870249009769865 -0.1278789268310377 -0.4770548762217406
v 0.007905996597529108 -0.14423759811248738 -0.4773872890930824
v 0.007936881079477341 -0.1605841739357013 -0.47771264724652335
v 0.007946943272776176 -0.17690481176689304 -0.47802403029077045
v 0.007971545571174856 -0.19321059646897207 -0.4783295589887534
v 0.007971265636953103 -0.20950756441799762 -0.47863032090106056
v 0.008003115189704387 -0.22576930968124803 -0.4789157749283358
v 0.008017829237846854 -0.24201840797376567 -0.4791977424114976
v 0.00802222247981668 -0.2582493499930473 -0.479474363600197
v 0.008049837113850005 -0.2744569584415548 -0.4797433205425103
v 0.00805011901635669 -0.290640067071924 -0.4800061755825271
v 0.008059661916693765 -0.30680860420221034 -0.4802650986304581
v 0.008067846527125753 -0.3229544481604374 -0.48051882455897976
v 0.008067549386645735 -0.339084985782803 -0.48076948922032914
v 0.008074860684987839 -0.35519176624889176 -0.48101521972313666
v 0.008075963123194006 -0.3712623675794863 -0.48125734043720614
v 0.00809652706683881 -0.3873287404166479 -0.48149906791359687
v 0.008113482428772953 -0.40337101005239395 -0.48174197543045355
v 0.008120468457922674 -0.41938662759682044 -0.4819860571335948
v 0.008128425644450349 -0.4353926220184413 -0.4822302199265407
v 0.008139200824723752 -0.45136497315476237 -0.4824783293961491
v 0.008144759766018543 -0.4673299294856893 -0.4827268779261732
v 0.008155266510057034 -0.4832782044251846 -0.4829799102222586
v 0.008163324758464709 -0.4992045237668564 -0.48324007910145617
v 0.008168213657790701 -0.5151158961568784 -0.4835053002117934
v 0.008176621002967973 -0.531016799906266 -0.48377440160814544
v 0.008181664363810773 -0.5469078931434331 -0.4840450751105351
v 0.008195403660561193 -0.5627881406720174 -0.48431860311365127
v 0.0016046098917489393 0.48011091332145533 -0.42309502158763684
v 0.0003738068898911033 0.4645099501567932 -0.4268203620157332
v -0.0004762227975423916 0.44889468034319535 -0.4299260210165202
v 0.00010873034724730068 0.43099543795089723 -0.43295025855833597
v -0.0006613006734981742 0.41240130920909457 -0.4353255285316403
v -0.002229035006052036 0.3942190193895001 -0.43746695689130577
v -0.004085583094085123 0.37613560680475655 -0.439656640521792
v -0.0036603326305189917 0.3583008836587891 -0.4413414209263436
v -0.00321674899579651 0.34086260457827194 -0.44274492556727946
v -0.002773165361074029 0.3234243254977549 -0.4441484302082154
v -0.002851585556732821 0.3062663831079929 -0.4454425904033763
v -0.002256262808135639 0.2889575879356377 -0.4465957417329414
v -0.0015820534212767428 0.27182602569713 -0.4476192261873148
v -0.0011078836190318428 0.254635622935796 -0.44867405086614554
v -0.0004921376271112669 0.2375759083247628 -0.44960766675701624
v 0.00010587277127018587 0.22065807489539227 -0.45044615752929706
v 0.0007084106129329385 0.2036896987038388 -0.45124943601498485
v 0.0014165252550919637 0.18685610142969708 -0.4519485845481346
v 0.002100798954355587 0.17003237174261382 -0.45260492495467414
v 0.0027850726536192095 0.15320864205553064 -0.4532612653612137
v 0.0033837876568077376 0.13642015711313044 -0.45389589028483257
v 0.0037029892230768815 0.11967964320351748 -0.45450979497329363
v 0.004023509258797095 0.1029407812462003 -0.45512250177529046
v 0.004400576418399063 0.08630435780459773 -0.45565095516065335
v 0.00475746292030995 0.06966079369947696 -0.4561788587830543
v 0.005114349422220837 0.0530172295943562 -0.45670676240545527
v 0.00561004485731025 0.03644422089378627 -0.45717788275061155
v 0.005955363311334216 0.01987763112646079 -0.4576414082091095
v 0.006088269563250268 0.0033188516054629457 -0.4581051033708635
v 0.0062850724731206686 -0.013194409659322105 -0.4585403418321374
v 0.006481875382991071 -0.029707670924107143 -0.45897558029341134
v 0.006558778271780772 -0.04619782720660674 -0.459389533716079
v 0.006720357573240664 -0.0626391102253305 -0.4597744651091034
v 0.006879021810863686 -0.07906905063621175 -0.46015203424538614
v 0.006975746995890184 -0.09547454156353953 -0.4605163967745398
v 0.007053612519497839 -0.11188075322874631 -0.4608777920043375
v 0.007173596670163888 -0.12826339777515847 -0.4612241616817794
v 0.007258707579843742 -0.1446080791354362 -0.46154961443230963
v 0.007321521536424439 -0.16094928831193916 -0.46187343168393774
v 0.007396760642251908 -0.17724866849453041 -0.4621797668000369
v 0.007421362940650588 -0.1935544531966094 -0.46248529549801987
v 0.0074719449903613115 -0.2098250009958314 -0.462778321725528
v 0.007475329870770344 -0.2260726109593758 -0.4630629263384255
v 0.007479235382467553 -0.24231806505480402 -0.46334671381674575
v 0.0075041784598576956 -0.25852661624121365 -0.463616193562261
v 0.007534473078115809 -0.2747366269057624 -0.46388574879830424
v 0.007547732498026778 -0.2909138767876449 -0.46414691308490374
v 0.007563267611841106 -0.3070729856100125 -0.4644032919862535
v 0.0075759759096115185 -0.3232269931041005 -0.46465865062194733
v 0.007582180571821383 -0.3393372290133031 -0.46490509879079034
v 0.007609924915526626 -0.35544980589412994 -0.4651509755004974
v 0.007618803414684412 -0.3715182621382659 -0.46539329365413884
v 0.007645203743856998 -0.3875840247662953 -0.4656349678499321
v 0.007662629980549296 -0.4036246820035612 -0.4658777914261242
v 0.00767752677077806 -0.4196408366976892 -0.4661207983996123
v 0.007689718186434869 -0.43564278792892286 -0.4663654535367824
v 0.007704655834683453 -0.45161825005832495 -0.4666131694666479
v 0.007722864286130621 -0.4675943678879727 -0.46686099912149837
v 0.0077349425602035735 -0.483537363916569 -0.46711605532335765
v 0.007745849962244564 -0.49947543512658205 -0.46737213805775724
v 0.007760674272800277 -0.5153825996588716 -0.467639663388318
v 0.007775297521957564 -0.5312875526978786 -0.46790797004570023
v 0.007786324511930041 -0.5471812648683165 -0.46817918199771524
v 0.0077973573211223834 -0.5630612813440349 -0.4684532062273025
v 0.002527901697615737 0.4721482247727392 -0.40913308427220546
v 0.000465740120148239 0.45655664415926533 -0.4126111980190783
v -0.001209072790452113 0.4418996110481776 -0.4157395341444583
v -0.0008232595944256758 0.424932917100783 -0.4187967903291143
v 0.0006322441792078602 0.4083617859007799 -0.4210687547414125
v -0.0008910260672896109 0.3901659585262375 -0.4232040119474041
v -0.002452193541711337 0.37279246151112155 -0.4249072798021377
v -0.004076098024776855 0.3557519122425933 -0.42631579389646856
v -0.0057961137921609665 0.3386472324576841 -0.42775203007433116
v -0.00600467080799394 0.32131889287513593 -0.42916098532763947
v -0.0062619460425449025 0.30422099808946407 -0.4304658301318269
v -0.006398029811246469 0.28709312513410895 -0.431749112658232
v -0.00564031586408956 0.27003561383939734 -0.4327081858915013
v -0.00453149364619512 0.25308459324460303 -0.4335278537736056
v -0.003962391559535662 0.2362285509213593 -0.43436789264541686
v -0.003392278081908411 0.21932737716130601 -0.435218454100406
v -0.0029002483406468755 0.2025421013072364 -0.43598093765008905
v -0.0021851980105896483 0.18571929159060968 -0.4366801860905706
v -0.0014895747460300138 0.168890864403762 -0.43735690545738415
v -0.0008119310015465894 0.15213897662877024 -0.43797872865053156
v -2.028337485646928e-05 0.13545185173691351 -0.438527044850561
v 0.0008496404976545261 0.11880417246452957 -0.4390274666215086
v 0.0013934753927373916 0.10215445818679396 -0.4395607911295729
v 0.001805676585732221 0.08553046646641349 -0.4400902016388589
v 0.0021650353495313358 0.06888777713903996 -0.44061817261080016
v 0.0025945725037206714 0.05227619751928385 -0.4411211973242395
v 0.0032267022436999852 0.03575380938497168 -0.441554845062523
v 0.0037455143650592005 0.019211751747643026 -0.44199770628361057
v 0.00441326742619769 0.0027387709962836512 -0.44238348518480947
v 0.004687450525904857 -0.013762388231453194 -0.4428089368281112
v 0.004986898660831816 -0.030247870764513567 -0.4432257936820376
v 0.0054681594586352775 -0.04666988590148069 -0.44359217885332225
v 0.005694874079192808 -0.0631024284409699 -0.4439704931316104
v 0.005921588699750338 -0.07953497098045909 -0.4443488074098985
v 0.006189572837887791 -0.09591110699217612 -0.44469657040015187
v 0.006375081396582883 -0.11228752102600738 -0.44504551564937656
v 0.006526097742521393 -0.12866115559927588 -0.44539037759152356
v 0.006670865949139814 -0.14499622025833078 -0.445712961641227
v 0.006750263740227932 -0.16132031488240778 -0.44603044791460505
v 0.006857535413373644 -0.17761564360101362 -0.44633729316639226
v 0.006940140362974564 -0.19389061898151316 -0.4466337679504225
v 0.006990916642438811 -0.21015498128969248 -0.4469247953037641
v 0.007044073287372621 -0.22640680629119633 -0.44721087073774834
v 0.007113442143754667 -0.24263376229862738 -0.4474874902983179
v 0.007149546703010717 -0.25884844846235366 -0.44776032866939286
v 0.007161823239611157 -0.2750423300493966 -0.4480267030914087
v 0.007188006467124988 -0.2912114380151237 -0.44828558802923746
v 0.007203541580939315 -0.3073705468374912 -0.4485419669305872
v 0.007199290833111774 -0.3235098366314666 -0.4487949657981969
v 0.0072223064216703665 -0.33962751348052794 -0.4490420762273761
v 0.007234037512322579 -0.3557208302295345 -0.4492847366745699
v 0.007238014486994861 -0.37179738562706366 -0.4495267875791341
v 0.007240084643149373 -0.3878541708966513 -0.4497693686829767
v 0.007246066959945293 -0.40389011796801566 -0.45001274609153336
v 0.00726981110834697 -0.41991063914220284 -0.45025569786839237
v 0.007286237031570851 -0.4359109458430668 -0.4504994577832674
v 0.007301113032842394 -0.4518946977330649 -0.45074507844116135
v 0.00731750585535655 -0.4678591303272594 -0.4509955217771643
v 0.007331796156111578 -0.48381143038722124 -0.45124863864038783
v 0.0073529751422427 -0.4997466616152477 -0.45150555399115244
v 0.007371371761378483 -0.5156611686056312 -0.4517715587657434
v 0.007386016776847857 -0.5315661506115567 -0.45203999875040934
v 0.007395494953023121 -0.5474550216369498 -0.45231246193604835
v 0.0074088955872893955 -0.5633372815027897 -0.4525873808552365
v 0.003652822553492284 0.4666871850151507 -0.3939911277151863
v 0.0015099460344801295 0.45090086525971484 -0.3975421274242099
v -0.0006329304845320247 0.4351145455042791 -0.40109312713323353
v -0.0013471500262682017 0.41946792534747535 -0.40421771256753286
v 0.0010665418471480976 0.40358727640687847 -0.40671467188415045
v 0.0007465858860881499 0.38669251458199533 -0.40853771353591495
v -0.0005188423457354959 0.36989115956901586 -0.40984282969261976
v -0.0019345737385239006 0.35293792219956777 -0.4112504765594116
v -0.003383335343386387 0.3359506813094516 -0.412681373643066
v -0.005047710038364404 0.31915487030456957 -0.4139413363093889
v -0.0057546550055788594 0.3021920193465492 -0.4151976607354528
v -0.006498225083215907 0.28521611364875726 -0.41639904850610593
v -0.008435870159729797 0.2685050525057927 -0.41737478067639106
v -0.007488103892567845 0.2516175365763652 -0.4181922667811261
v -0.006940192515969289 0.23483496057644643 -0.419016722341242
v -0.00657340661610863 0.21800147203366213 -0.4198756761179646
v -0.006534021826963737 0.2012769712413655 -0.42074814333682425
v -0.005830470542832965 0.1844771100558063 -0.4214452019413011
v -0.005244401549669257 0.16780029731367546 -0.4220973523488068
v -0.00446176739239138 0.15109954875319437 -0.42268571780212244
v -0.003743178683228302 0.13446071041187396 -0.42322585809785884
v -0.003025953369926484 0.1178144220064534 -0.4237594667185348
v -0.0021089763574014464 0.10125988022590901 -0.4241972109470423
v -0.0010401422074458337 0.08471736750471072 -0.42457749682892143
v -0.0004273922212472594 0.06811476057860297 -0.42505748643854613
v 0.0001758129582552577 0.051579638392327945 -0.42550103927037375
v 0.0007081678683368014 0.03504680799312874 -0.42595532168799
v 0.0012924071333935082 0.018548237677277132 -0.4263788169062777
v 0.0019056791923260383 0.0020715155495746665 -0.42677388087723767
v 0.002634481753977088 -0.01436024068188749 -0.42713063335656176
v 0.003236298475109114 -0.030805500584055047 -0.4274965755098138
v 0.0037871344831387904 -0.04721315971622748 -0.42785007375247913
v 0.004353792487019668 -0.06361633188719423 -0.4281996163448477
v 0.004664895501453624 -0.08002576244861348 -0.4285630370517347
v 0.0050473384922616465 -0.09638894696322368 -0.42890078211454996
v 0.005306771413014791 -0.11275581836173217 -0.42924396564731154
v 0.0056735401072017 -0.12908973971933183 -0.4295671868956455
v 0.005914791557715633 -0.14541327798811413 -0.4298853258838979
v 0.006189650499163589 -0.16170561415849852 -0.4301880177040198
v 0.006302531622088147 -0.1780084642835324 -0.4304951546692656
v 0.006575867738261699 -0.1942613153628029 -0.4307830862987096
v 0.006732590747940619 -0.21051707185637128 -0.43107161285010653
v 0.006806812121643735 -0.22675389710685875 -0.4313534907834053
v 0.006822080429395209 -0.24296711586556047 -0.4316293382723448
v 0.00683681418533018 -0.2591749723413465 -0.4319034758358815
v 0.006850863664291053 -0.2753455113888836 -0.4321634791753868
v 0.006881927766836162 -0.29151920275506404 -0.43242351282849256
v 0.006891494088880231 -0.30767207907798266 -0.4326791334610936
v 0.0068822883726436255 -0.3238000284486293 -0.4329297962738207
v 0.00687421273479575 -0.3399090764741037 -0.43317666060062704
v 0.006877381630898396 -0.3559960670978488 -0.4334184332466756
v 0.006880344188883927 -0.3720810262623588 -0.43366027851525707
v 0.006879811755785758 -0.3881315762153615 -0.4339033538769914
v 0.006878873246370254 -0.40416660937148313 -0.43414658864699296
v 0.006878956409556126 -0.4201882044563153 -0.43439045018936445
v 0.006901706906414896 -0.4361815310158231 -0.434633738393832
v 0.0069253007408895464 -0.4521742969938192 -0.43487704195742893
v 0.006938064995779933 -0.46813646362678935 -0.43512719601938304
v 0.006956033682668463 -0.48408976970519757 -0.4353801512026998
v 0.006965529536667091 -0.5000190999809744 -0.4356386563060798
v 0.006981802218712255 -0.5159393821834047 -0.43590181847101866
v 0.006996719927782156 -0.5318447270938605 -0.43617192881200895
v 0.007015212954076578 -0.5477328089382623 -0.43644584565186756
v 0.00703640962751404 -0.5636180478998141 -0.43672084127631755
v 0.004777743409368832 0.4612261452575623 -0.3788491711581672
v 0.0013022316856964302 0.44596003700852815 -0.3824060650063483
v -0.003295383629908774 0.4311319565092162 -0.3859679218291654
v -0.002261942335581226 0.41529031181518994 -0.38878740709271686
v -0.0015843134655119887 0.3994110175885211 -0.3917070722161753
v 0.0028187123307261367 0.3837684100683456 -0.3933968736101543
v 0.0024038226013764273 0.36714019935693915 -0.39476547992989525
v 0.000982830628446717 0.35034526359057033 -0.3961799688837252
v -0.0006003461454227905 0.33361525771378586 -0.3974798826649672
v -0.002373319146406167 0.3169158646084111 -0.39865375042791357
v -0.0039892826654299995 0.3001776682261508 -0.399839762785139
v -0.005654868754468907 0.28340027435839715 -0.40088496705084753
v -0.0069043581865982934 0.266666264867376 -0.401958664885173
v -0.008478204587497 0.250090139895109 -0.4028635797643907
v -0.009915489714343374 0.23342799581722046 -0.4036684960307282
v -0.00979744434534957 0.2166898508424182 -0.4045346692074754
v -0.00957367560502419 0.19996482451399522 -0.40538717100332894
v -0.009535896887219321 0.18329138295860492 -0.40619286008493566
v -0.009080801782662806 0.16664987971390577 -0.4068591751692506
v -0.008402837312052283 0.15003440515756447 -0.4074359634301572
v -0.007716201479426114 0.13346930410522265 -0.4079789472589346
v -0.0069952023077543835 0.11682778124673143 -0.40851056768424304
v -0.006025969934684893 0.10029929002033906 -0.40892268608423754
v -0.005035856198651363 0.08377212511135403 -0.40932359698896814
v -0.004014983241514822 0.06727073106819159 -0.4096949290527276
v -0.00293936889810249 0.050809995522866504 -0.41002506281352463
v -0.0023626516871857466 0.03430337437537002 -0.41045795682208525
v -0.0016632232278307314 0.01784095148380683 -0.4108478165274891
v -0.001008251578787143 0.0013787722076564514 -0.4112326036713479
v -0.00021286272989155938 -0.015021386933354518 -0.41156950316873675
v 0.0005607532626904876 -0.031440951534204724 -0.4119093358273659
v 0.0012240944818039858 -0.04783738904721742 -0.41224471496635073
v 0.0019203076485379798 -0.06421534642084699 -0.412568769530257
v 0.002671795399362879 -0.08056079636261475 -0.4128703297527264
v 0.0033869668823679846 -0.0969001213516265 -0.4131646792550463
v 0.004096690711345858 -0.11322731753743874 -0.4134546397543038
v 0.00466650768974996 -0.12953505490987507 -0.4137508494054868
v 0.0050603114585963975 -0.14584291060350651 -0.4140596825640638
v 0.005372137743746052 -0.16212472964032804 -0.414358915144967
v 0.005678950515668461 -0.17840071865725918 -0.4146557000357744
v 0.00590585127913703 -0.19465115668451047 -0.41494515773131346
v 0.006177302317359691 -0.21089632664470329 -0.41523048501742893
v 0.0065108800175922976 -0.22710858549122628 -0.4154980410961623
v 0.006649360823084713 -0.24331771139307956 -0.4157704952015673
v 0.00672422653076945 -0.259514318891472 -0.4160402236975237
v 0.006722085182841515 -0.27568269526174827 -0.41630060565588345
v 0.0066412422099381115 -0.29185008843117494 -0.41656193289434285
v 0.006664512703996466 -0.30798542226767744 -0.4168132760100355
v 0.0066499275371586265 -0.3241130012294306 -0.41706460339919293
v 0.00662775530278173 -0.3402037276612934 -0.4173086047355768
v 0.006602148321028487 -0.3562897481959524 -0.41755185987229226
v 0.006593119046128278 -0.37237632759635897 -0.41779426095006944
v 0.006589879889104755 -0.38842477619197013 -0.4180363171591085
v 0.00658509233353464 -0.40446209586295356 -0.41827813742450387
v 0.006577223897404509 -0.4204717481570374 -0.41852155229429
v 0.006561281526589446 -0.43646927392051704 -0.4187645136194324
v 0.006576884939406658 -0.4524552292671612 -0.4190089734539607
v 0.006580608106637699 -0.46842445986297393 -0.4192564541618625
v 0.006595812751833827 -0.4843699444584209 -0.41951121986246953
v 0.006605745144317025 -0.5003006500245112 -0.4197690301369368
v 0.00662165608355177 -0.5162283292178735 -0.4200277039775302
v 0.0066369061855766215 -0.5321297574520321 -0.42029930094493706
v 0.0066484823769623665 -0.5480141072630542 -0.4205774309517455
v 0.006663923667738685 -0.5638988142968383 -0.4208543016973986
v 0.007825562473557354 0.45567377340066995 -0.36398292124177295
v 0.002934108301602157 0.4409237725252484 -0.3675302896171117
v -0.00379783482692964 0.42695323466040214 -0.3706232195734926
v -0.005376865540776779 0.41131010945401814 -0.3737945736156073
v -0.004914935780650673 0.39552854507680446 -0.3766254063145278
v -0.00099500240921279 0.3798914456747938 -0.37846464217021747
v 0.004312857516485897 0.36450005451830997 -0.3795354748221558
v 0.0035248426473773165 0.3478743570207515 -0.38089829978697204
v 0.003344990071631102 0.3312840891623978 -0.3824627778623423
v 0.0015051886812470325 0.31460164476728636 -0.3836252012174304
v -0.0004841201852078933 0.2980449961438082 -0.38467226335205484
v -0.002112627792758737 0.2814764973199183 -0.3856786482832585
v -0.0034986499787289177 0.264826399640378 -0.38668539148407033
v -0.005185290256485654 0.24836914418608005 -0.3875381156590782
v -0.006907726181096933 0.23177201742482395 -0.38835399969543116
v -0.009424775176993019 0.21530022588810938 -0.38895182089507574
v -0.010101256497162625 0.19869523021475805 -0.38970751362066336
v -0.01049652841985658 0.18211505401263473 -0.3904925197181605
v -0.010659453763144963 0.16549955269084943 -0.39124380851186724
v -0.010929250461072036 0.14898230791156825 -0.39194258567162615
v -0.010946581012644514 0.1324169872024068 -0.39260395779992247
v -0.010937929437402932 0.11587515183617825 -0.39323965658019316
v -0.010042700238708008 0.09936838073606374 -0.39366341402270505
v -0.009134998035740454 0.08286006115381354 -0.39408296467933296
v -0.008088716206236303 0.0663775392410901 -0.39443517405561684
v -0.007152576581520775 0.04992935647455471 -0.3948003762564698
v -0.006193250197821779 0.033506121037812774 -0.39514272163680575
v -0.005096647519503908 0.017083922915873337 -0.3954328285662259
v -0.004070842775001152 0.0006920871064190473 -0.3957230460842313
v -0.0030976584485628606 -0.015692041308272335 -0.39601665870531927
v -0.0022726643800635143 -0.0320896852316161 -0.3963463294653739
v -0.0015239374879804785 -0.04844865945545408 -0.3966569361431522
v -0.0007596904546828938 -0.0647962613254634 -0.39696102976513487
v 4.556578614688025e-06 -0.08114386319547263 -0.3972651233871176
v 0.0007342190436544355 -0.09747236431084108 -0.3975538660741358
v 0.0015052813657188257 -0.11376496607455219 -0.39782340843013486
v 0.002191124987492234 -0.13006413053044175 -0.39810438529475756
v 0.0030465025046815144 -0.1463278002157794 -0.39834629850834047
v 0.003758969918554345 -0.16258296620691565 -0.398593930764242
v 0.004325640969019755 -0.17882612474418508 -0.3988595336374404
v 0.004670249427272428 -0.19507404091470618 -0.39914072723145366
v 0.005235559082269217 -0.21128446211279983 -0.3993988098730266
v 0.005759399332520321 -0.2274935897517147 -0.39965782555466767
v 0.00598706227445827 -0.24368908408066617 -0.3999249063232801
v 0.006065184754916568 -0.2598758020385312 -0.4001976299160769
v 0.006440072281631378 -0.27602362778802486 -0.4004407831204494
v 0.006397174720584041 -0.2921817183095881 -0.4006988921747644
v 0.006471357949787265 -0.3083111054567511 -0.4009470715030759
v 0.006486578822876279 -0.32442916065684124 -0.40119620952432355
v 0.006488182084704936 -0.34051984634989585 -0.40144089428069746
v 0.006448074673948898 -0.35660293755129663 -0.4016840970055221
v 0.0064147675700778305 -0.372678297058231 -0.40192634352055906
v 0.006357220898671403 -0.3887208555105341 -0.40216801348794096
v 0.0062937541290521105 -0.4047576851154589 -0.4024096433486412
v 0.006286971840505588 -0.4207587023555354 -0.40265207190883195
v 0.006281987380758842 -0.43675972283186987 -0.4028944985031119
v 0.00627160408023702 -0.45274397702515345 -0.4031395029470811
v 0.006255679871648071 -0.4687110237405946 -0.40338715307532497
v 0.006244486431113739 -0.4846533075811259 -0.40364061413664226
v 0.00625300190312582 -0.5005820753915807 -0.4038986828732397
v 0.0062661896412885484 -0.5165129632826055 -0.40415604696075635
v 0.006280803395335586 -0.5324124589928471 -0.40442766819305465
v 0.006298481294088165 -0.548300160256406 -0.40470542933747966
v 0.006316159192840743 -0.564187861519965 -0.4049831904819047
v 0.011514275820993444 0.4500909609203126 -0.3492085632461607
v 0.005540187199850908 0.43579946510904843 -0.3524886164139618
v -0.002707361013878055 0.4224707991219603 -0.355207325608941
v -0.005038361659460898 0.4070859310690662 -0.3583289453447613
v -0.007288934264594383 0.391563517016427 -0.3615085256712835
v -0.006152408738958613 0.37597261756421585 -0.36396392673503664
v -0.0004823591424844421 0.3606723113311402 -0.36482280623499147
v 0.004373559024880071 0.3452457994421143 -0.3657501855934997
v 0.006576658684689547 0.32891197858561344 -0.3672725150657444
v 0.0055596838222181115 0.31230846975331705 -0.3686146126294522
v 0.0035175649977599865 0.2959205877781235 -0.3695475409995218
v 0.0014754461733018623 0.27953270580293005 -0.3704804693695913
v -0.000210852125858439 0.26306260297886674 -0.3713525481202933
v -0.0019055652221188655 0.24660616100405522 -0.3722035067211419
v -0.0035974446720034806 0.23010630926754175 -0.37304057716754235
v -0.006000319538091484 0.21363511978175057 -0.3736609036921697
v -0.007974060954325592 0.1972465289844285 -0.37431595875898527
v -0.010152414357655922 0.18081628950292994 -0.3749108984308166
v -0.011745444180583979 0.16440793787440505 -0.375518862126778
v -0.01215564519184085 0.1479126139566857 -0.3762324686584541
v -0.012125867504193153 0.13139326879074734 -0.37688544236670285
v -0.0117347532147337 0.11490878374238302 -0.37748220383345776
v -0.012013532223700659 0.09842064119091139 -0.37809119787973816
v -0.012344186969250881 0.08193787635773707 -0.37869939972875755
v -0.012337403399339333 0.06550625352617853 -0.37922285493112545
v -0.011513440835928918 0.049069581635527285 -0.37961025890514444
v -0.010623089598183604 0.03264817814492313 -0.37997798952896455
v -0.009553294905346092 0.016253792779849417 -0.38026450067692164
v -0.008510601202048511 -0.0001187687064636454 -0.3805487797451871
v -0.007537416875610221 -0.016502897121155033 -0.380842392366275
v -0.00657370433793578 -0.0328338026290287 -0.3811203548265089
v -0.005580805094756173 -0.049156006690190344 -0.38138231266971234
v -0.004523380896067105 -0.0654766872927428 -0.3816154757569646
v -0.003323183830669444 -0.08177784058807008 -0.3818048352755834
v -0.0022205675103944837 -0.09804285861819942 -0.381997599410759
v -0.001368738927862423 -0.11432809031589075 -0.3822501046520196
v -0.0004871787088929336 -0.1306072729752374 -0.3824946136015989
v 0.00027967325904626006 -0.1468614410309749 -0.3827479332221444
v 0.001103752155179269 -0.1630976063016243 -0.3829850389800439
v 0.0020156443121808155 -0.17931684507927648 -0.3832005798938167
v 0.0029785668447675877 -0.19550914422629917 -0.3833974849741308
v 0.0035664002863524903 -0.21171707964874062 -0.38365339884483174
v 0.004193762067519071 -0.22791762347186376 -0.38390094599908087
v 0.004950726910269878 -0.24406827709774154 -0.38409859260475365
v 0.0050830771337810705 -0.2602467941008474 -0.3843657263926787
v 0.005533671596735822 -0.2763903631654416 -0.3846045667582382
v 0.0059509039050119885 -0.29252329620198936 -0.38484055104710235
v 0.006053913112764857 -0.30865058292407893 -0.3850878460504156
v 0.006210570968267576 -0.32475327367838436 -0.3853299186581391
v 0.006317400968147235 -0.3408444944504724 -0.3855740456490949
v 0.006355342379146912 -0.35691375851319124 -0.3858149659524198
v 0.006325755787476014 -0.3729848879369726 -0.38605668931604
v 0.006272247684703115 -0.389031573195434 -0.3862983669960026
v 0.006176071776736342 -0.4050616403107395 -0.3865375392712721
v 0.006073502107342554 -0.42106150883208904 -0.38678018982195816
v 0.006036490102909178 -0.43706095028926556 -0.3870228341465072
v 0.0060255433603115475 -0.4530434546940817 -0.38726810762396724
v 0.005983143373741751 -0.4690018601994401 -0.3875152366218231
v 0.005939717443786039 -0.4849549504620272 -0.38776342791596524
v 0.005947462407715412 -0.5008832094258963 -0.3880216535338783
v 0.0059451167539418545 -0.5168062714134192 -0.3882807104125291
v 0.005944875347318529 -0.5327058727830261 -0.3885525517476086
v 0.005958956391239768 -0.548591967445758 -0.38883279441379714
v 0.005976634289992346 -0.564479668709317 -0.38911055555822216
v 0.015443318198178223 0.44428295976527427 -0.334619965669227
v 0.007014577319162785 0.43114857104913756 -0.33719520838363287
v -0.0011077050625046283 0.41776493970497663 -0.3399538828059703
v -0.006611313636926845 0.4033244288388286 -0.34296150092860944
v -0.00885992191809771 0.38780151237343896 -0.3461408633303973
v -0.010836864875543212 0.37225924651241 -0.34925312949919585
v -0.005771913425679679 0.35701297809209076 -0.35021250327540376
v 9.989457656062097e-06 0.3419123234827843 -0.3508927902344849
v 0.0036364101437952492 0.3260915895754184 -0.35204474559049703
v 0.007048840300255502 0.31014674075495663 -0.3532763894839758
v 0.006573933558232369 0.29396987426101584 -0.35416251615266314
v 0.004572033613434087 0.2776091867728459 -0.3550735973810411
v 0.0031486870998248036 0.26125958834883145 -0.3560322387435375
v 0.0014989288973177577 0.24482400459091896 -0.3569029565954096
v -0.0002741832562025931 0.22838763947320245 -0.35772427749980945
v -0.0020395918777184057 0.2120256096030621 -0.35846060587354334
v -0.0039898155466680605 0.19564180583333846 -0.359122570499702
v -0.006068531749190104 0.17929128287753793 -0.35970601537505903
v -0.008398230207337827 0.1630617130085707 -0.3601354937629133
v -0.010198642086624306 0.14672164249792558 -0.3606521388477824
v -0.01173249944740233 0.13032274087792328 -0.36122511186449824
v -0.012632771140692552 0.11394073142826432 -0.36171919537139335
v -0.012714373795708398 0.09745366542604159 -0.36232458888093766
v -0.013206925838835298 0.08105476918321636 -0.3629097046493912
v -0.013589529804318316 0.06466349026139934 -0.3634691626334491
v -0.013612971574932492 0.048238065804887674 -0.3639931849246401
v -0.013525910184441242 0.031831587643931 -0.36449213703872363
v -0.013329770217773759 0.015460514639850749 -0.3649358436156287
v -0.012597132237067371 -0.0009214754198884731 -0.36529144051121887
v -0.011704146940971365 -0.017247093405521396 -0.3655837247840439
v -0.010688589738068969 -0.03356779579691593 -0.3658464816698788
v -0.00967303253516657 -0.04988849818831046 -0.36610923855571376
v -0.008679650578327319 -0.06617695741834011 -0.3663415136648781
v -0.007343223830543289 -0.08245947832978057 -0.3664890771029117
v -0.006046257639797265 -0.09869662839035766 -0.3666320205115633
v -0.004941844873863125 -0.1149483998802981 -0.36682085254740915
v -0.003823117486484207 -0.13117932978709965 -0.36700157564181796
v -0.0029187926758526034 -0.1474244190205704 -0.3672265328071698
v -0.0019494270179542356 -0.16363259445611553 -0.36742935429266843
v -0.0008718831685716158 -0.17981994530263537 -0.3676081544947228
v 0.00020566068081099545 -0.19600729614915513 -0.36778695469677725
v 0.0008994285749643208 -0.2122102901526417 -0.36802600463944146
v 0.0016804122190112129 -0.22838210746539322 -0.3682410356146377
v 0.002847999662080178 -0.24450745172946442 -0.36839093670406753
v 0.003864927161391321 -0.2606295622551549 -0.3685627156981108
v 0.004639076290095659 -0.2767538606338369 -0.36877182534553
v 0.005310363487898159 -0.29287799608105825 -0.3689876947761114
v 0.005507160074397972 -0.308989704572167 -0.36922809439929716
v 0.005679159917231204 -0.3250957662033029 -0.3694695213659292
v 0.005798102475626717 -0.34117158355456806 -0.369710961691555
v 0.005926305458112504 -0.3572356245161403 -0.369950347978778
v 0.006032125607738526 -0.3733025243840163 -0.3701911647431706
v 0.0061414007156534185 -0.3893363874103547 -0.37042675119466917
v 0.006058389424420576 -0.40536559550602014 -0.37066543519390305
v 0.005956406440864424 -0.4213690667343014 -0.370907652563054
v 0.005848488998784872 -0.4373652448872552 -0.3711507242339506
v 0.00575378772293542 -0.45333680187727776 -0.3713956040588797
v 0.0057046500940648144 -0.46929075247357716 -0.37164320291926456
v 0.005655087983369915 -0.48524682039251055 -0.37189019094296183
v 0.005633704456937773 -0.5011802227160431 -0.37214520782013666
v 0.0056191610228498905 -0.5170970024741095 -0.37240526954667325
v 0.0056145883158870225 -0.5330018062361711 -0.372673543483871
v 0.0056264262184790425 -0.5488868989589072 -0.37295533372545187
v 0.005637806524423995 -0.564772333034669 -0.3732366825492063
v 0.021054663783603992 0.4368986378874683 -0.32133169102304326
v 0.010174254925804371 0.42575819019552597 -0.32243948007399587
v 0.0020688974456556245 0.412363935879538 -0.32520202101795903
v -0.005181000717997184 0.39843274962287056 -0.32815999305163646
v -0.012430898881649992 0.3845015633662031 -0.3311179650853139
v -0.014157674955730547 0.3691370670210427 -0.33393785547668065
v -0.011879920282122985 0.35332471514557545 -0.3359821979699796
v -0.0058685327247749094 0.3383157235647164 -0.33645974282228436
v 0.00028935141915395577 0.3233652470931603 -0.33680786279370445
v 0.004209595167983552 0.30760002627066096 -0.33787779637102466
v 0.008981645143019365 0.2920014684420528 -0.33873009617955246
v 0.007684448191917369 0.2756966844315306 -0.33965782816022605
v 0.006316629960099818 0.2593745279393288 -0.3406232348786669
v 0.0049485732778110775 0.2430994977388986 -0.34156464001403114
v 0.0032679987200850504 0.22676554233209806 -0.3423656794182198
v 0.0015938373802299192 0.2104131921748914 -0.34313379165747165
v 0.00011400275520448465 0.1941191558312627 -0.3439222203211276
v -0.00203028255141318 0.1778142966521839 -0.3444639069975456
v -0.004341477081784425 0.16158775168323872 -0.3449104328204003
v -0.006715468242087366 0.14535094113557095 -0.3452991049010692
v -0.008698241099701996 0.12904264989310443 -0.3457747582637826
v -0.011091121703022169 0.11277925754307264 -0.346150343283439
v -0.01296382784985256 0.09651051726607189 -0.3466024633747996
v -0.014069664708419716 0.08017166200869565 -0.3471200095700249
v -0.014472278892799886 0.06378164238168363 -0.34768244364700757
v -0.014474814068442681 0.0474018580393482 -0.34822640394489573
v -0.014742006757654453 0.03103931316369419 -0.3487454220826043
v -0.015067790013274223 0.014679869033707948 -0.3492597081342108
v -0.015048232788544526 -0.0016268856113077885 -0.3496475331443534
v -0.014415802329897774 -0.017939784882330216 -0.34998615801286903
v -0.013650471287221012 -0.034253640081753085 -0.35029424453028274
v -0.012642053974261862 -0.0505740030896142 -0.3505582543019861
v -0.012395681307258526 -0.06685814349367863 -0.35095598531808264
v -0.011367258880903182 -0.08313652265331857 -0.3511728511910084
v -0.01006658101778975 -0.09936626684762735 -0.3513116953484885
v -0.008765559678297605 -0.1155841582097549 -0.3514468347942913
v -0.007482445690293671 -0.13179361991115943 -0.3515874465956018
v -0.006225264267950186 -0.14798462775061566 -0.35172887337353537
v -0.005085620747317459 -0.1641653110104091 -0.35189185303579584
v -0.004022864815185576 -0.18035442687510594 -0.35207391956536616
v -0.002960108883053702 -0.19654354273980273 -0.35225598609493647
v -0.001665825436954974 -0.21267882226837803 -0.352375895033318
v -0.0008146532606712961 -0.22884439352303929 -0.35257804492199285
v 0.0002896239744996327 -0.24496485524494904 -0.35273610083393936
v 0.0013421758074357415 -0.261082910762915 -0.35290113749334606
v 0.002153415015668256 -0.2772011308371749 -0.3531032911693043
v 0.002994596960818442 -0.2933068834134481 -0.3532984301463956
v 0.0040435443403456115 -0.30937533357518704 -0.35345670796790074
v 0.0050880146371255755 -0.32543780105385023 -0.353613948107862
v 0.005213575985764928 -0.34150591469566005 -0.3538518960622296
v 0.005293946680717871 -0.3575760651621911 -0.35409433929026574
v 0.0053184417133524935 -0.37363348806060814 -0.35433514531419064
v 0.005422215554437399 -0.3896625823737873 -0.3545699388418436
v 0.005586733678412749 -0.4056813499466377 -0.35480180028657066
v 0.005711604280585406 -0.4216777873830556 -0.3550356615016764
v 0.005609378069319312 -0.43767276243189307 -0.35527761089339005
v 0.005497605463802834 -0.45364241996251387 -0.3555201839338577
v 0.005422067526421168 -0.46960004218636336 -0.35576528466058716
v 0.005369359818501082 -0.4855514468610075 -0.35601328072119254
v 0.00529340639293211 -0.5014834985362286 -0.3562645819650588
v 0.005279420315110157 -0.5173997907933877 -0.35652484518505173
v 0.0052706864839698175 -0.5333044171116138 -0.35678968948622364
v 0.005279868039170029 -0.5491908126483956 -0.3570705342895922
v 0.005303858719815957 -0.5650709973120215 -0.3573541429428565
v 0.026666009369029804 0.4295143160096624 -0.30804341637685945
v 0.014441856792016343 0.4194667347869686 -0.3083469033524223
v 0.005395655009219106 0.40686868672443166 -0.31048446239964567
v -0.0018542431544337039 0.3929375004677642 -0.3134424344333231
v -0.00974206254955745 0.37941178314668705 -0.3162023307854278
v -0.016879610383345192 0.36616078397677604 -0.3185020814013207
v -0.014870000481535193 0.35032582120048894 -0.32061077048518627
v -0.01166738205010803 0.3348875830545177 -0.3219937697558771
v -0.005523509533786896 0.3199022911135666 -0.3223462573445461
v 0.0003243343514919264 0.3048506459041905 -0.32278300752653644
v 0.004647444544228942 0.28916510584539634 -0.32376569717931114
v 0.009790753375630947 0.273753981634553 -0.3243660640949631
v 0.009796724478281732 0.25764373206377333 -0.3252522623917941
v 0.00835518584854842 0.24139736761483088 -0.3261517425610052
v 0.0068168031283224175 0.22515247758713644 -0.3270035854158736
v 0.005211579696316716 0.20882006222707789 -0.3277868835528297
v 0.0038828777735712963 0.1925610693415893 -0.3286102067231445
v 0.0022256962189257917 0.17633587735450088 -0.3292841478349583
v 0.00015938949237802118 0.1601096014870715 -0.32980782264219977
v -0.002265379386839785 0.14387388975301896 -0.33018480872243633
v -0.00467945548780184 0.1276925391945415 -0.33054301611370074
v -0.006959375386268327 0.11151892874263773 -0.33089709362860176
v -0.00885637224772633 0.09525555656823927 -0.33135151340768576
v -0.010681076518140643 0.07898006384772029 -0.3317826441412869
v -0.01305833309710709 0.06283764281404998 -0.332028707185081
v -0.014238052874999348 0.04656861222146269 -0.33241111831574094
v -0.014637692365611122 0.03022195208363626 -0.33292944077004843
v -0.015467239266566499 0.013922953404870167 -0.3334396139601899
v -0.016625373309587653 -0.0023485825730376244 -0.3339195511292116
v -0.016785584621850324 -0.018641831379105037 -0.3343266593416941
v -0.016372918369079954 -0.03494603625453318 -0.3346986327244252
v -0.015721821077092885 -0.05125424386850597 -0.3350267033558008
v -0.015362958214078841 -0.06753410512625209 -0.33540785337083867
v -0.014637540832963418 -0.08378415470222361 -0.335720787583348
v -0.014077792452981987 -0.10002387967390004 -0.33598369741070566
v -0.012772394534987425 -0.11624383125536975 -0.3361174994061608
v -0.01153741024149787 -0.13244582958526593 -0.33626696630202535
v -0.010392282624658961 -0.14863389402742166 -0.336432965390252
v -0.009026634049549988 -0.1647911009760751 -0.3365405599855102
v -0.007655419985833969 -0.1809463868611405 -0.3366460536956831
v -0.006415277754241285 -0.1970886908521537 -0.3367792198461543
v -0.005189502551739993 -0.21323145455562192 -0.3369155814635005
v -0.0038242679699880934 -0.22934398870622663 -0.33701351154737375
v -0.002756014524005368 -0.24546170111807902 -0.3371733083950291
v -0.0016825305525710254 -0.2615750704332608 -0.33733221565377347
v -0.00048285393632193003 -0.27765245605508326 -0.3374606374332055
v 0.0005451068155504873 -0.293741908928234 -0.3376216433053951
v 0.001464847768127727 -0.30981743893262603 -0.337799836352786
v 0.002535174703755985 -0.3258662506610931 -0.3379486942096258
v 0.003622085271680968 -0.34189168870319137 -0.33809039052609596
v 0.004603007215399939 -0.3579122096502161 -0.3382389862922725
v 0.0045904391427746445 -0.3739611901753862 -0.3384787063359014
v 0.004703030393221374 -0.38998877733722 -0.33871312648901797
v 0.004929662109116852 -0.40599727577768885 -0.33894013103244414
v 0.005084297268922416 -0.42199698536281727 -0.3391719769708005
v 0.005178531391687474 -0.43798578628695384 -0.33940859243836985
v 0.005191533892027041 -0.45394829082095856 -0.3396461414539166
v 0.005124999580336009 -0.46990810338811495 -0.33988903834381073
v 0.005065719642823823 -0.48584751304492124 -0.34013721767028343
v 0.004984771489684554 -0.5017808349697618 -0.3403877965558291
v 0.004936116013724605 -0.5177050501707181 -0.3406433350046035
v 0.0049289563289240425 -0.5336043520055991 -0.34090952054947055
v 0.0049388775962805 -0.5494924305730253 -0.3411866803048105
v 0.004969910915207917 -0.565369661589374 -0.3414716033365066
v 0.032199462411131925 0.42215028594476556 -0.2947576488728581
v 0.01999006928964214 0.4120988597313018 -0.2950606607830045
v 0.007944965957973067 0.401867590194812 -0.29552550521906823
v -1.910903061110459e-05 0.3883903416701753 -0.2982617240732261
v -0.00907473745964171 0.3755531698646497 -0.30071399169169705
v -0.018755242283579013 0.36308241972743777 -0.3030037070997945
v -0.017965279703880812 0.34741637195110475 -0.30519925905400697
v -0.017298319241484113 0.33158764844713606 -0.30747066343465357
v -0.011302887523777479 0.3165965783603105 -0.3078663513679779
v -0.005298105262333353 0.30168707663114563 -0.308217444723263
v -0.0004926847985170682 0.2861996906927762 -0.30900156524914474
v 0.004769028153805761 0.2708281812358615 -0.3095467399400562
v 0.010016926162759444 0.2555076563985971 -0.31008513191419335
v 0.01170000763274624 0.23974368361957615 -0.31072505915281246
v 0.010208739245543465 0.22351222907859247 -0.3115922060115732
v 0.008650272785823344 0.20727154465630954 -0.31237821010733363
v 0.007671344258575427 0.19104805273932005 -0.31327475167517027
v 0.006492299227664454 0.17483334019262786 -0.3140876132656228
v 0.0045345631463432085 0.15861799072232252 -0.3146519717316354
v 0.0023759993415536224 0.14247233030449283 -0.3150960305897792
v -5.724133686205147e-05 0.12631222762651556 -0.3154430796716254
v -0.0025358847977676948 0.11018653828065894 -0.3157359922829149
v -0.0047489166456001 0.09400059587040664 -0.3161005634405719
v -0.006867591839929093 0.07781901698644555 -0.31643605943784114
v -0.009220336774810396 0.0616793056057332 -0.31669138501740185
v -0.011506316686802071 0.04553373361688708 -0.31694644651751724
v -0.013449493495359406 0.029387152276573333 -0.317199608700788
v -0.014067990215104824 0.013079489403781445 -0.31771999652037225
v -0.015023654376645181 -0.0031864248720986322 -0.3181999175448388
v -0.016595054398519656 -0.019371846947357548 -0.3185600904206231
v -0.017190234360875002 -0.03562453965224166 -0.3189167800805153
v -0.017246321311478064 -0.05189354613246436 -0.3192953062287581
v -0.016695392071644884 -0.06814787704929223 -0.3196187463405057
v -0.01603350592784161 -0.08438564635434467 -0.3199317740596973
v -0.01598751531778099 -0.10062448470759547 -0.32029411149049514
v -0.015992092778599892 -0.11687479816937998 -0.3206525405118425
v -0.01559295254855608 -0.1330857594582216 -0.3209469953073732
v -0.014510376724438152 -0.14927631433388477 -0.3211240999246402
v -0.013236972490075678 -0.16544642903138684 -0.32125612523157665
v -0.01176998841833993 -0.18156891122466146 -0.32133265043670356
v -0.010300544217892667 -0.1976901779717476 -0.32140834467165486
v -0.008928839350807906 -0.2138055727029732 -0.3215053739235326
v -0.007437110160907248 -0.22989068757590334 -0.321568445242127
v -0.006152426764811946 -0.2459917400401104 -0.32167880761394774
v -0.0048577089027906405 -0.2620756197899637 -0.32178814789269217
v -0.003647799082783236 -0.2781529157706686 -0.3219144240711472
v -0.00227678757786246 -0.29420062890058435 -0.3220077498504579
v -0.0012484972819846313 -0.3102662393447435 -0.32216359130384836
v -3.352184671683283e-05 -0.32629451345125526 -0.3222858759769377
v 0.0011135776250768062 -0.34231460919901147 -0.322418128723717
v 0.0023829889132081276 -0.35830643295721587 -0.32253062043079694
v 0.003652400201339449 -0.3742982567154203 -0.3226431121378768
v 0.004057929506953758 -0.39030584977721516 -0.3228513324843144
v 0.004308663148985713 -0.4063146823003566 -0.32307757336334764
v 0.0045166587469763165 -0.42231863258688224 -0.32330682289334256
v 0.004627949207659772 -0.43829516550294173 -0.32353990063400384
v 0.004745159756324178 -0.45426119701526313 -0.3237704429373854
v 0.004678625444633148 -0.4702210095824196 -0.32401333982727953
v 0.004644385405495234 -0.48616341715310296 -0.32425777921361576
v 0.00459075866440045 -0.5020925525758342 -0.3245089072557169
v 0.004547993651705999 -0.5180077686084447 -0.3247563275675497
v 0.004539862017235422 -0.53390720770772 -0.32502226962470115
v 0.0045971978207567715 -0.5497960704066118 -0.32529549450067285
v 0.004629149756571343 -0.565672710289079 -0.3255814447663543
v 0.03765501636666187 0.4148065493973617 -0.2814743887216481
v 0.025444179573138284 0.40473465894848315 -0.281807538477994
v 0.01322881377496431 0.3945985692803974 -0.28223523494744035
v 0.0014502041353108926 0.38405619277668585 -0.28300282210881283
v -0.008007612157710937 0.3714516788554342 -0.28536306037560927
v -0.01749898652323084 0.3588721603232956 -0.2877035542007036
v -0.021191741010217317 0.3445737590039436 -0.2898114960925795
v -0.020513917331359297 0.32873950077147823 -0.29208093385736145
v -0.017057120110839267 0.31338127707775587 -0.2933401950663985
v -0.011109505239550557 0.29843989338122295 -0.2937188689592678
v -0.0055900344235623525 0.28330504840370696 -0.2942099041237932
v -0.0004595893392624773 0.26798762279337607 -0.29480309594618814
v 0.005008948769216759 0.25276944743406826 -0.2952102761674177
v 0.010557335708671445 0.23757471241795447 -0.2955735252577492
v 0.013397243229242874 0.22198110368345964 -0.29613064701253405
v 0.012371107788321078 0.20575702618904557 -0.29702587848924894
v 0.011652316485093324 0.18954269010291125 -0.29798562052645133
v 0.010732937215851437 0.1733281899475841 -0.2988813490678606
v 0.008898303699973624 0.15714487802228233 -0.29946753914313395
v 0.007165736524366362 0.14099962842263303 -0.30006384506245054
v 0.004764713284231769 0.1248936333181604 -0.30040115811584567
v 0.002326612852176803 0.10880004411635434 -0.3007093853409283
v -0.00021911429764507435 0.09270709967723942 -0.3009648874857374
v -0.0025510050176345677 0.0765896812073432 -0.30123629808100527
v -0.005030770736616801 0.060515975307517254 -0.3014419868024578
v -0.007243331902526373 0.04439169791208836 -0.30171065341057907
v -0.009806599616084821 0.028321024287730825 -0.30183477987250035
v -0.012039942265220245 0.012218177237763632 -0.3020264708362207
v -0.01311401017572109 -0.004012174486554981 -0.3024776361604553
v -0.014748358080787468 -0.020191909765735004 -0.30282629201997346
v -0.016306921873891655 -0.03635117311001547 -0.3031730101774469
v -0.017700981121013478 -0.05250942953610392 -0.3034486722299276
v -0.017899496423959257 -0.0687510157452544 -0.30381774268676826
v -0.017429471022719797 -0.08498713800646572 -0.30414276053604666
v -0.017351581734091126 -0.1012186150135489 -0.30450444257273324
v -0.01715366295772602 -0.11742112505664855 -0.3048314403112458
v -0.01695310646580844 -0.1336227374162739 -0.3051510381889015
v -0.016518461650783064 -0.149833348388041 -0.30544078954787024
v -0.016268462519900835 -0.16600828005453033 -0.3057260816396899
v -0.015098081089144495 -0.1821328756424653 -0.30583577625517255
v -0.013554059548496427 -0.19824862064612825 -0.3058940594245526
v -0.012302551661043711 -0.21434937201272722 -0.3060035837380265
v -0.010858578085085155 -0.23043506594446786 -0.3060779831420916
v -0.009427183642239243 -0.24651386806986386 -0.3061559534452265
v -0.008032887253010233 -0.2625761691466666 -0.306244080131611
v -0.006644962145139565 -0.27863018055022 -0.30633367018764757
v -0.005157793791329152 -0.29466183564453385 -0.30640308329385585
v -0.0038270344009521985 -0.3106958940450968 -0.30650256649559415
v -0.0026723540356359075 -0.3267324278104606 -0.30663510836625757
v -0.0013454259377397165 -0.34272999898845585 -0.30673695421733355
v -0.0001022046173559648 -0.3587266992741318 -0.30685327073749813
v 0.001151835215707275 -0.3747122773864795 -0.30696676601390993
v 0.0022882142473203866 -0.39068217982914055 -0.30709619077455175
v 0.0031715606682443252 -0.40666002921290173 -0.3072643704396027
v 0.00395542485730501 -0.42263835306242364 -0.3074409846694667
v 0.004077367023632071 -0.4386045447189295 -0.30767120882963794
v 0.004199309189959132 -0.4545707363754353 -0.3079014329898092
v 0.00423225130893029 -0.4705339157767242 -0.3081376413107485
v 0.0042002227194945525 -0.48647513148670835 -0.3083821863242758
v 0.0041798279956863854 -0.5023952211754276 -0.30862495216358665
v 0.004139460367317365 -0.5183077546797697 -0.30887158875809956
v 0.004118343459865064 -0.5342124684550753 -0.30912975420680555
v 0.0042157941243221595 -0.5501003367844114 -0.30940219140798186
v 0.00428157467156046 -0.5659801437794434 -0.3096836665923798
v 0.0431105703221918 0.40746281284995794 -0.26819112857043814
v 0.03088915015202144 0.39733828626041356 -0.26863592745580456
v 0.018664800367249577 0.38720826704635636 -0.2691014449744007
v 0.006584374658280433 0.3769199739463092 -0.26969759201618937
v -0.005181112613941387 0.36628534177857236 -0.2705795860060846
v -0.015262463947273014 0.3541487155175804 -0.272571299460599
v -0.024664307247365437 0.3418565347000627 -0.2744682865894241
v -0.023998606004752093 0.3260234867396984 -0.27673382763867227
v -0.02248092356354973 0.31035025446963854 -0.27865462247637063
v -0.016706883011068 0.295369270310528 -0.2790784973166746
v -0.011088647260425622 0.2803527397510798 -0.2795429456975025
v -0.005544298336640674 0.265235555048778 -0.2799699423142261
v 1.8649193418994285e-05 0.2500855755835917 -0.28032277965424207
v 0.005581596723478662 0.23493559611840537 -0.2806756169942581
v 0.011234382697071816 0.21982901505638075 -0.28096606076576713
v 0.01432643574270761 0.20423886336006164 -0.2815322212887419
v 0.014725131874188674 0.1880315887578025 -0.28260479423909535
v 0.014914497408383465 0.17182299138036805 -0.2836562314149348
v 0.013455895861941736 0.15567993454980106 -0.2843395319322987
v 0.01201516928473872 0.1395451014611358 -0.28502375564451676
v 0.009882079566523979 0.12345689142559561 -0.2854507096006755
v 0.007341802420867113 0.10740418009464384 -0.285725952072874
v 0.004797551683770254 0.09136924476431856 -0.2859620940948465
v 0.0024038803464107267 0.07527492765460592 -0.2862220328125062
v -0.00022993613330106152 0.05924872274285095 -0.28636573965927814
v -0.00284696902964293 0.04322805641357688 -0.2865135046957563
v -0.005295938257219883 0.027184077750074948 -0.2866664466162855
v -0.007829495016409052 0.011153390710890092 -0.28678276098027305
v -0.009940083276548387 -0.004933591635761651 -0.2869851287980856
v -0.011373840805963644 -0.021112692266969338 -0.287360178770011
v -0.013295563491787302 -0.037198291999724936 -0.2876074105138212
v -0.015256386643900546 -0.0532761230969373 -0.28781123550818755
v -0.016764808812031393 -0.06943291799614834 -0.2880809687674855
v -0.01824817707259585 -0.0855870008407854 -0.28834760713912616
v -0.017812150912112593 -0.10177433596793559 -0.28865406164669155
v -0.01757375580637382 -0.11797456029182793 -0.2889790355137103
v -0.017609756885261164 -0.1341665684956741 -0.2893062354716788
v -0.017767726559349804 -0.15033155702508635 -0.2896262641139831
v -0.01753835898456254 -0.16650606221394862 -0.28991282485400155
v -0.017931630115922012 -0.18266769675569677 -0.29023767206496875
v -0.016792740919662333 -0.1987917530854106 -0.2903655261242712
v -0.015648205649920012 -0.2149016422321335 -0.2904965788389301
v -0.014132662668207993 -0.23097765722215202 -0.29055256031290605
v -0.012711096985180336 -0.24705107440498725 -0.29063332075340415
v -0.011314162173715593 -0.2631049832675509 -0.2907200848810037
v -0.009919307429564466 -0.2791503182531225 -0.2908062176017052
v -0.008443495456120696 -0.29518261309726573 -0.2908775852830833
v -0.006818589656128916 -0.3111740484313213 -0.29091743768031164
v -0.005400667785621543 -0.3271802341879027 -0.2909993785985192
v -0.003928447513568805 -0.34316109978983483 -0.29107569652647813
v -0.0026221687394859298 -0.35915343981608727 -0.2911809989814793
v -0.0013509247096514317 -0.37512133083371735 -0.29129000776015324
v -9.963079447304624e-06 -0.3910815749276453 -0.2913879443765104
v 0.0010299390582443613 -0.4070446928378806 -0.29153281063898595
v 0.002088096883751692 -0.4229974600295898 -0.291675709656158
v 0.0029037282559549425 -0.4389362013995057 -0.2918427647965707
v 0.0033680233801897204 -0.4548901521839998 -0.29205087388097695
v 0.003770669172258493 -0.47084630724792903 -0.2922629653456146
v 0.0037264677050665935 -0.48678033821961836 -0.29250187984898607
v 0.003684138368552449 -0.5027032645220251 -0.29274220106287874
v 0.003704755072542657 -0.5186101602547761 -0.29298744683388134
v 0.0036968249024947053 -0.5345177292024308 -0.29323723878890995
v 0.0038177139225510012 -0.5504030418693476 -0.293511094398064
v 0.003933999586549577 -0.5662875772698077 -0.2937858884184052
v 0.04824890463569625 0.40037290124879 -0.2546821437561833
v 0.036182092925977336 0.39009755936200974 -0.25536408113079967
v 0.02406666746810216 0.3798525206268484 -0.25595041388416406
v 0.0120095586727397 0.36953871115783105 -0.2565763207714615
v 5.6374716760460594e-05 0.3591003956801168 -0.2573129510239431
v -0.011793279201573102 0.34852813612399375 -0.2581407937870541
v -0.023000236336485676 0.3372110284422314 -0.2594891607997357
v -0.02760373508151228 0.3233252291879451 -0.2614044189967249
v -0.026981602833876853 0.3075539631572127 -0.2636262056370367
v -0.023077857037893716 0.2921214759852616 -0.26481347307525427
v -0.01756317544499426 0.2770901779532202 -0.2653290738281494
v -0.011482199360989839 0.26228577196352276 -0.26549028949399295
v -0.0054675597124068205 0.2473500050728944 -0.2656472605787845
v 0.0005271771593299641 0.23237482625606073 -0.26580295817112887
v 0.006463879853602942 0.2173960104672171 -0.2659247655287082
v 0.012522914824974139 0.20248567676986373 -0.2659330658917078
v 0.01413645031852759 0.1865645086713271 -0.26680804227661176
v 0.014927203476202203 0.17045846582411772 -0.26785222065664305
v 0.015416097790306997 0.15429457140612945 -0.2688507552219147
v 0.015868031299449987 0.13812359341027078 -0.26984370097582305
v 0.01517993227234871 0.12201614064773927 -0.27055725148124754
v 0.012318315914546546 0.10604740401820928 -0.2707099426508074
v 0.009785495952393936 0.09002173762576826 -0.270950225112934
v 0.007268580881951854 0.0740179049746091 -0.2711634968239178
v 0.004668465466115718 0.05801366728671662 -0.27131308374632107
v 0.002086051751963194 0.04200442528750068 -0.27146921953448566
v -0.0006387844094441037 0.026048626961480054 -0.2715389964431906
v -0.0031898723443991098 0.010021749937868639 -0.2716490369782354
v -0.005982423248430723 -0.005942162279263521 -0.27166923635382456
v -0.008295137040718102 -0.021969150460497768 -0.271812693574513
v -0.010284205109682927 -0.03804541088943442 -0.2720418108501954
v -0.012235808808300075 -0.05412507374419127 -0.2722558706715571
v -0.0142083818799065 -0.07020057032085011 -0.27244665168308063
v -0.016081109503620405 -0.08627103745056384 -0.27263108607990827
v -0.017916203733863274 -0.10234379437422136 -0.2728174648295234
v -0.01808415408139288 -0.11851373885620309 -0.27312608966981466
v -0.01835114774226796 -0.1346762619665463 -0.27345417570797426
v -0.018618141403143038 -0.15083878507688953 -0.27378226174613385
v -0.018808255449224258 -0.1670038443733669 -0.27409956806831315
v -0.018491134821270273 -0.18315132007125162 -0.27439954461396354
v -0.018573049178506593 -0.19927927380667804 -0.2746614128414907
v -0.0182105088568531 -0.2154212043156018 -0.27489036589177324
v -0.01740674725133086 -0.23152024849983618 -0.2750271374837205
v -0.01599656203542485 -0.24758188472231843 -0.27511021703899097
v -0.014594812842128683 -0.26362742566055186 -0.2751946519892296
v -0.013173952814677358 -0.2796735374822716 -0.27527438086229394
v -0.011733728429745814 -0.29569732917228525 -0.275351404658244
v -0.010125417865598701 -0.31169216268390365 -0.2753946219981282
v -0.008387759324808244 -0.3276610012353054 -0.2754103589620987
v -0.006821543783340149 -0.3436290154704807 -0.2754697735920199
v -0.005139781550307951 -0.35957379644151966 -0.2755061349576092
v -0.003820288613110071 -0.3755424393923036 -0.27560538014990593
v -0.002373800597046619 -0.3914833113558912 -0.27568891747278823
v -0.0010342688145379467 -0.4074213207575614 -0.27578961351499814
v 9.36820674585714e-05 -0.42336170455577393 -0.2759227602319908
v 0.0013346701053502633 -0.4392820321528169 -0.2760401120786743
v 0.0018080978722319395 -0.45523538055054374 -0.27624718368812334
v 0.0024924776022343114 -0.4711680317018237 -0.2764312167452509
v 0.0028758568754555028 -0.48708918020074504 -0.27663842712289055
v 0.0030808843310101332 -0.503007462209293 -0.2768610113626982
v 0.0032210709522028135 -0.5189111948791671 -0.2770981164646784
v 0.003244444491742228 -0.5348166756050633 -0.2773420592455704
v 0.003347419256669552 -0.550703575167792 -0.2776119058006156
v 0.003574394941480468 -0.5665813374186339 -0.2778717771697826
v 0.05334193055815556 0.3933192433923386 -0.24114091875264995
v 0.04130273099783302 0.3830266896019011 -0.24187715864836604
v 0.029261607137196215 0.3727095582178706 -0.24259338245723544
v 0.017207374400438943 0.36239234833636874 -0.24327863123125204
v 0.005148102944385563 0.35207185986187595 -0.24393287304473532
v -0.007081656963701995 0.3419401210012285 -0.24445286552731324
v -0.01854542237129174 0.33091405107670596 -0.24555185734259224
v -0.030178931868178056 0.32006580399399864 -0.24639464325385813
v -0.03062090204083682 0.30497676578238525 -0.24827800673070688
v -0.02750088132398915 0.2893807901767558 -0.24977243575521033
v -0.023779799521431468 0.27398151917288316 -0.25095080286064886
v -0.017737585617769447 0.2591424346569135 -0.25113064080823494
v -0.011675250451600746 0.24432135159814522 -0.25130081201839544
v -0.005474141106111906 0.22950142993778216 -0.2513257327930289
v 0.000982277934792412 0.21483765315933706 -0.2511940724025755
v 0.007068718245713688 0.19994451643040234 -0.25119079469355365
v 0.013124351721276125 0.1850191019080803 -0.25116081576959925
v 0.014795240146321081 0.1691093134483323 -0.25202239106281277
v 0.015301900526851223 0.15294882391600884 -0.25302361201962864
v 0.016530378807687523 0.13688301060817967 -0.25404804304467243
v 0.017514494676887104 0.12081924800988922 -0.25496783802363193
v 0.01729482940822598 0.10469062794177474 -0.2556939332287408
v 0.014845638635160054 0.08869222458126204 -0.2559489440255619
v 0.012507041760638117 0.07269955133948042 -0.2562289169152503
v 0.00985233843995005 0.05671911967540522 -0.2563616030714325
v 0.007175746864308264 0.04076044041357066 -0.25647809681822764
v 0.004385727987245596 0.02481784535670918 -0.2565258409213358
v 0.0015908655145073635 0.008892517696516673 -0.2565549338538019
v -0.0010349567884206609 -0.00706684749453472 -0.25662152830966656
v -0.003465649015246146 -0.023068403413889983 -0.2567361319108353
v -0.005806946592373224 -0.03907286590653009 -0.25685944106506026
v -0.008325479475688452 -0.05501933598300739 -0.25690323327607345
v -0.01035495016284561 -0.07106235523790598 -0.2570675966599189
v -0.012327841462648339 -0.08712245469283936 -0.25723591607403296
v -0.014448136479157127 -0.10313814493249532 -0.2573532694979853
v -0.016893595404920473 -0.11906777250510561 -0.2573464065164545
v -0.017247635346365857 -0.13522205958906416 -0.2576619682373335
v -0.017529752967354022 -0.1513842867284677 -0.25798956362445674
v -0.018345751604776504 -0.16748411895269522 -0.2582459616380922
v -0.01823362343956997 -0.1836186594096083 -0.25853281360246794
v -0.01896525582460096 -0.19972415503612934 -0.2588026012852489
v -0.018885457557558757 -0.21585445827981808 -0.2590375575384464
v -0.01865214416181491 -0.23196215804038556 -0.25926089630557325
v -0.0182942880412623 -0.24806167016210806 -0.2594637672736235
v -0.017782404525244322 -0.2641526479341967 -0.25964630315548176
v -0.01636001378554527 -0.28019699539585396 -0.2597258181978175
v -0.014908198732877055 -0.29620742721938564 -0.2598012228514816
v -0.013451546153180784 -0.3122174523574035 -0.25987581515246755
v -0.011573980989643134 -0.3281660746235786 -0.2598596125392153
v -0.009934000883752736 -0.34412476147985 -0.25990263745882686
v -0.00814418017056711 -0.3600478148602709 -0.259917439568391
v -0.006346700259035163 -0.37597111228263114 -0.25993044184433345
v -0.004746722832970216 -0.391886554254907 -0.2599911114672919
v -0.003185426715014709 -0.4078052349573311 -0.2600592342210943
v -0.0018872600204544192 -0.42372618706746834 -0.2601674029239615
v -0.0006294048349011607 -0.43964681260985905 -0.26028174022663386
v 0.0005128769149217345 -0.45555664058213374 -0.26041435598232393
v 0.0012293834612357784 -0.4714831304550815 -0.2605952081603777
v 0.0019978267496256023 -0.4873930830732358 -0.2607691851000681
v 0.002274142107996496 -0.5033074514624605 -0.2609857050321974
v 0.002502256682504749 -0.5192098683294628 -0.26121766325247897
v 0.002730371257013002 -0.535112285196465 -0.26144962147276046
v 0.0029433761011872462 -0.5509979982302562 -0.26170025020662796
v 0.0032130721177773425 -0.566873144607986 -0.261955333072764
v 0.05836142373554345 0.38633510878922495 -0.227557979797114
v 0.04625324580229381 0.3761103576220741 -0.22828167786616782
v 0.03420187229621495 0.36581245732306367 -0.22902850395999644
v 0.022287952986012487 0.35535911773463885 -0.2298517761920123
v 0.01020144101148336 0.34508891312440493 -0.23051406367145313
v -0.002040262289273727 0.334971357280593 -0.23102200660170522
v -0.014617290456372726 0.3253115200162904 -0.23116856940560448
v -0.026179993009981296 0.31435986333811994 -0.23205580646182705
v -0.035364498820827414 0.3022822471698518 -0.2333050285540118
v -0.03328687146895208 0.28657552706677714 -0.23515364435617675
v -0.028957657111068652 0.27127426126508164 -0.23609049182671457
v -0.0238721090348381 0.25613466830245674 -0.23671244976200334
v -0.01804468114697922 0.24124764421132167 -0.23699296942671122
v -0.011642807809491413 0.2265840560183543 -0.23692395764542531
v -0.0048653720584555995 0.21208006720856523 -0.2366189921533003
v 0.0015704270884752197 0.19739638062529663 -0.2364678089416609
v 0.007626335939148934 0.18247341602643127 -0.23644428975322265
v 0.013681202222489147 0.16754117604260593 -0.23639631407268924
v 0.016309604749960183 0.15175501154171825 -0.23724195669361114
v 0.018258037074563558 0.13578669904152865 -0.2382955784995337
v 0.01894060588343082 0.11970517083127874 -0.23916941451610002
v 0.019364450528288942 0.10362302208218162 -0.23999884349685413
v 0.01835970300136726 0.08753287734889492 -0.24057712894807687
v 0.01705195020270526 0.07144103666248036 -0.24110214670337157
v 0.015139535922611023 0.05542311159192087 -0.24144278347034212
v 0.012480958431922767 0.0394940201563969 -0.2415589872954474
v 0.009696076430033904 0.023570117114536673 -0.24160629782177862
v 0.006882415606686953 0.0076777016012389305 -0.2416273800388577
v 0.004106485837950937 -0.008242343736370086 -0.24164155686956634
v 0.0012890529894726377 -0.0241314802985303 -0.2416272005074878
v -0.0012085687032588818 -0.040078157609719306 -0.2416908655986284
v -0.003699740045969012 -0.05602930422304369 -0.2417496555698349
v -0.006306509942093913 -0.07196069314427334 -0.24174508217244206
v -0.008536222675638448 -0.08795293729527444 -0.24183809931345754
v -0.0107997409607224 -0.10391354254402732 -0.24190977031473826
v -0.01324041987900669 -0.11984398397286619 -0.2419049706051834
v -0.01558192855168926 -0.13577885917160118 -0.2418879994596222
v -0.016127784598075463 -0.15191026308227987 -0.2421804231837753
v -0.01704252483282429 -0.1679985553314945 -0.24242365320273174
v -0.01791135244309694 -0.18408610251424135 -0.24267069151280968
v -0.018164555525968667 -0.20019161168466615 -0.2429622471552998
v -0.019109855958003453 -0.216240940468082 -0.24316456797523844
v -0.018961431301888376 -0.23234476412889596 -0.24338529584131133
v -0.018636942502086598 -0.24844646987189944 -0.243593650514796
v -0.018222212949804667 -0.26454224304283536 -0.24378717469863848
v -0.01809832108997258 -0.2806067530598463 -0.24397692773043195
v -0.017011115908990168 -0.29662744098756 -0.24407109805987975
v -0.015518483250982885 -0.3126265778313403 -0.24413448461550125
v -0.014353566668978465 -0.32863562457209783 -0.24424131945029195
v -0.012894565675524815 -0.3446001765581512 -0.24430364156625176
v -0.011068529969989086 -0.3605243838422274 -0.2443099335213723
v -0.00920259821863573 -0.3764334735145419 -0.24431305752918597
v -0.007329930342602322 -0.3923246676481817 -0.2443215657675566
v -0.005723540822115944 -0.40823404692485865 -0.2443833951260349
v -0.003919085927171035 -0.4241024150518483 -0.244417561803623
v -0.002549599837408949 -0.4400123681726614 -0.2445155260288579
v -0.0012277174761895426 -0.4559069775488056 -0.244629489804938
v -3.4343064885567344e-05 -0.47179381496769696 -0.24475598089302417
v 0.0007803530534285696 -0.48770106479152514 -0.2449265932081033
v 0.0014801528676746624 -0.5036065181546263 -0.24510853688494122
v 0.001777288972015309 -0.5195039419487735 -0.24533041860438803
v 0.002074425076355956 -0.5354013657429206 -0.24555230032383488
v 0.0024259094350110076 -0.5512839874083881 -0.24579500887622785
v 0.0028439845942870557 -0.5671586661333377 -0.24603479377041176
v 0.06316031867771724 0.3795595439461247 -0.2138498989855701
v 0.05107315288992875 0.36931542670389156 -0.21459066253344847
v 0.038897842052190296 0.3591727187182517 -0.21526534868599362
v 0.02706399161041674 0.3486606979058988 -0.21616095853601075
v 0.015155711952467808 0.3382169472228934 -0.21699577538410425
v 0.0026833940328267903 0.32841862933020816 -0.21728292767516605
v -0.010122858488155438 0.3190544992292957 -0.21724776810373217
v -0.022432592539838855 0.3091412534055061 -0.21751320342474653
v -0.032539559334551285 0.2969749495437704 -0.21896597955260644
v -0.03898139728444132 0.2837867343866371 -0.220497814957339
v -0.03402121497791046 0.2686179635939203 -0.22117845160001987
v -0.02904899658106066 0.25345868846351366 -0.2218539410676626
v -0.024076778184210855 0.23829941333310695 -0.22252943053530533
v -0.018263348842541712 0.22344377077329972 -0.2227639061185546
v -0.011174114702362637 0.20909826222270178 -0.22228698095258087
v -0.004096849518461175 0.19474693343657465 -0.2218163653272395
v 0.0021283201570217423 0.1799277301447822 -0.22172776373684608
v 0.008705434438047367 0.16532264912106004 -0.2214465392693662
v 0.012553352426687776 0.149849006460619 -0.22204098991613086
v 0.016358213547377518 0.1342973405509823 -0.22273257731880958
v 0.01934261624277316 0.11857091069938927 -0.22342850233096878
v 0.021264496004525395 0.10261382077260031 -0.22424647136127474
v 0.02048449025891573 0.08653721301533682 -0.22485942285915655
v 0.019517962488330376 0.07047130487013686 -0.2254349522843756
v 0.01815544012668388 0.05441688368977905 -0.22590281958319774
v 0.01667726072438111 0.038376959286627196 -0.22632689762443137
v 0.014607496773427379 0.022404507234692984 -0.22656293889529674
v 0.012176800531051388 0.0064608096054588875 -0.22669930740429045
v 0.009188057105731817 -0.00938147518485929 -0.22663529764509455
v 0.006238059372720937 -0.025227144330533247 -0.22657476270585905
v 0.003612303034682986 -0.041140795728278834 -0.22659598612801035
v 0.0009522093370824634 -0.057035890785432794 -0.2266025224091284
v -0.0016031936534472656 -0.0729601386326264 -0.2266094601460184
v -0.00412290437731946 -0.08887246948144943 -0.2266092420218468
v -0.006671598870700718 -0.10477318740469586 -0.226600429467692
v -0.009226778454479292 -0.12066163853020626 -0.2265614573190941
v -0.011700217015504479 -0.1365822968136841 -0.2265303483832969
v -0.014165884676108829 -0.15246503226770872 -0.2264707523491174
v -0.015546797678776973 -0.16848951747850904 -0.22662006165668186
v -0.01637523728377445 -0.18457422371994878 -0.22687074530989187
v -0.017052142837250754 -0.20064199469179236 -0.2271208055146606
v -0.018004455517424557 -0.216688142523109 -0.2273324786917482
v -0.018938592400102313 -0.2327425354050935 -0.22751991049199344
v -0.018979596962910895 -0.24883126958169083 -0.2277235337559685
v -0.018996957099327184 -0.2648982254208223 -0.2279277435837428
v -0.018856469689511483 -0.280956713616236 -0.22811049988130308
v -0.01849094319201083 -0.2970113826866551 -0.2282702955803297
v -0.017491542985933303 -0.3130252057186351 -0.2283803841617297
v -0.016161228663794786 -0.32901653009746046 -0.22846475299831634
v -0.014875437880166407 -0.34499201581797584 -0.22855220103671076
v -0.013543069726227507 -0.36096272425334636 -0.22863477563693074
v -0.011922062708838988 -0.37688286126446024 -0.22867263733085447
v -0.010028056916786307 -0.39277234416758827 -0.22867635825150157
v -0.008175277319416845 -0.40865138164577375 -0.22869390834080874
v -0.0063541090839971835 -0.4245184785652494 -0.22872520414484956
v -0.004508862978670432 -0.44038053322292725 -0.2287542168928134
v -0.002932101196431348 -0.45624270307338965 -0.22883482528874804
v -0.0014399741486268204 -0.472113436427419 -0.228926507587596
v -0.0005526776871783964 -0.4880167727773828 -0.22908866096463062
v 0.0004396279641264388 -0.5039005704112873 -0.22924200574476636
v 0.0010311253266965098 -0.5197918029769353 -0.2294371878131412
v 0.0014614430036593653 -0.5356873382313294 -0.22964870681509963
v 0.0019463801853928026 -0.551557398425384 -0.22987619011733626
v 0.0024516029714352783 -0.567425330666688 -0.23010196885205877
v 0.06795921361989103 0.37278397910302435 -0.20014181817402604
v 0.055791712206739855 0.3626322021708206 -0.20082248425086338
v 0.04358158932429471 0.35252941570418855 -0.2014712660608507
v 0.03153035706705989 0.3422497827882993 -0.2022233190548674
v 0.019625861689696225 0.3318084705199683 -0.20307085836382735
v 0.006540765055084152 0.3230582347823468 -0.20286304685860607
v -0.006660512088471909 0.3143371594779455 -0.20249996127477082
v -0.018302342257173018 0.3037973961821015 -0.2030841510828129
v -0.029064519258876167 0.29225177372590194 -0.20424615886491773
v -0.03966091414218882 0.2810278372125898 -0.20516873459143178
v -0.041017394682655826 0.2654299155997126 -0.20724833875863088
v -0.036098626164492296 0.2502554477182451 -0.20795090893152868
v -0.03051140439839422 0.23533245573953065 -0.20828065846340693
v -0.02425955678680386 0.22065544120389408 -0.20825056645729453
v -0.017362755773921896 0.206223121372418 -0.2078794801378906
v -0.010339105512335479 0.1918460469117153 -0.20743882096632849
v -0.003344405422312185 0.17747474263150967 -0.2070019965662454
v 0.0037642323807328586 0.16314091187289248 -0.20648173109925047
v 0.00924300972206864 0.14815317960448332 -0.2066176339094729
v 0.013974412321246637 0.13285252376003187 -0.20707556164453397
v 0.01744554787191116 0.1172447190999724 -0.2077051780701973
v 0.02056415493318948 0.10152986197228736 -0.20842568117760607
v 0.021667392023413036 0.08556431910251526 -0.20911009025027455
v 0.022161274539340504 0.06951504756851028 -0.209794003616687
v 0.021000414016020763 0.053477358119664364 -0.2102916788755087
v 0.019866456401722757 0.03745409388602032 -0.21077982123042854
v 0.017847512265878426 0.021481754346703227 -0.2110295210694593
v 0.015542797781514565 0.00556839642571086 -0.2111957301151154
v 0.013426423563690278 -0.010383657673877694 -0.21137756195736981
v 0.011180464122020974 -0.02631951368672311 -0.21151996418446664
v 0.008435737471569484 -0.04217379060023423 -0.21149864426507642
v 0.00569731722391796 -0.05803045779075133 -0.21147829521134864
v 0.003157351605008144 -0.07394328961371247 -0.21147790110039075
v 0.0005298046587926875 -0.08981241372836116 -0.21144570677442479
v -0.0021069421883580563 -0.10567410216871734 -0.21140692823019558
v -0.0047118027680391 -0.12153693193994718 -0.2113541343556093
v -0.007233383078100106 -0.13742595554131792 -0.21129791821140448
v -0.009803315052582817 -0.15328320652195995 -0.2112164853823097
v -0.012169264088003789 -0.16918642854496316 -0.2111744398265834
v -0.014537840841079612 -0.18508047541016642 -0.21112356554157652
v -0.01554912961466257 -0.20111331859845638 -0.211332390936597
v -0.016613784937517345 -0.2171389065305805 -0.21153073075136924
v -0.017425554734662417 -0.2331824567871283 -0.21172650127956197
v -0.018106418628796916 -0.24923271638207692 -0.2119250420253197
v -0.018678604847664294 -0.26528166620250865 -0.212112993853018
v -0.019485599928524423 -0.2812909015086371 -0.21223957601283738
v -0.019043596048064174 -0.2973362211185669 -0.21239670663542679
v -0.01838952756526037 -0.31336282025350537 -0.21253405948765153
v -0.0177440575897779 -0.32937531778210066 -0.2126663468061193
v -0.016353323887323058 -0.345338810514547 -0.21274092784669085
v -0.015045630807019735 -0.36129861852143397 -0.2128203616021257
v -0.0138606998626364 -0.37725843255060315 -0.21290781502706993
v -0.012119764566284696 -0.39316309808270433 -0.21292961157962126
v -0.010307302754814857 -0.4090400130137575 -0.2129542184890239
v -0.008498269387137767 -0.42491241920945605 -0.2129828845724905
v -0.006535498659295894 -0.4407498624743198 -0.21300075367258728
v -0.004763159161958367 -0.4565966096040842 -0.21305155629689942
v -0.0032013915166717926 -0.47245734774459947 -0.21313697377749669
v -0.0017768388465178085 -0.4883180138756765 -0.21323932078176963
v -0.0007477431047742897 -0.5041969500023489 -0.2133890561898195
v 0.00019108279845195762 -0.5200735557371379 -0.21354806925756573
v 0.0008126031297326396 -0.5359515310940675 -0.21373833925238053
v 0.0014816548363894978 -0.5518227296345438 -0.21394947626818986
v 0.0020592213485834975 -0.5676919952000383 -0.21416914393370567
v 0.07248382823012789 0.36631306916910666 -0.1862254401693284
v 0.06027281740219534 0.35620122514188146 -0.1868858964664103
v 0.0480619002191991 0.34608856507453845 -0.1875392688643971
v 0.03584138530053654 0.3359935584250422 -0.18818039750808213
v 0.023812399113456482 0.32568124294130285 -0.1889408933683988
v 0.01098058084791842 0.3165409800419539 -0.18897183961875044
v -0.002879292603222932 0.3089485261393268 -0.18804515007648787
v -0.01608983884003862 0.300326194732082 -0.187797162434761
v -0.027752425199385988 0.2896524228164005 -0.18855726520406474
v -0.038095773083341354 0.27829791172646473 -0.18951840182252255
v -0.040127322866704125 0.2626544364491523 -0.19174614246801752
v -0.0423106724724388 0.24742128590621182 -0.19355896538466297
v -0.03627675818950923 0.2326581903191726 -0.193635886672071
v -0.029947252503112892 0.21800857973177068 -0.1935673221260638
v -0.02336641281745013 0.20347737231660426 -0.1933726169874119
v -0.016564454174578823 0.18902806596829913 -0.19304438735984247
v -0.009597303871563117 0.17464770070634478 -0.1926277387519544
v -0.0024900854627623306 0.16033457019695452 -0.19211035368871113
v 0.0039722009211978025 0.14573382328739926 -0.19189471961760135
v 0.009627609393257519 0.1307450752652139 -0.19205368202580975
v 0.015323229377196289 0.1158443028772004 -0.19211798255098184
v 0.019494534519646233 0.1003755021147117 -0.192685162395707
v 0.02183154894444051 0.08464772034249027 -0.19325023170209216
v 0.022815451741588666 0.06865956234918541 -0.19394195292039668
v 0.022384287342956916 0.052623142898302236 -0.1945124107815806
v 0.022104189457810855 0.03659663031900023 -0.1950961274292307
v 0.02107759196584707 0.020619010184188127 -0.19549276374399344
v 0.018825831339241126 0.004694772423346289 -0.19566336530413436
v 0.01657938708341273 -0.01121751220768426 -0.19582038232643323
v 0.014278884710188731 -0.027092027085636766 -0.19595471627161362
v 0.011942479732276589 -0.04299796086006029 -0.1960444242052174
v 0.009634070151895536 -0.05889494035534688 -0.19613386218581585
v 0.0073485034091933426 -0.0748030481598368 -0.19619247544953833
v 0.005058615251431899 -0.09071504469297052 -0.19624719486759104
v 0.002447501243020316 -0.10656676223432691 -0.1962061175364345
v -0.0001997430671193346 -0.12241030921085196 -0.19614529062776417
v -0.0029149742795354008 -0.13823326640878483 -0.1960235426052207
v -0.00567117245095442 -0.15404655451271362 -0.19589042775859272
v -0.00818137160397038 -0.16988312871148697 -0.1958084371953605
v -0.010563673835024935 -0.18576877596073588 -0.19575031582447855
v -0.01259336306133994 -0.2016625276048937 -0.1957411989301787
v -0.013922145834505531 -0.21765210585546862 -0.19588481478234826
v -0.015428082858677871 -0.2336137258507336 -0.19597905928637455
v -0.0160911690119183 -0.2496605046406398 -0.19617132710899843
v -0.017083649797889247 -0.2656483228952108 -0.19630821098355858
v -0.018008079604826095 -0.28164727506618237 -0.19643763716623394
v -0.018781810641254643 -0.2976695447346466 -0.19654976905777735
v -0.01898901157421789 -0.31366248449451245 -0.19665960507657448
v -0.018434190871666974 -0.3296733965137902 -0.19679458779469125
v -0.017741242725016395 -0.34567262848799785 -0.19691894529189755
v -0.016505336853840386 -0.3616286638639203 -0.1970029240724111
v -0.015269430982664372 -0.3775846992398428 -0.19708690285292466
v -0.01409002948504062 -0.3935353953021651 -0.19716901306235568
v -0.012157101681412978 -0.40939731720553063 -0.19717834084989025
v -0.0102087591492158 -0.42525372684813995 -0.19718747134162684
v -0.008389069668113355 -0.4411024307706831 -0.19722445692635784
v -0.006585608319010078 -0.4569502444877701 -0.1972659733214445
v -0.004790256441543028 -0.47278307129983477 -0.19732141139449613
v -0.0030616215861138493 -0.48861466858638847 -0.19739047991880154
v -0.001829971243675391 -0.5044785940867318 -0.19751820505389567
v -0.0007145283667064596 -0.5203441859566644 -0.19766127265341532
v 0.00017218615783031767 -0.5362136242354176 -0.1978264665473621
v 0.0008412378644871756 -0.5520848227758939 -0.19803760356317146
v 0.0016799302762726103 -0.5679348546285312 -0.1982244135658551
v 0.07684385989539642 0.36002496855949695 -0.17218407265030528
v 0.06462632028122318 0.3499223077861257 -0.1728467103899323
v 0.05233597119821072 0.3399013838557802 -0.17344611552878733
v 0.040011653495006086 0.329918837686351 -0.17401705403415643
v 0.027786215222045687 0.3197996853597778 -0.1746370325514651
v 0.015175121542467043 0.31030699137974416 -0.1748801244294359
v 0.0015181895722104258 0.3022410587338486 -0.1743029230448065
v -0.012222851252676619 0.2942928481743314 -0.1737493250879123
v -0.026083544644742662 0.28657352030979966 -0.17309754224024287
v -0.03653063202449391 0.2755679862403397 -0.17386806905361346
v -0.04001151698299109 0.2602404427280205 -0.1759797481162139
v -0.043981934438756524 0.24501960942914053 -0.17805222581429492
v -0.04192124737322447 0.23005181761661772 -0.17893385856284144
v -0.03539393759997096 0.21551561172858621 -0.17877470092095865
v -0.028789984755653315 0.20100598873728348 -0.17857658604410118
v -0.022172125970788322 0.18647777438984953 -0.17834142057851804
v -0.015556496795356086 0.17197193411285408 -0.17810693252032492
v -0.00874492013614175 0.1575470065597912 -0.1777411746257111
v -0.0020312496025263974 0.1430671561133357 -0.17740885411358634
v 0.004378363123747092 0.1284521167670961 -0.177215672903267
v 0.010847458744017205 0.11386908442418861 -0.17699189379546093
v 0.015744570424244837 0.09867695222335414 -0.1773231141062561
v 0.020559548288856616 0.08343638708097127 -0.17761543235300262
v 0.023688064957305105 0.06783835816919426 -0.17808885475257843
v 0.023769770439211278 0.051829256746354066 -0.1787039100427736
v 0.024145981682177672 0.03583432789997852 -0.17934447479919768
v 0.023277904303394187 0.019843083654499286 -0.17976980029757558
v 0.02186023604323717 0.0038971677528184387 -0.1800835669693708
v 0.01954653154242857 -0.011993309522495455 -0.1802270286282291
v 0.01725674007663075 -0.027854874081695014 -0.18035395724456466
v 0.014931354687344415 -0.043750318826709655 -0.18045246427082354
v 0.012686885210140029 -0.059621194740242495 -0.1805485134255559
v 0.010406626177184058 -0.07551679985010709 -0.18061555382073474
v 0.008008639232811393 -0.09137236963626513 -0.18064537164968544
v 0.0058370943389703805 -0.10724415201824031 -0.1806980761440311
v 0.003329348422245879 -0.12309936583353336 -0.18067042313085094
v 0.0011348643607910712 -0.1389771888732581 -0.18067464865993282
v -0.001569838220239119 -0.1547942770396317 -0.1805521257684013
v -0.00408897308395384 -0.17062505897877725 -0.18046777167762185
v -0.006599584540920293 -0.18645364396584155 -0.18037474945410353
v -0.009095662105569495 -0.20227767426978166 -0.180265354755377
v -0.011028999758395892 -0.21818102800635755 -0.18028006450623213
v -0.012709965689636352 -0.2341189659847495 -0.18034986655349813
v -0.014233833652897623 -0.2500458900482556 -0.18040492118792295
v -0.015407022263406508 -0.26602055498896765 -0.1805154589404004
v -0.016469949508494387 -0.28200472686999734 -0.1806379070261777
v -0.01726071398042084 -0.2979843968507095 -0.1807287281377346
v -0.018051677676885886 -0.3139635685817797 -0.18081929999656085
v -0.018783184927933405 -0.32994414259148735 -0.18091183391694265
v -0.018136055515830814 -0.3459408483890073 -0.1810364462088429
v -0.017254741622595448 -0.36190605621797894 -0.18113706971239962
v -0.016018835751419436 -0.3778620915939014 -0.18122104849291315
v -0.015134304491267809 -0.3938178189529283 -0.18131349685810164
v -0.013722665916491435 -0.4097254025077715 -0.18136355531038548
v -0.0117553228575701 -0.42557525102736116 -0.18137233208188341
v -0.00990214956716641 -0.44142201509466167 -0.18140336403247084
v -0.00809204158343923 -0.4572653945393429 -0.1814456338231477
v -0.006279289946596064 -0.4730967010350292 -0.18149435775049974
v -0.0045490486344744955 -0.4889257761816196 -0.18156365205061614
v -0.002890724457768052 -0.50475602807435 -0.1816451744855923
v -0.0017389787956787364 -0.5206149993648315 -0.18178484808250323
v -0.0005148694666641761 -0.5364668477540049 -0.1819166102733566
v 0.00045859150789917145 -0.5523147947936691 -0.18208739643110483
v 0.0013084942380579044 -0.568163429714304 -0.18227253928824766
v 0.08120388015135878 0.3537368820649435 -0.15814269670642642
v 0.06877696318079038 0.34387553711951335 -0.15865003818942278
v 0.05635004047536307 0.33401419974908436 -0.15915737545632896
v 0.04399019913918326 0.3240719959778601 -0.15970538381872
v 0.03175439268749185 0.3139632066584983 -0.16031663989208958
v 0.019195919063796363 0.30427136322657566 -0.16069492738523114
v 0.005779619550143259 0.2957614932134447 -0.16041589063394382
v -0.007922710575227317 0.2877362465724732 -0.15988501668519
v -0.021777752114677813 0.28000700449321325 -0.1592405876817546
v -0.035574063608643174 0.2721789025482816 -0.1586545288667627
v -0.04109212453791046 0.2581746468641682 -0.16025395755358496
v -0.044626982982677026 0.24281463429706587 -0.16229227375434133
v -0.047434651185160125 0.2275148473171917 -0.16417011524506336
v -0.04074717590413872 0.21306169795793758 -0.16393939965864238
v -0.03405970062311729 0.19860854859868343 -0.1637086840722214
v -0.02754048893733295 0.1840768132320847 -0.16352293595692147
v -0.02098725591353286 0.16955632370885593 -0.16331719914898524
v -0.014267689130730468 0.15509783038219513 -0.16301276337099907
v -0.007672107320299061 0.14059247523846505 -0.16274133891666204
v -0.0011425772309773571 0.1260394119437364 -0.16249415271277928
v 0.0054370449751648215 0.1115173140117734 -0.16222014618816596
v 0.011943870493466575 0.09695765066390552 -0.1619821625689188
v 0.017059467308524704 0.08184117903701392 -0.16219011639380523
v 0.022209003700133005 0.06676255892095977 -0.162368949903133
v 0.02421407281091748 0.05096600278699782 -0.16294297804006036
v 0.025641156440890083 0.035037482616700324 -0.16358964702087253
v 0.025353100572105984 0.019120316506845043 -0.1640122261660932
v 0.024022802139702516 0.003178132033763662 -0.16434164955213326
v 0.022362987849906854 -0.01272775710947396 -0.16459825252183952
v 0.02010200848073403 -0.02859439137926385 -0.16473018259730557
v 0.017806403428997204 -0.04444116452898816 -0.16483487950783554
v 0.015437107767664642 -0.060286650409747594 -0.16490822524715681
v 0.013265470819513321 -0.07614948853078063 -0.16499403991685663
v 0.010931933283482766 -0.09200841484640535 -0.16503528770022494
v 0.008797305792038872 -0.10788284040760573 -0.165091723463714
v 0.006624831881261234 -0.12375662096612072 -0.16513708763036236
v 0.004554110517756915 -0.1396440545985651 -0.16517470955135094
v 0.002377984411425662 -0.15550218125001047 -0.16517291529100064
v -0.0003245682195534453 -0.17128653653031728 -0.16504005952268266
v -0.0029312533419717274 -0.18708169523407242 -0.1649232038188445
v -0.005350602087456704 -0.2028979650967348 -0.16483761412113657
v -0.0075922414425531925 -0.21875236616164492 -0.1647863683250491
v -0.009577269589141974 -0.23462111824141826 -0.16477409414165967
v -0.011478975399764817 -0.25049660411749447 -0.16476936874704837
v -0.012700180637149599 -0.2664616058931408 -0.16487051039511683
v -0.014211629977458973 -0.28236847387058117 -0.16491314999675782
v -0.015562682938313758 -0.29828872752551205 -0.1649400168675785
v -0.016378318437501677 -0.3142693663706688 -0.16502608066675936
v -0.01719395393668959 -0.33025000521582537 -0.1651121444659402
v -0.01819536524696754 -0.346180577402547 -0.16515188185016794
v -0.01739746347229884 -0.36215158547513965 -0.1652539050014481
v -0.016541962220848874 -0.37811374317514224 -0.1653510589222158
v -0.015622994846336904 -0.3940661490706609 -0.16544284766954465
v -0.014840524318325006 -0.41001078979899286 -0.1655238237593852
v -0.013302170419036412 -0.42589677024192957 -0.16555724687331552
v -0.01141193320788731 -0.44174034453729394 -0.16558351350443007
v -0.009436922483282302 -0.457560688678244 -0.16560713175578318
v -0.007524032768471565 -0.47337998842559736 -0.16564288221612566
v -0.005731388039149221 -0.48920291590886333 -0.16570338369695287
v -0.003882231346269049 -0.5050122887077894 -0.16576269659183032
v -0.0026082076609825525 -0.5208598604797856 -0.16588886425410726
v -0.0012287348821013924 -0.5366964161320469 -0.16600364080298552
v -0.00010347559218149282 -0.5525426050325246 -0.16615590564543214
v 0.0009370602505579965 -0.5683920036959704 -0.1663206645786834
v 0.08502061152226972 0.34812092699258407 -0.14370014558016872
v 0.07263167537538692 0.338209414328273 -0.14423540938534615
v 0.060242739228504136 0.328297901663962 -0.1447706731905236
v 0.0476777055678526 0.3186053562701681 -0.14517518981601887
v 0.03531271622414052 0.30864899841777027 -0.14568864077312146
v 0.022616910155901147 0.29913736984460065 -0.14597107408916166
v 0.009427840225869906 0.2902730280613518 -0.1459092231268367
v -0.0038014618313517534 0.2814908812200275 -0.14581723709025318
v -0.017866650223666704 0.27412291145880247 -0.1449833142795343
v -0.03145402557894916 0.2659374607600659 -0.1445903929119009
v -0.04387670784039846 0.25665334231291975 -0.14466181217214108
v -0.047570694871004 0.24133826844432976 -0.14670843493243865
v -0.05006633022059455 0.22611572831188803 -0.14847830782259933
v -0.045482224142505925 0.21091130156550586 -0.1488758817828967
v -0.03903926239326878 0.19636932090910347 -0.14871777538054962
v -0.03254381877953337 0.1818264848770164 -0.14853837914482268
v -0.025903523635570944 0.1673692004618022 -0.14831319312763352
v -0.01940071997763715 0.15284058777210943 -0.14812104375934795
v -0.013108551408868541 0.13820057511945108 -0.14798175052543577
v -0.006825416355410353 0.12356210313392843 -0.14784142673086806
v -0.00018464038892601793 0.10907924565691962 -0.1475370025576571
v 0.00635397890680763 0.09453781254864173 -0.14728324895619757
v 0.013227863868486074 0.08017159233461117 -0.14688621332290794
v 0.019479185243941394 0.06551801738210711 -0.14673347421700958
v 0.022578603745874323 0.04997132005534988 -0.14716996522555392
v 0.024897074152176825 0.03419091210155458 -0.14772552610182493
v 0.027220895627232893 0.018411393277679978 -0.1482805400485875
v 0.02627572700079301 0.0025054300279278695 -0.14861787832885254
v 0.024614363213787648 -0.013381065213212544 -0.1488683068160356
v 0.022486504577466673 -0.02924227507466577 -0.14902136560570856
v 0.020249480955882374 -0.04506318979095263 -0.14913353291448783
v 0.017927466335171522 -0.060899892634663874 -0.14922075554121506
v 0.015819279806546654 -0.07676830099799668 -0.1493105728620039
v 0.013527822958776668 -0.09258352219417143 -0.14936583113436241
v 0.011308299153947734 -0.1084294482415859 -0.14940829087916685
v 0.009095706400591768 -0.12427575110450721 -0.14944310732266639
v 0.006959078845730978 -0.14012938531905844 -0.1494710148155992
v 0.004925519423512713 -0.15600061819244873 -0.14948886319791915
v 0.002963249507250629 -0.1718745345971053 -0.14950760729737736
v 0.0007100189839797413 -0.18771248326793086 -0.1494632632088383
v -0.001931857682694309 -0.2034826066828107 -0.14933013694983605
v -0.004409622812017123 -0.21926880756859476 -0.1492264143083891
v -0.006565569554223601 -0.2351005112208457 -0.1491794475552455
v -0.00856367501107207 -0.2509632447946245 -0.14915859214940733
v -0.010333670500133105 -0.2668341663686526 -0.1491589642894749
v -0.01184583573177235 -0.2827409196399001 -0.14920128279860723
v -0.013456428742371056 -0.29863190197591255 -0.1491994543525373
v -0.014638508671652426 -0.31457121266462573 -0.1492450032521691
v -0.015798659999430805 -0.33049531200992643 -0.14927671977233892
v -0.016976150894786383 -0.3464165657080981 -0.14930570098040158
v -0.017173873472219253 -0.36236249690987477 -0.14937091001442004
v -0.01631046610847691 -0.3783179070034809 -0.14946373973955357
v -0.01569668641135916 -0.3942681100246824 -0.14954888719998197
v -0.015017488486112628 -0.4102144329199218 -0.14963042393513493
v -0.013847038075540125 -0.42611889092730076 -0.14968116313838753
v -0.012553691381936228 -0.44201054568207643 -0.1497261743734854
v -0.010585737032223068 -0.45783107472725537 -0.1497508468157431
v -0.00865086771290308 -0.47364576635806777 -0.1497815480892012
v -0.006743021692171334 -0.4894539125746946 -0.1498256124963223
v -0.004843835517636448 -0.5052537726772914 -0.1498787026141934
v -0.003292482860286104 -0.5210776580830994 -0.14997283771027384
v -0.0019191542236370682 -0.5369166578308613 -0.1500882490329598
v -0.0005306915337752816 -0.5527391746359605 -0.15020391896932814
v 0.0006632772979644737 -0.5685680022879817 -0.15034822092966116
v 0.08883734289318068 0.34250497192022467 -0.129257594453911
v 0.07640403289975706 0.3326493211809965 -0.12976108206189194
v 0.06378286471636015 0.3230301638033447 -0.13013004405726725
v 0.05119285146846074 0.3133691506615408 -0.13051681888906738
v 0.038805317404974095 0.30343648129438316 -0.13101623252045963
v 0.02609925677728577 0.29391935871429326 -0.13129426770145747
v 0.013025840281697794 0.2848949960545777 -0.1313151695230828
v -0.0003804269388858945 0.2764251855207275 -0.13109217031632478
v -0.013969586507079152 0.26826295204212547 -0.13071338236217292
v -0.027621486394633153 0.2602106829949388 -0.13031147720064662
v -0.04165663457989207 0.2528501472443221 -0.12963583079871127
v -0.04899646020221718 0.23935580280708055 -0.13122936598473772
v -0.05271750342928856 0.2247265434984134 -0.13278372692814505
v -0.04838635489917062 0.20945980793246355 -0.1332425942999772
v -0.043549905911108244 0.19436275935563627 -0.13356134678719672
v -0.03710871679620169 0.179823530910727 -0.13340969473906444
v -0.030537612815295125 0.165336951512872 -0.13321191370159166
v -0.024022361361438403 0.15081806289473831 -0.13301350615849938
v -0.017559972219474432 0.13627792444944212 -0.1328216690732795
v -0.01130435253477406 0.12163202034266844 -0.13268978354119174
v -0.005170649366943424 0.10692375411905992 -0.1325932469655482
v 0.0011664427341456798 0.09232508654295041 -0.13241179757590119
v 0.008007664432619167 0.07794451011530408 -0.13202645101232413
v 0.014627497620758125 0.06345490394371123 -0.13173655661543238
v 0.021476915035059743 0.04911462961603964 -0.1313424785773494
v 0.023807892565128087 0.03333563166714476 -0.1318967599758889
v 0.02624910133298547 0.017582034570360047 -0.13244055457678042
v 0.028247022698404657 0.0018900733875652155 -0.13285510385530067
v 0.026721871152903046 -0.014002912115861115 -0.13311499556359904
v 0.024752751894516412 -0.029856544380018838 -0.13328999838814257
v 0.022532776471018742 -0.04567974530971818 -0.13340423102186805
v 0.02027590040028655 -0.06147302778176675 -0.13350578409965794
v 0.01793696744523298 -0.07727512815852752 -0.13356044143629656
v 0.01565373105966028 -0.09309024290850344 -0.13361424326359891
v 0.013536530742847303 -0.10893336410047362 -0.13367552688102377
v 0.011384754756114357 -0.12476667518961905 -0.13371644300436583
v 0.009228180398545451 -0.1405998828547845 -0.133746091715812
v 0.007145277076897822 -0.15643993889637087 -0.13375507180075485
v 0.005046328295019462 -0.17228599644435588 -0.1337559412048744
v 0.003178357015617709 -0.18814939317425144 -0.13377073358822852
v 0.0010811469428829352 -0.2039831084924782 -0.13373598537929746
v -0.0012240473991575137 -0.2197864770357683 -0.13366326432049042
v -0.003504919216552993 -0.23559226522828977 -0.13359491269621898
v -0.005659988445391881 -0.2514089944752134 -0.133539125123869
v -0.007573490462081963 -0.2672581575710834 -0.1335153516249485
v -0.009484591136568727 -0.28310317369194204 -0.13348946314506865
v -0.011097795178175603 -0.29898830703143575 -0.13348766198471151
v -0.012763953583091197 -0.31484929977721593 -0.13347225380621383
v -0.014049489429780201 -0.3307620668425363 -0.13348750402817802
v -0.015322043877668062 -0.3466766697680692 -0.13350383851753192
v -0.01660658027478062 -0.36257521503865736 -0.1335089882689892
v -0.01645859367849735 -0.37851505916059264 -0.13357241990065463
v -0.015848029315470982 -0.3944634440564722 -0.13365928766286603
v -0.015267680711330348 -0.4103957088597572 -0.13373360099483547
v -0.014103646394488214 -0.4262998500104527 -0.13378420408532612
v -0.012924108322299881 -0.4422031512429017 -0.13383419012405182
v -0.011415598330758711 -0.45805806332238286 -0.1338718436469321
v -0.009579774487883963 -0.4738816029377807 -0.1339026747122303
v -0.007674963765130162 -0.4896881701061373 -0.13394023267343702
v -0.0057217414456126854 -0.5054779365460269 -0.13398633902618018
v -0.003944564561355725 -0.5212826493448263 -0.13405348513838228
v -0.002478241220776724 -0.5371064217958637 -0.13415710491483854
v -0.000959900514007788 -0.5529216767309961 -0.13425412899119302
v 0.0003894943453709507 -0.568744000879993 -0.13437577728063888
v 0.09233654823287128 0.3373098706238921 -0.11460371644683988
v 0.07967993403852754 0.3277384464919213 -0.1149485932964677
v 0.06701128300077108 0.31818385419717454 -0.11528698205147908
v 0.05433271551951286 0.30864242013360205 -0.1156101304633013
v 0.04168873232040017 0.29905518510279916 -0.11594409308456378
v 0.02899095917773032 0.2895279269640499 -0.11622844410399596
v 0.016206929885067035 0.2801132922477307 -0.11643435044011621
v 0.002879561478576594 0.2715345614178854 -0.11626079337202712
v -0.010992903259048278 0.2639320455085952 -0.11572134393612912
v -0.0253560943664149 0.25727617450179885 -0.11485564356749543
v -0.03942797487089736 0.24999454296941456 -0.11415871603890261
v -0.04722960592659031 0.2366031428956918 -0.1157448497459758
v -0.054710572842899395 0.22297916336887408 -0.11718054797601503
v -0.0524086971647721 0.20773287504209192 -0.1178802574123258
v -0.047134020720902545 0.19278298939844163 -0.1180774937037075
v -0.04104566285854629 0.17810634940069828 -0.11804910408030864
v -0.03435037747969575 0.16368653526043106 -0.11783678165809937
v -0.02807325441203593 0.14907598031949923 -0.11772502838890206
v -0.021936861940155754 0.13439900370813868 -0.11763858129213922
v -0.015674688178142954 0.11976313985513434 -0.11750064824424214
v -0.00935764415633381 0.1051618209367304 -0.11734278877644325
v -0.003277755733269665 0.09046096436528565 -0.11724518717470767
v 0.0032647063801569363 0.07594080004059403 -0.11697822288274082
v 0.009919158070898859 0.06148670731546791 -0.11667011869357827
v 0.017015737679802787 0.04724881102513924 -0.11620209374597221
v 0.02238951950552956 0.032456390041646514 -0.11610169239305478
v 0.0259475497652309 0.016960144836365362 -0.11653923869964432
v 0.02840109246086767 0.001326052636759837 -0.11695975979346733
v 0.028617091542718496 -0.014592232521304602 -0.11735095346930709
v 0.026825011507282538 -0.030436821679523628 -0.11753378254161131
v 0.024542779386770762 -0.04620518478414916 -0.1176326191587717
v 0.02226065425820077 -0.06197387914707067 -0.11773115635271642
v 0.01998962592754618 -0.07777693036254589 -0.11779863850775253
v 0.017729829529481624 -0.09358044786133837 -0.11785554187504993
v 0.015477711414507558 -0.10937883332392005 -0.11789755732813892
v 0.013203571900945319 -0.1251649252872898 -0.11792727928201602
v 0.011076021840527157 -0.14099649032406497 -0.11795563932170641
v 0.009059083163814713 -0.15682299124865418 -0.1179792500252988
v 0.007058961023468334 -0.17267214844466441 -0.1179890661435396
v 0.005109549551154687 -0.1885115043840427 -0.11799149243898781
v 0.0030661665899853812 -0.20432797997004462 -0.1179821028313623
v 0.0012791662871169066 -0.22018798006952758 -0.1179756467882486
v -0.0010184200924032902 -0.23598159789718326 -0.11790135581401345
v -0.003228696912092745 -0.251775819495228 -0.1178410092199288
v -0.00515966718163484 -0.2676217487182544 -0.11781508301778865
v -0.007132055302631723 -0.2834459191612931 -0.11777773449954888
v -0.008791426776918425 -0.2993100059020652 -0.11776407027343613
v -0.010480995186251571 -0.3151657803210966 -0.11774490523333049
v -0.012045580906511767 -0.33102895248968867 -0.11773082709344745
v -0.013461810051996072 -0.34690993482039945 -0.1177262492456945
v -0.014656471025440675 -0.36280695887211284 -0.11772841646150634
v -0.015516852169767153 -0.37872818506308686 -0.11774075995252535
v -0.016019730155832638 -0.39464777750327584 -0.11776538311019269
v -0.015451812117408916 -0.4105734106058275 -0.1178345316316157
v -0.01438345173054699 -0.42648031969353734 -0.11788778442560549
v -0.013270891542612899 -0.4423731828739017 -0.11793369103868868
v -0.011801402268607906 -0.4582306862610118 -0.11797153889613188
v -0.01007417115568703 -0.4740574585424522 -0.11800076681726991
v -0.008312947495463761 -0.48987836288508735 -0.11803431942785308
v -0.006424358964730674 -0.5056772809593966 -0.11808407598768063
v -0.004512183302190616 -0.5214638986774037 -0.1181265401227386
v -0.0029439273880228155 -0.5372750082777689 -0.11821550132322103
v -0.0014281893582151442 -0.5530908846827212 -0.11831280948895655
v 0.00014241417915513842 -0.5688981425040028 -0.11840114793481654
v 0.095306543520528 0.33281619228760456 -0.0995976269717462
v 0.08267640988866945 0.32320773880316384 -0.09995677736378128
v 0.07001277786057059 0.31364608535225347 -0.10029727406983144
v 0.0573230780552256 0.30411942288434574 -0.10060331348087684
v 0.04463337824988062 0.29459276041643806 -0.10090935289192227
v 0.03191436327111393 0.28510368674892544 -0.10117615546274603
v 0.019160351856346264 0.2756579861682489 -0.10139487785457856
v 0.0060616809072479225 0.26673832073658577 -0.10137801735527376
v -0.00830151020011871 0.26008244972978944 -0.1005123169866401
v -0.022588981985012833 0.2532503444628 -0.09972024466765161
v -0.03673383399708219 0.24608888708128232 -0.09907598123532857
v -0.047520226657198864 0.2350586833957834 -0.09987822312921081
v -0.05455464974528338 0.22121012968801285 -0.10132231816049561
v -0.056431039430373565 0.20600594215172024 -0.10251792052467441
v -0.050714536848126546 0.19120771286572275 -0.10259435656262722
v -0.04453594074197361 0.17658780342313773 -0.10255345268462174
v -0.03796276475252728 0.1621294405106526 -0.1024090785523686
v -0.03172884798189527 0.14749982599124645 -0.10230875603876076
v -0.025469135307314147 0.1328983745880265 -0.1022043208945387
v -0.01949252033872406 0.11815585287269038 -0.10214455948895271
v -0.013468498993367033 0.10343682066308175 -0.10206961477241255
v -0.007378553868002189 0.08874073150637288 -0.10196906683498225
v -0.0012120988481171626 0.07408310245129332 -0.10182229913076579
v 0.005399888825035273 0.0596197586772586 -0.10152894314137241
v 0.012506090456287231 0.045391534690803696 -0.10105906628671926
v 0.019331741702710233 0.031048476828129497 -0.10069100532509329
v 0.024965046725247755 0.01618953705647532 -0.10069982417955783
v 0.028637143868711874 0.0007283223439993351 -0.10111208682199112
v 0.0298023191972097 -0.015066743952142365 -0.10151290907531488
v 0.028518705557162828 -0.030911378456426733 -0.10172720241883104
v 0.02652859310448525 -0.046709317586779694 -0.10185502533210283
v 0.024246360983973467 -0.06247768069140521 -0.1019538619492632
v 0.021891641843537004 -0.07825279704538901 -0.10201288476560808
v 0.01932115230373558 -0.09396540293876832 -0.10204007861263316
v 0.017170483431171245 -0.10977752198938227 -0.10209085832963696
v 0.014997885841452991 -0.12557739928041994 -0.10212939628706448
v 0.012825683474744361 -0.14136889578501335 -0.10215394885976758
v 0.010689264222477124 -0.15716961142356745 -0.1021658470314896
v 0.008688031687273744 -0.17298206256827106 -0.10217596117350444
v 0.006683085363218284 -0.18880364767369665 -0.10217275644727074
v 0.004634361248187898 -0.2046143266939794 -0.10216125654022568
v 0.0027936113288099837 -0.22046263230156327 -0.10215310858021413
v 0.0009059966908324621 -0.2362967541381779 -0.10213505306527676
v -0.000993010210348109 -0.2521280278233287 -0.10211585752409413
v -0.0029506784050768124 -0.26794058528559433 -0.1020820275798449
v -0.005105114142123567 -0.2837330217231594 -0.10201830689621397
v -0.0069207850115092125 -0.2995717570525105 -0.10198594987908312
v -0.008752441663545328 -0.31540017451959945 -0.10195032214937245
v -0.01034868538650016 -0.3312521975968571 -0.1019315674864242
v -0.011746392426073156 -0.3471314693529904 -0.10192933336768446
v -0.01313222198553262 -0.36298941049748545 -0.10191338144853376
v -0.014156637923618865 -0.3788884524734121 -0.10191471692760307
v -0.014662429579430156 -0.3948107231970818 -0.10193677396748659
v -0.014934917675428948 -0.4107346842239928 -0.10196159170888437
v -0.014668733699445016 -0.42663840548790866 -0.10198981219593914
v -0.013526062862232022 -0.44252552123521105 -0.1020361343253662
v -0.012217500987633908 -0.45838638279059446 -0.10206404450427016
v -0.010514245337311276 -0.4742168534591425 -0.10209404723926013
v -0.008791162174171776 -0.49003472639996903 -0.10211891850754465
v -0.006925420381381122 -0.5058340632921143 -0.10215660345628752
v -0.0050430718956113035 -0.5216211146648514 -0.10220111429704118
v -0.003292810930442743 -0.5374157045115646 -0.10226114840239986
v -0.0017770729006350717 -0.5532315809165168 -0.10235845656813537
v -6.01613430978257e-05 -0.5690158558480103 -0.10242287576099399
v 0.09827653880818477 0.32832251395131695 -0.08459153749665244
v 0.08554111780441256 0.3188594982123348 -0.08489384335643343
v 0.07267459914008775 0.3095781915089021 -0.08511700813964948
v 0.05984518366805157 0.30024537670662566 -0.08534928024112376
v 0.0470116325600719 0.2909188630393561 -0.08557711668444534
v 0.03417792814481351 0.2815990126584473 -0.08578637924243408
v 0.021587179934420046 0.27192903833769766 -0.08608936896748187
v 0.008656027486146075 0.2627536770484874 -0.086234965507607
v -0.004913876985126287 0.2546123776337924 -0.0859803009123366
v -0.019074361500423877 0.24748471362723007 -0.08531170863364507
v -0.03316388802215268 0.2402036570355045 -0.08475354819679921
v -0.047219533319723145 0.23284935811686475 -0.08424811706921947
v -0.054398726647667366 0.21944109600715164 -0.08546408834497606
v -0.0595582441506363 0.2045650305279973 -0.08698373357489934
v -0.05362088905116545 0.18993090423325232 -0.08698070268034323
v -0.047674601429094646 0.1752330590999338 -0.0869866776535842
v -0.04102971168961376 0.16080992307529868 -0.08683100808917749
v -0.03482044534897068 0.14619437278214592 -0.08675060578214239
v -0.028643619272880186 0.13155919062214683 -0.08666476247369317
v -0.02258349077919443 0.11686626180580448 -0.08658483347197468
v -0.01646391266225438 0.10220911493856537 -0.08649014462491147
v -0.01039764271837247 0.08751165102034636 -0.08639138924667633
v -0.004414578152952607 0.07279801402910403 -0.0862948499254932
v 0.0015734111502769944 0.05806726035601984 -0.0861818657696164
v 0.008029442910941627 0.043563916171477896 -0.08590785748310335
v 0.014633681042883009 0.02912509819929088 -0.08561887611169992
v 0.021009398930662372 0.014587420423719381 -0.08540510392630386
v 0.026319130400020086 -0.00041153831910422344 -0.08551093695852004
v 0.031230844183780176 -0.015522845739703825 -0.0856912459603277
v 0.02981227050286939 -0.03134542365543069 -0.08588091849663732
v 0.02790140064567443 -0.047142967480096346 -0.08601577112007319
v 0.02600830530018209 -0.06293594377782558 -0.08615175717929746
v 0.023567259054784892 -0.0786661887308947 -0.08619772859583802
v 0.021042546212114783 -0.09438674243838963 -0.08623005508770734
v 0.01863368996828378 -0.11013139443847256 -0.08625924689145317
v 0.016281669066887466 -0.12588007220857717 -0.08628203496612759
v 0.014108375399936642 -0.14166028703241246 -0.08630400180078285
v 0.01204766130519171 -0.15746036692062176 -0.08632545133962516
v 0.010067757495474448 -0.17326987700706195 -0.08633453553900061
v 0.00809082845185201 -0.189076104780088 -0.0863385958976033
v 0.006202555906390427 -0.20490067341791413 -0.08634041024908895
v 0.004256098800018126 -0.22072429475028782 -0.08632537096685193
v 0.002341451603274735 -0.23653924208907096 -0.08630462716998445
v 0.00042620276569140507 -0.25235356139645265 -0.08628382381581215
v -0.001426700938741168 -0.2681733566142761 -0.0862620593716621
v -0.003219856108217079 -0.2839983996775997 -0.08623937386575105
v -0.0051578121721142225 -0.29981388370653556 -0.08619522019408009
v -0.0070997622638549595 -0.3156175232524176 -0.0861472446124595
v -0.008653684482657284 -0.3314754694598485 -0.08613206718540442
v -0.010204238534694543 -0.347319456619353 -0.08611017391295311
v -0.011667549587953557 -0.363169298055377 -0.08609045447935863
v -0.012882165924585487 -0.3790385281560479 -0.08607807349801312
v -0.01357325121714361 -0.3949332970869234 -0.0860799128320877
v -0.013909258480140475 -0.41085114223031266 -0.08609449845763688
v -0.01424526574313734 -0.42676898737370206 -0.08610908408318604
v -0.013640739102874087 -0.44264981050130203 -0.08612750151611806
v -0.012350361497706689 -0.45850980087830373 -0.08615488042560393
v -0.010863734658992314 -0.4743485750327296 -0.0861765899208891
v -0.00913597872645605 -0.4901610757162007 -0.08619859692531909
v -0.00731623677688438 -0.5059692315888316 -0.08623388279955822
v -0.005486302115018453 -0.5217612451715841 -0.08626682461029936
v -0.003725601397163482 -0.5375610970197034 -0.08632175212814247
v -0.001987535947665401 -0.5533505332774453 -0.0863814738909547
v -0.00026273686535079093 -0.5691335691920179 -0.08644460358717133
v 0.10050562501834315 0.3248567423935926 -0.06921729661560297
v 0.08780913494319206 0.3153354909531979 -0.06950875667777925
v 0.07495995036105928 0.30603048137204114 -0.0697380165373557
v 0.06215301126080743 0.29666770470057485 -0.06998213091504817
v 0.04923324734676034 0.2874696636113714 -0.07016406310816403
v 0.03634849301060391 0.27822250026073175 -0.07035325917706715
v 0.023457511744085287 0.26899054504270853 -0.07052060774634067
v 0.010499029015440763 0.25985380417429355 -0.0706571092580567
v -0.0026702408864343052 0.2510281865365992 -0.07068095316221948
v -0.01590493324371199 0.24230121864645993 -0.0706898395397416
v -0.02969044497839291 0.23452759104145335 -0.0703248981000333
v -0.04378529781201587 0.22725827199854953 -0.06977631274812357
v -0.05655126431953406 0.21857951746005777 -0.06968320712328314
v -0.061351843350414444 0.20383336834682175 -0.07112308188242594
v -0.055499780574132795 0.18909335580482312 -0.07114208947667486
v -0.04998905263596138 0.17423889910614868 -0.07122283388763148
v -0.043667624812266756 0.159692708437494 -0.07116742686446034
v -0.037422391837132904 0.14509304455835167 -0.0710808102219643
v -0.03125523790387271 0.13047060427343088 -0.07100557699446783
v -0.02524393061592349 0.1157727465762065 -0.07093913312401648
v -0.01930368643301509 0.10104025249112326 -0.07087838411385737
v -0.013383098529731645 0.08630554729162551 -0.07080425218571097
v -0.007469428900908291 0.07156513056516113 -0.07072111910664239
v -0.0014977566183614992 0.05684944046351371 -0.07061346355536202
v 0.0045221473231595675 0.0421606187860183 -0.07048480774720584
v 0.010668988442371567 0.02752279922036602 -0.07033419939070214
v 0.0168333912667011 0.012892035775425203 -0.07018055390837236
v 0.022875104304053925 -0.0017880524639545333 -0.0700854356248513
v 0.0287242536092914 -0.016549151854597467 -0.07005338230947561
v 0.03130449608449487 -0.03172721821921812 -0.07005145058089554
v 0.0294043114641134 -0.047522878678525775 -0.07018400523206256
v 0.027508435520549598 -0.06331690777426682 -0.07031864540376298
v 0.02497756325132937 -0.07902594293712503 -0.07035542019056572
v 0.022322212697395163 -0.09470667673405475 -0.07037889565828713
v 0.019896608845548655 -0.11043190776500059 -0.07040423322043679
v 0.017503856646521473 -0.1261651684488054 -0.07042926674354347
v 0.015295599813197782 -0.14193328183447573 -0.07044561691825811
v 0.013015053811755049 -0.15767640072340758 -0.07045037971498891
v 0.01094626888262423 -0.17345629988996664 -0.07045753653348251
v 0.008984231988689789 -0.18926245288801719 -0.07046282599009915
v 0.007133253428736795 -0.2050917309286625 -0.07046805736811174
v 0.005181888429139874 -0.22088459900212498 -0.07045795753944481
v 0.00340276093115474 -0.23671509567857163 -0.07044509627138365
v 0.0014140090485383057 -0.2525168495191081 -0.07042065688805445
v -0.00037507777531157213 -0.2683360896567101 -0.07040415938211848
v -0.0021575874233818555 -0.2841619162591684 -0.07038261982042543
v -0.003808167942224391 -0.29999822491554884 -0.0703637915594624
v -0.0054470828641645895 -0.31583487198523585 -0.07034416707554653
v -0.00714641743690104 -0.33166090501688067 -0.0703116769946841
v -0.008878689974567866 -0.34747706025092817 -0.07027476692662253
v -0.010487529455907686 -0.3633034202589561 -0.07024203691511643
v -0.01186872939964368 -0.37914976529194144 -0.0702177543730455
v -0.012740529172441398 -0.39503278974581996 -0.07021310657120335
v -0.013115321082099948 -0.41094622140625103 -0.0702250830867395
v -0.013755673517018481 -0.42682943371563786 -0.07021919488813855
v -0.013437572897143608 -0.4427251616693722 -0.07022203018927403
v -0.01237871126652796 -0.4586001161524996 -0.07024147339058878
v -0.010966229285109715 -0.4744475712091522 -0.07025959943813664
v -0.009480795278740324 -0.49028742503243233 -0.07027827534309354
v -0.007545961804292781 -0.5060616296675575 -0.07029555345716744
v -0.005723812086068243 -0.5218573668131133 -0.07032279282641288
v -0.003952780445602985 -0.5376591170246547 -0.07036561572590469
v -0.0022045571638512796 -0.5534440904601549 -0.07042068304968192
v -0.00038582098788666347 -0.5692129993999904 -0.07045781533521676
v 0.10248771387462198 0.3217336448049835 -0.05372032485453103
v 0.08980499158040439 0.31219451592278635 -0.054016923959583914
v 0.07672499745142534 0.30322136613987954 -0.05415570299312504
v 0.06365967242642968 0.2942253798055181 -0.054298846563749406
v 0.050831605582103624 0.2849030196223683 -0.054509449821858215
v 0.0380102158264511 0.2755705595358284 -0.05471996021910431
v 0.025152929361231584 0.2662960024019485 -0.05488813642754446
v 0.012295642896012064 0.2570214452680686 -0.05505631263598461
v -0.0009613315666485349 0.24832823587923264 -0.05507132979285093
v -0.014370668840252728 0.23986240457007635 -0.05503836200234899
v -0.027299440334726758 0.2306920616882703 -0.055182034290302745
v -0.04036389515788952 0.22172504481802896 -0.05525902084225237
v -0.05408765943256108 0.21377639768673323 -0.054988410724514804
v -0.06293362381261629 0.20310391595122546 -0.05523396713082992
v -0.05789643571394918 0.18806855455180582 -0.055391301240063466
v -0.05228564626907123 0.1732539602300474 -0.05545455957496305
v -0.04594594891353689 0.1587185987013401 -0.055402198710786436
v -0.03946470195013698 0.14425738155785361 -0.055323873205525946
v -0.033449920070830544 0.1295685816342761 -0.055266363575270074
v -0.027396508648444538 0.11489745361260163 -0.05519717756880287
v -0.02131913163576928 0.10024033340556676 -0.05510996284645578
v -0.01525439450168491 0.0855770652728352 -0.055023589435976634
v -0.009406545935332359 0.07080862608387768 -0.054951631884794794
v -0.0037571594731234535 0.05597250104522376 -0.05489106613690834
v 0.0018922269890854493 0.04113637600656986 -0.0548305003890219
v 0.008059649885031075 0.02651483796225173 -0.05467788619410339
v 0.014454814943110324 0.011986312293459403 -0.0544844516568446
v 0.020434912430413253 -0.0027210427319696974 -0.054406249032707285
v 0.026316749493793284 -0.01746719138917324 -0.054355103151795106
v 0.0322549192264433 -0.03217920740485468 -0.054245938773514794
v 0.03092512300761706 -0.04789601225312261 -0.054360903797494496
v 0.028693815152690247 -0.06362586138638313 -0.05445565638142012
v 0.026073786085253733 -0.07930099487116998 -0.0544895259200851
v 0.023496528129962804 -0.094993065381662 -0.054516533345891884
v 0.02096529675047029 -0.11069381691341819 -0.054534973530178305
v 0.018417599101683745 -0.12638800348597604 -0.05455135159281288
v 0.016131546718652783 -0.14212291717023617 -0.054562531064841234
v 0.013915829951967041 -0.15787517345225466 -0.054570251453477756
v 0.011777313455363564 -0.17364296110850153 -0.05457661993590817
v 0.009858436283155027 -0.18944889739726567 -0.054585471506079036
v 0.007857899019533956 -0.20523363580394016 -0.05458067968327142
v 0.005826188297372672 -0.2210109444164472 -0.0545702421323285
v 0.004079197971873538 -0.23683904785123513 -0.05456157581098295
v 0.002246059817850715 -0.2526546200139676 -0.054545964142650116
v 0.0005096729012291769 -0.268478475512108 -0.05453156282822823
v -0.0012720692499945568 -0.2842913553415428 -0.05451349032394859
v -0.0030228639067621903 -0.300107796755355 -0.05448922120591977
v -0.004773658563529825 -0.31592423816916726 -0.05446495208789095
v -0.006372171104920945 -0.33174984887720993 -0.054440919411460544
v -0.007835386120572349 -0.3475950728898799 -0.05441818880957667
v -0.00934723225858317 -0.3634294517801727 -0.05438874347458014
v -0.010810169229946615 -0.37926590339057376 -0.05436046703040896
v -0.012067253343589041 -0.39511394417309453 -0.05433594453151311
v -0.012702078823687533 -0.41099797953492895 -0.0543300576978014
v -0.013342431258606069 -0.4268811918443159 -0.054324169499200464
v -0.012895430383806545 -0.4427786029996832 -0.054328178004734676
v -0.012249494224994422 -0.45866964548324013 -0.054328301022151346
v -0.01106175909111279 -0.47452024853305286 -0.05433732725404332
v -0.009563944162625354 -0.49035045654429577 -0.05434898203480444
v -0.007775686831701181 -0.5061540277462836 -0.05435722411477677
v -0.005959789602276277 -0.5219501934581379 -0.05438486272746866
v -0.004109199035221863 -0.5377310289199104 -0.05440604045589138
v -0.0023011411853860997 -0.5535107581935053 -0.05443105578707434
v -0.00048240500942148387 -0.5692796671333408 -0.05446818807260918
v 0.10432163498653915 0.31882540048022473 -0.03817947780360241
v 0.09132539564624327 0.3097301748225477 -0.03833730626451207
v 0.07823870885577133 0.3007674440337884 -0.03847409401287964
v 0.06516180449028201 0.29178948417229766 -0.038613792351876966
v 0.05225086850010412 0.2825892403477392 -0.03880352861752248
v 0.03913553223217163 0.2736860786756927 -0.03893317860856299
v 0.026231833365952674 0.2644848684571338 -0.03909070170366866
v 0.013365945269826658 0.25522266217144046 -0.03925659262953905
v 0.0005306339828638571 0.24595143211113474 -0.03940430459641925
v -0.012836404436793463 0.2374235904936928 -0.039386884464956376
v -0.025735964104501886 0.22822998961677254 -0.03954389934300813
v -0.038722787810779376 0.21918543988269967 -0.039660909408141355
v -0.05217030364839643 0.21078482353701944 -0.03956564741178351
v -0.06445676125810765 0.20238096022092877 -0.039362249023658064
v -0.059836956979548085 0.18721653859802367 -0.03956735194429059
v -0.05450110638712669 0.1723088013467315 -0.03967354242103822
v -0.04716748273158788 0.15823709158610022 -0.039542956613721224
v -0.04086550875612445 0.1436968309809605 -0.03947717576719551
v -0.034894811256597894 0.12900265239372105 -0.039430337488981185
v -0.028938285944992453 0.11429323271985864 -0.039369071184533144
v -0.023040965932745634 0.09956285749477699 -0.03930398702694139
v -0.01714364592049882 0.08483248226969532 -0.03923890286934962
v -0.011245049832068308 0.07010461547156428 -0.03916111058921032
v -0.005349047325181657 0.055376673706594 -0.039071937614917784
v 0.0005469551817049944 0.04064873194162372 -0.03898276464062524
v 0.005983412650130789 0.025732887879186313 -0.03893549324138679
v 0.012031337228888718 0.011061736863311666 -0.03880507079499229
v 0.018000541083710984 -0.003649876168971003 -0.03873473140285929
v 0.024108277840457625 -0.018297436166385662 -0.03863036737408615
v 0.029851821430696965 -0.0330948174179053 -0.038543842784019025
v 0.03243924278672614 -0.048267815827760345 -0.03853703841011003
v 0.029710949573782258 -0.06389888824581383 -0.03857505358644315
v 0.027034037088639544 -0.07955087146185909 -0.03861110129811296
v 0.024324579505027862 -0.09520407175616982 -0.03863108753274263
v 0.021729024542829885 -0.11088718811225567 -0.0386490111576617
v 0.019139817488749697 -0.12656482524381785 -0.038660190869541616
v 0.016789051998180496 -0.1422874019503063 -0.03867130447815083
v 0.01465249202066744 -0.15805081503065593 -0.03868263609989564
v 0.012448307974395327 -0.17379431864323383 -0.03868899278170416
v 0.010294772643919642 -0.18954849426569845 -0.038688005636903104
v 0.008358703329550268 -0.20534006304738334 -0.03868461223742705
v 0.006489411165759197 -0.2211431141225713 -0.038680479950865834
v 0.004583926282238559 -0.23693774219020236 -0.038670956183820174
v 0.0027099787741473483 -0.2527329608392213 -0.03865714224429921
v 0.0008906203467750875 -0.2685409375904378 -0.03863942628909253
v -0.0008386349344039596 -0.28435637965063915 -0.03862065076699238
v -0.0024858446402948415 -0.300179258350654 -0.0386023388835758
v -0.004191151489500463 -0.3159968536559859 -0.03858024429829114
v -0.005885936880704374 -0.33180767611928436 -0.03855498344589625
v -0.007355143143593715 -0.3476485030826628 -0.03853199469561577
v -0.008862126661134185 -0.3634740826840979 -0.03850652684594909
v -0.010360640624601465 -0.37930611423001837 -0.038476679868769466
v -0.011568930123481386 -0.3951535085533201 -0.03845145100941766
v -0.0124481000297369 -0.4110260207727483 -0.03843499297852737
v -0.012960202607993625 -0.4269283315480851 -0.038429136451408434
v -0.012393755407888247 -0.4428142754334332 -0.03842300507267471
v -0.01176586808287148 -0.4586973928520811 -0.03841807894938573
v -0.011137980757854713 -0.47458051027072895 -0.038413152826096746
v -0.009615433126593347 -0.49040622909800274 -0.03842049907062156
v -0.0078271685295647 -0.5061998372274632 -0.03841897156564747
v -0.006010636771527389 -0.5219880886028772 -0.03842642280927701
v -0.004179417066574902 -0.5377709800302416 -0.03844633131861729
v -0.002377554897536345 -0.5535569873790032 -0.038464316261283105
v -0.0005618196612331864 -0.569338 -0.038477771986026095
v 0.10511858099192348 0.3174208402881348 -0.022331562682161417
v 0.09234483905878467 0.30799418643903886 -0.02252297076903296
v 0.07937078945393827 0.29886748797337637 -0.02268937687027884
v 0.06617950832434785 0.2900569237801642 -0.022817720468348106
v 0.05318752544650805 0.2809713846785168 -0.02297153256256198
v 0.04011428557049443 0.2720092241015083 -0.023106752522421767
v 0.02719526784796093 0.26283272615370945 -0.02326088543010639
v 0.014305622984714302 0.25362044101390524 -0.023415894277079248
v 0.0014814320546838616 0.24433597659139847 -0.023568886958128036
v -0.01142721114034018 0.23516820443912895 -0.02372416923194677
v -0.024411207967682154 0.22611868699841683 -0.023884679218268978
v -0.03807064420130574 0.21842640421937393 -0.024104560029939593
v -0.05168016289719808 0.21037074206172168 -0.02383599276367563
v -0.06457002393713673 0.20175708477917567 -0.02354869150807077
v -0.06140135197659764 0.18650535052385203 -0.023685439477650762
v -0.055695015991462864 0.17181250830006103 -0.023768395384195274
v -0.04838740981393378 0.15775472446144223 -0.023681044500178983
v -0.04213397703711592 0.14319402443154125 -0.023620774624709188
v -0.03599298419031413 0.12858067467868384 -0.02356495117292278
v -0.03008853562809509 0.11386310159037863 -0.023505343866133108
v -0.02406315550608716 0.0991908256756365 -0.02342958736595267
v -0.018002206442786932 0.08453534915492075 -0.02335161568514587
v -0.012023018978159453 0.06984940230376176 -0.02327412891496441
v -0.006592120969521352 0.05493211637180115 -0.02321516762997877
v -0.0008151258153938734 0.04015561274171085 -0.02313539665728832
v 0.0047882525029406976 0.025306804653881118 -0.02307964287448241
v 0.01080352422918595 0.010626082158572258 -0.02300616152410954
v 0.016391222410352912 -0.004219051902292929 -0.022938001228403067
v 0.022533211251703707 -0.018849862290618587 -0.022831951070535678
v 0.028223439622894676 -0.033666145669187464 -0.022748004984573033
v 0.03336504115831594 -0.04849971838887002 -0.022656459946693228
v 0.030658360431170747 -0.06414052188592559 -0.022694469365546095
v 0.027771010308633 -0.07974405471101922 -0.022721417533514997
v 0.0249998208421105 -0.09537970008093982 -0.022737173372470876
v 0.02219318503638962 -0.11100812118922099 -0.022752343439868268
v 0.019562923765680095 -0.12667634730079208 -0.022762350553155286
v 0.017161003273561556 -0.14238458618337718 -0.022771525887765383
v 0.014886986390458823 -0.15811524578647818 -0.02277892387075765
v 0.01273877946153142 -0.17386802973739807 -0.022784068858171833
v 0.010670577412399391 -0.18963488053861483 -0.022787971627658964
v 0.008672014267102597 -0.20541330437921057 -0.022783643502527984
v 0.0066541365673515145 -0.22118659079857617 -0.022778001768660697
v 0.004750136384010737 -0.2369759067256113 -0.022770068470946057
v 0.0028882901834671594 -0.2527725065780948 -0.02275747473217675
v 0.0011372192317619916 -0.26858384697359905 -0.022744073966586453
v -0.0005658726786993691 -0.2843975273313485 -0.022726566970404555
v -0.0022860155907642927 -0.3002095257386375 -0.02270771451194347
v -0.0038940966346845095 -0.3160328574954754 -0.02268797708774177
v -0.0054199723658997934 -0.33186437078167486 -0.022667585166743914
v -0.006922896117043163 -0.347691153500068 -0.022644409501800716
v -0.008406856038033076 -0.3635186676829699 -0.022619770811601707
v -0.009804634824348131 -0.37935196134634913 -0.022594586996523267
v -0.010956276947341269 -0.3952023542487893 -0.022570259523127512
v -0.012107919070334405 -0.4110527471512295 -0.022545932049731758
v -0.012712661217016391 -0.42693023093596916 -0.02252783989058451
v -0.012414899599684504 -0.44281091150781643 -0.022511561063613232
v -0.011724827837297109 -0.45869786163653403 -0.02250678547496535
v -0.010991669113890573 -0.4745802034359088 -0.022498451632227422
v -0.009539404623400787 -0.4904066514617964 -0.022480795029383223
v -0.007776869897100729 -0.5062096908083193 -0.022478409618549123
v -0.0060143351708006835 -0.5220127301548423 -0.02247602420771503
v -0.004198958229697316 -0.5377966338547078 -0.022478715379532714
v -0.002354423372554449 -0.5535706021086761 -0.022490042363659698
v -0.0005210717967399115 -0.5693379999999999 -0.022481835191615628
v 0.10591552699730784 0.3160162800960449 -0.006483647560720439
v 0.09305598357883302 0.3067142813623918 -0.006660614683275045
v 0.07997592267797313 0.2977326574114852 -0.0068004672374523175
v 0.06677471544177319 0.2889357753602812 -0.006925551182982003
v 0.05363621949459814 0.2800670671669687 -0.007067657392071031
v 0.04045284761398287 0.2712612082732793 -0.0071970008989943515
v 0.02744301129684972 0.2622142997099711 -0.007338039362976387
v 0.014523426742157914 0.2530285804090152 -0.007485323806827605
v 0.0015968702263040218 0.24387574284594976 -0.007636017826968539
v -0.011587464971894328 0.23507217488599505 -0.007798032719696193
v -0.02457360104415045 0.22597064143769086 -0.007972649947923453
v -0.039598095498927406 0.22116324067579446 -0.00857365408252277
v -0.053990582447067774 0.21487790447247726 -0.00873643175313866
v -0.05998436750680837 0.20091729264006572 -0.008269613177265942
v -0.06339396501480152 0.18567745273313216 -0.007840467284970658
v -0.0566228799056888 0.1714323505743478 -0.007838339687485985
v -0.04855685325678535 0.15775341822087272 -0.007757057189491587
v -0.04253664847172102 0.14308456048013132 -0.0077092445995919625
v -0.03641038512794758 0.12846389044817558 -0.00765516327629915
v -0.03047045864120209 0.11376037146421104 -0.007600739838945059
v -0.02462891088080978 0.09901878012410599 -0.007533650561198773
v -0.018752195478604072 0.08428848649876523 -0.0074564261084136005
v -0.012611303470082323 0.06967076744250052 -0.007373475700182405
v -0.007137085593904445 0.05477175940778492 -0.007313050732909923
v -0.0014141609912733963 0.039970469952471895 -0.007246413274239541
v 0.004396709197521786 0.025204541209771333 -0.007176945534482514
v 0.010404389453299516 0.010520189338087491 -0.007103295722360893
v 0.016373734010905666 -0.004172464748970609 -0.007032506490629802
v 0.02205965294327297 -0.018977024494687366 -0.006970218678866044
v 0.027887472534043035 -0.0337107591741315 -0.006912476785714921
v 0.032932613040338135 -0.04875677488565629 -0.006804378459093584
v 0.0311831829683659 -0.06427352279736111 -0.00679473644132541
v 0.028107585177043166 -0.079837500007992 -0.0068117801385089915
v 0.025255054409023946 -0.09545532547626889 -0.006827845470952265
v 0.022392908189884098 -0.11107155616813555 -0.006843934068405218
v 0.01964771980852835 -0.12671401224420445 -0.006856955294545882
v 0.017356755202776467 -0.14244169422627118 -0.006865726449311601
v 0.01502372795576884 -0.15815897444185578 -0.006874623603582144
v 0.012814047963849037 -0.17389799562790395 -0.006878273493157854
v 0.010612581564696315 -0.189637872170688 -0.00688151916514224
v 0.008539504846639274 -0.20540363492743186 -0.006881962647778131
v 0.0066063263157721056 -0.22119098322639297 -0.0068755196366733695
v 0.0047408820100948495 -0.23698598563086354 -0.006866919937161506
v 0.002821540073641434 -0.2527698080290082 -0.006858807791044074
v 0.0010317941696718158 -0.2685723695197772 -0.006844100946522895
v -0.0006869064991463754 -0.2843833155329718 -0.006828016295563072
v -0.0024088343477769378 -0.30019269602575627 -0.006813197477815117
v -0.0039214874093379355 -0.31602267314996596 -0.0067921137607122985
v -0.005530713197308192 -0.33184084568243954 -0.006772182861224973
v -0.007106549809499423 -0.3476617226504982 -0.006751232789881663
v -0.008544728150492915 -0.3634934807302196 -0.00672715417262833
v -0.009877074270380641 -0.37933259789106943 -0.006704688085402443
v -0.010962154640195853 -0.3951897945663552 -0.006681316045555575
v -0.012040222177557139 -0.4110440420095788 -0.0066563978645356
v -0.012504350569248687 -0.42692298285455366 -0.006626740818194067
v -0.01245424688380733 -0.44280642564272066 -0.006600072988928809
v -0.011764175121419937 -0.4586933757714383 -0.006595297400280925
v -0.010824508146244728 -0.47455363065603273 -0.006569909469389575
v -0.0093979628508748 -0.4903848074937641 -0.006543778842158213
v -0.0076418430110632984 -0.5061884874686333 -0.0065406727484213015
v -0.005876309360150617 -0.5219897073521049 -0.006531711265742221
v -0.0041073389666102175 -0.5377888421460743 -0.006515213659501586
v -0.002312930331324283 -0.5535710399123271 -0.006495407190689861
v -0.0004803239322466369 -0.5693379999999999 -0.00648589839720517
v 0.10619933425065933 0.31536295198933645 0.009408511016296603
v 0.09313101325276546 0.30636404213528545 0.009268372452684435
v 0.08006269225487159 0.29736513228123446 0.009128233889072274
v 0.06687361081295218 0.2885531853928786 0.00898533590313259
v 0.053684718943074715 0.27975501462494634 0.008868191936301516
v 0.040542762742907724 0.2708871421311328 0.008737395196356223
v 0.02758827917575112 0.2617442474914325 0.008598323200513973
v 0.014574975987153786 0.252681752492939 0.008448081762978054
v 0.0013788388876205741 0.24388461252665605 0.008298444220614296
v -0.011747116576509006 0.2349907885562006 0.008132075175662688
v -0.025528259912991735 0.22711445645307676 0.007849969336957918
v -0.04063665745956896 0.22247942900394208 0.0072221325296109844
v -0.054330037421435336 0.21635364146841016 0.006726538554738605
v -0.05913972392815727 0.20126230934554848 0.007268325145399197
v -0.06259069756722953 0.1858907579804451 0.007916136568631969
v -0.05659814915674046 0.17152697068294623 0.00808578070492525
v -0.04885688029517802 0.15769112436077282 0.008161280379928193
v -0.042897670310744936 0.14299423654317017 0.008205047694850798
v -0.0366114294889086 0.12844131877937442 0.008249281001262255
v -0.03036895172477786 0.11387500643597473 0.0083079160213823
v -0.0243733227306967 0.09920394490039353 0.008378666945131827
v -0.01870406848004999 0.08438393870114155 0.00845312849893555
v -0.013017075058263185 0.06957158239350027 0.00852673763353545
v -0.007213933303288992 0.05480530153249109 0.008595290858724385
v -0.0014068115390338197 0.04003898000145879 0.008662977197088747
v 0.004400310225221356 0.025272658470426496 0.008730663535453112
v 0.01023879521786763 0.010513996293284528 0.00879560595019508
v 0.016352445291137392 -0.004127395945562721 0.008872962068985735
v 0.022310896828303298 -0.01881942588739327 0.008919208924353588
v 0.029004254617940005 -0.03320781958685118 0.008921263349177392
v 0.032305293820631326 -0.048563194004981824 0.009058214184675471
v 0.030925227918120857 -0.06422455262299505 0.009116204998554162
v 0.027945555967714374 -0.07981402393638311 0.009096895211140748
v 0.025068437196184318 -0.09542837343397098 0.009078496020657205
v 0.022301359600178157 -0.11106677596178928 0.009063066766044537
v 0.01950862350093332 -0.1267002247198304 0.009044358002205183
v 0.01715842933348106 -0.1424146760368477 0.00903877283503645
v 0.014722230655354137 -0.1581097576486084 0.009029792491826177
v 0.012619600669446578 -0.17387205706018882 0.00902781362757544
v 0.010493472339332196 -0.18962873709700825 0.009025481041704041
v 0.008385562973341934 -0.20538904830305932 0.009023290477875335
v 0.006316060261439774 -0.22115257473089683 0.009024283701962205
v 0.004283195520242677 -0.23691863238201505 0.00902861483844351
v 0.0023486985951859368 -0.25269969369613543 0.009036407732692259
v 0.000609161012222555 -0.26851110682502927 0.009050465622481876
v -0.0011423250176534527 -0.28431898430622216 0.009062381695218424
v -0.002863257830189723 -0.30012799261404993 0.009076969688114523
v -0.004474982433881252 -0.3159471780314599 0.009095075904017742
v -0.005930539657768148 -0.33178338801758284 0.009117857199361082
v -0.007457473430324137 -0.34760986365998975 0.0091371718841342
v -0.008805700407810355 -0.3634491518479006 0.009159916782832088
v -0.010181737211505858 -0.37928309835250984 0.00918141717720702
v -0.011160905080486009 -0.3951491605294563 0.009213018788863145
v -0.012211731868648087 -0.4110043379631793 0.009239314291882494
v -0.01248702000961751 -0.4268915601983633 0.009270128643816941
v -0.012336442069683332 -0.44279745834177786 0.009303552911780288
v -0.011620074859413505 -0.4586692694297596 0.009331340338382541
v -0.010657347178598885 -0.47452705787615673 0.009358632693448164
v -0.009179959230468234 -0.49035531760868056 0.009384635974664565
v -0.007506433645391257 -0.5061670520765775 0.009397902826869545
v -0.005718569617868935 -0.5219585475241302 0.009420795687312779
v -0.003913583185516684 -0.5377431197941667 0.009449484263474446
v -0.002136013867141585 -0.5535286977207134 0.00947255184772044
v -0.000370679925589167 -0.5693067621546647 0.009508906977685104
v 0.10597000275197799 0.3154608559680094 0.025344913048889802
v 0.09290168175408411 0.3064619461139584 0.02520477448527764
v 0.0796449362264419 0.29775112852238955 0.025056800139401147
v 0.06632417093750052 0.2891381941411483 0.02490616348139988
v 0.0534069806576043 0.2799323976868675 0.024795835544433764
v 0.040273956728332984 0.27104433512087456 0.02465680613351922
v 0.027070302470785467 0.2622602063866005 0.024503389777489663
v 0.013982180029631273 0.2532866317601667 0.024357862616092043
v 0.0009630524411695558 0.2442083386857823 0.0242209030211082
v -0.01276833550946642 0.23624678602872273 0.0239479292903585
v -0.026675145276786657 0.22856501539435692 0.023649221758058926
v -0.0413789764171023 0.22280029112736735 0.023112025200441397
v -0.05634789676100995 0.21756372968499854 0.022474320224499484
v -0.0598658286163913 0.20225451208485845 0.023114488238034
v -0.06182782608061396 0.18657587613597984 0.023878489368011412
v -0.05563677410921852 0.17207246539096802 0.02399892918822814
v -0.04907457986353936 0.15766480193757723 0.024078063277512517
v -0.04254467538722755 0.1432172683257875 0.024111053598403494
v -0.036014770910915754 0.12876973471399777 0.024144043919294474
v -0.02991667585350921 0.11414219428019318 0.02420794066823942
v -0.024147281676222807 0.09937570508589537 0.024291423769640403
v -0.018157351337291093 0.08469398817299967 0.0243504758968309
v -0.012213818205376231 0.06999175416981314 0.02441250512899737
v -0.0067053932596626694 0.055099195633077545 0.02449775613895241
v -0.0008240076358611303 0.04036184464249017 0.02456048964024262
v 0.005276591652257374 0.025710009518799093 0.024608603250102133
v 0.010993345032684995 0.010898337398173887 0.02468087707595328
v 0.0164823413376755 -0.004008174881585393 0.024767486498526788
v 0.022659735366982885 -0.01862527768150037 0.024804721451018794
v 0.029456248493235176 -0.032975039283751645 0.024802637728672174
v 0.03152087153611273 -0.04843564738134576 0.024932944302464267
v 0.03061100789095892 -0.06416344731035305 0.025026165627903794
v 0.02761788362535047 -0.07975244008449027 0.0250046355286814
v 0.02462475935974202 -0.09534143285862742 0.02498310542945901
v 0.0217697845586753 -0.1109628670569981 0.02496177428303602
v 0.018848307373510793 -0.1265715800079556 0.02493579402230699
v 0.016622840383211344 -0.14231383503301356 0.02493480346776286
v 0.01436023171761628 -0.15805020320799815 0.02493123520801164
v 0.01199900730385145 -0.1737652740963872 0.024919343972049045
v 0.009692601453170947 -0.18949723523475467 0.024906904271687805
v 0.007541793896761941 -0.2052516560122155 0.024902806105579676
v 0.005472315441894707 -0.22101685997998227 0.02490335568915573
v 0.003671235482053521 -0.23682401995421215 0.024917811984219593
v 0.0018328076543898796 -0.2526238513868214 0.02492929650601676
v -3.413647652926457e-05 -0.2684183123480117 0.02493646828801756
v -0.0018191962722887878 -0.2842222884736698 0.02494700478058601
v -0.0034525201190492784 -0.3000438966959629 0.024963776257539372
v -0.00511930798860575 -0.31585931489206553 0.024977884861811146
v -0.006754375652629011 -0.33167104321919155 0.024991947708296346
v -0.008338345733287403 -0.3474911927306742 0.025006419094968205
v -0.00963530825215955 -0.36333913212635843 0.025031326251066507
v -0.01082037960008471 -0.37919262709112356 0.02506057599513421
v -0.011667511894124991 -0.3950709871032716 0.02509924101208147
v -0.012572021773658668 -0.4109428828262518 0.025132265465904018
v -0.012838656419752396 -0.4268304655800218 0.025163130591930462
v -0.01243757174440395 -0.44272127271284706 0.02520734747197474
v -0.011556147224254468 -0.4585975704098356 0.025244843197530318
v -0.010447209034635153 -0.4744623311336156 0.02528041771188506
v -0.008939667621700578 -0.49029326659868083 0.025310557053737748
v -0.0072355971266559 -0.5061048816143977 0.025345167159605598
v -0.005456091302059568 -0.5218956094180396 0.025377494702180148
v -0.0036960992538627928 -0.5376872542914989 0.02541532037999794
v -0.001955223050918777 -0.5534687934008908 0.025461422228663988
v -0.00019213977676750115 -0.5692442864639939 0.0255025809330553
v 0.10574067125329664 0.3155587599466823 0.04128131508148312
v 0.0924550738876993 0.3068920554612168 0.041132140909233464
v 0.07913430859875792 0.29827912107997556 0.04098150425123219
v 0.06581354330981654 0.28966618669873434 0.04083086759323093
v 0.05267033783659368 0.28079034043044454 0.04069374868895226
v 0.03949347028362381 0.27196313612259154 0.04055162220931953
v 0.026274453616600957 0.2631936732329014 0.04039690981724667
v 0.013058829389359669 0.25441361723327693 0.0402355498802499
v -0.00026523532748333727 0.24581273905470183 0.0400281543212685
v -0.013926000634619668 0.2377390052028511 0.039742985908644286
v -0.027880204118695323 0.2301580738462275 0.03942913266720651
v -0.04241175674757318 0.2238182057813258 0.038940303166144906
v -0.057278188798819525 0.21831212723099744 0.03832618955273144
v -0.059102957129775736 0.2029396302403932 0.03907684103741356
v -0.06059881227296133 0.18732818659895703 0.039804047203122646
v -0.05416485052678377 0.17285689669579718 0.039895093802475134
v -0.047660714778548455 0.15837831566011848 0.03991912619418472
v -0.04114670571502203 0.14390999975799124 0.039945649308578184
v -0.03460953506580969 0.1294657645990917 0.03997801535264234
v -0.028770822798115277 0.11471984463066562 0.040068985920215995
v -0.02308145538546756 0.09991588288445315 0.04015795837949146
v -0.017230915751886147 0.08516778852734694 0.040229576709809665
v -0.011545717567577385 0.07035308270687912 0.040305587552557864
v -0.005672643799411551 0.05560965317481943 0.040359855741198006
v 0.00014045632881714122 0.040833595946773306 0.040432548247386756
v 0.006241055616935646 0.026181760823082233 0.04048066185724627
v 0.011843584278491734 0.011321566211274756 0.0405578429447689
v 0.01779844753830656 -0.003395864319698457 0.040604332032218075
v 0.023821299979360843 -0.018087394213211663 0.04064714424178354
v 0.030032450622320038 -0.03269574247950251 0.040679029408766075
v 0.03132351797382402 -0.048171656023386356 0.04079286219271194
v 0.029650355561179224 -0.06396080998221368 0.040901923911067284
v 0.026932109483956374 -0.07959283180491158 0.0409066739470399
v 0.02368578718922488 -0.09514034017068132 0.04085834060751513
v 0.021036465833295784 -0.1108150047439917 0.04084782287048533
v 0.01823504789157866 -0.12645196395986388 0.040828919574765664
v 0.0158979176536665 -0.14217611129825564 0.040822676792236924
v 0.01351596444540501 -0.1578972656555241 0.04081272335724993
v 0.011147352952116432 -0.17361696645028946 0.04080174970065811
v 0.008842255783175027 -0.18935238775617413 0.04078800678939945
v 0.006658334540313435 -0.20510642979106902 0.040780949762662666
v 0.004515018328961794 -0.22086100903623582 0.040777467320577784
v 0.002713938369120608 -0.23666816901046567 0.04079192361564164
v 0.0007395856491600593 -0.25245670444682966 0.0407887332038102
v -0.0010482821966806145 -0.26826423319237735 0.04080057407576197
v -0.002923763567068898 -0.2840633521541316 0.04080322656018459
v -0.00463174718178563 -0.2998779115528706 0.04081553495416257
v -0.006292542453948641 -0.3156945958464062 0.040830106244916925
v -0.0076863455389571496 -0.33154395110551926 0.04086078637894379
v -0.009217930798281293 -0.3473727339457993 0.04087567659764796
v -0.010631961146852272 -0.363211144305554 0.04089557343311789
v -0.011506910879232325 -0.37909126839286533 0.04093514712275812
v -0.012294253564227746 -0.39497762964887356 0.040977069357411244
v -0.013081596249223169 -0.41086399090488174 0.041018991592064374
v -0.013007272156115354 -0.4267502783054601 0.04106588736941458
v -0.012404269896531803 -0.4426373290928918 0.041116854861375646
v -0.011491872263661333 -0.45851174076317813 0.041155131293255424
v -0.010128952568408484 -0.47436056038466184 0.04119867910265285
v -0.008676883486262887 -0.4901983556482181 0.041233961509869015
v -0.006861853154277349 -0.5059999797265589 0.04127498700033464
v -0.005080703028795973 -0.5217955866972315 0.04132668267769673
v -0.003403576474268975 -0.5375939902505792 0.04138473497574627
v -0.0017189504855982362 -0.5533905996148776 0.04144224533749899
v -1.3599627945834014e-05 -0.5691818107733233 0.041496254888425614
v 0.10439367721350208 0.3173813188504349 0.057042556513170896
v 0.09122013445301225 0.308538111058744 0.056932203168570034
v 0.07797910798901952 0.2998006245953544 0.05680254833477742
v 0.06468522352438043 0.29114651711972234 0.05665302128073778
v 0.051428471598608375 0.28243595887045037 0.05649976907646867
v 0.03819988423544288 0.273688089511547 0.056348738778741414
v 0.025089983084841862 0.2647416649100074 0.05621343610446786
v 0.011832655583345517 0.25602323691125695 0.0560283149682536
v -0.0017050183608568457 0.24774990902115768 0.055773805293402576
v -0.015352940200151242 0.23965589421920808 0.05549294096603828
v -0.029787355272271766 0.23330335073887454 0.05482197464930413
v -0.04414656833063828 0.22657524311189486 0.054466394734247865
v -0.05812443503373874 0.21953298659173356 0.05416672462940471
v -0.059082363615879076 0.2037214616043947 0.05499275606144501
v -0.059134242242822474 0.18811338194349747 0.055707234253970374
v -0.05263010649458715 0.17363480090781874 0.055731266645679955
v -0.04611749514471008 0.15915983897926078 0.055754007609418746
v -0.03956361398180854 0.14470249938366525 0.05577046028907558
v -0.03326782057891364 0.13013660448774225 0.055815329932193763
v -0.027558159989604515 0.11533411860513446 0.055919640822412964
v -0.021831774539409817 0.10053845038439954 0.05601275170381741
v -0.015885205811462418 0.08582167074913306 0.056059776743590556
v -0.010062751940761951 0.07105189349289226 0.05612786777496402
v -0.004174103120438359 0.05631216735633036 0.05618625502816346
v 0.0016602733126362917 0.041543074867357435 0.0562515683798495
v 0.00757398845311328 0.026806501628038097 0.05630499352053806
v 0.013442797122672294 0.012052743951508182 0.05636209187777667
v 0.019309234012276626 -0.0027013666559722624 0.05642299483358254
v 0.025357049271185747 -0.01738048715063559 0.056462298005069175
v 0.03140486453009487 -0.03205960764529892 0.056501601176555824
v 0.029983833038126132 -0.0478586747298089 0.056643274077530475
v 0.028290137239997414 -0.06364665776673328 0.05675008754405435
v 0.02569733104061104 -0.079321335995403 0.05676373935528832
v 0.022452763300199987 -0.09487633915158107 0.056714503288735375
v 0.01985755911004186 -0.11056230921473854 0.0567076060028226
v 0.01711498518863474 -0.12622440689593395 0.05668654474953416
v 0.01469363361940423 -0.1419434342686022 0.05667745770684909
v 0.012293829772724803 -0.1576606984325275 0.05666620073148429
v 0.009903617832783596 -0.17339182456126778 0.056649842144608206
v 0.007716692497515908 -0.18915115686278655 0.05664589621509297
v 0.005625355653061484 -0.20493025578105664 0.05664791793192869
v 0.003623524602462066 -0.22071544446651017 0.056654988467056765
v 0.0016158064856212114 -0.23649737506265323 0.05665242634076613
v -0.0004047721821883978 -0.25228110703463896 0.05664515056689883
v -0.0023933811218787467 -0.26806639034266433 0.056640559068205976
v -0.0042783278756641265 -0.28386449187361384 0.056642387856059906
v -0.005915963082504163 -0.2996929736025168 0.05665984548081932
v -0.0075178493112420435 -0.31552260974571666 0.056678153215160634
v -0.009048329469675974 -0.3313571828019895 0.05669492199429633
v -0.010492441139496395 -0.34719992334875416 0.05671665467608342
v -0.011638198735590338 -0.3630666778584634 0.05675786380525244
v -0.012456304221450281 -0.3789591192062138 0.05680077345142901
v -0.013287006489305064 -0.3948406778872094 0.0568415588971725
v -0.013636661490388462 -0.41073948543261646 0.05689947413464
v -0.013193932484788444 -0.42664611093129423 0.05696466049159346
v -0.012428868195064155 -0.4425438269902667 0.05702249351477937
v -0.01121658122397396 -0.4584061987724372 0.05707262185882742
v -0.009866482038265253 -0.4742538930881757 0.05711593966069145
v -0.008201330970236577 -0.4900693325756877 0.05715996493328681
v -0.006349199171472869 -0.5058597630389153 0.05720789992858498
v -0.004596289386382062 -0.5216565316962299 0.057272109117271514
v -0.0029392944319324345 -0.5374596339642339 0.05734173762453829
v -0.0012621678774054255 -0.5532580375175818 0.05739978992258783
v 0.00019592959563374378 -0.5690673341866803 0.05749112136807524
v 0.10288698643978303 0.3194503043351551 0.0727787701973517
v 0.08971344367929321 0.3106070965434641 0.07266841685275083
v 0.07643121997593659 0.30193343020444885 0.0725199812007722
v 0.06311765971822451 0.2933074537071991 0.0723540698924291
v 0.049880500182742524 0.2845664059162028 0.07220731022488383
v 0.03663970060194407 0.275831144298013 0.07205867125602827
v 0.023305248012602402 0.2672363829863675 0.07185011044985871
v 0.009995939912132004 0.25859752418484827 0.07165614386990816
v -0.003441184825227221 0.25015927863113874 0.071426704481234
v -0.017406290500773663 0.24285223966554054 0.07091423104413512
v -0.03252335588271213 0.2381689804248829 0.0696948318116477
v -0.04721222130989183 0.23233034571162048 0.06896350575798277
v -0.05619548780302228 0.21975768754942845 0.06996560775535712
v -0.05948837548546535 0.20467496915115097 0.0709261066850595
v -0.05680462119482176 0.18921507295156798 0.07146253644391962
v -0.05019190975604427 0.17479848211373195 0.07142978034153735
v -0.043638028593142746 0.16034114251813641 0.07144623302119418
v -0.037084147430241216 0.14588380292254088 0.07146268570085101
v -0.031119469750429014 0.13116228036591537 0.07155187244297811
v -0.025549434883207503 0.11629845805554437 0.07167312686010976
v -0.019665813154428897 0.10154558242805384 0.07173752431177419
v -0.013619826159048144 0.08686365868395729 0.07177340775426591
v -0.00777479052224685 0.07210333578545247 0.07183807729679953
v -0.0018156413732128987 0.057379648369825585 0.07187867539254017
v 0.003994714188830067 0.04259302805229818 0.07195108581581393
v 0.009792517790087538 0.027802691113509075 0.07202709206856014
v 0.01589522035965839 0.013141609394743093 0.0720386305748027
v 0.02203704574128916 -0.0015039186193275753 0.0720412150681523
v 0.027471715407758356 -0.016430531818585888 0.07218319941888451
v 0.030350445663233354 -0.031713172726718114 0.07234542912328852
v 0.02886427700064797 -0.047542155473158924 0.07250218075944774
v 0.027092342936422154 -0.06332810084573687 0.07261719959644954
v 0.024037288010645332 -0.0789418173550414 0.07258165462692437
v 0.020934709261514698 -0.09454712771744483 0.07253917208401842
v 0.018265244861323335 -0.11023465686101178 0.07252979400276788
v 0.01564933186560587 -0.12592642396661213 0.07251740239688256
v 0.013200139077075486 -0.14164772953277238 0.07251111906449487
v 0.010799861757846889 -0.1573652012049786 0.07249970918444573
v 0.008354627568208005 -0.1731049170702555 0.07247262755056057
v 0.006132880159481268 -0.1888631759923658 0.07246512418061331
v 0.003939580119715988 -0.20463645684477194 0.07245733327809392
v 0.0020397608858386544 -0.22044594403801984 0.07247036741493215
v -0.0001284614590751186 -0.23621929013398582 0.07244803168141631
v -0.00211174794094997 -0.25201143151314115 0.07244543948432602
v -0.003939282592426927 -0.26782951188906673 0.07245877854468917
v -0.005757956936010589 -0.28365015451205405 0.07246834593247949
v -0.007543217476396124 -0.29946111900161826 0.0724704156863217
v -0.009139163012110265 -0.3152950885480411 0.0724870793405175
v -0.010466032394958235 -0.33116222962063824 0.07252479966907953
v -0.011963706248890505 -0.34700003426661935 0.07254354373085671
v -0.01279953183119797 -0.36289097739612497 0.0726054050023989
v -0.013501560765914532 -0.37879376310312346 0.07266443473001451
v -0.014033231593342552 -0.3946947734690928 0.07271576559628239
v -0.013782216545881833 -0.41061414015568054 0.07279521670504631
v -0.013224333007144883 -0.42651504186043787 0.0728636825097532
v -0.012099682248439325 -0.442398406759963 0.07292500295655847
v -0.011082112474023227 -0.45828350760019165 0.07298592566877023
v -0.009430863859065402 -0.47409950797266465 0.07302518224865144
v -0.007427162136030393 -0.48987886678961556 0.07306111398449867
v -0.005677065773595822 -0.5056883870113621 0.07312264651460333
v -0.004083973636225563 -0.5215098714390447 0.07320944756902494
v -0.002466563015171775 -0.5373233055942345 0.07329388165674175
v -0.0008902757634242251 -0.5531282761196271 0.0733708302417504
v 0.0004098866798994722 -0.5689454274742681 0.07348615824104612
v 0.10115604956969869 0.3218715898928047 0.08842559695712904
v 0.08778552343762114 0.3133331968269959 0.08825702977407468
v 0.07435297781956632 0.3048930817160572 0.08805366210879256
v 0.061015442063769784 0.2963013541500834 0.0878742455766002
v 0.04783784255481738 0.2874654627015203 0.08775571691452924
v 0.034587803647122904 0.2787447191858569 0.08759977572698183
v 0.02116067703306244 0.27030497573533263 0.08734495190053326
v 0.007828888248372502 0.2617057586195845 0.08713772086987517
v -0.005705353154162481 0.2534577366154423 0.08684389708143156
v -0.019674069982877018 0.2460860238083603 0.08628567069261958
v -0.03482363005663131 0.24153951554476238 0.08503390871188156
v -0.048217815267605144 0.2347226674185316 0.08438706150200795
v -0.05518788541603285 0.2205303535623901 0.08569180674831815
v -0.057923046899258736 0.2058295224672005 0.08670515724993541
v -0.053963827936820676 0.1904952122185839 0.08714071784370078
v -0.04783004108320342 0.17591910551663362 0.08718083744265161
v -0.04115856204157541 0.16152244605701208 0.08713845843296962
v -0.03492790021055202 0.1469201836247252 0.08719481083445625
v -0.02903738656241963 0.13216540791523582 0.08729315273514585
v -0.02316203149679997 0.11740870815186205 0.08736634509354199
v -0.017147926186977594 0.10270668796621393 0.08740382538759875
v -0.011068916446418161 0.08803213178813162 0.08742640865749032
v -0.0050789343808317405 0.073316238504255 0.08746195942382137
v 0.000888895748992269 0.05859588049921493 0.0875007853809484
v 0.00678955413900371 0.04384357573833281 0.08755632048754175
v 0.012759095971723925 0.029121845005828165 0.08759328879244523
v 0.018687687855836715 0.014377307946862568 0.0876429123592848
v 0.024714672757041454 -0.0003256244555018403 0.08767315250014462
v 0.028931851657814582 -0.015457101492119265 0.08785213456946415
v 0.02938832057721425 -0.0313373137786631 0.08822900396811295
v 0.027822137055296417 -0.04716471802718952 0.0883748108805599
v 0.024830348766098014 -0.06280918420158454 0.08835284134944628
v 0.02196987544370156 -0.07848524864367637 0.08834629376536716
v 0.018917510533730208 -0.09410348722284549 0.08831003655660816
v 0.016334065446493885 -0.10981502168337676 0.08830950825859075
v 0.013922895149091657 -0.12556347013658234 0.08832066409573824
v 0.011700120359711904 -0.141344203081956 0.0883402235372793
v 0.009281063015982052 -0.1570805865121816 0.08832519872590136
v 0.0068308872794327485 -0.17281992710755092 0.08829767449716698
v 0.004477784510106472 -0.1885729978364029 0.08827706980741287
v 0.0022538045863704915 -0.20434265790848716 0.08826674862425914
v 0.00011938502933168905 -0.22012982780935808 0.08824887837520765
v -0.0020688344691019243 -0.23590826862439593 0.0882239166684813
v -0.004005855994256686 -0.25171466063741665 0.08822427801680639
v -0.0060091119149059055 -0.2675157342400862 0.08821631223570953
v -0.007923706575754705 -0.2833266502584314 0.08821550983188522
v -0.009530483813055378 -0.2991717375376141 0.0882395775048105
v -0.010955033949070176 -0.3150399340667412 0.08827567552181859
v -0.01227581440242153 -0.3309078495330572 0.08831404014336036
v -0.013454806699726343 -0.3467883081203253 0.0883667558513278
v -0.013960864926805601 -0.3627152769337866 0.08845294619954536
v -0.014545531948956712 -0.3786262219304274 0.08852818619778581
v -0.014460508431874823 -0.39454265685833234 0.08860175318023476
v -0.014006564024645105 -0.41046831911768616 0.08868862232419694
v -0.013364611546682208 -0.42637723234193153 0.08876444820339788
v -0.012045166005835908 -0.44224376045607394 0.08882413295351577
v -0.010563577579043118 -0.45809428967346244 0.08887802729469382
v -0.008582190283297222 -0.4738912571432382 0.08891738980226867
v -0.006652993301824209 -0.48968840100354344 0.08896226303571055
v -0.005018163757250432 -0.5055040028733124 0.089045079793821
v -0.0033695210685504677 -0.5213167304333078 0.08912751601558325
v -0.0017511159614472913 -0.5371316164933203 0.08921392864320249
v -0.0005095396731023593 -0.5529696516999655 0.0893441628008087
v 0.0006294544915640664 -0.5688052343893629 0.0894804895663691
v 0.09875244975087819 0.32534965730636056 0.10380429297517998
v 0.0856143543706049 0.3164412408218884 0.10374959920185135
v 0.07225563529564664 0.3078828542994665 0.10357095730526347
v 0.05878046500613279 0.2995096894179763 0.10332707536372066
v 0.045469267668178916 0.2908861968762402 0.10314561980233526
v 0.03211445401869572 0.2823241856172015 0.10293178224169292
v 0.018770786704829304 0.27375217245069966 0.1027183779481695
v 0.005162782629177871 0.2656567931756237 0.1023022602765929
v -0.00868267663011871 0.25800096926226945 0.10180180535744923
v -0.02248966651618863 0.2502777513530383 0.10134534982929108
v -0.036742061182404966 0.24373323557006701 0.10067381580890998
v -0.050576321789473785 0.23738061656580217 0.0999048013912188
v -0.05482874646006533 0.2223761987006915 0.10127594189327593
v -0.0563427618350376 0.20679932765297743 0.10258885000600917
v -0.05177031239568295 0.19161599327074613 0.10292443042697372
v -0.04489261168772793 0.17730343409546429 0.10278417557389707
v -0.03804793943006421 0.16298822046461572 0.10268272377653913
v -0.03186379561938035 0.14835299670613733 0.10272671096082148
v -0.025713143651985387 0.13370602414481286 0.10276659951574171
v -0.01966860927792423 0.11899022040531874 0.10280861380353153
v -0.013640474109534262 0.10428652337164208 0.10284299905179439
v -0.007561464368974827 0.08961196719355975 0.10286558232168598
v -0.0015925435603795128 0.07487521318042993 0.10290410826578637
v 0.004372155805655337 0.06014459659226432 0.10294331671258122
v 0.010151265886367347 0.04533568216757122 0.10302987202171829
v 0.015944445308073346 0.03053283244211831 0.10311251722977492
v 0.021885706160905977 0.015795351134047987 0.10315822555073356
v 0.027078330449517688 0.000838290117736229 0.10330252003243573
v 0.028136541844819913 -0.015001199336842963 0.10371045204954782
v 0.028203248779471356 -0.030912594280482496 0.10407022261436595
v 0.025347742251466195 -0.046591080456483386 0.10408041799539317
v 0.022344481373897815 -0.06223278598654884 0.10405710109577695
v 0.019484008051501363 -0.07790885042864065 0.10405055351169784
v 0.016801232794431274 -0.09363399851597153 0.10406375028687688
v 0.014500365431014156 -0.10942258997666579 0.10409925132683161
v 0.012053776488195342 -0.1251649688956635 0.10410882727342141
v 0.00953753769622549 -0.14090750548224096 0.10408559898623299
v 0.006923140809985073 -0.156630403920628 0.10404198873027565
v 0.004588991942149714 -0.1723937323082806 0.10402762150019601
v 0.0024268866779752485 -0.1881921675201568 0.1040335541091889
v -1.7310517780947873e-05 -0.20396244022045845 0.10398681446920349
v -0.00225153100252628 -0.21974660064940887 0.10395619509525238
v -0.0045691269494592115 -0.2355099366677811 0.10391106493779828
v -0.006496761844295045 -0.251328233414086 0.10391711718072351
v -0.008355297968835938 -0.26715626887325516 0.10393223863942794
v -0.010063455804052584 -0.28300643758368244 0.1039651688472374
v -0.011515334636524134 -0.29888145599543914 0.10400219082455485
v -0.012985642663584747 -0.3147516063307914 0.10403791346701322
v -0.01408393467097973 -0.33064346966867425 0.10410224355830983
v -0.0147792873255643 -0.34656622304432616 0.10420215425795294
v -0.015177015836799162 -0.36250044969294404 0.10429437330690693
v -0.015304811770505172 -0.37844060222314185 0.10440161552025597
v -0.014723347025017413 -0.3943699304375912 0.10449613104774906
v -0.014233183789694055 -0.4102910532227919 0.1045848482182288
v -0.012873060020906709 -0.42617756038721044 0.1046562438159547
v -0.011522654770250162 -0.44204866372958906 0.10471933318474058
v -0.009579257681526666 -0.457852622239276 0.10475449619571135
v -0.007556735498571682 -0.4736469958885955 0.10478936650665396
v -0.005781208748348335 -0.48945969664367533 0.10486023386964566
v -0.004093458328358144 -0.5052787702516279 0.10494556357859938
v -0.002453581938181865 -0.521092123591018 0.10502915261612772
v -0.0011951231049005648 -0.536932704299782 0.10516290012953652
v -2.9992168596484206e-05 -0.5527722253186668 0.10530466084107912
v 0.0008658526003791965 -0.5686101883306838 0.10547270448579266
v 0.0963488499320577 0.32882772471991656 0.11918298899323095
v 0.08289129354530252 0.3204356958999641 0.11894920697507852
v 0.06951894134655348 0.3118989918367944 0.11876385222541579
v 0.056198966817308224 0.3032751283592355 0.1186078408410008
v 0.04281617819165291 0.2947589567261295 0.11839303167990768
v 0.029423355849427964 0.2862520263820985 0.11815562360971381
v 0.015891387202287933 0.2780093564512719 0.11780373938730379
v 0.0017892453160693687 0.2708032115019733 0.11700970341097514
v -0.012167480736427927 0.2633423144401176 0.11638198696591845
v -0.026916166124785854 0.25830803066100955 0.11431130323888958
v -0.041072146898290286 0.2515983572592937 0.1136380548334587
v -0.05006498419050802 0.2389225688867036 0.1155253991351951
v -0.05267224577088705 0.2235691362438376 0.11700420864498373
v -0.05423617849475644 0.20784347803694114 0.11836993852599571
v -0.04797544784419078 0.19343157714951076 0.11832291394453648
v -0.040974482734237955 0.17915835217933784 0.1181381771857718
v -0.03442442064299396 0.1646736614234495 0.11808808855038144
v -0.02821977641037391 0.15003955264929325 0.11813496549408395
v -0.02209785056478323 0.13536304578921887 0.11817255855867656
v -0.015995519044215447 0.12066639333994966 0.11820858585035098
v -0.010033984378487385 0.10592308735166046 0.11825919777593788
v -0.004064404539006757 0.0911859312068079 0.11830626095293728
v 0.00209286348920999 0.07652375833683107 0.11828535263096099
v 0.008250616915043252 0.06186133340846325 0.11826416112823834
v 0.013781546719309503 0.04694334514543174 0.11842678263482838
v 0.01935735479694856 0.032046227423623404 0.11857080107770586
v 0.024581561403469596 0.01707303369042414 0.11873500732321099
v 0.02712202744237669 0.0013746624648805729 0.11920394616138844
v 0.027655909084504958 -0.014437943652133332 0.11956518857064366
v 0.025444676221847984 -0.030238072483244904 0.11972392438056269
v 0.022725910018697695 -0.045961020101057896 0.1197602720625418
v 0.01985861398169761 -0.061656387771513124 0.11976136084210762
v 0.01719262784576779 -0.07739030965016942 0.1197783685008515
v 0.01455055315505117 -0.09312871220726202 0.11979703397346325
v 0.012262857738563636 -0.10892086862591369 0.11983431850579077
v 0.00949123236155601 -0.12464619162061426 0.11978307435396499
v 0.007021300767040397 -0.14041938599738313 0.11977710985302346
v 0.004469962432445564 -0.1561617346906052 0.11974591150667471
v 0.0019451068817908368 -0.17191603892281646 0.11968971869891096
v -0.0006242340274441086 -0.18766493121593886 0.11962590723019953
v -0.003027556001201858 -0.2034432184626989 0.11958401327515542
v -0.00517910317234577 -0.21926003460513455 0.11957282662915866
v -0.007328712209172062 -0.2350638158517433 0.11955629781581513
v -0.009243738122291983 -0.2508905034976101 0.11956890413183938
v -0.010763931034623966 -0.26677001335098727 0.11963735505106421
v -0.012247733257593723 -0.28265650163233597 0.11970388923477085
v -0.013665133387456235 -0.2985470886993251 0.11975326990079961
v -0.014899337836010055 -0.31443963430252997 0.11981155496402929
v -0.015261549139251733 -0.3303999228075962 0.1199532413403914
v -0.01573049998453664 -0.34633783556801756 0.12006075426859819
v -0.015674033138877316 -0.36229990402465906 0.1201840322372036
v -0.015633250452418923 -0.3782404928938534 0.1202905808176422
v -0.01490673958383759 -0.3941828566615886 0.12039430790366908
v -0.013704395322686455 -0.4100764465211263 0.12046989968728458
v -0.012239534927567984 -0.425952166459199 0.12053688263237576
v -0.010463270509618547 -0.44179051712374545 0.12058049451332477
v -0.008422625228831103 -0.4575857724705115 0.12061323226614803
v -0.006439287852593717 -0.47338640232078943 0.12065596405853307
v -0.0047001572934817605 -0.4892012171637982 0.12073632438352289
v -0.0029719885408346558 -0.5050161076173864 0.12081805454680689
v -0.0017793242622049373 -0.5208655818854676 0.12096418732404077
v -0.0004758537020202269 -0.53669564677004 0.1210926304834817
v 0.00041883355412895634 -0.5525520331059013 0.12126799741954791
v 0.0011022507091943267 -0.5684151422720047 0.1214649194052162
v 0.09345173025187228 0.33311221425352405 0.13426159217392925
v 0.07997655611611101 0.32473998357675155 0.1340413618014113
v 0.06662500067941707 0.3161691410261264 0.1338677153530946
v 0.05327143447870469 0.30759879842385834 0.13368366129380138
v 0.039783320600861226 0.2992461310668601 0.1333883877248669
v 0.026317212458328097 0.2908636923241762 0.13309748681935368
v 0.012486781163303054 0.2831460481976732 0.13249527702334465
v -0.0015953964002583879 0.2759203348836994 0.13171374357598467
v -0.016251303109773556 0.27036908267599963 0.12997604033398524
v -0.03134180037268213 0.2663042128467965 0.12733016736414485
v -0.03880447204224638 0.2528684498791022 0.12900366766873672
v -0.046633588963566786 0.23925631834995723 0.1310741468040167
v -0.052654293887853615 0.2251206904922694 0.13292291723626115
v -0.05013207846225088 0.2100118543744664 0.13357042978796885
v -0.04355984989373656 0.19551438560710802 0.13350607641686976
v -0.036566004491461225 0.18123743678760074 0.13332333877515384
v -0.03048423193425677 0.16652497720549425 0.13340855412074573
v -0.024342297661424282 0.15182848588219075 0.1334643774385951
v -0.01829427539058706 0.13710349244891396 0.1335210292240427
v -0.012206900920853175 0.12240021275106039 0.13356162336856742
v -0.005667255059889709 0.1078864435529671 0.13341283920590422
v 0.0008454826379768626 0.09336689157485224 0.13326750985116612
v 0.006538488586556427 0.07848267206624555 0.13342689028828963
v 0.012517379383657282 0.06374248627768805 0.1334653051278031
v 0.017976117249693183 0.048790925314336715 0.13365785183261267
v 0.021834889082720903 0.03339201088557624 0.1340841173277102
v 0.024924840001926383 0.017771964955454647 0.13463161837145698
v 0.02742853653532363 0.002050126803672704 0.1351060697904874
v 0.024902442806099663 -0.01373890424774347 0.13522218017086263
v 0.02268996783667715 -0.029544997007660792 0.13538011572585587
v 0.019765938166607024 -0.045257332294813865 0.13537555616329933
v 0.01696675373771122 -0.06097801181934958 0.13538079780840492
v 0.014525243859454232 -0.07677232237394725 0.13543711069850375
v 0.01183955074419473 -0.09253760943328122 0.1354382196402612
v 0.009188501728598924 -0.10830035534385472 0.13541927334696663
v 0.0063700507475377526 -0.12401858892498932 0.13536045731721486
v 0.0038294838311584553 -0.13978479019268789 0.13533794591194936
v 0.0010795817814564512 -0.15553346642300594 0.13525813395513722
v -0.0013375742721078764 -0.1713254713202579 0.1352294534280566
v -0.003754730325672204 -0.1871174762175099 0.13520077290097596
v -0.006037801484622749 -0.2029239967049393 0.13518121208110723
v -0.008190225116124768 -0.2187467074695178 0.13517244126246733
v -0.01034078808071355 -0.23455690434423726 0.13515854180339382
v -0.011638511511139558 -0.25048602313768986 0.13527363208164528
v -0.013034905288010514 -0.2663939984962315 0.13536570433529954
v -0.01447236464198996 -0.28229353945713137 0.13543637885012189
v -0.015822295182515073 -0.2982095578847641 0.13550195746081986
v -0.016260511019649433 -0.3141678628037915 0.1356398032242057
v -0.0165300073014885 -0.3301372198006238 0.13579245221388953
v -0.016556786224443617 -0.34610148016110853 0.13592604162055094
v -0.016231145511927655 -0.36206373700716976 0.13605822286194527
v -0.015310135362287793 -0.3779989940903985 0.1361645989043901
v -0.014052376132033778 -0.39390761069667896 0.13625613869060554
v -0.01265651647597108 -0.40980306806140143 0.13633159456617788
v -0.011124014965386304 -0.42567485968072394 0.1363938328387083
v -0.008977041776047703 -0.44147200713361573 0.1364070333398031
v -0.006915096320661178 -0.4572676415171878 0.1364358572860005
v -0.005071591231289945 -0.47308138524979554 0.13650297470926703
v -0.003261030196130442 -0.48889570739119537 0.1365744087499099
v -0.0019085857907572496 -0.50473697810973 0.13670207879907859
v -0.0008742535057830932 -0.5206005840377863 0.13686864447642708
v 0.00028731505268098263 -0.5364483332937342 0.13701718756999104
v 0.0009951158452005775 -0.5523167532006841 0.13721400699344372
v 0.001394824559079717 -0.5681789060666562 0.13744430109397215
v 0.09025849865486792 0.33788055705916253 0.14916013965221603
v 0.07700712320540427 0.3291354103927226 0.1490954926820025
v 0.0635383523889968 0.3207487671780228 0.14884037381267817
v 0.050030829387140055 0.31242567099567786 0.14855148677157015
v 0.03642147983824197 0.3042833781961365 0.14814092387051864
v 0.022641443504071296 0.2964489866344188 0.1475822904757635
v 0.00882307503208063 0.28871366345373317 0.14699106521464456
v -0.005713645138268376 0.2832219777368755 0.14509593238745708
v -0.020669704838124275 0.27843838675576693 0.14296199050768701
v -0.031774573160213135 0.2692578860812652 0.14274310853209615
v -0.03876687147643504 0.2551583742957649 0.14474118106884942
v -0.04577684205492279 0.2410685015521605 0.14673742866911355
v -0.05164471769859438 0.22689043292568742 0.1485947665725706
v -0.045298031125258716 0.2123057612635943 0.1486249334036907
v -0.03873956782990755 0.19780281393105753 0.14856691972054162
v -0.03226215897944996 0.18325351168569404 0.14852772890818203
v -0.025900125631337544 0.16864613953137647 0.1485051494424046
v -0.019538092283225124 0.15403876737705893 0.14848256997662712
v -0.013615335207897298 0.139240721155709 0.14859379345483922
v -0.007334621598116393 0.12460134376482525 0.14855221045570832
v -0.0005735460241596936 0.11016515572238625 0.14830986506366278
v 0.005892958127060609 0.09561002489534091 0.14817911702472744
v 0.010949915865168497 0.08049593144647343 0.14853208307506008
v 0.01563157384161414 0.06524523330305346 0.14895021865860164
v 0.020194615459124588 0.04996917280828082 0.14933063476921765
v 0.023360809562022772 0.03438524941920444 0.14984917135220424
v 0.025626370316559934 0.018573893781245014 0.1504683177308126
v 0.02491782264971642 0.0027582722795800084 0.1507963163691331
v 0.022318177414413224 -0.013029169902788604 0.15090383069622454
v 0.019574449923980986 -0.028791950216619424 0.15095883285670023
v 0.01666735594584537 -0.044532915103428 0.15096326580723157
v 0.013992266581341577 -0.06028232087512614 0.15098383766655774
v 0.011051924079511596 -0.07601682887398013 0.15092859051895557
v 0.008111581577681624 -0.09175133687283406 0.15087334337135339
v 0.0055861590983265885 -0.10754699920813776 0.15088380864817436
v 0.0028981185942669246 -0.12332261911704161 0.15084698894905543
v 0.0002392131467948494 -0.13910597538125333 0.15080420922923238
v -0.002493292730933642 -0.15486068964575306 0.15073087932523083
v -0.00494185245674561 -0.17065994292680742 0.15069541195384628
v -0.007397253095580633 -0.18646077518126203 0.15065846614990083
v -0.009395553137825897 -0.2023378040124853 0.15070866383033477
v -0.011377624223468684 -0.21819695462727307 0.15073925729011184
v -0.01296612340997002 -0.23409981882262015 0.15081922784633692
v -0.014194435510328257 -0.25004411721151815 0.1509465222747781
v -0.015459460277856836 -0.2659801547834345 0.15106649534208685
v -0.016695024609409588 -0.2819037720594808 0.15116621816017622
v -0.01678493827204055 -0.2978907432039173 0.151352133271008
v -0.016810014098730536 -0.3138830496559773 0.151526358795111
v -0.017035468024646786 -0.32985350104902944 0.15167708308981775
v -0.016259845850113728 -0.34583443691953675 0.1518165560205657
v -0.015862310004240633 -0.3617935713942628 0.1519456240189155
v -0.014387822953281063 -0.37770593439204614 0.15202805727730523
v -0.012963039156472282 -0.3936174382114903 0.15211257898038785
v -0.011449627747631117 -0.40950039445795805 0.15217595328439026
v -0.009330010365051336 -0.42531411981626854 0.15218299779736533
v -0.007337826154802202 -0.4411316583369568 0.15221533535072534
v -0.0054331087423866355 -0.4569491522965908 0.15226842592091083
v -0.0035448592104220127 -0.47275748126783046 0.15233016938543997
v -0.0017973971501091532 -0.4885769735651662 0.15240940656146057
v -0.0008615978068437565 -0.5044530329390878 0.15258901335938796
v 0.00016223865960645256 -0.5203180998958595 0.15275675277143366
v 0.001018545029975448 -0.5361859219205646 0.15293990662698417
v 0.001331809264552166 -0.552056872233022 0.15318461934361657
v 0.0017211038536072644 -0.5679179557733062 0.15341598284432761
v 0.08706526705786355 0.342648899864801 0.1640586871305029
v 0.07356374892994234 0.33431361808568116 0.16380311816793958
v 0.060083386826907684 0.3259432854579086 0.16354486229130843
v 0.04633788703866085 0.31802620879146765 0.16302443817869114
v 0.03256332567228311 0.310173224543588 0.16246536777865866
v 0.018793066589557622 0.3023119838765229 0.16191124971243745
v 0.004875735490233485 0.2949486506418624 0.16107479690195764
v -0.010311515541654048 0.29206529316752855 0.1574983180829027
v -0.023257404794526332 0.2843963907617818 0.15676426293587054
v -0.03381702683370913 0.2726890714191946 0.15821046948860656
v -0.0405705008424293 0.2584542074195361 0.160275066015487
v -0.047497797943177794 0.24431760137501218 0.16229334370944104
v -0.045848396248502524 0.22955902679284934 0.16323637695743382
v -0.04018739987237085 0.21470974827917894 0.16355205446056412
v -0.03374601249958365 0.20014458403749597 0.16353295840866836
v -0.02746268231342189 0.18549307430763592 0.1635625950026825
v -0.02111011210032238 0.1708537669728028 0.16352936933293744
v -0.014749271054151246 0.1562423711648364 0.16350544850516519
v -0.008726014353209962 0.14148487558975112 0.16358017740484174
v -0.0022657699713805927 0.1268862003181559 0.16346271856582917
v 0.004443076155245505 0.11242163586407436 0.16324197466453158
v 0.009322904027220344 0.09726621576845625 0.16360027102320995
v 0.013805159280104014 0.08194677101225303 0.16411091104003914
v 0.018530336103908914 0.06671199149406236 0.16452545760854942
v 0.02255219205286525 0.05121994639780572 0.1649980073031721
v 0.02437847418828059 0.03549728654340456 0.1655232935999853
v 0.023759971297433288 0.019517915505802397 0.16610702937711896
v 0.021376055809488148 0.0036590749461829193 0.16628064028549
v 0.018736139132683873 -0.012138672814262712 0.16637556251827085
v 0.015853938254316954 -0.027913446494800237 0.16639573041255248
v 0.013060026108786845 -0.04368429928097808 0.16642227456477543
v 0.010124690413735966 -0.05945474167165238 0.16638152189631333
v 0.007333059854402168 -0.0752318982749226 0.16636515623342166
v 0.004392717352572197 -0.09096640627377654 0.16630990908581947
v 0.0016320834197520511 -0.1067323824339821 0.16625571932470068
v -0.0014221897742148174 -0.12246261125572161 0.1661141163109412
v -0.004027268996314226 -0.13825874580853742 0.1660867960519457
v -0.006333807770590262 -0.15412560295840874 0.16613466711366703
v -0.008638426956511912 -0.16999229129374877 0.1661393250925585
v -0.01105873590718163 -0.1858084503739473 0.1661120618254609
v -0.012983344070236817 -0.20169776330405784 0.1661763084202279
v -0.014665657278767823 -0.21762407456039268 0.16628609768208982
v -0.015512047009573355 -0.23361871734928424 0.1664790765247175
v -0.016362198108025184 -0.24961084819331944 0.16667000600940982
v -0.017282153750758332 -0.2655828970946883 0.1668422383192656
v -0.01755312093913744 -0.2815808399916086 0.16702939420864749
v -0.017494222382693016 -0.297586806822817 0.1672239678606377
v -0.017306971498845698 -0.3135973922214244 0.16741668904887547
v -0.01703524318844918 -0.3295741409516355 0.16756278938613706
v -0.016183516412818188 -0.34555823597385094 0.16770349554793215
v -0.0148283160686632 -0.3614880061875243 0.1677971060639429
v -0.013149695599827121 -0.3773813180466191 0.16785956941423502
v -0.011408014667778738 -0.39326641327049106 0.1679130920971297
v -0.009416502921042852 -0.4091096969643646 0.1679339130602749
v -0.007323956643806408 -0.4249257308480032 0.16794586896744892
v -0.005250280865661259 -0.4407347710423313 0.16796752352937994
v -0.0033539906880088975 -0.4565570782864676 0.1680205289671014
v -0.0017169061320750681 -0.47239780452514124 0.1681198316076524
v -0.0004278594303497401 -0.4882536455122803 0.16825602971870723
v 0.0005029872514426471 -0.5041327645436846 0.16843664040711304
v 0.001102982896612665 -0.5200206985682221 0.16865094003960646
v 0.0015990444559451297 -0.5358946619403391 0.16886734327358485
v 0.001827568731447847 -0.5517757154716517 0.1691268043433872
v 0.002047383148134814 -0.5676570054799561 0.1693876645946832
v 0.0833290282050608 0.3483087812243091 0.17854616565788864
v 0.06993913044583716 0.33978980328375985 0.1783742879144478
v 0.05620581267210636 0.3318707677520742 0.17784642388852573
v 0.042426546681205796 0.32400897157257214 0.17729642262867795
v 0.028618667351573784 0.31621408759566083 0.17670430839809964
v 0.014802729238446895 0.3084380490585952 0.17610033328974578
v 0.00036786070102785406 0.30211393796262953 0.17451317995657878
v -0.014763768725263235 0.2987455669477392 0.17121515716709412
v -0.02440407202480073 0.2873337787203946 0.17228182626411087
v -0.03428748993788641 0.275059143046721 0.17391837695772747
v -0.04278354252290334 0.26198147134089733 0.17569985440670652
v -0.045304287449676454 0.24723053373710302 0.17739958969868697
v -0.040523078491195734 0.23209212797442175 0.17807120368709706
v -0.03498277162936633 0.21716537497543378 0.17843139455773593
v -0.028840501675231535 0.2024530961969964 0.17852698301678327
v -0.022544061431724965 0.18780586532356255 0.1785469430156386
v -0.016237992041307096 0.17313894452937553 0.17853397669066026
v -0.00993192265088922 0.15847202373518848 0.17852101036568194
v -0.003500385330908687 0.14385513946336126 0.1784264200942685
v 0.0029598389831970075 0.129256460816437 0.17830898933593675
v 0.008943713126667611 0.11448525558935563 0.17834015458100982
v 0.012978032695136569 0.09900166795788481 0.1789684450947202
v 0.01700826608955053 0.08352138622336962 0.17959812739175748
v 0.02142909836620369 0.06817874968507125 0.18010069655849723
v 0.022600385362996016 0.0523957024923159 0.18061292761609776
v 0.021555308587447537 0.03638639643153163 0.18115601157949263
v 0.020271888233562383 0.020442826609502113 0.1815947750214653
v 0.0176276651106161 0.0046130220851761 0.18170523840013217
v 0.01483057307038156 -0.011195411726381204 0.18175915926408287
v 0.0120180057930604 -0.027001586094429132 0.18180223137921722
v 0.009022830619958469 -0.04277073395288465 0.18176133892233712
v 0.005984202474165516 -0.058530150211640986 0.18170068765929753
v 0.0031111757409564 -0.07430694882070528 0.18166849072866398
v 8.608455645118195e-05 -0.09006451459101202 0.18157194041724825
v -0.0028980287490403198 -0.1058198770110417 0.1814599955279022
v -0.005661330490102883 -0.12161937108915982 0.18140337098547446
v -0.00794594240022224 -0.13749408566025675 0.18146927722062
v -0.010252487765739868 -0.15336094338978223 0.18151729666200211
v -0.012557106951661519 -0.16922763172512223 0.18152195464089357
v -0.014257796045892258 -0.18515803169092696 0.18163877724744645
v -0.015391571533837916 -0.20117437115216416 0.18185351345491305
v -0.01655075300668658 -0.21715238743418447 0.18205587280934776
v -0.016910086665054454 -0.23320206702073226 0.1823083071529475
v -0.017784657661551552 -0.2491983657004525 0.18249271535849432
v -0.018380528013118735 -0.26520320165257905 0.1826848836589449
v -0.017908968056362762 -0.28122964294661446 0.1829001659833237
v -0.01768276247728539 -0.29724934854264723 0.18310160076451246
v -0.017243254957653168 -0.31325531442605575 0.18326386554465138
v -0.015741172308828738 -0.3292047384094285 0.18335829459073266
v -0.014241120329160814 -0.345143714627361 0.18345380245285875
v -0.012655599307666007 -0.3610627120969962 0.18353293365131895
v -0.010983179014978346 -0.3769679550465982 0.1835969870852779
v -0.009027111924355043 -0.39282519475894717 0.1836209798105103
v -0.007037296160795301 -0.40867592391314905 0.18363991963036658
v -0.005063354817486135 -0.42450612644060726 0.18367156138842994
v -0.0031070308682460243 -0.4403309166393833 0.18371146466876492
v -0.0011884319892960732 -0.4561538544706831 0.18375970569120945
v -0.00010929476560487845 -0.4720369600570149 0.18392738969000993
v 0.0009657735395417017 -0.4879206482163128 0.18409576681078937
v 0.0015977298982992377 -0.5038129721623547 0.18430687059689727
v 0.0018925388468417899 -0.5197076221452475 0.1845501966288667
v 0.0021873477953843422 -0.5356022721281403 0.18479352266083618
v 0.002266154397388453 -0.5514746548348582 0.1850670307060151
v 0.0023440437547953153 -0.5673461444114534 0.18534068213967617
v 0.07959277794886624 0.35396868130651993 0.193033635552645
v 0.06595647612068523 0.34588606638261465 0.19259980237636565
v 0.052102763957943984 0.33818846875911235 0.19193483739072026
v 0.03828414714005682 0.33041346480557493 0.1913240684974033
v 0.02447786988460882 0.3226148343832253 0.19073431219170234
v 0.010054322460185746 0.3162929485579574 0.18909918755820998
v -0.004484425802393822 0.31020621798654846 0.18736147299152167
v -0.019192528130631766 0.3049521597515622 0.18519645145199082
v -0.027562705305306072 0.29178016991372174 0.1872272594066974
v -0.036005274596273965 0.27850906805738684 0.1892976795166864
v -0.043342621514589556 0.26528339494719877 0.19100599982346772
v -0.039762535943090496 0.2498122979603042 0.19215591493910078
v -0.03551621110152902 0.2345355374461081 0.19303258275689952
v -0.029568447001779997 0.2197320488391461 0.19321272988096833
v -0.02364556728511662 0.2049252422513635 0.19340378565218946
v -0.01724496531539364 0.190287663105488 0.19335644095783272
v -0.010617322502679043 0.1757493548776149 0.19319342225729147
v -0.003989679689964444 0.16121104664974178 0.19303040355675022
v 0.001928749158805232 0.14633161627680547 0.19318236998379998
v 0.008176921026808831 0.13162528711464638 0.19316719177645564
v 0.01285809809221344 0.11640518541320041 0.19361496921320775
v 0.01654272932372466 0.10081028369822406 0.1943674210368464
v 0.02059367832179898 0.08531324211692988 0.19499004743479725
v 0.02101051469880081 0.06935307923714953 0.19571833796438626
v 0.019829374744529595 0.053327589262238226 0.19624813162642202
v 0.01878366061710232 0.03731840373534544 0.1967911443557503
v 0.01632782197601018 0.021434158126644814 0.1969675251519154
v 0.013549620542428847 0.005612309307547061 0.19704764548128065
v 0.01043743124583863 -0.010144610590053952 0.19699509096182136
v 0.007041294219594502 -0.02586153689059347 0.19684824980867582
v 0.004077785166773891 -0.04167513768331842 0.19682548224242988
v 0.0011191189957389838 -0.057461651079469496 0.19679332605317396
v -0.001836366982699352 -0.07325738591085265 0.19673428120731815
v -0.0048090672514531805 -0.08905174577728878 0.19665669486922097
v -0.007764123758715569 -0.10481635240036605 0.19656051526650825
v -0.009858369396383376 -0.12075752777941365 0.19669117115307513
v -0.011952615034051171 -0.13669870315846114 0.19682182703964202
v -0.01417116776088945 -0.1525962838211557 0.19689992621033714
v -0.015271460731378791 -0.16859002260132744 0.19712825710004292
v -0.016104332683679192 -0.18462345492653454 0.19740533740732522
v -0.017274562047007315 -0.20066056949776132 0.19761662498768048
v -0.018399646491428865 -0.21668397425846667 0.19782806490047594
v -0.018708033086559522 -0.23273893219003058 0.19808722572078982
v -0.01891905424266965 -0.24878608322048654 0.19833369309362542
v -0.018318280521876985 -0.2648275752643915 0.19855918055474692
v -0.01771750680108432 -0.2808690673082965 0.19878466801586844
v -0.016584805062163373 -0.296849562948185 0.19890967735669823
v -0.015010425849799669 -0.3128054800769468 0.19899038894536947
v -0.013404829112725478 -0.3287520533692767 0.19906849827219708
v -0.011922447535567506 -0.344699122744464 0.19916683659359535
v -0.01017606037831054 -0.3606063642174483 0.1992209267814905
v -0.008372797021968878 -0.3765011406458507 0.19926473453214344
v -0.006505707973150065 -0.3923685331696717 0.1993042141901289
v -0.004635079400470883 -0.4082344070889951 0.19934345382898297
v -0.002655813941812373 -0.4240687062350251 0.1993735011272466
v -0.0006172719831820469 -0.4398873116716694 0.19939832037391603
v 0.0005059809660330803 -0.4557819889491247 0.19955774045580782
v 0.0015668417142486895 -0.471675503709109 0.1997300135616291
v 0.0021920130101677534 -0.48757760508500647 0.19994357100937793
v 0.002463619729359317 -0.5034831515844881 0.20019000827431271
v 0.0025648392202267186 -0.5193859059254178 0.20045167056729385
v 0.0027105963019813683 -0.535276585782307 0.20071560640964767
v 0.002607949504108132 -0.5511606491859903 0.20101388973766676
v 0.002640703739450307 -0.5670352822948024 0.20129369929271246
v 0.0756287360998255 0.36001754911903555 0.20729567852600028
v 0.0618399619239413 0.352211063472604 0.20669430223063806
v 0.04799998147398359 0.34449267539481593 0.20603914854518174
v 0.034160001024025895 0.33677428731702785 0.20538399485972547
v 0.019787260427303152 0.33033141123110815 0.20383125198806995
v 0.005184237321390577 0.32443905313704463 0.2018915463346669
v -0.0093367123058155 0.3182984980104674 0.20020976602646462
v -0.02245555446190365 0.30962726745981384 0.20003862010460632
v -0.02936347262123558 0.2955397387919854 0.2025928689972092
v -0.037218149113305996 0.28194263260770774 0.2048650251807076
v -0.03932741110707133 0.26765447254204505 0.20629486030083927
v -0.03507097452979327 0.25230977511269703 0.20719798667085712
v -0.030363318752707397 0.23706735300998466 0.2079285229901055
v -0.02444263691809729 0.2222602533656905 0.20812054225396054
v -0.017954630155167035 0.20765754032752898 0.208035878009493
v -0.01119791599539873 0.19313932824512617 0.20781602700094748
v -0.004618347820787472 0.1785377715248751 0.20767600257927898
v 0.001980132065088601 0.16396109564144312 0.207526932615513
v 0.007864521054424388 0.14906529256512246 0.20769401725795622
v 0.013142587757560973 0.13393885807521783 0.20808355298026845
v 0.01598644932881846 0.11817997475739805 0.20898663012129848
v 0.018938944260711774 0.10243882843444796 0.2098795816200495
v 0.018792198546245607 0.08639667949529403 0.21066045940433417
v 0.01844878994145399 0.07035984537086001 0.21137169851523252
v 0.017064279533622162 0.05430987082704591 0.21188164095853426
v 0.015240320139865536 0.03833600212427278 0.21224834880452217
v 0.011845492379349749 0.022580106980126795 0.2121416768003701
v 0.008450493206804417 0.006824350572628433 0.21203485446729717
v 0.004999562612367664 -0.008886136328463086 0.21187898009092887
v 0.001998043598060278 -0.02471217107355981 0.21187405327726522
v -0.0009553073353077619 -0.040528393234790794 0.2118535908445586
v -0.003908658268675799 -0.05634461539602178 0.211833128411852
v -0.006725671052433819 -0.07219179084755253 0.21181720093163856
v -0.009626598072736279 -0.08800974324985533 0.2117637333960285
v -0.011322163761430507 -0.10402571693707272 0.21201215633508586
v -0.013337921138351975 -0.11997563877873299 0.21216293680603782
v -0.015353678515273427 -0.13592556062039313 0.21231371727698983
v -0.016132835142622252 -0.15200278535455902 0.21262537465232764
v -0.017019363641307583 -0.16805436925275474 0.21291405318511747
v -0.017984671315336365 -0.1840892471098911 0.2131653053736443
v -0.01878786972976621 -0.20014220398027066 0.2133996492047252
v -0.018338126626393288 -0.21623051876774055 0.21367127803837102
v -0.018207582368933013 -0.2322939480716061 0.21393593418556967
v -0.017569507099308993 -0.24834650110997386 0.2141517145767064
v -0.016791154223838436 -0.2643922723863849 0.21436054023378082
v -0.015984269552256958 -0.280422757917806 0.21455421215185796
v -0.014387988091346655 -0.2963974397112604 0.21463876890111105
v -0.012777596741946165 -0.3123556457278379 0.21471691234608756
v -0.011174992854470095 -0.32830311482140023 0.21479527115388414
v -0.009554715666208528 -0.3442452940518719 0.21487215673288657
v -0.007717673975867964 -0.36015049381154307 0.21491245852589727
v -0.005762415028959408 -0.37603432624510325 0.214932481979009
v -0.0038297978762062606 -0.3918954767472631 0.21495884195245565
v -0.0016229972472612464 -0.4077272875141513 0.21493164207614418
v -4.030271234071285e-05 -0.4236141081535796 0.2150374072227539
v 0.001443684344194849 -0.43948098372049893 0.21514393857860747
v 0.0022484358923335807 -0.4554031316326882 0.2153496180331299
v 0.0030217429353357724 -0.471308484134688 0.21555082615443516
v 0.003323728380101799 -0.4872332395634633 0.21579946088682428
v 0.003348508695772729 -0.5031473349079059 0.21606750852457268
v 0.0033218109293190515 -0.519051486910208 0.2163383664061574
v 0.003149995248349087 -0.534944621062902 0.21663598486828833
v 0.0030473484504758507 -0.5508286844665853 0.21693426819630743
v 0.002925399051321874 -0.5667091365280507 0.21724042970970509
v 0.07128507561101416 0.3667146383994642 0.2211820436255557
v 0.05758163757887704 0.3587613366271269 0.2206702882833764
v 0.04378589318162696 0.35097113091104754 0.22005708935538318
v 0.02932684172651321 0.34469867005966404 0.21835189024349336
v 0.01483020849438763 0.33857369951592053 0.21655797390651016
v 0.00029279266310948296 0.33260878095943347 0.21466778434040934
v -0.012428002267739454 0.32327096619803153 0.21485605335640373
v -0.02499021179952145 0.3136135956925915 0.21525323466252513
v -0.032416921162124884 0.2999718625612294 0.21759512798392222
v -0.03855177897761338 0.28552670271472 0.22033865905640193
v -0.034281335915526776 0.27022392359836345 0.22120571862924313
v -0.02960074196305884 0.2549620793181863 0.22195288210069392
v -0.024984054317118035 0.23968701119749095 0.22272380328209349
v -0.018797479691021822 0.2249760586023729 0.2227749614005618
v -0.011929130887601195 0.21051036901399267 0.2225048049189789
v -0.005137493196192455 0.19600858795086687 0.22226921645903094
v 0.0011584463680035144 0.18127963522207785 0.22225781586337148
v 0.007040917864697266 0.16640687990945363 0.22237970961756937
v 0.010842660676673156 0.15079939034656398 0.22319446687188252
v 0.015123799838173187 0.13542096831413108 0.2237882994514563
v 0.015857103960173126 0.11932323732626793 0.2248396739931665
v 0.017894249745083128 0.10349461906111815 0.22570511924969272
v 0.016628556420412253 0.08741246098359788 0.2263746075235494
v 0.015887065184107152 0.07136661150457052 0.22702505906607887
v 0.012815847455127427 0.0555350094691451 0.22705346914269958
v 0.009515516613229068 0.03973267825735302 0.22701149455880404
v 0.0061023367070019395 0.023943323469985185 0.2268970410776057
v 0.002707508946486154 0.0081874283258392 0.22679036907345362
v -0.0006483241999848868 -0.007555802327685303 0.2266751879599791
v -0.003242667547881179 -0.023500987018023275 0.22682768436389494
v -0.006088644562442692 -0.039355779985804834 0.22685895138992937
v -0.008857855338959242 -0.055225726977960875 0.22688533148744178
v -0.011378276622317026 -0.07116826092607713 0.22697499994937584
v -0.013262338437699507 -0.08716363920738993 0.22718500996461605
v -0.014635812809481629 -0.10323495016271161 0.22751724601837472
v -0.016298740180423602 -0.11925155557120502 0.2277677068075889
v -0.017153031471644785 -0.1353117716481313 0.228067264996139
v -0.017556296198048132 -0.15142616800482753 0.22842744222593497
v -0.018680838167564086 -0.16750780346375618 0.22870418384797328
v -0.01876450740225167 -0.18360254071127413 0.22899440501039056
v -0.018669540596602738 -0.1996924605950824 0.22928117707626877
v -0.01781359329812242 -0.2157789376135964 0.22953546753500131
v -0.017369411524306863 -0.2318523318990946 0.22979564194087554
v -0.016264557692088788 -0.24790158934909254 0.22997681054223482
v -0.015158616303262006 -0.2639508391206337 0.2301578985009002
v -0.013655096883837755 -0.2799406225975334 0.23025236185362005
v -0.01184094842816252 -0.29590101552747317 0.2302984865035405
v -0.010220614015387985 -0.31186507157998217 0.2303794015179692
v -0.00830337266338435 -0.32778939847850164 0.23039753869505136
v -0.006329728968901435 -0.34369591102749886 0.2304058715806397
v -0.004545270655856283 -0.3596157698291821 0.23046232690318103
v -0.002677245866655677 -0.37551109005107364 0.23050238469943354
v -0.0006345308457318735 -0.39136991108132635 0.23051069146884828
v 0.0013155363481678764 -0.40722435081094027 0.23053818832984202
v 0.002406845803241137 -0.42315586215438256 0.23071816555287641
v 0.0032320637239912266 -0.4390948470301239 0.23092854298887538
v 0.003990890818634094 -0.4550242743162518 0.23114149561045214
v 0.00417509985068118 -0.4709473382289039 0.23139414786997492
v 0.004000807405989242 -0.4868776278717179 0.23167385149107309
v 0.003925115945905447 -0.5028012474191499 0.23195710517045712
v 0.0037601461791407892 -0.5187019126580146 0.23224689158743633
v 0.00349568078820082 -0.5346000689456543 0.23255029830671514
v 0.0033567914130910653 -0.5504854287629307 0.23285228306221112
v 0.0031901550285121523 -0.5663575202933615 0.23317668317205842
v 0.06694141512220282 0.37341172767989284 0.23506840872511117
v 0.05312710563699838 0.36564401080287245 0.23442955918185004
v 0.03886584561202229 0.3589698445788629 0.2329949145714896
v 0.024308446777890534 0.35305569666545955 0.23100559574170607
v 0.009828451287752992 0.346865431027142 0.22925095520321787
v -0.0037615258175277685 0.3388972848031101 0.22867710897628157
v -0.016536882617352883 0.32949944188353597 0.22895512443866942
v -0.025909520917043884 0.317485633689699 0.23042092593088423
v -0.03242568685357465 0.3032927671584922 0.2331963359034196
v -0.033168469279592966 0.2882140174283585 0.23510753617916702
v -0.02969045461466546 0.27269545034565396 0.2362893800462372
v -0.025136489361113592 0.2574062206780692 0.23708175909066975
v -0.019028486258149017 0.24269864304674577 0.23715257473465706
v -0.012495801000966431 0.22800663157406384 0.2370963211421972
v -0.00561084292106696 0.21355163142789207 0.236817290053419
v 0.0006140825801824296 0.19877340125269122 0.23684754735335764
v 0.006322572036641626 0.18374630974175007 0.23711747054372512
v 0.010826421484772758 0.16839483945051895 0.23768281749486503
v 0.014147688235949623 0.15263272720628585 0.23862855882469605
v 0.016861861012251806 0.1368537807072755 0.23952440356515914
v 0.016766308405809113 0.12075260036955152 0.24050120349256515
v 0.015261783010928629 0.10469651352513815 0.241177172156483
v 0.013214861078226585 0.0886862426466437 0.24167273600039146
v 0.010356117095731681 0.07278969698444233 0.24182602567003306
v 0.0070614844233136955 0.05695511609152948 0.24179537419383645
v 0.0037751600936753293 0.04115136320774278 0.24176237421477934
v 0.00038735705258284483 0.02535791049286656 0.24166435224324426
v -0.003026613706590216 0.009567113821926742 0.2415495634331888
v -0.00597805786831847 -0.006312639645234558 0.24158593072745005
v -0.008572401216214762 -0.022257824335572534 0.24173842713136592
v -0.011221981789577624 -0.03818316673681887 0.2418643119353001
v -0.012865736416310372 -0.054233543943842256 0.24215261031992796
v -0.014045445724852114 -0.07034496086006428 0.24254670118336202
v -0.015528905152501516 -0.08641838447659578 0.24286693988938218
v -0.017126005562018296 -0.10247759379127329 0.24315954854308766
v -0.017637945128341607 -0.11861123185555711 0.24351293393909096
v -0.018096790569435972 -0.1347384949444068 0.24388734455104139
v -0.01842400067263745 -0.1508685296925105 0.24424554177926858
v -0.01821024187934165 -0.16699586800251648 0.24456088953110708
v -0.018261819673995018 -0.18310875935888155 0.24486068746666514
v -0.017039992080717523 -0.19918077370736997 0.2450328501687479
v -0.016326823080864684 -0.21527685635375218 0.24530131590574503
v -0.015104278190199986 -0.2313343299858331 0.2454698523039745
v -0.013507074541013204 -0.2473497082982279 0.24556921994619854
v -0.011957249802831148 -0.2633662690620839 0.2456792006478145
v -0.01031121211547172 -0.27936062935744177 0.24576651271136613
v -0.008566011028527757 -0.295336983944209 0.2458311219499179
v -0.006683141303346101 -0.311276288090949 0.24585520225380797
v -0.004721177263953916 -0.3272039609645994 0.2458619554678302
v -0.002819032725403557 -0.34311611021883853 0.2458883276617651
v -0.001058797806280389 -0.3590394470554381 0.24595050379420516
v 0.0007873198788235208 -0.3749418935734016 0.24599599093924557
v 0.002392572555359943 -0.390853073417841 0.24608673955056426
v 0.0031969508065821 -0.4068153082244488 0.24630335032208533
v 0.004222526519812472 -0.42275394303689595 0.24649378304609593
v 0.004771568507508386 -0.43870353627082886 0.24672657631004197
v 0.004996281471742045 -0.4546557417896557 0.24698835847770642
v 0.00474288401484522 -0.47059299651246383 0.24727566807223894
v 0.0045685915701532825 -0.48652328615527785 0.24755537169333705
v 0.004397127518909203 -0.5024437068816774 0.24784650649709009
v 0.004071050176150989 -0.518347952093795 0.24815129518172396
v 0.003814336748820018 -0.5342463945104452 0.2484553074659268
v 0.0036236039691298493 -0.5501302370602544 0.24878328801593186
v 0.0034549110057024305 -0.5660059040586723 0.2491129366344117
v 0.06236749933257678 0.380477099728345 0.24873048990465213
v 0.04846666261696988 0.37287135427649254 0.24795279002449913
v 0.03403606286993285 0.3666396927917349 0.24619350949580185
v 0.019465639905769768 0.3607249809442424 0.24419153258832804
v 0.005071941861722777 0.35448534146871435 0.24238577084157725
v -0.007913046982121799 0.3452983843834067 0.24261267194131103
v -0.019628449948249704 0.3350675993088363 0.2433524191226673
v -0.024623059659217267 0.3201654953486121 0.24608922623138718
v -0.029949363445231192 0.30539867461460596 0.24882116475297078
v -0.02955678300992741 0.29056536556534035 0.25039071801631035
v -0.0255954946407645 0.2751275153068252 0.25143663758393786
v -0.01934764750090961 0.2603879103754819 0.25156994753591544
v -0.012216147462351737 0.24606390448425813 0.2511622134997238
v -0.005787773491093893 0.23130580316273994 0.25116873470542883
v 0.0007477931422905783 0.21661886117695894 0.25110821654195153
v 0.006642925512227477 0.20167912527180498 0.25129301346537686
v 0.010120517860418506 0.18598454316759533 0.25226316201138127
v 0.012442415793645589 0.170034829465879 0.2533248035886862
v 0.01544097465368596 0.15422095781630932 0.2543209520193498
v 0.013065541469780548 0.13826306698526203 0.2547636933775533
v 0.012249678715484663 0.12215938339438362 0.25567455515123155
v 0.010034550864649959 0.10614855750761107 0.25610665147292594
v 0.007711577672936083 0.09015230430485371 0.2565056608108982
v 0.004622823093496459 0.07428797999571107 0.2565619751801497
v 0.0013279559889544342 0.058452529245132126 0.256531389970419
v -0.0019457734103253922 0.04260985949569887 0.2565154155531182
v -0.005280694674396737 0.02678760709597384 0.2564353339119404
v -0.0074502778827261985 0.010753922588343595 0.25671502453340533
v -0.009520750897605873 -0.00530283278840822 0.2570307397790767
v -0.012256805010076846 -0.021229512565234636 0.25714088519230566
v -0.013313093115069105 -0.03737670132555248 0.2575292125321619
v -0.014477006229901557 -0.053517889265522006 0.25792918793758307
v -0.015935666646575 -0.06961952917839101 0.25829481646860347
v -0.01708202283825539 -0.0857244342967134 0.25864371116662266
v -0.01780891456396351 -0.10186427027452272 0.25900709675958716
v -0.01755028449717249 -0.11802727120199852 0.25937891912347383
v -0.01764425185886294 -0.13417138494207287 0.259752625965391
v -0.017704534949847143 -0.150318497811042 0.26009219939504885
v -0.01751320142332037 -0.16647350566824956 0.2604104668019167
v -0.015987256675119407 -0.18254945336392925 0.26055250462287927
v -0.014449737656635177 -0.1986096778458739 0.26068811207257475
v -0.013327572311668933 -0.21469062419208662 0.26088122769598077
v -0.011689017889735472 -0.23072521584301608 0.26096841362774625
v -0.010041693897761658 -0.2467393432851119 0.26105655411925144
v -0.008394369905787853 -0.2627534707272076 0.2611446946107566
v -0.006737867882057377 -0.27875468308833606 0.26122985051773484
v -0.0048566261480688586 -0.2947238342650717 0.26126088785484486
v -0.002988566730695745 -0.31066967290346414 0.2612920920135916
v -0.0011227649691331056 -0.3266115189441072 0.26132332474287323
v 0.0005483456575285783 -0.34255441358229904 0.26140048445462555
v 0.0021011779543517292 -0.35850515860056814 0.26150449493983513
v 0.0034559823309902537 -0.37446484932744173 0.26164091533049105
v 0.004721426240949327 -0.3904153773182465 0.26179146742270354
v 0.005122883203168713 -0.40640231913718905 0.2620642956086982
v 0.005823634401729907 -0.4223596260821806 0.26229143687995127
v 0.005711917368611791 -0.43833058418431126 0.26257884998097863
v 0.005685465649113002 -0.45429071098058144 0.262858206028015
v 0.005413765048914751 -0.470229577268241 0.26314727547591
v 0.0051099029243072275 -0.48616795052612094 0.2634373920821172
v 0.0047093679543935285 -0.5020797990314447 0.26374360948388453
v 0.004300377795344936 -0.5179909805030223 0.26404932622377475
v 0.004067923346374052 -0.5338840550145909 0.264362150874364
v 0.0038891512087623624 -0.5497642384481748 0.2646965311049024
v 0.003696487168331224 -0.5656457164639827 0.26502947596876364
v 0.05771683177601249 0.38766523269947173 0.2623178097775217
v 0.04361625025023129 0.3805227888267645 0.2611838036031064
v 0.029201597032756953 0.3741060232312977 0.2594974552580952
v 0.01454981179006378 0.3684029919413355 0.257318436290284
v 0.00011967959653954013 0.3622884389819059 0.2554007739068756
v -0.010243397549345237 0.3503771901894093 0.25713369308899464
v -0.02050057547838093 0.3383559070435498 0.2589274404582754
v -0.025108332691907355 0.3234234476123511 0.2616406678414676
v -0.029157768325237893 0.3082286495130382 0.26444244784545706
v -0.025075203243242618 0.29338212928563207 0.26519633357939537
v -0.01867526866142511 0.2786858832590558 0.26531315142046374
v -0.012183282940327882 0.2639837985052407 0.2653527986047859
v -0.00547174436592914 0.24938722383197479 0.26521187740521235
v 0.0007622170747389236 0.23455218952021303 0.2653093930251166
v 0.00602140096818783 0.2193787517365495 0.2657792284223275
v 0.008566245442867361 0.20345230080652724 0.2669512259207846
v 0.011622688852631362 0.18765254844602977 0.26800610458001817
v 0.013505981547002142 0.17161440022773916 0.2691003381010716
v 0.012208807868972368 0.1555647205653614 0.2697863167028527
v 0.009521195317241379 0.13959846354830924 0.2701969102147962
v 0.007727879495274762 0.12356650964379629 0.27084613978461564
v 0.004930192721167391 0.10759436204044748 0.2710791084547302
v 0.0021843961958032576 0.09162171375755875 0.271328509899997
v -0.0010810054884987197 0.07577619990730479 0.2713182917610361
v -0.004338395578128475 0.05992794991838094 0.2713136113919199
v -0.0075264236991502845 0.044010574558628945 0.271321708139094
v -0.009427921032838543 0.027922198698033387 0.2716875613262308
v -0.01116584114599384 0.01180045196507378 0.2721059880890006
v -0.013018135723539302 -0.0042989423796861975 0.27248908942025585
v -0.01433321256745149 -0.020412159002513343 0.27283455939208484
v -0.014925776191901639 -0.036620222559302334 0.27329968300525953
v -0.015592434783858859 -0.052819613409212846 0.2737563579291155
v -0.01711266018215688 -0.0689190955208965 0.27411570477520636
v -0.01715586640145416 -0.08511777773771909 0.27450570362554294
v -0.01716037458421775 -0.10126489764179211 0.27483309208406426
v -0.0169372162171793 -0.11743514644332587 0.2752072232626718
v -0.016980851002134915 -0.1336025575478356 0.27559401273031414
v -0.015496183723600673 -0.14970657965501707 0.2757364045393722
v -0.014011516445066416 -0.1658106017621987 0.2758787963484302
v -0.01281162146284085 -0.18192080651471798 0.27608600536680433
v -0.011639481551716988 -0.19802211479015988 0.27629605755147063
v -0.009869539828919251 -0.21405828873272786 0.2763580169713408
v -0.008105885861807249 -0.23009578523914484 0.27642212031461993
v -0.006331780401014784 -0.24610799049024898 0.2764802964189872
v -0.004512905085802201 -0.2621091702696903 0.27652487620000715
v -0.00285298778065591 -0.2781184006050053 0.27661403331652784
v -0.001037452591544581 -0.29410115631149014 0.27666512466779836
v 0.0007547938523251036 -0.31005932433416694 0.2767145219427368
v 0.0022604152152054715 -0.3260447058146759 0.27682780418063085
v 0.0034602200081372617 -0.34204961935392564 0.2770040632355051
v 0.004858414546554401 -0.35802409198142715 0.2771397209910769
v 0.00603390543269717 -0.373991742407386 0.2773021391740827
v 0.006037167220625094 -0.39000987820934185 0.2775996831225848
v 0.006509227839790789 -0.4059950474304368 0.27786628292530696
v 0.00643833692453433 -0.4219813119513739 0.2781518949559757
v 0.0062362033062965125 -0.43795254464682903 0.27844295328232016
v 0.005938054626645046 -0.45391629231226766 0.27873768895636364
v 0.005552410006436008 -0.46985808224037107 0.27903253719068377
v 0.00518614182406075 -0.48579464191057986 0.2793257749463291
v 0.004847291706006443 -0.501711591703976 0.2796334589855676
v 0.004511721494782773 -0.5176249486016914 0.27994240850454527
v 0.004315246012589486 -0.5335196908155697 0.2802733951789718
v 0.004123000766537328 -0.5494011937334848 0.28060649906325386
v 0.00393033672610619 -0.5652826717492928 0.2809394439271152
v 0.053013210698685476 0.39495694291718186 0.2758306103126221
v 0.038627048518346856 0.38845686228200393 0.2741914288216307
v 0.024226584925129264 0.381982085192659 0.2725409355525421
v 0.009953717801095257 0.3751008089605508 0.27107336265356424
v -0.0037084064808335015 0.36803677729006 0.2697070196133951
v -0.013484714553050305 0.3556421538242574 0.27168502439923753
v -0.020851815263831334 0.3417761205291574 0.2744125313340247
v -0.025746028171905515 0.3269588702481149 0.27722022703287874
v -0.02408595962843596 0.3119359260671132 0.27869158629969126
v -0.017832852012700663 0.2971174827962844 0.27892543267758013
v -0.011488042824609699 0.28232751157390845 0.2790872958443248
v -0.005457890230847483 0.2674145536801812 0.2793598691544332
v 0.00014315973265597486 0.2523090176026215 0.2798068791365699
v 0.005549116746900638 0.23712301603354655 0.28028338547818105
v 0.008509044154657358 0.22130161145996313 0.28135710327031
v 0.01083316537561733 0.20530301363043263 0.2825745562309197
v 0.011853619660428182 0.18929627057851123 0.28361757281287603
v 0.009559933709541092 0.17325115627162221 0.28422563777211496
v 0.007289495071198187 0.1571977115916455 0.2848008464267247
v 0.0050407538837780284 0.14113642134663962 0.2853450619555209
v 0.0024553535769760264 0.12506625294116258 0.2857481567430422
v -0.0005843629739980577 0.10909858028851563 0.28588435265836576
v -0.0036911373656832074 0.09317032279881524 0.28598944753165734
v -0.0067310177459315975 0.07724604034106304 0.28611180723072166
v -0.009312480816661587 0.06124495502453645 0.28631097080265144
v -0.011054920623015866 0.04511047215859035 0.28673286903948203
v -0.012246345521699925 0.02890136801594966 0.2872729408710377
v -0.014086214452413431 0.01278727592744712 0.28766927464130737
v -0.015438840016454021 -0.0033896136466216014 0.2881146414975936
v -0.015993707734659295 -0.019627115630654758 0.2885961002853874
v -0.01655364935821566 -0.03585466870531204 0.28906731651567574
v -0.017131022893184335 -0.05207180734984118 0.289535277091532
v -0.01764333190106064 -0.06826103264308289 0.28995659584640476
v -0.017275552975117382 -0.08449035039368344 0.29036024394079124
v -0.01615141628937551 -0.1006614301586818 0.29065517029363597
v -0.014876063125154593 -0.1168205204579466 0.2909316740427571
v -0.013721729777469202 -0.13294189554990093 0.29111120622872005
v -0.012004024125182611 -0.14904139524259014 0.2912045067088308
v -0.010509831466812433 -0.1651476978561478 0.29134712589494394
v -0.009260576356712295 -0.1812568309589019 0.2915431000222075
v -0.007305568617120053 -0.19730184173125107 0.29154975184074616
v -0.005494134486046503 -0.213339922351371 0.2915993354425351
v -0.0037829464180745794 -0.22938845451263373 0.2916813279779128
v -0.0020668995673569007 -0.24542204195842637 0.2917589224700333
v -0.0005616256217654948 -0.2614623186753502 0.2918891018932983
v 0.001080270155003811 -0.2774721014987247 0.29198345092297856
v 0.0026848536245354746 -0.29348488476935664 0.2920873089175006
v 0.0041800938376044825 -0.30949609839654973 0.29221273616784416
v 0.005458541218562856 -0.3254959891482863 0.29237280035180657
v 0.0064709596070696325 -0.34151099676659036 0.2925717409567333
v 0.006727307577242245 -0.3575667321772694 0.29286219753417303
v 0.0068558757815858065 -0.37359151473600566 0.29315494831890226
v 0.006887569703004529 -0.3896110264556749 0.2934514225864364
v 0.006961253465183747 -0.4056057878266438 0.29373535786189825
v 0.006667378922530243 -0.4215956552589993 0.29402860264134895
v 0.006409473607035417 -0.43757450031106043 0.29432118143602487
v 0.006022848755004175 -0.45353276928779457 0.2946186554702716
v 0.005625230596539203 -0.4694813619799294 0.2949154779237591
v 0.005262380723814275 -0.48542133329503884 0.29521415781054117
v 0.0049203345734340365 -0.5013417841057906 0.2955206087311688
v 0.004664776784240378 -0.5172501475904022 0.2958382382144137
v 0.004500696811747971 -0.5331528021298649 0.29616579145899524
v 0.004329622470132239 -0.549036530011998 0.29650612833263124
v 0.004162832429345535 -0.5649185308740179 0.2968478884184051
v 0.047938843794529284 0.40297383309218665 0.2888216753125193
v 0.03363373653292738 0.3963303416717525 0.28724660463786467
v 0.019266648548333393 0.3897965129873197 0.28562250998280153
v 0.0050161528679771175 0.38284396540471444 0.28418700844742506
v -0.006862239541532653 0.3733637048719797 0.28429603125064773
v -0.013525922795542263 0.35912531089488425 0.2871942428923878
v -0.020422095384694694 0.34498030546655467 0.2900270347452163
v -0.022867214474150813 0.3305965524933058 0.292005863167022
v -0.016824838310642225 0.315712680070455 0.29240512793666484
v -0.010885339716733621 0.3007720806811899 0.2928030792761115
v -0.005442582232551327 0.2856322635689445 0.2934419961324601
v 0.0001258120755978586 0.27042498531180653 0.2939635573317757
v 0.005603720786528049 0.2552326414107002 0.2944747194424979
v 0.0076019224913429296 0.23920427952432838 0.29582422834350397
v 0.00979519615572208 0.22319373225968064 0.29709469806523686
v 0.009171606079741964 0.20713263453093783 0.2979409544209878
v 0.006756232822352668 0.1910336040656617 0.29856113105869675
v 0.004542978684993969 0.17493955767813255 0.29920140838214077
v 0.00204743210785308 0.15882269335426802 0.29968691247718154
v -0.0005161958862708632 0.1427510557152694 0.30010481215865004
v -0.0030798238803948076 0.12667941807627073 0.3005227118401186
v -0.005886369583246203 0.11062417294669104 0.3007754305888678
v -0.008858610713452028 0.09462550601453942 0.300942039036238
v -0.011447422565186202 0.07859510598014369 0.301184346969608
v -0.013037978369402906 0.06237486918728154 0.3016955031086139
v -0.014431583852585465 0.046191791060808146 0.3021930929453245
v -0.015326529261028093 0.029939245813019946 0.30279888422996065
v -0.016619718545928544 0.013745052507544755 0.3033163983466478
v -0.017199342269128275 -0.0025314640194249454 0.3038395552116757
v -0.01726334681462283 -0.0187921841938283 0.30431085646417183
v -0.016467753689877518 -0.035031024864410724 0.3046977170085506
v -0.015672160565132206 -0.05126986553499316 0.3050845775529294
v -0.01481180125731912 -0.06749693617497628 0.30545336730519057
v -0.01357907738836737 -0.08370236123387559 0.3057198071326887
v -0.012376615590259052 -0.09990207969707507 0.30599220245092273
v -0.011444398670980621 -0.11608776641791434 0.30633030426198576
v -0.009807293630897796 -0.132223266842847 0.3064524502115715
v -0.008214518647583682 -0.14834170722653506 0.3065852460448376
v -0.006570082332655099 -0.1644403556465943 0.30669219447747686
v -0.004895138538583789 -0.18053286118231743 0.3067865338949667
v -0.002961667242337219 -0.1965790422947386 0.3068000586771205
v -0.0012247069828764234 -0.2126379729160373 0.30687109684818503
v 0.0005399930256580897 -0.22868112378612265 0.3069405356412057
v 0.0022424983080696365 -0.24472891275475872 0.30702498279435675
v 0.003463748777458313 -0.2608021429373828 0.3072320641049921
v 0.004856019223970283 -0.2768472542480132 0.30739144294654264
v 0.006012433717657687 -0.2929065167012143 0.3075899427253962
v 0.00651370811495058 -0.3089913305153636 0.30785442683034986
v 0.006777090825338612 -0.3250483205022132 0.30814489080368446
v 0.0070391827898326565 -0.34110394697863694 0.3084350647709503
v 0.007291086632689961 -0.3571586058619494 0.30872560113996905
v 0.007324778296828429 -0.3731848163236225 0.30901998238003864
v 0.007270411712402183 -0.38921448924440816 0.3093158705121534
v 0.006983299640684611 -0.4052212414848312 0.3096110101714782
v 0.00668632368818061 -0.42121115742630033 0.30990424380114334
v 0.006329558968335709 -0.4371939606315555 0.3101992955902616
v 0.005949503858586405 -0.4531524887338884 0.310498520623929
v 0.005534681724376382 -0.4691060040041094 0.31079559902865894
v 0.005281052659753289 -0.4850427898542581 0.31110134084223995
v 0.005010719169381192 -0.5009708942454735 0.31140963975445246
v 0.004846639196888785 -0.5168735487849361 0.311737192999034
v 0.0046825592243963775 -0.5327762033243988 0.3120647462436157
v 0.0045200876692388986 -0.5486698899433818 0.3123986134204814
v 0.004385849330949296 -0.5645467154011607 0.3127456665923798
v 0.042864476890373114 0.41099072326719127 0.3018127403124164
v 0.028559374078540645 0.4043472201556153 0.30023767843686094
v 0.014602895716792675 0.3969674733686355 0.29913244795940575
v 0.0014028594099731164 0.38809125470786077 0.29886851528110875
v -0.010620304378192516 0.3786622947363354 0.2989498041328848
v -0.015902127347371307 0.36388181609365977 0.30224371653978727
v -0.02136610011588166 0.3494676736119416 0.3050587986829374
v -0.016087382375014045 0.33425414656417346 0.3060090968200908
v -0.010020551094517709 0.3193737163860966 0.30639533997789703
v -0.005130825327952554 0.3039693662015778 0.3073133212126299
v 0.0002723202556097088 0.2887891708749331 0.3079629059679138
v 0.004276476363064404 0.2732186503523488 0.3088615716567422
v 0.005736799831961703 0.2570885450354153 0.3102338057689808
v 0.008130252978110382 0.24105866470724183 0.3115720226460995
v 0.0064784247630816074 0.22501650977276938 0.3122365198427044
v 0.004063368693459312 0.20890799046445135 0.3128625737883699
v 0.0016483126238370173 0.19279947115613336 0.3134886277340355
v -0.0007690305034549092 0.1766523117670582 0.314037050342031
v -0.003239971001230411 0.16051560468053178 0.31454090789487543
v -0.005962028749966308 0.14439795868385097 0.3149034136561842
v -0.008636773650443665 0.1282940524449005 0.3152824620432476
v -0.011371701094566354 0.11223397439067756 0.3155838802912573
v -0.013246773318184872 0.09606774998848774 0.3159911663487478
v -0.013817383144597531 0.07973979616340775 0.31663766744384814
v -0.014637979415529447 0.0634443472482429 0.31727170794890025
v -0.014659234248934514 0.04711740910261928 0.31785986796123505
v -0.01537011237699125 0.03085275848286124 0.31846684434438854
v -0.015263427107723352 0.014582191667383778 0.3189481731561376
v -0.014578984893730162 -0.0017057594700025948 0.3193690138224739
v -0.013540825868786202 -0.017967354827343674 0.31970632176216607
v -0.012745479403037918 -0.03421413867496705 0.32009537560276025
v -0.011950132937289635 -0.050460922522590435 0.32048442944335437
v -0.01074423041984642 -0.06669664794748571 0.32076226695479526
v -0.009472523165935215 -0.08290249667273059 0.3210186124789876
v -0.008141428684978202 -0.09910645412322623 0.3212582108968432
v -0.006785038672064951 -0.11528196826097008 0.3214740749156943
v -0.005186514224891556 -0.13143748606340405 0.3216117698674049
v -0.0035137794909968446 -0.14755450017235489 0.3217195561054619
v -0.0018860436814813674 -0.16367011156217404 0.3218371531605561
v -0.00036969174822953487 -0.17979194026071404 0.3219802488790351
v 0.001291874685353989 -0.1958724928194735 0.32206989713613476
v 0.0023893775479194536 -0.2120105458599307 0.3223097586444782
v 0.00392351721429087 -0.22808682707652544 0.322438115452892
v 0.00475201856746529 -0.24419740551272878 0.3226772755302054
v 0.00570515909604619 -0.2602927792692393 0.3229184761639344
v 0.006802037753602063 -0.27636037605083896 0.3231320543941094
v 0.00709071657984992 -0.29245956582573934 0.32340914409594973
v 0.0070354966760113715 -0.3085671788938986 0.32371545525522216
v 0.007293433273780543 -0.324641307981402 0.3240105260964855
v 0.007447712597959299 -0.3407011205212194 0.32430256922378875
v 0.0074507971232881 -0.35675528505499127 0.32459674832806223
v 0.00731128794021331 -0.3727970856470539 0.32489327136326474
v 0.007174436966636163 -0.3888194339450821 0.325188988563737
v 0.006857143907646912 -0.40482575896623557 0.32548433183573194
v 0.006533708900753025 -0.42082841825093165 0.32577953695034073
v 0.006131131109062422 -0.43680994381860305 0.32607530959082864
v 0.005753625118609398 -0.45277396004098036 0.32637393626784955
v 0.005540207909804458 -0.4687313916605612 0.3266780380253793
v 0.005291782338536338 -0.48467108733136666 0.32698324815843016
v 0.0051217664548496595 -0.5006015745652205 0.3272967349422634
v 0.004984022214954431 -0.5165112664975168 0.32762385436880737
v 0.004837616440795238 -0.5324091862646632 0.3279544693187104
v 0.004719781320398339 -0.5482973805583882 0.3282946811591285
v 0.004608866232553054 -0.5641748999283036 0.3286434447663543
v 0.03768237673965278 0.41925019215351034 0.3146386914249447
v 0.023696900956764584 0.4118073892886551 0.3136477481596819
v 0.010149136765488941 0.4036564765096091 0.3129809670059397
v -0.0026195436259221997 0.39403558061074384 0.3131499502808487
v -0.014378369214852384 0.38396088460069105 0.3136035770151218
v -0.016769214410866835 0.36859433615581116 0.31688999608104534
v -0.01480821850734904 0.3531417379760833 0.31910368817896595
v -0.009024006014777911 0.33804493703013017 0.319799828937248
v -0.003666863141456169 0.3228550520753489 0.3206069858810766
v 0.0002840132020839278 0.3072273296923599 0.3217871025576081
v 0.0028821040209539395 0.29125875680516833 0.323231985155528
v 0.00476524325555258 0.27516783503100617 0.3246476832527767
v 0.005972529676681681 0.25899416516850116 0.32600291547005006
v 0.004775890902297761 0.24286396733181126 0.3268447677296037
v 0.0013178302156584584 0.2268771528471954 0.3271205063255649
v -0.001236891258932741 0.210784930641701 0.3276996506656688
v -0.0033175376034969657 0.194569535468014 0.32842225993382346
v -0.0058521008187241725 0.1783656807823174 0.3289379937057287
v -0.00853794554920753 0.16221385060402968 0.3293863143062802
v -0.01123705927036099 0.14609446303774543 0.32976173506801765
v -0.012332858646871472 0.12978085626349384 0.33043692189717483
v -0.012959056250457459 0.11341242910884919 0.33113666043195167
v -0.013481152711198416 0.09706571250199832 0.331808058828614
v -0.014002451695133696 0.08073027270843879 0.33245523838872426
v -0.014517441732775279 0.06438614952280661 0.33308970759720724
v -0.01416676485651254 0.04805152288418879 0.33364366589140193
v -0.013680756879353793 0.03171769115232907 0.334181627191378
v -0.012481717543495814 0.015417533470149992 0.3345129061830657
v -0.011276035539012198 -0.0008677463837924548 0.33483743963738455
v -0.010045508452739105 -0.017137112924939135 0.3351482646577651
v -0.009022814899730636 -0.03338468631715148 0.33548956438515654
v -0.007592034056654937 -0.04961909199838115 0.33570113150944314
v -0.00628405196836336 -0.06586769982175991 0.3359562773435819
v -0.0050410214199028665 -0.08209228367343124 0.3362257831253306
v -0.0037693141659916525 -0.09829813239867624 0.3364821286495228
v -0.0021391680230964916 -0.11447572654936142 0.3366208031161719
v -0.0005294384469823575 -0.1306317025658857 0.3367560712389887
v 0.0009838681712335702 -0.1467847138684856 0.336913558420327
v 0.0021100852355700763 -0.1629721578299711 0.33717478583387983
v 0.0037710265186452012 -0.1790787031719588 0.337273416197077
v 0.004555927875098182 -0.19525106892706967 0.337566731643525
v 0.005730647690172244 -0.2113835296308823 0.337790698676672
v 0.006384801849448762 -0.22754382405571222 0.3380742921753427
v 0.007094212582569423 -0.24368022532319372 0.3383667121355436
v 0.007583410022694751 -0.2598143446464266 0.33867510530117045
v 0.007751536399126421 -0.27591883968152514 0.33896085306930235
v 0.007603294855436251 -0.2920363990058642 0.33927050311123663
v 0.007557285237072163 -0.3081430272724336 0.33957648368009447
v 0.007663466875713527 -0.32422304747184477 0.3398742744927124
v 0.0076346179922578165 -0.3403049019944197 0.3401735778028057
v 0.007545271879490055 -0.35635217587907686 0.3404692322221253
v 0.0072229324931471104 -0.37239939858600024 0.3407633954744371
v 0.006915324871695892 -0.3884294718774572 0.34105958103187134
v 0.0065749417281830164 -0.40444064567787513 0.3413549221925146
v 0.006217557110138852 -0.4204420623776447 0.3416504340468256
v 0.005896088086213454 -0.4364262483754809 0.34194854886110493
v 0.005730053524789205 -0.4523981998525698 0.34225345776425226
v 0.005532728469111563 -0.4683516232941995 0.3425589672490632
v 0.005305889611258998 -0.4843022552332686 0.34286349394012916
v 0.00519448450285099 -0.5002278052975188 0.3431827395716609
v 0.005080400529375021 -0.5161458147667128 0.34350621227620914
v 0.004976364582879608 -0.5320410484199528 0.3438418987810468
v 0.004903722579798897 -0.5479282534122769 0.34418457900584754
v 0.004821175331999247 -0.5638091843627155 0.34453207947517367
v 0.03239255239158088 0.42775221937538777 0.3272995425190884
v 0.018620763760651908 0.4197884593351453 0.32668322879764256
v 0.005705368620227047 0.41049131336888656 0.32680866665062125
v -0.00705688433853638 0.40096423736785847 0.32696425608096835
v -0.01161367326303239 0.38779703587956627 0.3285243438369836
v -0.011549319631711118 0.3720728805445216 0.331520498319931
v -0.008765409053180285 0.35669686467661993 0.3334075504699475
v -0.0035399990751167564 0.34146042911396046 0.33431769939568645
v -0.0015488051359472247 0.32542484104541375 0.3360258604269953
v 0.0011860898437802939 0.30946871415176563 0.3374965743498508
v 0.0035896167550037166 0.2934289589177822 0.3389506693380018
v 0.005040481339812366 0.2772173935743949 0.34035545307944964
v 0.00218802931699117 0.26103715063410904 0.34100728392492813
v -0.0006011127866474711 0.24490490081972935 0.3416145357472453
v -0.003606765961518661 0.22876108182883859 0.34207014283462267
v -0.006467105398996385 0.21263948448791087 0.34255695212225357
v -0.008205651860168644 0.19631475570834928 0.3433783371199677
v -0.010503781061722098 0.18007949986815747 0.3439611571568112
v -0.011006242042567966 0.16366233085936072 0.34475562194859644
v -0.01185056241911699 0.1472507244156031 0.34550723538955946
v -0.012677353971390658 0.13088324130195522 0.34624323843477767
v -0.013226915835243488 0.11450632658341645 0.3469299039330097
v -0.012736709140919728 0.09811361503484084 0.3474974179477103
v -0.01193274856225974 0.08171952029004732 0.3480143470904105
v -0.011059929066821302 0.0653597037041255 0.3484983159663043
v -0.010394946138984052 0.04902016359483692 0.3489966166390806
v -0.00923976920373645 0.03267178493375144 0.34935659781675177
v -0.008037080127354141 0.016336616202579847 0.34969784599468723
v -0.006830592279199376 4.781268430762461e-05 0.3500232485020999
v -0.005838954921960769 -0.016241259236322463 0.35039746704232194
v -0.00455928423622855 -0.03253151597722852 0.3506738733974264
v -0.003058600142371424 -0.04877384597400601 0.35086885977038956
v -0.0018054590189604176 -0.06502672109694034 0.35114183698701323
v -0.0006095196738704887 -0.0812820706741319 0.3514329537716736
v 0.0008485655661072659 -0.09747904676415772 0.35163064616768314
v 0.002075944192228213 -0.11370630627846925 0.35187368008251385
v 0.003129903988038687 -0.12992618662625727 0.35215268474267497
v 0.004385682621331944 -0.14611844977780536 0.3523848790373255
v 0.005823044371049164 -0.16228817069337562 0.3525707287421516
v 0.006409684843087836 -0.17849591925609487 0.35290519168222795
v 0.006972395014482474 -0.1946910303441721 0.3532380347749238
v 0.0072474057410054265 -0.21087346658370953 0.3535637026994176
v 0.007442981919516721 -0.227060315120669 0.3538983497088616
v 0.008080608117293294 -0.24320376405313604 0.35419666893971624
v 0.00797762356586377 -0.2593646745819993 0.35451358836798225
v 0.00798499009651967 -0.2754930899960466 0.35482403812748126
v 0.008033835808540914 -0.2916124730576465 0.35513239881759734
v 0.008013406220020548 -0.3077214248595981 0.35543868909405785
v 0.007713935890911133 -0.3238120921278228 0.3557380543585259
v 0.007420040830723541 -0.33989957469156656 0.3560372798395779
v 0.007124034983083761 -0.3559604909840017 0.35633417692840974
v 0.006793498792859411 -0.3720091266037872 0.35662862977009296
v 0.006496088470455283 -0.38803370255557235 0.35692552481766593
v 0.006208714485615624 -0.4040528679416382 0.3572231181562763
v 0.00597638870340109 -0.4200607022732127 0.3575221665488671
v 0.005787045767678672 -0.4360525011477372 0.3578223773974041
v 0.0056515191825039545 -0.4520267913096111 0.3581291935177551
v 0.0054758876858066186 -0.46798414968066104 0.35843557838628093
v 0.005377542544086851 -0.4839357619524069 0.35874397866950414
v 0.0052786525863909965 -0.4998590551159064 0.3590653650595772
v 0.005201339214519171 -0.5157807986571027 0.35938818476332546
v 0.005155309212453139 -0.5316723812867885 0.3597281877613805
v 0.005099979044337967 -0.5475661213848749 0.3600659781780807
v 0.005022777528705484 -0.5634495681920259 0.3604115714868566
v 0.027102728043508984 0.43625424659726536 0.33996039361323205
v 0.013961948422412853 0.4273746504462167 0.340043690296759
v 0.0012342734867742382 0.41772232052260627 0.34048913133212066
v -0.009193236361038002 0.4070721834101596 0.34114241844579657
v -0.007913655228201966 0.39131583896662725 0.3437014956482673
v -0.006634074095365932 0.3755594945230949 0.3462605728507381
v -0.003823977501911167 0.3599767770083456 0.34813321448972895
v -0.0005427194095612821 0.3442545331389364 0.34978792767836475
v 0.000863235237381759 0.32807679606417606 0.35152033539348376
v 0.0025148812316787127 0.3119174768008589 0.35315830139206417
v 0.0027983162481991894 0.2957109294475838 0.3543883854052714
v 0.0002396649340663951 0.27938620737369035 0.3552622948763623
v -0.0029728954156906925 0.2631760933068711 0.35580583079528333
v -0.006173819931036784 0.24701375166887388 0.35630649584972207
v -0.007714327145129714 0.230647333045534 0.3571142219432994
v -0.008429492741970416 0.21415552026655127 0.35812030265670447
v -0.010302146291989231 0.19783479105566132 0.3589063655586133
v -0.010702708214133692 0.1813235182386972 0.3597331925937364
v -0.011207547766202962 0.16487880223384563 0.3605332046928857
v -0.011654569373276864 0.14845765652984125 0.36123428652730877
v -0.010636851839182683 0.13200205957972896 0.361772487335033
v -0.00975141380505643 0.11555749034951192 0.3623024637509369
v -0.008930086779690694 0.09916099877614815 0.3628327660466668
v -0.00813058145242746 0.08276751892247289 0.36334626439205286
v -0.007205569998941957 0.06635407237137642 0.36381987453402426
v -0.005973262821872947 0.049974422815822525 0.36417649377658307
v -0.004798781528119102 0.0336258787151738 0.3645315684421255
v -0.003600189073484597 0.01728957098910786 0.36487443182855894
v -0.0023905828562819998 0.0009632754852403519 0.36521031869549786
v -0.0012808886886106923 -0.015355278270174974 0.36554663134868737
v -3.3301478218921614e-05 -0.03165116717882459 0.36583039913129595
v 0.0009507291373401128 -0.04796682932788336 0.3661684309646011
v 0.001874858238834912 -0.06426226753861489 0.3665255976472006
v 0.003091344192775961 -0.08051756200595152 0.36681233638634037
v 0.0040347067783291736 -0.0967957510494663 0.36713508953831425
v 0.004997347783118413 -0.11304748475097223 0.3674442617256061
v 0.006128299887866353 -0.12928036124759007 0.36771302113282983
v 0.006766354151168359 -0.14551366411000438 0.36802187390393104
v 0.006796800096301492 -0.16176481424402656 0.3683921114407328
v 0.007212631451478395 -0.1779865387567462 0.36873680323261154
v 0.007469972555046777 -0.1942060023712906 0.36907612528032663
v 0.007795214626141432 -0.21039606097195573 0.36940651916978684
v 0.008069854671741199 -0.22658454368295744 0.36973409919731276
v 0.007990237402615875 -0.24276049018409085 0.37005687876863935
v 0.0078913400723908 -0.2589205751082013 0.3703758940374119
v 0.007830907238344028 -0.27506375426004553 0.37068975846355373
v 0.007708008234397212 -0.29119477258516613 0.3709944836704615
v 0.0074895884135540896 -0.3073184264767699 0.37129875360265946
v 0.007194542069543537 -0.3234096576496202 0.37159873898285734
v 0.00691566755458595 -0.33949260420222394 0.37189780962701713
v 0.006657100440779221 -0.35556652664943506 0.37219655332975904
v 0.00642216651112774 -0.3716241344316633 0.37249452755099877
v 0.006248093337650761 -0.3876561646498521 0.37279522006534593
v 0.006015093202677969 -0.4036811988781628 0.37309406603230083
v 0.00581814131353654 -0.4196836910855181 0.37339406351835885
v 0.005744913279537268 -0.4356837249771959 0.37369550746837676
v 0.005601992642218566 -0.4516565374216206 0.37400289297386063
v 0.00552948553446355 -0.4676190982618349 0.37431369685604554
v 0.0054703354772745 -0.4835691824213689 0.3746240428548072
v 0.005390654071256021 -0.4994966988567187 0.3749440039317881
v 0.0053548984198869 -0.5154186679873758 0.375267808091418
v 0.005313393979700945 -0.5313092007694891 0.37560888775560813
v 0.00527188953951499 -0.5471997335516025 0.3759499674197983
v 0.005224379725411721 -0.5630899520213363 0.37629106349853964
v 0.021976469053580916 0.4443846101257856 0.3530405746860691
v 0.009393277228435668 0.4348300078271728 0.35350409613944295
v -0.0029296088233676035 0.4248610382489796 0.3541684358333689
v -0.0062644514253838495 0.4106440644824228 0.35645704306214265
v -0.004942527953831349 0.39487359543382805 0.3590003098008403
v -0.0037190820889243963 0.37911869130779624 0.36156263701435276
v -0.0005907705750674609 0.36315040815395294 0.36336920288998686
v 0.0014786372663014025 0.3470650736476359 0.36522336896100066
v 0.0012298034483763582 0.3307026967272022 0.3668730040220203
v 0.0006906802549963742 0.31435506665158464 0.36840169193624117
v -0.002002500157546749 0.2978797432468792 0.369295227202184
v -0.004561151471679542 0.2815550211729857 0.3701691366732749
v -0.007755907351822769 0.2653417865883753 0.3707216679196045
v -0.007455068306635147 0.24870462554117315 0.3717776862636393
v -0.00854475087166639 0.232179522609809 0.3727760110736468
v -0.009856349207362138 0.21567301115524573 0.3737631405433925
v -0.010046358429144395 0.1991499449167394 0.37459167936773696
v -0.009571585030327292 0.18261650695371578 0.3753264520846837
v -0.00895324710638954 0.16608553730499542 0.37601479624832407
v -0.007944560938059146 0.14958193760704225 0.37657057427356344
v -0.006926843403964964 0.13312634065692996 0.3771087750812877
v -0.006037026384295782 0.11667759308092868 0.37763863898068306
v -0.005140889769939591 0.10020996313858126 0.3781662240491069
v -0.004043035187496588 0.08377035773792975 0.37859992277967647
v -0.002988582531964924 0.06734328269787895 0.3790353036842595
v -0.001798114589794242 0.05093079485795028 0.37941903175746294
v -0.0005515726038938809 0.03457653312106608 0.37975578215669115
v 0.0001881630024158506 0.018173255975166315 0.3802176056552282
v 0.001112762735749166 0.0017993570023629563 0.3806262226405899
v 0.0021921612948880608 -0.014549417597443156 0.3809785842385014
v 0.003317632681943789 -0.030877872922928856 0.3812932439166533
v 0.004405724000619603 -0.0472092872793047 0.3816108247693845
v 0.005009610372194661 -0.06354442532522372 0.382045843659178
v 0.00596648600457314 -0.07983126412133608 0.3823854816822409
v 0.0067598785129443905 -0.09612336065819724 0.3827246794523996
v 0.006912777375993993 -0.11243857798273937 0.38311625453774684
v 0.006973405095872314 -0.1287251872530309 0.38349340689065
v 0.007092860841454303 -0.14500574491112614 0.3838649868675779
v 0.007443554304762463 -0.16124925696322986 0.38422447264874837
v 0.007681557207843096 -0.17749248580067511 0.38457992941338315
v 0.007783206586706245 -0.1937193557130034 0.3849261220067692
v 0.007798868873642348 -0.20993386761969735 0.38526159359931555
v 0.007689338105732764 -0.22614056839274602 0.3855875454534212
v 0.007575717779334023 -0.2423309771897989 0.38591428307904607
v 0.007523397004433252 -0.2584889922991998 0.3862339938484018
v 0.007392061266671191 -0.2746547913310416 0.3865485699713155
v 0.007188175913330168 -0.29079021543614714 0.3868524618409405
v 0.006967506035489743 -0.30691062631852734 0.3871571919889998
v 0.006784037406536503 -0.32302141114989363 0.3874622372093792
v 0.006538546621456077 -0.33911101676126804 0.3877623635585845
v 0.006328714907255122 -0.35518078233534955 0.3880621426555236
v 0.0061521359190852875 -0.3712429783708024 0.3883624101578917
v 0.006016573384752238 -0.3872792181137219 0.38866338456903093
v 0.005896577151849782 -0.40331248599233593 0.38896462396835607
v 0.005819854950480488 -0.41932029446660574 0.38926659908243616
v 0.005732163577998174 -0.43531757697170403 0.3895683867708538
v 0.005677195829708064 -0.4512927551537771 0.38987708337673005
v 0.005629820902279965 -0.4672617999891076 0.3901875911697914
v 0.005569457293283774 -0.4832076473139875 0.3905009630511847
v 0.0055398341274336994 -0.49913660581790653 0.39082265472216793
v 0.005507960578779332 -0.5150563823763967 0.3911475760005078
v 0.0054734964888659985 -0.5309524741059334 0.39148575394380974
v 0.005437027933167282 -0.5468471659415906 0.39182471164661214
v 0.005414692012437233 -0.5627323358346467 0.39216655554222224
v 0.016873576543387687 0.4524618788409692 0.3661806600415767
v 0.005326530179487265 0.4420089569090033 0.36722089349118436
v -0.003764583238430736 0.4293957708163515 0.36964792186581974
v -0.004374148690010386 0.41433107372365896 0.3719889563809091
v -0.00240749274182697 0.3984650185109236 0.37437955073504664
v -0.00032160148775931625 0.38260306319718335 0.3766078017854727
v -0.0002297114044839257 0.3663354794280459 0.37869400160131206
v -0.0009982422144450024 0.34988998819484934 0.3804928045012171
v -0.002549116364285426 0.3332757939242821 0.3819382786265842
v -0.0037906954366081725 0.3168814848445293 0.38326193208342024
v -0.006498544395265652 0.3003897404380332 0.3841576072721025
v -0.0075448959261128655 0.28370508680864176 0.38520916561736107
v -0.007851043178911447 0.2669595266852685 0.3863640152427169
v -0.0076077459932333905 0.25029480906598167 0.38745389837529326
v -0.008316587323445148 0.23373780033107425 0.38847143609295837
v -0.0075739978735765495 0.2170988319458597 0.38923579819614845
v -0.006755117828890134 0.20047370991512206 0.3899563420990731
v -0.006011203881539549 0.18386453656029905 0.3906639628284325
v -0.005223038609209243 0.1673171840349805 0.39131176979867277
v -0.0042165568946863595 0.15078973604764623 0.3918755125111375
v -0.003239887194894942 0.13424690451875834 0.3924460341389215
v -0.0023079311235531825 0.11773603375700648 0.3929702630148598
v -0.0013493406064585584 0.10122836711070192 0.3934812298309154
v -0.00023938849336705673 0.08476506926395949 0.3939237163714805
v 0.001021099277657748 0.06833582804821349 0.39430174388743144
v 0.0022661973418003495 0.05190100896324613 0.3946760629903063
v 0.0029998042871050654 0.03545346774893406 0.3951567138950388
v 0.00358239674430765 0.019014845575618708 0.3956620153126148
v 0.004514324539272251 0.0026302503669432507 0.3960665219043242
v 0.005467696184978051 -0.013758140261741766 0.396461264650177
v 0.0056076910984898184 -0.03015916004901437 0.396914351260413
v 0.005787573091059496 -0.04655505723028064 0.39736608850124233
v 0.006538399017514183 -0.06288738993582214 0.39775346054660476
v 0.006699874543549974 -0.07924921741346888 0.3981684239029144
v 0.006888707996795228 -0.09557050136409179 0.3985666786568719
v 0.007006313095179192 -0.11190115329186169 0.39895974882870766
v 0.00712256751913576 -0.12819874822181584 0.39933908504680843
v 0.007259443021248136 -0.14448852206560972 0.3997118960630172
v 0.007471918034074191 -0.1607504723944627 0.4000754583505954
v 0.007417502432690657 -0.17702216094367607 0.40042899547048405
v 0.007490338805514609 -0.1932595967956998 0.4007769748012148
v 0.007403575652296461 -0.20949772124924074 0.4011163526601353
v 0.007298695664933906 -0.22569992431573618 0.4014419500333989
v 0.007185927750005856 -0.24188892197191522 0.4017687500691278
v 0.007063507948237558 -0.25807115994496443 0.40208918299603374
v 0.006943523151049298 -0.2742465955738287 0.40240559006918386
v 0.00672086169386098 -0.29038457572032433 0.4027102423757932
v 0.006586373048114817 -0.3065145754123567 0.4030179324105695
v 0.006399240036742372 -0.3226293818189919 0.40332400889363396
v 0.006277693106477622 -0.33873021160613803 0.40362824210459003
v 0.006196726095156129 -0.3548113292059537 0.40392951819501594
v 0.006101268790869019 -0.3708767528728125 0.40423111747830603
v 0.006001575880446107 -0.38692278389258994 0.4045332022769135
v 0.005940103161721972 -0.4029443141206865 0.40483548989371965
v 0.005878328803687116 -0.4189664664807885 0.40513772041537865
v 0.0058047880443265025 -0.43496299139755223 0.405440601579413
v 0.005772247241350821 -0.4509390956512258 0.40574975121626755
v 0.005725914385257185 -0.46690209975033226 0.4060614916276771
v 0.005704340491211069 -0.4828524669864295 0.40637653220342634
v 0.005676219273036105 -0.49878531171143237 0.4066969164213132
v 0.005660255602008146 -0.5146957897934965 0.4070270766930314
v 0.005645434628035975 -0.5306056000299689 0.4073576132456016
v 0.005621794895018806 -0.5464924849981325 0.40769882916777755
v 0.005603391455222643 -0.5623750053599572 0.4080414761619049
v 0.012270161353290234 0.46007256108364397 0.37971089294342986
v 0.004143575615311377 0.446826736980274 0.38251464616609304
v -0.004450501902820327 0.43388413817763044 0.3851302753455381
v -0.003042233636063864 0.4180062964236012 0.3874797143232951
v -0.0017946377968582148 0.4021250631688905 0.3898173111088804
v -0.00198589791218531 0.38562117348495945 0.39210969132990303
v -0.001963316808560388 0.36931407923223153 0.3942117047963567
v -0.0034751216951914247 0.35271490274206285 0.3957622400414336
v -0.005545193299129756 0.3360002945873153 0.3971263036026125
v -0.005656155121576573 0.31910418043426503 0.3983675997814504
v -0.005593111432029877 0.3022907197623421 0.3995232425664144
v -0.0055300677424831805 0.2854772590904192 0.4006788853513784
v -0.005832510387529491 0.2687310176261199 0.4018337429356109
v -0.005969194920682985 0.2519743268788393 0.40293236371760316
v -0.0050744081354257165 0.23515784563282394 0.40378676144808373
v -0.004212907859541584 0.21849669332758548 0.4045520015765402
v -0.00327789335978937 0.20179231412101523 0.4052671311857471
v -0.002323658385177312 0.1851518074356726 0.4059328055087812
v -0.001377125909793862 0.16852795223192174 0.4065785332970341
v -0.0004548502572715557 0.15193690545318816 0.407184499757118
v 0.0003063268965264607 0.13533714115148654 0.40779369154123046
v 0.0012835655991465785 0.11879602831882348 0.40832078907582703
v 0.002420922656657676 0.10225188868976165 0.4087989273925636
v 0.003546324127171578 0.08576040870064183 0.4092499561557873
v 0.003969249064698186 0.06925072777547087 0.40978171389978957
v 0.00419323503533324 0.052722932737021805 0.41035156663814365
v 0.004919723975080147 0.03626245573486028 0.41083403689332165
v 0.0054305685682657515 0.01979913947634389 0.41130720269338195
v 0.005721318950410021 0.0033455348859623207 0.41179108608848813
v 0.0059813625190520735 -0.013101985852025025 0.41226084340469527
v 0.006190872763982103 -0.029542653602902064 0.41272242941636983
v 0.006538251663365958 -0.04593496845790417 0.413165008738627
v 0.006684237141419337 -0.06231336313348878 0.4135877268951923
v 0.006845131546958948 -0.07867534679063154 0.4140025816917563
v 0.00699031544552838 -0.09502122232118508 0.414406696419026
v 0.007099841831507377 -0.11135296741320527 0.41479922679196285
v 0.007181874948092014 -0.1276760133217043 0.41518387300822823
v 0.007230409754302336 -0.14398500109206547 0.41555707965142863
v 0.007226469150466533 -0.1602845727152803 0.41592419486261534
v 0.007180738074700574 -0.17655021284864877 0.4162771626553152
v 0.007104672292394064 -0.1928074609714025 0.41662512037550015
v 0.006999204269908947 -0.2090443573427292 0.41696388179978816
v 0.0068984782809258256 -0.2252648250765236 0.41729719165910395
v 0.006851621723492828 -0.24147546881119367 0.41762517551975764
v 0.006700350705588903 -0.2576603240934704 0.41794463364679424
v 0.00649910617327569 -0.273832219464544 0.41826049418256284
v 0.006408578263715055 -0.2899899806222311 0.41857219505689125
v 0.006314771185618932 -0.30613072635787025 0.41888106394306157
v 0.006267875334445768 -0.32225500457505585 0.4191893182602384
v 0.006215874153861826 -0.33836344525539275 0.41949534701194763
v 0.006147738442550178 -0.35444995551393155 0.41979788337749285
v 0.006061045781378331 -0.37051007231351113 0.42009976311445946
v 0.006033526893871587 -0.3865686063173819 0.420402434986014
v 0.005977268213529551 -0.4025892617445931 0.42070515179883833
v 0.005918087122851081 -0.41860606548280327 0.42100787318152266
v 0.0058996114084609065 -0.43460925469248224 0.42131325130490377
v 0.005872675287452716 -0.4505907131884227 0.42162151128085185
v 0.005855538546040566 -0.4665457136240703 0.42193595142412665
v 0.005838241520439797 -0.4825006262091983 0.42225039593405567
v 0.005827733511097221 -0.4984351543667424 0.42257233336180317
v 0.005813040202550777 -0.5143484100781439 0.4229015620935961
v 0.005802361946299152 -0.5302562449147643 0.42323237080583437
v 0.005795629127014102 -0.546141908560698 0.4235721711348721
v 0.005785871500778298 -0.5620212915429503 0.42391468262387433
v 0.009165345961958248 0.46628332712256726 0.3944116995849076
v 0.003432425292598326 0.45189182786245075 0.39788773499365376
v -0.003460208546722103 0.4382645451783987 0.4004680529562921
v -0.002970676611396459 0.4219465700900614 0.40282525695258226
v -0.0022485661777261598 0.4057625899846132 0.40517644534042696
v -0.0029537358767097303 0.3890363089589402 0.4074526757684173
v -0.003449518557846312 0.3722157623285205 0.4096562803047384
v -0.003606543236405302 0.35524025127295233 0.41102160627324874
v -0.0037683075458443092 0.3382819107517018 0.41237747726173246
v -0.0037437352210723572 0.32119138537046427 0.4137043048115061
v -0.0036344905199269945 0.30423579920950183 0.414919956549779
v -0.0035252458187816325 0.2872802130485395 0.4161356082880519
v -0.0030311377438692376 0.2704107812488228 0.4171575716228443
v -0.002335071643212057 0.2535565150113527 0.41810099145398727
v -0.001336814729060362 0.236697551393878 0.41894905085233236
v -0.00036365325979848396 0.21994748979678297 0.41973517371843627
v 0.0006033517138623443 0.2032080832225546 0.4204363395174728
v 0.0015710384284765742 0.18646817099179075 0.42113709128665694
v 0.002530289467955219 0.16977353300198378 0.42181590461448887
v 0.0032078577212740276 0.15311033872179422 0.4224714725544337
v 0.0038767184372828943 0.13644464463399067 0.4231287543001736
v 0.004416862964476152 0.11983229314087954 0.423728917178239
v 0.004611834954522656 0.10321780937549246 0.4243440259875303
v 0.004835163555830812 0.08659217065925486 0.4249536629749197
v 0.005292203958627271 0.0700621918745258 0.4255066029638487
v 0.005762095827361192 0.053538654688986505 0.42605635222443955
v 0.006015292124440439 0.03700541548260642 0.42658917534929824
v 0.006168221656716457 0.02051513332539607 0.42709357735742026
v 0.006316856730345002 0.004028608138428633 0.42759485297620914
v 0.006411393642530527 -0.012444835015965014 0.42806803856310305
v 0.006479344122510291 -0.028922442260076568 0.42854177485586065
v 0.006733944600413922 -0.045333439948365355 0.42898911394328176
v 0.0068526124624897575 -0.061726904002988914 0.42941739983163363
v 0.006886547026333635 -0.07812553152725546 0.4298390469908019
v 0.006905966775427871 -0.09450097659125012 0.4302464406432804
v 0.006948467586644675 -0.11085062003347879 0.43064232768736466
v 0.006951751544385492 -0.12719854432172967 0.43102672251045526
v 0.0069834092021715906 -0.1435194525786544 0.43140290548157484
v 0.0069563521699896776 -0.15982732631780858 0.4317717159809128
v 0.0069119373685438065 -0.1761005767559571 0.43212743003131937
v 0.006834438500216172 -0.1923769046970801 0.4324770412231391
v 0.006703530552052772 -0.2086094996664209 0.4328149711336238
v 0.006668579992782814 -0.2248596901986093 0.43315422521599234
v 0.006543377394137051 -0.24107057462367049 0.4334820690609844
v 0.006466474496157166 -0.2572631891681546 0.4338024381834831
v 0.0064329126864539005 -0.2734567310135005 0.4341220865726094
v 0.006388592473129014 -0.2896248362435098 0.4344378377039182
v 0.006298140697803052 -0.30576650175028713 0.4347470790917421
v 0.006232697099429762 -0.32188870626166216 0.43505541292518257
v 0.006188252888821103 -0.3380017768559359 0.4353621638134273
v 0.0061341712858210004 -0.35409156418488186 0.43566571929932096
v 0.006106227621096321 -0.3701581168183505 0.43596883604643155
v 0.006069319019076865 -0.38621307420653533 0.4362716030308094
v 0.006050204576912519 -0.40224367322183735 0.4365744165605894
v 0.006035813015374171 -0.41826605152366386 0.4368771810378172
v 0.006023520561301901 -0.43426685863295456 0.43718324575990014
v 0.00600199670637475 -0.45024771651016476 0.43749198965685154
v 0.0059936460643609 -0.4662075325387057 0.43780619043866564
v 0.005978397733534933 -0.4821604584273813 0.4381215344427315
v 0.0059744643480793 -0.49808722133836286 0.43844651309121757
v 0.005966098619962774 -0.5140084202191535 0.43877324247949934
v 0.005962949454473218 -0.5299060897440319 0.43910701399652863
v 0.005958659027283484 -0.5457970319547969 0.4394433120343259
v 0.005949691264751665 -0.5616784289142912 0.4397827460366985
v 0.006060530570626283 0.47249409316149055 0.40911250622638534
v 0.0004472882723264794 0.45804531248037617 0.4126221543731782
v -0.0026328673794172737 0.4425603011595488 0.41575185935758774
v -0.002329735718020594 0.4260259650418285 0.4180563801846151
v -0.002026604056623914 0.4094916289241082 0.4203609010116425
v -0.0023597382828451034 0.39283841868278385 0.42262885764099734
v -0.001897352621076618 0.3752539674764948 0.4245040047966304
v -0.0017515971888989834 0.35765055566533444 0.4261931319319349
v -0.0018527054020720814 0.34053097675439037 0.42762619526810075
v -0.0016497022563334214 0.323354079706213 0.42894908693543876
v -0.001228291213602219 0.3062543261140842 0.4301633505806642
v -0.0007643437734868705 0.28914134061327046 0.4313451279023389
v 0.00022459289489241562 0.27209252744588447 0.43234401889339275
v 0.001299051634258846 0.2551387031438661 0.43326961919037127
v 0.002140950148303509 0.23824959182806377 0.43414080923355886
v 0.0025305333235305246 0.22128662858311543 0.43508966022264844
v 0.0031654529304427042 0.20451624054299006 0.4358545151376594
v 0.003730200103116973 0.18772317832754243 0.43662643810972607
v 0.004035033936799249 0.17087411964016358 0.43740592260266037
v 0.004364252796928133 0.15408519439503288 0.43814508732244617
v 0.0049238289177666525 0.13741071892107978 0.4388192989342832
v 0.005167795917757356 0.12069310581678817 0.4394846781474126
v 0.005362767907803861 0.1040786220514011 0.44009978695670376
v 0.005603905711552358 0.0874459775340797 0.44070598739862366
v 0.005953616404547738 0.07086220138685077 0.44128557492708076
v 0.006189878209305772 0.054278319902702495 0.44184381406815587
v 0.006276466897666585 0.03768391298271499 0.44238981640967734
v 0.006427961478381101 0.02116493370040256 0.4429042287333606
v 0.006545235908340151 0.004640027085883753 0.44341005434353353
v 0.006657945461073574 -0.011837394489354934 0.4438861272216002
v 0.006783148330550098 -0.02829949026202488 0.4443564643358493
v 0.0068486539204142055 -0.044762581257841993 0.4448183040467817
v 0.006870437563280213 -0.06119148368990972 0.44525223643227574
v 0.006864025294102569 -0.0775892990447676 0.44567338308879395
v 0.006853087016038564 -0.09398849026810685 0.44608546819392736
v 0.00684636836877569 -0.11037723359495202 0.4464854528645664
v 0.006801178416595407 -0.12672020838588247 0.44686835204741615
v 0.006754129317353198 -0.14306021831343946 0.44724891897625346
v 0.006699943204789815 -0.15936461443209873 0.44761658033834506
v 0.006657839972571622 -0.17566405796880102 0.4479772883990155
v 0.006630058881273141 -0.1919552109738191 0.448328973116806
v 0.006603869530810054 -0.20821915191785167 0.44867349606965234
v 0.006563158109454664 -0.2244671135335229 0.44901211262693164
v 0.006484862010063066 -0.2406921807790707 0.44934137975006005
v 0.006436690506248664 -0.2568928815363132 0.4496643601002336
v 0.006394749180556651 -0.2730794409871125 0.4499835267069114
v 0.00635339798805294 -0.2892486226188768 0.4502996147203297
v 0.006298500552699314 -0.3054041767250104 0.45061302140092574
v 0.006271264598202241 -0.3215346500904165 0.4509221983482872
v 0.0062370275407585465 -0.3376558969860137 0.45123006718591785
v 0.006215789496824977 -0.3537391439631921 0.45153365064672557
v 0.006199925726776794 -0.36982132072621876 0.4518372386851386
v 0.006176354602823313 -0.3858800665955495 0.45214011078642496
v 0.006165162121083561 -0.40191133622400127 0.45244315919827816
v 0.0061537406546295905 -0.41792606267418775 0.45274648908822346
v 0.006141758752793689 -0.43392367843563595 0.4530530420646893
v 0.0061316240387755926 -0.44990531842983666 0.4533624142404361
v 0.006125177598742707 -0.465868860516373 0.45367628018370776
v 0.006122134173726774 -0.481819705548735 0.4539936205282115
v 0.006118031816352375 -0.49774781657743267 0.45431819860840167
v 0.006116623343009985 -0.513666978850341 0.4546451207054016
v 0.006115723196506886 -0.5295665636241969 0.45497783929706803
v 0.006114478510112455 -0.545457745989208 0.4553125660281052
v 0.0061135110287250305 -0.561335566285632 0.4556508094495225
v 0.00373046600674188 0.4805876713801527 0.4229423557742966
v 0.0003855132951944577 0.46511741756768266 0.4268183728453786
v -0.0016136079424412528 0.44901532439683933 0.42982130529375173
v -0.0015693185204602115 0.43141007466286063 0.43255740160940614
v -0.0015250290984791704 0.413804824928882 0.4352934979250606
v -0.0011863916041780262 0.396193623710326 0.4376024680336166
v -0.00038038399415169085 0.37830725665412623 0.439348685847874
v -5.26032446803119e-05 0.36062583674244575 0.44105355234656046
v 0.0004515880843965923 0.34288580247807976 0.4426591808077506
v 0.0011185536994764507 0.32531740202799075 0.4441231337034212
v 0.001590737942000659 0.30813832598787405 0.44535776821413076
v 0.002141825756304578 0.29092207534930925 0.4465439007000076
v 0.003119893192371992 0.2738691056864683 0.44754743980487227
v 0.0034176658457050037 0.25667936880747233 0.4486426104188497
v 0.0037995540487800058 0.23963115990290734 0.44963590393814123
v 0.004198655329363527 0.2226044188701819 0.45061360970498454
v 0.004565124774938637 0.20567842802762978 0.4514808530294505
v 0.004881088763376265 0.1888046913095249 0.4522782386126079
v 0.005176505498124585 0.17197651242678041 0.4530425771941544
v 0.00546364697808989 0.15516668162600697 0.45379360633969157
v 0.005756196875530315 0.13835953792153147 0.45454311049086554
v 0.0059313497972520125 0.12161378959713931 0.4552149031823528
v 0.006125303914975433 0.10493487030687638 0.4558533089473259
v 0.006320798477537688 0.08827868205003099 0.45646281544695083
v 0.006414540365538292 0.07159990991077592 0.4570696560805835
v 0.006494485183052919 0.05498467681086077 0.4576354429500849
v 0.006573846848299833 0.03839150311067274 0.4581795709683926
v 0.006641815844786211 0.02180316193319746 0.4587161097814253
v 0.006675359538588997 0.005235623433586372 0.45922681657388736
v 0.006767457970030656 -0.011267082218101606 0.4597123521531869
v 0.006890551824612743 -0.027729463882511917 0.4601825471699923
v 0.006872092975179973 -0.044211034007378434 0.46064320490119076
v 0.00686235911820323 -0.060658053602297674 0.46108400558267404
v 0.0068383362756753545 -0.07710130364294898 0.46150908324221207
v 0.006810043477738389 -0.09352903490149167 0.46192772140735805
v 0.006779963885158489 -0.10991424154895868 0.4623279542864917
v 0.006743803330703619 -0.12626805001372682 0.4627147744181421
v 0.0067065851130492194 -0.14262576716868647 0.46309609807229885
v 0.006661985474900411 -0.15895287651804557 0.4634680949849497
v 0.006629312618126725 -0.1752789778535734 0.46383323167628643
v 0.006595934759104775 -0.19156481547574586 0.4641838455971892
v 0.006539166850908079 -0.2078284390143107 0.4645299844365637
v 0.006494562527462007 -0.22408368887967361 0.46487090866245473
v 0.006477471251832571 -0.2403239666463578 0.4652016859075746
v 0.006429452076475632 -0.2565248613759471 0.4655247044713987
v 0.006409357983628156 -0.2727292815961946 0.4658475909303399
v 0.006369967074022464 -0.2888994710239368 0.4661637764183075
v 0.006353251485941927 -0.30506209361881054 0.46647921317671887
v 0.006330483550280255 -0.32120198891173 0.46679046770091787
v 0.006320347380819685 -0.33732652549838743 0.4670986952214572
v 0.006305432574305913 -0.3534127221230816 0.4674026742407832
v 0.006289783386691799 -0.3694955940747469 0.46770629148553206
v 0.006287987498619131 -0.38555104036455456 0.46800892624049517
v 0.0062781826029163585 -0.401583989677046 0.46831153308020335
v 0.006271285949629625 -0.41760195570969794 0.46861540305241867
v 0.006262482208560207 -0.4335979711489139 0.468922608328943
v 0.006261681946582792 -0.44958010136354476 0.4692319661548821
v 0.00626200311026557 -0.46554054751375085 0.469545439025617
v 0.006260986105400299 -0.4814849064157969 0.4698645132730934
v 0.00626052757254357 -0.4974169623144479 0.47018734350294594
v 0.006261894881313947 -0.513326903776083 0.4705166808783524
v 0.0062656624702208535 -0.5292288717984339 0.47084810679837363
v 0.006265498254335453 -0.5451206058291864 0.4711825343064542
v 0.006268047145367599 -0.5609979470293761 0.47151911103796873
v 0.0018652102901209398 0.48981083569007633 0.43624967788714825
v -0.0007108541887735231 0.4735600686075739 0.44044371133023835
v -1.8388706796400366e-05 0.4544382373840895 0.44391363934878053
v 0.0002752186200478419 0.4363466230251949 0.446671041771085
v 0.0006769520642539716 0.41808069104572343 0.4494168638641075
v 0.0012470331343491321 0.39956930028945864 0.4520741265646563
v 0.0016864477422924961 0.381553974558802 0.4539695576841608
v 0.002151555036029495 0.3633554477007834 0.45586278992729307
v 0.00282653859761218 0.34552517337159316 0.4574541636609234
v 0.0034888181756763375 0.3278656201578621 0.4589685209582762
v 0.0039023641447847182 0.31004740690542876 0.4605583083803451
v 0.004544038766876639 0.29281160097064385 0.46174417158345066
v 0.004800946299881759 0.2753529237385297 0.4629929862487938
v 0.005062319822133736 0.2581544108734204 0.46409541498868345
v 0.005444208025208739 0.24110620196885543 0.4650887085079751
v 0.005643202316290036 0.22396034126469846 0.4661059461798591
v 0.00581948300509738 0.20687357011733856 0.4670579578013464
v 0.006014989683934107 0.18990512435240847 0.467906000936438
v 0.0061508199493906 0.1729694075918571 0.4687141214231459
v 0.0063666374563930254 0.1561128554437508 0.46948003756667356
v 0.006438996005437037 0.13923903454950515 0.4702448988284764
v 0.0065579694543137015 0.12244047361879011 0.47096022002906235
v 0.006626504552912466 0.10569078526346945 0.47161841329963866
v 0.006673500975728699 0.08896316353446049 0.472251276968034
v 0.006765829836053137 0.07229089874915387 0.47285391307832325
v 0.006791053014638738 0.05564490722314224 0.47342461042483086
v 0.006793628342951106 0.03899364756825003 0.47399010343396053
v 0.006828098026914778 0.02240910556759236 0.47452140968324646
v 0.006805483168837842 0.005831219781288995 0.4750435788042414
v 0.00687697047898774 -0.010696769946848279 0.4755385770847737
v 0.006920307615682519 -0.027169963192979676 0.4760033983957015
v 0.0068858422417146905 -0.04368498432910378 0.47646781224765666
v 0.0068428754846282976 -0.06018002472944847 0.47691706699045644
v 0.006805266238999455 -0.07663235101948261 0.47734643097430046
v 0.006780133679109734 -0.09307156788875617 0.47776983507567594
v 0.006739709426535531 -0.10945520842897968 0.478170177866136
v 0.006704521139956224 -0.12584972719032175 0.4785641349839405
v 0.0066703629144596824 -0.14221380768311218 0.47894644384333707
v 0.006635314595996717 -0.15855594924624367 0.47931927236714805
v 0.006601399715941904 -0.1748895078957059 0.4796874852577636
v 0.00656114740824092 -0.19117379009367444 0.4800385911858991
v 0.006521663199921067 -0.20744835210765922 0.4803856691039804
v 0.006501051922260905 -0.22372648130400005 0.4807309860403127
v 0.006472678750667918 -0.23995781285581388 0.4810619492393108
v 0.006461780136633935 -0.25618399055859453 0.481389658917539
v 0.00644263778265846 -0.2723887211027879 0.48171258356411145
v 0.0064197042667646234 -0.28855341864158246 0.48202822563587766
v 0.006412698413420209 -0.3047212600258624 0.482344042199837
v 0.006413606078638388 -0.3208739326984641 0.4826575434374482
v 0.006410895844258309 -0.33699841190788127 0.48296656131420723
v 0.006399573377243544 -0.35310087168836435 0.4832723100102073
v 0.006392748942071345 -0.3691738212094874 0.4835757235723147
v 0.006393316570201014 -0.3852384591960761 0.48387896651943996
v 0.006390309176051313 -0.4012672653993337 0.4841813291835082
v 0.00638981607066207 -0.4172820236532641 0.4844849167732497
v 0.006390257747372934 -0.43328213032836005 0.48479064764289725
v 0.006390278226921472 -0.44925555293947417 0.48510160296283567
v 0.006393597618341108 -0.465214824550266 0.4854152989425468
v 0.006397232931106857 -0.48115852098770184 0.485733843912973
v 0.006400937308886466 -0.497085608497355 0.4860572219140268
v 0.006405852028671011 -0.5129921480259763 0.4863867937481917
v 0.0064096196175779194 -0.5288941160483274 0.48671821966821294
v 0.006415234730932837 -0.544785132250497 0.4870515502526136
v 0.006417013572683799 -0.5606634735146881 0.4873875555189845
v -4.54265e-08 0.499034 0.449557
v 0.0009317625196078596 0.47929396744406993 0.4534544926295827
v 0.0018635704657157192 0.45955393488813995 0.45735198525916554
v 0.002664192699174615 0.4402577069187393 0.4608103876736313
v 0.003246152486721692 0.4217012195387507 0.4635369074884246
v 0.003828112274268769 0.40314473215876223 0.46626342730321785
v 0.004299373658347876 0.38475201064220066 0.46840702923976607
v 0.004733739707229009 0.36641387163302697 0.47035634697855744
v 0.005162335802269773 0.34813263693052365 0.4722663316986797
v 0.0055505422204279505 0.33024973237471245 0.4739009852881177
v 0.005938748638586129 0.31236682781890124 0.4755356388775557
v 0.0062484341378033475 0.2946737989693549 0.4769878406363073
v 0.006479592122045381 0.2771706617763027 0.47825757523777523
v 0.006710750106287414 0.2596675245832505 0.4795273098392432
v 0.0068416649656936075 0.2424340926045925 0.48059034780255094
v 0.0069582621281544035 0.22523918254482536 0.48162386334395035
v 0.00704633570928004 0.2080760817543936 0.48261861729068073
v 0.0070488385464002 0.19100840877196795 0.4834970864534036
v 0.0070513413835203605 0.17394073578954228 0.4843755556161265
v 0.007073908190759624 0.1569913761382087 0.4851828487324369
v 0.007108514458745626 0.14011301084626882 0.4859474323943469
v 0.007143119552163584 0.12323464782361743 0.4867120137118903
v 0.007121794008482219 0.10646434389081079 0.4873649608692655
v 0.007100468464800853 0.08969403995800417 0.4880179080266405
v 0.007079234348959494 0.07296059287319989 0.48864156970401385
v 0.007058152612851478 0.056288573868399555 0.4892164222480506
v 0.007037070876743462 0.03961655486359922 0.4897912747920874
v 0.007014380209043346 0.02301504920198726 0.49032670958506763
v 0.006991153170744065 0.006437050620676621 0.49084900365605844
v 0.006965525818140122 -0.010135154442688251 0.49136429503992546
v 0.006923099490884073 -0.026666812665612938 0.4918305770239552
v 0.006880673163628025 -0.04319847088853762 0.4922968590079851
v 0.006837690650345274 -0.059692443698659906 0.49274561732268046
v 0.006794151951035821 -0.07614873109597972 0.4931768519680414
v 0.006750613251726367 -0.09260501849329962 0.49360808661340233
v 0.006714936908537203 -0.10901981847122888 0.4940096638852888
v 0.006680383974737881 -0.1254286905369914 0.49440700357605727
v 0.006645647424778697 -0.14181940562685014 0.4947975784639437
v 0.006610360088029772 -0.15815565588922903 0.49516786121596734
v 0.006575072751280847 -0.17449190615160795 0.49553814396799106
v 0.0065499281905325715 -0.19079768046731813 0.4958946173066806
v 0.0065308692953846845 -0.20708516921502712 0.4962428049973695
v 0.0065118104002367975 -0.22337265796273625 0.4965909926880585
v 0.006503764325943502 -0.23960568073965377 0.49692166501330687
v 0.006495718482924299 -0.25583870237276174 0.49725233697072485
v 0.006490754288799975 -0.2720508626216704 0.4975777199839544
v 0.0064909257159999866 -0.28822825701203914 0.49789428887997467
v 0.006491097143199997 -0.3044056514024079 0.49821085777599494
v 0.006492434275360083 -0.320543903248774 0.4985225695680149
v 0.006494159975840194 -0.3366691075804726 0.49883266232536805
v 0.006495740941596018 -0.35278674239092583 0.4991418990002887
v 0.006496308569725688 -0.36885138037751464 0.4994451419474141
v 0.006496876197855357 -0.38491601836410333 0.49974838489453927
v 0.0065010820381055994 -0.400951700685823 0.500051814685292
v 0.0065089257848794345 -0.4169584297748474 0.5003554313039781
v 0.006516769531653271 -0.432965158863872 0.5006590479226642
v 0.006521969966240271 -0.4489298882888937 0.5009716644693509
v 0.006526792784800579 -0.4648886177619149 0.5012855667200377
v 0.006532116550611477 -0.4808362056497666 0.5016026134974351
v 0.006538943326506558 -0.49675036503822156 0.5019290949116139
v 0.006545770102401639 -0.5126645244266765 0.5022555763257927
v 0.006552532488532473 -0.5285601112939666 0.5025870529706238
v 0.006559256244266236 -0.5444445556469832 0.502921526485312
v 0.00656598 -0.560329 0.503256
vt 1.0 1.0
vt 1.0 0.9841269841269842
vt 1.0 0.9682539682539683
vt 1.0 0.9523809523809523
vt 1.0 0.9365079365079365
vt 1.0 0.9206349206349207
vt 1.0 0.9047619047619048
vt 1.0 0.8888888888888888
vt 1.0 0.873015873015873
vt 1.0 0.8571428571428572
vt 1.0 0.8412698412698413
vt 1.0 0.8253968253968254
vt 1.0 0.8095238095238095
vt 1.0 0.7936507936507937
vt 1.0 0.7777777777777778
vt 1.0 0.7619047619047619
vt 1.0 0.746031746031746
vt 1.0 0.7301587301587302
vt 1.0 0.7142857142857143
vt 1.0 0.6984126984126984
vt 1.0 0.6825396825396826
vt 1.0 0.6666666666666667
vt 1.0 0.6507936507936508
vt 1.0 0.6349206349206349
vt 1.0 0.6190476190476191
vt 1.0 0.6031746031746033
vt 1.0 0.5873015873015873
vt 1.0 0.5714285714285714
vt 1.0 0.5555555555555556
vt 1.0 0.5396825396825398
vt 1.0 0.5238095238095238
vt 1.0 0.5079365079365079
vt 1.0 0.4920634920634921
vt 1.0 0.4761904761904763
vt 1.0 0.46031746031746035
vt 1.0 0.4444444444444444
vt 1.0 0.4285714285714286
vt 1.0 0.4126984126984128
vt 1.0 0.39682539682539686
vt 1.0 0.38095238095238093
vt 1.0 0.3650793650793651
vt 1.0 0.3492063492063493
vt 1.0 0.33333333333333337
vt 1.0 0.31746031746031744
vt 1.0 0.3015873015873016
vt 1.0 0.2857142857142858
vt 1.0 0.2698412698412699
vt 1.0 0.25396825396825395
vt 1.0 0.23809523809523814
vt 1.0 0.22222222222222232
vt 1.0 0.2063492063492064
vt 1.0 0.19047619047619047
vt 1.0 0.17460317460317465
vt 1.0 0.15873015873015883
vt 1.0 0.1428571428571429
vt 1.0 0.12698412698412698
vt 1.0 0.11111111111111116
vt 1.0 0.09523809523809534
vt 1.0 0.07936507936507942
vt 1.0 0.06349206349206349
vt 1.0 0.04761904761904767
vt 1.0 0.031746031746031855
vt 1.0 0.015873015873015928
vt 1.0 0.0
vt 0.9841269841269842 1.0
vt 0.9841269841269842 0.9841269841269842
vt 0.9841269841269842 0.9682539682539683
vt 0.9841269841269842 0.9523809523809523
vt 0.9841269841269842 0.9365079365079365
vt 0.9841269841269842 0.9206349206349207
vt 0.9841269841269842 0.9047619047619048
vt 0.9841269841269842 0.8888888888888888
vt 0.9841269841269842 0.873015873015873
vt 0.9841269841269842 0.8571428571428572
vt 0.9841269841269842 0.8412698412698413
vt 0.9841269841269842 0.8253968253968254
vt 0.9841269841269842 0.8095238095238095
vt 0.9841269841269842 0.7936507936507937
vt 0.9841269841269842 0.7777777777777778
vt 0.9841269841269842 0.7619047619047619
vt 0.9841269841269842 0.746031746031746
vt 0.9841269841269842 0.7301587301587302
vt 0.9841269841269842 0.7142857142857143
vt 0.9841269841269842 0.6984126984126984
vt 0.9841269841269842 0.6825396825396826
vt 0.9841269841269842 0.6666666666666667
vt 0.9841269841269842 0.6507936507936508
vt 0.9841269841269842 0.6349206349206349
vt 0.9841269841269842 0.6190476190476191
vt 0.9841269841269842 0.6031746031746033
vt 0.9841269841269842 0.5873015873015873
vt 0.9841269841269842 0.5714285714285714
vt 0.9841269841269842 0.5555555555555556
vt 0.9841269841269842 0.5396825396825398
vt 0.9841269841269842 0.5238095238095238
vt 0.9841269841269842 0.5079365079365079
vt 0.9841269841269842 0.4920634920634921
vt 0.9841269841269842 0.4761904761904763
vt 0.9841269841269842 0.46031746031746035
vt 0.9841269841269842 0.4444444444444444
vt 0.9841269841269842 0.4285714285714286
vt 0.9841269841269842 0.4126984126984128
vt 0.9841269841269842 0.39682539682539686
vt 0.9841269841269842 0.38095238095238093
vt 0.9841269841269842 0.3650793650793651
vt 0.9841269841269842 0.3492063492063493
vt 0.9841269841269842 0.33333333333333337
vt 0.9841269841269842 0.31746031746031744
vt 0.9841269841269842 0.3015873015873016
vt 0.9841269841269842 0.2857142857142858
vt 0.9841269841269842 0.2698412698412699
vt 0.9841269841269842 0.25396825396825395
vt 0.9841269841269842 0.23809523809523814
vt 0.9841269841269842 0.22222222222222232
vt 0.9841269841269842 0.2063492063492064
vt 0.9841269841269842 0.19047619047619047
vt 0.9841269841269842 0.17460317460317465
vt 0.9841269841269842 0.15873015873015883
vt 0.9841269841269842 0.1428571428571429
vt 0.9841269841269842 0.12698412698412698
vt 0.9841269841269842 0.11111111111111116
vt 0.9841269841269842 0.09523809523809534
vt 0.9841269841269842 0.07936507936507942
vt 0.9841269841269842 0.06349206349206349
vt 0.9841269841269842 0.04761904761904767
vt 0.9841269841269842 0.031746031746031855
vt 0.9841269841269842 0.015873015873015928
vt 0.9841269841269842 0.0
vt 0.9682539682539683 1.0
vt 0.9682539682539683 0.9841269841269842
vt 0.9682539682539683 0.9682539682539683
vt 0.9682539682539683 0.9523809523809523
vt 0.9682539682539683 0.9365079365079365
vt 0.9682539682539683 0.9206349206349207
vt 0.9682539682539683 0.9047619047619048
vt 0.9682539682539683 0.8888888888888888
vt 0.9682539682539683 0.873015873015873
vt 0.9682539682539683 0.8571428571428572
vt 0.9682539682539683 0.8412698412698413
vt 0.9682539682539683 0.8253968253968254
vt 0.9682539682539683 0.8095238095238095
vt 0.9682539682539683 0.7936507936507937
vt 0.9682539682539683 0.7777777777777778
vt 0.9682539682539683 0.7619047619047619
vt 0.9682539682539683 0.746031746031746
vt 0.9682539682539683 0.7301587301587302
vt 0.9682539682539683 0.7142857142857143
vt 0.9682539682539683 0.6984126984126984
vt 0.9682539682539683 0.6825396825396826
vt 0.9682539682539683 0.6666666666666667
vt 0.9682539682539683 0.6507936507936508
vt 0.9682539682539683 0.6349206349206349
vt 0.9682539682539683 0.6190476190476191
vt 0.9682539682539683 0.6031746031746033
vt 0.9682539682539683 0.5873015873015873
vt 0.9682539682539683 0.5714285714285714
vt 0.9682539682539683 0.5555555555555556
vt 0.9682539682539683 0.5396825396825398
vt 0.9682539682539683 0.5238095238095238
vt 0.9682539682539683 0.5079365079365079
vt 0.9682539682539683 0.4920634920634921
vt 0.9682539682539683 0.4761904761904763
vt 0.9682539682539683 0.46031746031746035
vt 0.9682539682539683 0.4444444444444444
vt 0.9682539682539683 0.4285714285714286
vt 0.9682539682539683 0.4126984126984128
vt 0.9682539682539683 0.39682539682539686
vt 0.9682539682539683 0.38095238095238093
vt 0.9682539682539683 0.3650793650793651
vt 0.9682539682539683 0.3492063492063493
vt 0.9682539682539683 0.33333333333333337
vt 0.9682539682539683 0.31746031746031744
vt 0.9682539682539683 0.3015873015873016
vt 0.9682539682539683 0.2857142857142858
vt 0.9682539682539683 0.2698412698412699
vt 0.9682539682539683 0.25396825396825395
vt 0.9682539682539683 0.23809523809523814
vt 0.9682539682539683 0.22222222222222232
vt 0.9682539682539683 0.2063492063492064
vt 0.9682539682539683 0.19047619047619047
vt 0.9682539682539683 0.17460317460317465
vt 0.9682539682539683 0.15873015873015883
vt 0.9682539682539683 0.1428571428571429
vt 0.9682539682539683 0.12698412698412698
vt 0.9682539682539683 0.11111111111111116
vt 0.9682539682539683 0.09523809523809534
vt 0.9682539682539683 0.07936507936507942
vt 0.9682539682539683 0.06349206349206349
vt 0.9682539682539683 0.04761904761904767
vt 0.9682539682539683 0.031746031746031855
vt 0.9682539682539683 0.015873015873015928
vt 0.9682539682539683 0.0
vt 0.9523809523809523 1.0
vt 0.9523809523809523 0.9841269841269842
vt 0.9523809523809523 0.9682539682539683
vt 0.9523809523809523 0.9523809523809523
vt 0.9523809523809523 0.9365079365079365
vt 0.9523809523809523 0.9206349206349207
vt 0.9523809523809523 0.9047619047619048
vt 0.9523809523809523 0.8888888888888888
vt 0.9523809523809523 0.873015873015873
vt 0.9523809523809523 0.8571428571428572
vt 0.9523809523809523 0.8412698412698413
vt 0.9523809523809523 0.8253968253968254
vt 0.9523809523809523 0.8095238095238095
vt 0.9523809523809523 0.7936507936507937
vt 0.9523809523809523 0.7777777777777778
vt 0.9523809523809523 0.7619047619047619
vt 0.9523809523809523 0.746031746031746
vt 0.9523809523809523 0.7301587301587302
vt 0.9523809523809523 0.7142857142857143
vt 0.9523809523809523 0.6984126984126984
vt 0.9523809523809523 0.6825396825396826
vt 0.9523809523809523 0.6666666666666667
vt 0.9523809523809523 0.6507936507936508
vt 0.9523809523809523 0.6349206349206349
vt 0.9523809523809523 0.6190476190476191
vt 0.9523809523809523 0.6031746031746033
vt 0.9523809523809523 0.5873015873015873
vt 0.9523809523809523 0.5714285714285714
vt 0.9523809523809523 0.5555555555555556
vt 0.9523809523809523 0.5396825396825398
vt 0.9523809523809523 0.5238095238095238
vt 0.9523809523809523 0.5079365079365079
vt 0.9523809523809523 0.4920634920634921
vt 0.9523809523809523 0.4761904761904763
vt 0.9523809523809523 0.46031746031746035
vt 0.9523809523809523 0.4444444444444444
vt 0.9523809523809523 0.4285714285714286
vt 0.9523809523809523 0.4126984126984128
vt 0.9523809523809523 0.39682539682539686
vt 0.9523809523809523 0.38095238095238093
vt 0.9523809523809523 0.3650793650793651
vt 0.9523809523809523 0.3492063492063493
vt 0.9523809523809523 0.33333333333333337
vt 0.9523809523809523 0.31746031746031744
vt 0.9523809523809523 0.3015873015873016
vt 0.9523809523809523 0.2857142857142858
vt 0.9523809523809523 0.2698412698412699
vt 0.9523809523809523 0.25396825396825395
vt 0.9523809523809523 0.23809523809523814
vt 0.9523809523809523 0.22222222222222232
vt 0.9523809523809523 0.2063492063492064
vt 0.9523809523809523 0.19047619047619047
vt 0.9523809523809523 0.17460317460317465
vt 0.9523809523809523 0.15873015873015883
vt 0.9523809523809523 0.1428571428571429
vt 0.9523809523809523 0.12698412698412698
vt 0.9523809523809523 0.11111111111111116
vt 0.9523809523809523 0.09523809523809534
vt 0.9523809523809523 0.07936507936507942
vt 0.9523809523809523 0.06349206349206349
vt 0.9523809523809523 0.04761904761904767
vt 0.9523809523809523 0.031746031746031855
vt 0.9523809523809523 0.015873015873015928
vt 0.9523809523809523 0.0
vt 0.9365079365079365 1.0
vt 0.9365079365079365 0.9841269841269842
vt 0.9365079365079365 0.9682539682539683
vt 0.9365079365079365 0.9523809523809523
vt 0.9365079365079365 0.9365079365079365
vt 0.9365079365079365 0.9206349206349207
vt 0.9365079365079365 0.9047619047619048
vt 0.9365079365079365 0.8888888888888888
vt 0.9365079365079365 0.873015873015873
vt 0.9365079365079365 0.8571428571428572
vt 0.9365079365079365 0.8412698412698413
vt 0.9365079365079365 0.8253968253968254
vt 0.9365079365079365 0.8095238095238095
vt 0.9365079365079365 0.7936507936507937
vt 0.9365079365079365 0.7777777777777778
vt 0.9365079365079365 0.7619047619047619
vt 0.9365079365079365 0.746031746031746
vt 0.9365079365079365 0.7301587301587302
vt 0.9365079365079365 0.7142857142857143
vt 0.9365079365079365 0.6984126984126984
vt 0.9365079365079365 0.6825396825396826
vt 0.9365079365079365 0.6666666666666667
vt 0.9365079365079365 0.6507936507936508
vt 0.9365079365079365 0.6349206349206349
vt 0.9365079365079365 0.6190476190476191
vt 0.9365079365079365 0.6031746031746033
vt 0.9365079365079365 0.5873015873015873
vt 0.9365079365079365 0.5714285714285714
vt 0.9365079365079365 0.5555555555555556
vt 0.9365079365079365 0.5396825396825398
vt 0.9365079365079365 0.5238095238095238
vt 0.9365079365079365 0.5079365079365079
vt 0.9365079365079365 0.4920634920634921
vt 0.9365079365079365 0.4761904761904763
vt 0.9365079365079365 0.46031746031746035
vt 0.9365079365079365 0.4444444444444444
vt 0.9365079365079365 0.4285714285714286
vt 0.9365079365079365 0.4126984126984128
vt 0.9365079365079365 0.39682539682539686
vt 0.9365079365079365 0.38095238095238093
vt 0.9365079365079365 0.3650793650793651
vt 0.9365079365079365 0.3492063492063493
vt 0.9365079365079365 0.33333333333333337
vt 0.9365079365079365 0.31746031746031744
vt 0.9365079365079365 0.3015873015873016
vt 0.9365079365079365 0.2857142857142858
vt 0.9365079365079365 0.2698412698412699
vt 0.9365079365079365 0.25396825396825395
vt 0.9365079365079365 0.23809523809523814
vt 0.9365079365079365 0.22222222222222232
vt 0.9365079365079365 0.2063492063492064
vt 0.9365079365079365 0.19047619047619047
vt 0.9365079365079365 0.17460317460317465
vt 0.9365079365079365 0.15873015873015883
vt 0.9365079365079365 0.1428571428571429
vt 0.9365079365079365 0.12698412698412698
vt 0.9365079365079365 0.11111111111111116
vt 0.9365079365079365 0.09523809523809534
vt 0.9365079365079365 0.07936507936507942
vt 0.9365079365079365 0.06349206349206349
vt 0.9365079365079365 0.04761904761904767
vt 0.9365079365079365 0.031746031746031855
vt 0.9365079365079365 0.015873015873015928
vt 0.9365079365079365 0.0
vt 0.9206349206349207 1.0
vt 0.9206349206349207 0.9841269841269842
vt 0.9206349206349207 0.9682539682539683
vt 0.9206349206349207 0.9523809523809523
vt 0.9206349206349207 0.9365079365079365
vt 0.9206349206349207 0.9206349206349207
vt 0.9206349206349207 0.9047619047619048
vt 0.9206349206349207 0.8888888888888888
vt 0.9206349206349207 0.873015873015873
vt 0.9206349206349207 0.8571428571428572
vt 0.9206349206349207 0.8412698412698413
vt 0.9206349206349207 0.8253968253968254
vt 0.9206349206349207 0.8095238095238095
vt 0.9206349206349207 0.7936507936507937
vt 0.9206349206349207 0.7777777777777778
vt 0.9206349206349207 0.7619047619047619
vt 0.9206349206349207 0.746031746031746
vt 0.9206349206349207 0.7301587301587302
vt 0.9206349206349207 0.7142857142857143
vt 0.9206349206349207 0.6984126984126984
vt 0.9206349206349207 0.6825396825396826
vt 0.9206349206349207 0.6666666666666667
vt 0.9206349206349207 0.6507936507936508
vt 0.9206349206349207 0.6349206349206349
vt 0.9206349206349207 0.6190476190476191
vt 0.9206349206349207 0.6031746031746033
vt 0.9206349206349207 0.5873015873015873
vt 0.9206349206349207 0.5714285714285714
vt 0.9206349206349207 0.5555555555555556
vt 0.9206349206349207 0.5396825396825398
vt 0.9206349206349207 0.5238095238095238
vt 0.9206349206349207 0.5079365079365079
vt 0.9206349206349207 0.4920634920634921
vt 0.9206349206349207 0.4761904761904763
vt 0.9206349206349207 0.46031746031746035
vt 0.9206349206349207 0.4444444444444444
vt 0.9206349206349207 0.4285714285714286
vt 0.9206349206349207 0.4126984126984128
vt 0.9206349206349207 0.39682539682539686
vt 0.9206349206349207 0.38095238095238093
vt 0.9206349206349207 0.3650793650793651
vt 0.9206349206349207 0.3492063492063493
vt 0.9206349206349207 0.33333333333333337
vt 0.9206349206349207 0.31746031746031744
vt 0.9206349206349207 0.3015873015873016
vt 0.9206349206349207 0.2857142857142858
vt 0.9206349206349207 0.2698412698412699
vt 0.9206349206349207 0.25396825396825395
vt 0.9206349206349207 0.23809523809523814
vt 0.9206349206349207 0.22222222222222232
vt 0.9206349206349207 0.2063492063492064
vt 0.9206349206349207 0.19047619047619047
vt 0.9206349206349207 0.17460317460317465
vt 0.9206349206349207 0.15873015873015883
vt 0.9206349206349207 0.1428571428571429
vt 0.9206349206349207 0.12698412698412698
vt 0.9206349206349207 0.11111111111111116
vt 0.9206349206349207 0.09523809523809534
vt 0.9206349206349207 0.07936507936507942
vt 0.9206349206349207 0.06349206349206349
vt 0.9206349206349207 0.04761904761904767
vt 0.9206349206349207 0.031746031746031855
vt 0.9206349206349207 0.015873015873015928
vt 0.9206349206349207 0.0
vt 0.9047619047619048 1.0
vt 0.9047619047619048 0.9841269841269842
vt 0.9047619047619048 0.9682539682539683
vt 0.9047619047619048 0.9523809523809523
vt 0.9047619047619048 0.9365079365079365
vt 0.9047619047619048 0.9206349206349207
vt 0.9047619047619048 0.9047619047619048
vt 0.9047619047619048 0.8888888888888888
vt 0.9047619047619048 0.873015873015873
vt 0.9047619047619048 0.8571428571428572
vt 0.9047619047619048 0.8412698412698413
vt 0.9047619047619048 0.8253968253968254
vt 0.9047619047619048 0.8095238095238095
vt 0.9047619047619048 0.7936507936507937
vt 0.9047619047619048 0.7777777777777778
vt 0.9047619047619048 0.7619047619047619
vt 0.9047619047619048 0.746031746031746
vt 0.9047619047619048 0.7301587301587302
vt 0.9047619047619048 0.7142857142857143
vt 0.9047619047619048 0.6984126984126984
vt 0.9047619047619048 0.6825396825396826
vt 0.9047619047619048 0.6666666666666667
vt 0.9047619047619048 0.6507936507936508
vt 0.9047619047619048 0.6349206349206349
vt 0.9047619047619048 0.6190476190476191
vt 0.9047619047619048 0.6031746031746033
vt 0.9047619047619048 0.5873015873015873
vt 0.9047619047619048 0.5714285714285714
vt 0.9047619047619048 0.5555555555555556
vt 0.9047619047619048 0.5396825396825398
vt 0.9047619047619048 0.5238095238095238
vt 0.9047619047619048 0.5079365079365079
vt 0.9047619047619048 0.4920634920634921
vt 0.9047619047619048 0.4761904761904763
vt 0.9047619047619048 0.46031746031746035
vt 0.9047619047619048 0.4444444444444444
vt 0.9047619047619048 0.4285714285714286
vt 0.9047619047619048 0.4126984126984128
vt 0.9047619047619048 0.39682539682539686
vt 0.9047619047619048 0.38095238095238093
vt 0.9047619047619048 0.3650793650793651
vt 0.9047619047619048 0.3492063492063493
vt 0.9047619047619048 0.33333333333333337
vt 0.9047619047619048 0.31746031746031744
vt 0.9047619047619048 0.3015873015873016
vt 0.9047619047619048 0.2857142857142858
vt 0.9047619047619048 0.2698412698412699
vt 0.9047619047619048 0.25396825396825395
vt 0.9047619047619048 0.23809523809523814
vt 0.9047619047619048 0.22222222222222232
vt 0.9047619047619048 0.2063492063492064
vt 0.9047619047619048 0.19047619047619047
vt 0.9047619047619048 0.17460317460317465
vt 0.9047619047619048 0.15873015873015883
vt 0.9047619047619048 0.1428571428571429
vt 0.9047619047619048 0.12698412698412698
vt 0.9047619047619048 0.11111111111111116
vt 0.9047619047619048 0.09523809523809534
vt 0.9047619047619048 0.07936507936507942
vt 0.9047619047619048 0.06349206349206349
vt 0.9047619047619048 0.04761904761904767
vt 0.9047619047619048 0.031746031746031855
vt 0.9047619047619048 0.015873015873015928
vt 0.9047619047619048 0.0
vt 0.8888888888888888 1.0
vt 0.8888888888888888 0.9841269841269842
vt 0.8888888888888888 0.9682539682539683
vt 0.8888888888888888 0.9523809523809523
vt 0.8888888888888888 0.9365079365079365
vt 0.8888888888888888 0.9206349206349207
vt 0.8888888888888888 0.9047619047619048
vt 0.8888888888888888 0.8888888888888888
vt 0.8888888888888888 0.873015873015873
vt 0.8888888888888888 0.8571428571428572
vt 0.8888888888888888 0.8412698412698413
vt 0.8888888888888888 0.8253968253968254
vt 0.8888888888888888 0.8095238095238095
vt 0.8888888888888888 0.7936507936507937
vt 0.8888888888888888 0.7777777777777778
vt 0.8888888888888888 0.7619047619047619
vt 0.8888888888888888 0.746031746031746
vt 0.8888888888888888 0.7301587301587302
vt 0.8888888888888888 0.7142857142857143
vt 0.8888888888888888 0.6984126984126984
vt 0.8888888888888888 0.6825396825396826
vt 0.8888888888888888 0.6666666666666667
vt 0.8888888888888888 0.6507936507936508
vt 0.8888888888888888 0.6349206349206349
vt 0.8888888888888888 0.6190476190476191
vt 0.8888888888888888 0.6031746031746033
vt 0.8888888888888888 0.5873015873015873
vt 0.8888888888888888 0.5714285714285714
vt 0.8888888888888888 0.5555555555555556
vt 0.8888888888888888 0.5396825396825398
vt 0.8888888888888888 0.5238095238095238
vt 0.8888888888888888 0.5079365079365079
vt 0.8888888888888888 0.4920634920634921
vt 0.8888888888888888 0.4761904761904763
vt 0.8888888888888888 0.46031746031746035
vt 0.8888888888888888 0.4444444444444444
vt 0.8888888888888888 0.4285714285714286
vt 0.8888888888888888 0.4126984126984128
vt 0.8888888888888888 0.39682539682539686
vt 0.8888888888888888 0.38095238095238093
vt 0.8888888888888888 0.3650793650793651
vt 0.8888888888888888 0.3492063492063493
vt 0.8888888888888888 0.33333333333333337
vt 0.8888888888888888 0.31746031746031744
vt 0.8888888888888888 0.3015873015873016
vt 0.8888888888888888 0.2857142857142858
vt 0.8888888888888888 0.2698412698412699
vt 0.8888888888888888 0.25396825396825395
vt 0.8888888888888888 0.23809523809523814
vt 0.8888888888888888 0.22222222222222232
vt 0.8888888888888888 0.2063492063492064
vt 0.8888888888888888 0.19047619047619047
vt 0.8888888888888888 0.17460317460317465
vt 0.8888888888888888 0.15873015873015883
vt 0.8888888888888888 0.1428571428571429
vt 0.8888888888888888 0.12698412698412698
vt 0.8888888888888888 0.11111111111111116
vt 0.8888888888888888 0.09523809523809534
vt 0.8888888888888888 0.07936507936507942
vt 0.8888888888888888 0.06349206349206349
vt 0.8888888888888888 0.04761904761904767
vt 0.8888888888888888 0.031746031746031855
vt 0.8888888888888888 0.015873015873015928
vt 0.8888888888888888 0.0
vt 0.873015873015873 1.0
vt 0.873015873015873 0.9841269841269842
vt 0.873015873015873 0.9682539682539683
vt 0.873015873015873 0.9523809523809523
vt 0.873015873015873 0.9365079365079365
vt 0.873015873015873 0.9206349206349207
vt 0.873015873015873 0.9047619047619048
vt 0.873015873015873 0.8888888888888888
vt 0.873015873015873 0.873015873015873
vt 0.873015873015873 0.8571428571428572
vt 0.873015873015873 0.8412698412698413
vt 0.873015873015873 0.8253968253968254
vt 0.873015873015873 0.8095238095238095
vt 0.873015873015873 0.7936507936507937
vt 0.873015873015873 0.7777777777777778
vt 0.873015873015873 0.7619047619047619
vt 0.873015873015873 0.746031746031746
vt 0.873015873015873 0.7301587301587302
vt 0.873015873015873 0.7142857142857143
vt 0.873015873015873 0.6984126984126984
vt 0.873015873015873 0.6825396825396826
vt 0.873015873015873 0.6666666666666667
vt 0.873015873015873 0.6507936507936508
vt 0.873015873015873 0.6349206349206349
vt 0.873015873015873 0.6190476190476191
vt 0.873015873015873 0.6031746031746033
vt 0.873015873015873 0.5873015873015873
vt 0.873015873015873 0.5714285714285714
vt 0.873015873015873 0.5555555555555556
vt 0.873015873015873 0.5396825396825398
vt 0.873015873015873 0.5238095238095238
vt 0.873015873015873 0.5079365079365079
vt 0.873015873015873 0.4920634920634921
vt 0.873015873015873 0.4761904761904763
vt 0.873015873015873 0.46031746031746035
vt 0.873015873015873 0.4444444444444444
vt 0.873015873015873 0.4285714285714286
vt 0.873015873015873 0.4126984126984128
vt 0.873015873015873 0.39682539682539686
vt 0.873015873015873 0.38095238095238093
vt 0.873015873015873 0.3650793650793651
vt 0.873015873015873 0.3492063492063493
vt 0.873015873015873 0.33333333333333337
vt 0.873015873015873 0.31746031746031744
vt 0.873015873015873 0.3015873015873016
vt 0.873015873015873 0.2857142857142858
vt 0.873015873015873 0.2698412698412699
vt 0.873015873015873 0.25396825396825395
vt 0.873015873015873 0.23809523809523814
vt 0.873015873015873 0.22222222222222232
vt 0.873015873015873 0.2063492063492064
vt 0.873015873015873 0.19047619047619047
vt 0.873015873015873 0.17460317460317465
vt 0.873015873015873 0.15873015873015883
vt 0.873015873015873 0.1428571428571429
vt 0.873015873015873 0.12698412698412698
vt 0.873015873015873 0.11111111111111116
vt 0.873015873015873 0.09523809523809534
vt 0.873015873015873 0.07936507936507942
vt 0.873015873015873 0.06349206349206349
vt 0.873015873015873 0.04761904761904767
vt 0.873015873015873 0.031746031746031855
vt 0.873015873015873 0.015873015873015928
vt 0.873015873015873 0.0
vt 0.8571428571428572 1.0
vt 0.8571428571428572 0.9841269841269842
vt 0.8571428571428572 0.9682539682539683
vt 0.8571428571428572 0.9523809523809523
vt 0.8571428571428572 0.9365079365079365
vt 0.8571428571428572 0.9206349206349207
vt 0.8571428571428572 0.9047619047619048
vt 0.8571428571428572 0.8888888888888888
vt 0.8571428571428572 0.873015873015873
vt 0.8571428571428572 0.8571428571428572
vt 0.8571428571428572 0.8412698412698413
vt 0.8571428571428572 0.8253968253968254
vt 0.8571428571428572 0.8095238095238095
vt 0.8571428571428572 0.7936507936507937
vt 0.8571428571428572 0.7777777777777778
vt 0.8571428571428572 0.7619047619047619
vt 0.8571428571428572 0.746031746031746
vt 0.8571428571428572 0.7301587301587302
vt 0.8571428571428572 0.7142857142857143
vt 0.8571428571428572 0.6984126984126984
vt 0.8571428571428572 0.6825396825396826
vt 0.8571428571428572 0.6666666666666667
vt 0.8571428571428572 0.6507936507936508
vt 0.8571428571428572 0.6349206349206349
vt 0.8571428571428572 0.6190476190476191
vt 0.8571428571428572 0.6031746031746033
vt 0.8571428571428572 0.5873015873015873
vt 0.8571428571428572 0.5714285714285714
vt 0.8571428571428572 0.5555555555555556
vt 0.8571428571428572 0.5396825396825398
vt 0.8571428571428572 0.5238095238095238
vt 0.8571428571428572 0.5079365079365079
vt 0.8571428571428572 0.4920634920634921
vt 0.8571428571428572 0.4761904761904763
vt 0.8571428571428572 0.46031746031746035
vt 0.8571428571428572 0.4444444444444444
vt 0.8571428571428572 0.4285714285714286
vt 0.8571428571428572 0.4126984126984128
vt 0.8571428571428572 0.39682539682539686
vt 0.8571428571428572 0.38095238095238093
vt 0.8571428571428572 0.3650793650793651
vt 0.8571428571428572 0.3492063492063493
vt 0.8571428571428572 0.33333333333333337
vt 0.8571428571428572 0.31746031746031744
vt 0.8571428571428572 0.3015873015873016
vt 0.8571428571428572 0.2857142857142858
vt 0.8571428571428572 0.2698412698412699
vt 0.8571428571428572 0.25396825396825395
vt 0.8571428571428572 0.23809523809523814
vt 0.8571428571428572 0.22222222222222232
vt 0.8571428571428572 0.2063492063492064
vt 0.8571428571428572 0.19047619047619047
vt 0.8571428571428572 0.17460317460317465
vt 0.8571428571428572 0.15873015873015883
vt 0.8571428571428572 0.1428571428571429
vt 0.8571428571428572 0.12698412698412698
vt 0.8571428571428572 0.11111111111111116
vt 0.8571428571428572 0.09523809523809534
vt 0.8571428571428572 0.07936507936507942
vt 0.8571428571428572 0.06349206349206349
vt 0.8571428571428572 0.04761904761904767
vt 0.8571428571428572 0.031746031746031855
vt 0.8571428571428572 0.015873015873015928
vt 0.8571428571428572 0.0
vt 0.8412698412698413 1.0
vt 0.8412698412698413 0.9841269841269842
vt 0.8412698412698413 0.9682539682539683
vt 0.8412698412698413 0.9523809523809523
vt 0.8412698412698413 0.9365079365079365
vt 0.8412698412698413 0.9206349206349207
vt 0.8412698412698413 0.9047619047619048
vt 0.8412698412698413 0.8888888888888888
vt 0.8412698412698413 0.873015873015873
vt 0.8412698412698413 0.8571428571428572
vt 0.8412698412698413 0.8412698412698413
vt 0.8412698412698413 0.8253968253968254
vt 0.8412698412698413 0.8095238095238095
vt 0.8412698412698413 0.7936507936507937
vt 0.8412698412698413 0.7777777777777778
vt 0.8412698412698413 0.7619047619047619
vt 0.8412698412698413 0.746031746031746
vt 0.8412698412698413 0.7301587301587302
vt 0.8412698412698413 0.7142857142857143
vt 0.8412698412698413 0.6984126984126984
vt 0.8412698412698413 0.6825396825396826
vt 0.8412698412698413 0.6666666666666667
vt 0.8412698412698413 0.6507936507936508
vt 0.8412698412698413 0.6349206349206349
vt 0.8412698412698413 0.6190476190476191
vt 0.8412698412698413 0.6031746031746033
vt 0.8412698412698413 0.5873015873015873
vt 0.8412698412698413 0.5714285714285714
vt 0.8412698412698413 0.5555555555555556
vt 0.8412698412698413 0.5396825396825398
vt 0.8412698412698413 0.5238095238095238
vt 0.8412698412698413 0.5079365079365079
vt 0.8412698412698413 0.4920634920634921
vt 0.8412698412698413 0.4761904761904763
vt 0.8412698412698413 0.46031746031746035
vt 0.8412698412698413 0.4444444444444444
vt 0.8412698412698413 0.4285714285714286
vt 0.8412698412698413 0.4126984126984128
vt 0.8412698412698413 0.39682539682539686
vt 0.8412698412698413 0.38095238095238093
vt 0.8412698412698413 0.3650793650793651
vt 0.8412698412698413 0.3492063492063493
vt 0.8412698412698413 0.33333333333333337
vt 0.8412698412698413 0.31746031746031744
vt 0.8412698412698413 0.3015873015873016
vt 0.8412698412698413 0.2857142857142858
vt 0.8412698412698413 0.2698412698412699
vt 0.8412698412698413 0.25396825396825395
vt 0.8412698412698413 0.23809523809523814
vt 0.8412698412698413 0.22222222222222232
vt 0.8412698412698413 0.2063492063492064
vt 0.8412698412698413 0.19047619047619047
vt 0.8412698412698413 0.17460317460317465
vt 0.8412698412698413 0.15873015873015883
vt 0.8412698412698413 0.1428571428571429
vt 0.8412698412698413 0.12698412698412698
vt 0.8412698412698413 0.11111111111111116
vt 0.8412698412698413 0.09523809523809534
vt 0.8412698412698413 0.07936507936507942
vt 0.8412698412698413 0.06349206349206349
vt 0.8412698412698413 0.04761904761904767
vt 0.8412698412698413 0.031746031746031855
vt 0.8412698412698413 0.015873015873015928
vt 0.8412698412698413 0.0
vt 0.8253968253968254 1.0
vt 0.8253968253968254 0.9841269841269842
vt 0.8253968253968254 0.9682539682539683
vt 0.8253968253968254 0.9523809523809523
vt 0.8253968253968254 0.9365079365079365
vt 0.8253968253968254 0.9206349206349207
vt 0.8253968253968254 0.9047619047619048
vt 0.8253968253968254 0.8888888888888888
vt 0.8253968253968254 0.873015873015873
vt 0.8253968253968254 0.8571428571428572
vt 0.8253968253968254 0.8412698412698413
vt 0.8253968253968254 0.8253968253968254
vt 0.8253968253968254 0.8095238095238095
vt 0.8253968253968254 0.7936507936507937
vt 0.8253968253968254 0.7777777777777778
vt 0.8253968253968254 0.7619047619047619
vt 0.8253968253968254 0.746031746031746
vt 0.8253968253968254 0.7301587301587302
vt 0.8253968253968254 0.7142857142857143
vt 0.8253968253968254 0.6984126984126984
vt 0.8253968253968254 0.6825396825396826
vt 0.8253968253968254 0.6666666666666667
vt 0.8253968253968254 0.6507936507936508
vt 0.8253968253968254 0.6349206349206349
vt 0.8253968253968254 0.6190476190476191
vt 0.8253968253968254 0.6031746031746033
vt 0.8253968253968254 0.5873015873015873
vt 0.8253968253968254 0.5714285714285714
vt 0.8253968253968254 0.5555555555555556
vt 0.8253968253968254 0.5396825396825398
vt 0.8253968253968254 0.5238095238095238
vt 0.8253968253968254 0.5079365079365079
vt 0.8253968253968254 0.4920634920634921
vt 0.8253968253968254 0.4761904761904763
vt 0.8253968253968254 0.46031746031746035
vt 0.8253968253968254 0.4444444444444444
vt 0.8253968253968254 0.4285714285714286
vt 0.8253968253968254 0.4126984126984128
vt 0.8253968253968254 0.39682539682539686
vt 0.8253968253968254 0.38095238095238093
vt 0.8253968253968254 0.3650793650793651
vt 0.8253968253968254 0.3492063492063493
vt 0.8253968253968254 0.33333333333333337
vt 0.8253968253968254 0.31746031746031744
vt 0.8253968253968254 0.3015873015873016
vt 0.8253968253968254 0.2857142857142858
vt 0.8253968253968254 0.2698412698412699
vt 0.8253968253968254 0.25396825396825395
vt 0.8253968253968254 0.23809523809523814
vt 0.8253968253968254 0.22222222222222232
vt 0.8253968253968254 0.2063492063492064
vt 0.8253968253968254 0.19047619047619047
vt 0.8253968253968254 0.17460317460317465
vt 0.8253968253968254 0.15873015873015883
vt 0.8253968253968254 0.1428571428571429
vt 0.8253968253968254 0.12698412698412698
vt 0.8253968253968254 0.11111111111111116
vt 0.8253968253968254 0.09523809523809534
vt 0.8253968253968254 0.07936507936507942
vt 0.8253968253968254 0.06349206349206349
vt 0.8253968253968254 0.04761904761904767
vt 0.8253968253968254 0.031746031746031855
vt 0.8253968253968254 0.015873015873015928
vt 0.8253968253968254 0.0
vt 0.8095238095238095 1.0
vt 0.8095238095238095 0.9841269841269842
vt 0.8095238095238095 0.9682539682539683
vt 0.8095238095238095 0.9523809523809523
vt 0.8095238095238095 0.9365079365079365
vt 0.8095238095238095 0.9206349206349207
vt 0.8095238095238095 0.9047619047619048
vt 0.8095238095238095 0.8888888888888888
vt 0.8095238095238095 0.873015873015873
vt 0.8095238095238095 0.8571428571428572
vt 0.8095238095238095 0.8412698412698413
vt 0.8095238095238095 0.8253968253968254
vt 0.8095238095238095 0.8095238095238095
vt 0.8095238095238095 0.7936507936507937
vt 0.8095238095238095 0.7777777777777778
vt 0.8095238095238095 0.7619047619047619
vt 0.8095238095238095 0.746031746031746
vt 0.8095238095238095 0.7301587301587302
vt 0.8095238095238095 0.7142857142857143
vt 0.8095238095238095 0.6984126984126984
vt 0.8095238095238095 0.6825396825396826
vt 0.8095238095238095 0.6666666666666667
vt 0.8095238095238095 0.6507936507936508
vt 0.8095238095238095 0.6349206349206349
vt 0.8095238095238095 0.6190476190476191
vt 0.8095238095238095 0.6031746031746033
vt 0.8095238095238095 0.5873015873015873
vt 0.8095238095238095 0.5714285714285714
vt 0.8095238095238095 0.5555555555555556
vt 0.8095238095238095 0.5396825396825398
vt 0.8095238095238095 0.5238095238095238
vt 0.8095238095238095 0.5079365079365079
vt 0.8095238095238095 0.4920634920634921
vt 0.8095238095238095 0.4761904761904763
vt 0.8095238095238095 0.46031746031746035
vt 0.8095238095238095 0.4444444444444444
vt 0.8095238095238095 0.4285714285714286
vt 0.8095238095238095 0.4126984126984128
vt 0.8095238095238095 0.39682539682539686
vt 0.8095238095238095 0.38095238095238093
vt 0.8095238095238095 0.3650793650793651
vt 0.8095238095238095 0.3492063492063493
vt 0.8095238095238095 0.33333333333333337
vt 0.8095238095238095 0.31746031746031744
vt 0.8095238095238095 0.3015873015873016
vt 0.8095238095238095 0.2857142857142858
vt 0.8095238095238095 0.2698412698412699
vt 0.8095238095238095 0.25396825396825395
vt 0.8095238095238095 0.23809523809523814
vt 0.8095238095238095 0.22222222222222232
vt 0.8095238095238095 0.2063492063492064
vt 0.8095238095238095 0.19047619047619047
vt 0.8095238095238095 0.17460317460317465
vt 0.8095238095238095 0.15873015873015883
vt 0.8095238095238095 0.1428571428571429
vt 0.8095238095238095 0.12698412698412698
vt 0.8095238095238095 0.11111111111111116
vt 0.8095238095238095 0.09523809523809534
vt 0.8095238095238095 0.07936507936507942
vt 0.8095238095238095 0.06349206349206349
vt 0.8095238095238095 0.04761904761904767
vt 0.8095238095238095 0.031746031746031855
vt 0.8095238095238095 0.015873015873015928
vt 0.8095238095238095 0.0
vt 0.7936507936507937 1.0
vt 0.7936507936507937 0.9841269841269842
vt 0.7936507936507937 0.9682539682539683
vt 0.7936507936507937 0.9523809523809523
vt 0.7936507936507937 0.9365079365079365
vt 0.7936507936507937 0.9206349206349207
vt 0.7936507936507937 0.9047619047619048
vt 0.7936507936507937 0.8888888888888888
vt 0.7936507936507937 0.873015873015873
vt 0.7936507936507937 0.8571428571428572
vt 0.7936507936507937 0.8412698412698413
vt 0.7936507936507937 0.8253968253968254
vt 0.7936507936507937 0.8095238095238095
vt 0.7936507936507937 0.7936507936507937
vt 0.7936507936507937 0.7777777777777778
vt 0.7936507936507937 0.7619047619047619
vt 0.7936507936507937 0.746031746031746
vt 0.7936507936507937 0.7301587301587302
vt 0.7936507936507937 0.7142857142857143
vt 0.7936507936507937 0.6984126984126984
vt 0.7936507936507937 0.6825396825396826
vt 0.7936507936507937 0.6666666666666667
vt 0.7936507936507937 0.6507936507936508
vt 0.7936507936507937 0.6349206349206349
vt 0.7936507936507937 0.6190476190476191
vt 0.7936507936507937 0.6031746031746033
vt 0.7936507936507937 0.5873015873015873
vt 0.7936507936507937 0.5714285714285714
vt 0.7936507936507937 0.5555555555555556
vt 0.7936507936507937 0.5396825396825398
vt 0.7936507936507937 0.5238095238095238
vt 0.7936507936507937 0.5079365079365079
vt 0.7936507936507937 0.4920634920634921
vt 0.7936507936507937 0.4761904761904763
vt 0.7936507936507937 0.46031746031746035
vt 0.7936507936507937 0.4444444444444444
vt 0.7936507936507937 0.4285714285714286
vt 0.7936507936507937 0.4126984126984128
vt 0.7936507936507937 0.39682539682539686
vt 0.7936507936507937 0.38095238095238093
vt 0.7936507936507937 0.3650793650793651
vt 0.7936507936507937 0.3492063492063493
vt 0.7936507936507937 0.33333333333333337
vt 0.7936507936507937 0.31746031746031744
vt 0.7936507936507937 0.3015873015873016
vt 0.7936507936507937 0.2857142857142858
vt 0.7936507936507937 0.2698412698412699
vt 0.7936507936507937 0.25396825396825395
vt 0.7936507936507937 0.23809523809523814
vt 0.7936507936507937 0.22222222222222232
vt 0.7936507936507937 0.2063492063492064
vt 0.7936507936507937 0.19047619047619047
vt 0.7936507936507937 0.17460317460317465
vt 0.7936507936507937 0.15873015873015883
vt 0.7936507936507937 0.1428571428571429
vt 0.7936507936507937 0.12698412698412698
vt 0.7936507936507937 0.11111111111111116
vt 0.7936507936507937 0.09523809523809534
vt 0.7936507936507937 0.07936507936507942
vt 0.7936507936507937 0.06349206349206349
vt 0.7936507936507937 0.04761904761904767
vt 0.7936507936507937 0.031746031746031855
vt 0.7936507936507937 0.015873015873015928
vt 0.7936507936507937 0.0
vt 0.7777777777777778 1.0
vt 0.7777777777777778 0.9841269841269842
vt 0.7777777777777778 0.9682539682539683
vt 0.7777777777777778 0.9523809523809523
vt 0.7777777777777778 0.9365079365079365
vt 0.7777777777777778 0.9206349206349207
vt 0.7777777777777778 0.9047619047619048
vt 0.7777777777777778 0.8888888888888888
vt 0.7777777777777778 0.873015873015873
vt 0.7777777777777778 0.8571428571428572
vt 0.7777777777777778 0.8412698412698413
vt 0.7777777777777778 0.8253968253968254
vt 0.7777777777777778 0.8095238095238095
vt 0.7777777777777778 0.7936507936507937
vt 0.7777777777777778 0.7777777777777778
vt 0.7777777777777778 0.7619047619047619
vt 0.7777777777777778 0.746031746031746
vt 0.7777777777777778 0.7301587301587302
vt 0.7777777777777778 0.7142857142857143
vt 0.7777777777777778 0.6984126984126984
vt 0.7777777777777778 0.6825396825396826
vt 0.7777777777777778 0.6666666666666667
vt 0.7777777777777778 0.6507936507936508
vt 0.7777777777777778 0.6349206349206349
vt 0.7777777777777778 0.6190476190476191
vt 0.7777777777777778 0.6031746031746033
vt 0.7777777777777778 0.5873015873015873
vt 0.7777777777777778 0.5714285714285714
vt 0.7777777777777778 0.5555555555555556
vt 0.7777777777777778 0.5396825396825398
vt 0.7777777777777778 0.5238095238095238
vt 0.7777777777777778 0.5079365079365079
vt 0.7777777777777778 0.4920634920634921
vt 0.7777777777777778 0.4761904761904763
vt 0.7777777777777778 0.46031746031746035
vt 0.7777777777777778 0.4444444444444444
vt 0.7777777777777778 0.4285714285714286
vt 0.7777777777777778 0.4126984126984128
vt 0.7777777777777778 0.39682539682539686
vt 0.7777777777777778 0.38095238095238093
vt 0.7777777777777778 0.3650793650793651
vt 0.7777777777777778 0.3492063492063493
vt 0.7777777777777778 0.33333333333333337
vt 0.7777777777777778 0.31746031746031744
vt 0.7777777777777778 0.3015873015873016
vt 0.7777777777777778 0.2857142857142858
vt 0.7777777777777778 0.2698412698412699
vt 0.7777777777777778 0.25396825396825395
vt 0.7777777777777778 0.23809523809523814
vt 0.7777777777777778 0.22222222222222232
vt 0.7777777777777778 0.2063492063492064
vt 0.7777777777777778 0.19047619047619047
vt 0.7777777777777778 0.17460317460317465
vt 0.7777777777777778 0.15873015873015883
vt 0.7777777777777778 0.1428571428571429
vt 0.7777777777777778 0.12698412698412698
vt 0.7777777777777778 0.11111111111111116
vt 0.7777777777777778 0.09523809523809534
vt 0.7777777777777778 0.07936507936507942
vt 0.7777777777777778 0.06349206349206349
vt 0.7777777777777778 0.04761904761904767
vt 0.7777777777777778 0.031746031746031855
vt 0.7777777777777778 0.015873015873015928
vt 0.7777777777777778 0.0
vt 0.7619047619047619 1.0
vt 0.7619047619047619 0.9841269841269842
vt 0.7619047619047619 0.9682539682539683
vt 0.7619047619047619 0.9523809523809523
vt 0.7619047619047619 0.9365079365079365
vt 0.7619047619047619 0.9206349206349207
vt 0.7619047619047619 0.9047619047619048
vt 0.7619047619047619 0.8888888888888888
vt 0.7619047619047619 0.873015873015873
vt 0.7619047619047619 0.8571428571428572
vt 0.7619047619047619 0.8412698412698413
vt 0.7619047619047619 0.8253968253968254
vt 0.7619047619047619 0.8095238095238095
vt 0.7619047619047619 0.7936507936507937
vt 0.7619047619047619 0.7777777777777778
vt 0.7619047619047619 0.7619047619047619
vt 0.7619047619047619 0.746031746031746
vt 0.7619047619047619 0.7301587301587302
vt 0.7619047619047619 0.7142857142857143
vt 0.7619047619047619 0.6984126984126984
vt 0.7619047619047619 0.6825396825396826
vt 0.7619047619047619 0.6666666666666667
vt 0.7619047619047619 0.6507936507936508
vt 0.7619047619047619 0.6349206349206349
vt 0.7619047619047619 0.6190476190476191
vt 0.7619047619047619 0.6031746031746033
vt 0.7619047619047619 0.5873015873015873
vt 0.7619047619047619 0.5714285714285714
vt 0.7619047619047619 0.5555555555555556
vt 0.7619047619047619 0.5396825396825398
vt 0.7619047619047619 0.5238095238095238
vt 0.7619047619047619 0.5079365079365079
vt 0.7619047619047619 0.4920634920634921
vt 0.7619047619047619 0.4761904761904763
vt 0.7619047619047619 0.46031746031746035
vt 0.7619047619047619 0.4444444444444444
vt 0.7619047619047619 0.4285714285714286
vt 0.7619047619047619 0.4126984126984128
vt 0.7619047619047619 0.39682539682539686
vt 0.7619047619047619 0.38095238095238093
vt 0.7619047619047619 0.3650793650793651
vt 0.7619047619047619 0.3492063492063493
vt 0.7619047619047619 0.33333333333333337
vt 0.7619047619047619 0.31746031746031744
vt 0.7619047619047619 0.3015873015873016
vt 0.7619047619047619 0.2857142857142858
vt 0.7619047619047619 0.2698412698412699
vt 0.7619047619047619 0.25396825396825395
vt 0.7619047619047619 0.23809523809523814
vt 0.7619047619047619 0.22222222222222232
vt 0.7619047619047619 0.2063492063492064
vt 0.7619047619047619 0.19047619047619047
vt 0.7619047619047619 0.17460317460317465
vt 0.7619047619047619 0.15873015873015883
vt 0.7619047619047619 0.1428571428571429
vt 0.7619047619047619 0.12698412698412698
vt 0.7619047619047619 0.11111111111111116
vt 0.7619047619047619 0.09523809523809534
vt 0.7619047619047619 0.07936507936507942
vt 0.7619047619047619 0.06349206349206349
vt 0.7619047619047619 0.04761904761904767
vt 0.7619047619047619 0.031746031746031855
vt 0.7619047619047619 0.015873015873015928
vt 0.7619047619047619 0.0
vt 0.746031746031746 1.0
vt 0.746031746031746 0.9841269841269842
vt 0.746031746031746 0.9682539682539683
vt 0.746031746031746 0.9523809523809523
vt 0.746031746031746 0.9365079365079365
vt 0.746031746031746 0.9206349206349207
vt 0.746031746031746 0.9047619047619048
vt 0.746031746031746 0.8888888888888888
vt 0.746031746031746 0.873015873015873
vt 0.746031746031746 0.8571428571428572
vt 0.746031746031746 0.8412698412698413
vt 0.746031746031746 0.8253968253968254
vt 0.746031746031746 0.8095238095238095
vt 0.746031746031746 0.7936507936507937
vt 0.746031746031746 0.7777777777777778
vt 0.746031746031746 0.7619047619047619
vt 0.746031746031746 0.746031746031746
vt 0.746031746031746 0.7301587301587302
vt 0.746031746031746 0.7142857142857143
vt 0.746031746031746 0.6984126984126984
vt 0.746031746031746 0.6825396825396826
vt 0.746031746031746 0.6666666666666667
vt 0.746031746031746 0.6507936507936508
vt 0.746031746031746 0.6349206349206349
vt 0.746031746031746 0.6190476190476191
vt 0.746031746031746 0.6031746031746033
vt 0.746031746031746 0.5873015873015873
vt 0.746031746031746 0.5714285714285714
vt 0.746031746031746 0.5555555555555556
vt 0.746031746031746 0.5396825396825398
vt 0.746031746031746 0.5238095238095238
vt 0.746031746031746 0.5079365079365079
vt 0.746031746031746 0.4920634920634921
vt 0.746031746031746 0.4761904761904763
vt 0.746031746031746 0.46031746031746035
vt 0.746031746031746 0.4444444444444444
vt 0.746031746031746 0.4285714285714286
vt 0.746031746031746 0.4126984126984128
vt 0.746031746031746 0.39682539682539686
vt 0.746031746031746 0.38095238095238093
vt 0.746031746031746 0.3650793650793651
vt 0.746031746031746 0.3492063492063493
vt 0.746031746031746 0.33333333333333337
vt 0.746031746031746 0.31746031746031744
vt 0.746031746031746 0.3015873015873016
vt 0.746031746031746 0.2857142857142858
vt 0.746031746031746 0.2698412698412699
vt 0.746031746031746 0.25396825396825395
vt 0.746031746031746 0.23809523809523814
vt 0.746031746031746 0.22222222222222232
vt 0.746031746031746 0.2063492063492064
vt 0.746031746031746 0.19047619047619047
vt 0.746031746031746 0.17460317460317465
vt 0.746031746031746 0.15873015873015883
vt 0.746031746031746 0.1428571428571429
vt 0.746031746031746 0.12698412698412698
vt 0.746031746031746 0.11111111111111116
vt 0.746031746031746 0.09523809523809534
vt 0.746031746031746 0.07936507936507942
vt 0.746031746031746 0.06349206349206349
vt 0.746031746031746 0.04761904761904767
vt 0.746031746031746 0.031746031746031855
vt 0.746031746031746 0.015873015873015928
vt 0.746031746031746 0.0
vt 0.7301587301587302 1.0
vt 0.7301587301587302 0.9841269841269842
vt 0.7301587301587302 0.9682539682539683
vt 0.7301587301587302 0.9523809523809523
vt 0.7301587301587302 0.9365079365079365
vt 0.7301587301587302 0.9206349206349207
vt 0.7301587301587302 0.9047619047619048
vt 0.7301587301587302 0.8888888888888888
vt 0.7301587301587302 0.873015873015873
vt 0.7301587301587302 0.8571428571428572
vt 0.7301587301587302 0.8412698412698413
vt 0.7301587301587302 0.8253968253968254
vt 0.7301587301587302 0.8095238095238095
vt 0.7301587301587302 0.7936507936507937
vt 0.7301587301587302 0.7777777777777778
vt 0.7301587301587302 0.7619047619047619
vt 0.7301587301587302 0.746031746031746
vt 0.7301587301587302 0.7301587301587302
vt 0.7301587301587302 0.7142857142857143
vt 0.7301587301587302 0.6984126984126984
vt 0.7301587301587302 0.6825396825396826
vt 0.7301587301587302 0.6666666666666667
vt 0.7301587301587302 0.6507936507936508
vt 0.7301587301587302 0.6349206349206349
vt 0.7301587301587302 0.6190476190476191
vt 0.7301587301587302 0.6031746031746033
vt 0.7301587301587302 0.5873015873015873
vt 0.7301587301587302 0.5714285714285714
vt 0.7301587301587302 0.5555555555555556
vt 0.7301587301587302 0.5396825396825398
vt 0.7301587301587302 0.5238095238095238
vt 0.7301587301587302 0.5079365079365079
vt 0.7301587301587302 0.4920634920634921
vt 0.7301587301587302 0.4761904761904763
vt 0.7301587301587302 0.46031746031746035
vt 0.7301587301587302 0.4444444444444444
vt 0.7301587301587302 0.4285714285714286
vt 0.7301587301587302 0.4126984126984128
vt 0.7301587301587302 0.39682539682539686
vt 0.7301587301587302 0.38095238095238093
vt 0.7301587301587302 0.3650793650793651
vt 0.7301587301587302 0.3492063492063493
vt 0.7301587301587302 0.33333333333333337
vt 0.7301587301587302 0.31746031746031744
vt 0.7301587301587302 0.3015873015873016
vt 0.7301587301587302 0.2857142857142858
vt 0.7301587301587302 0.2698412698412699
vt 0.7301587301587302 0.25396825396825395
vt 0.7301587301587302 0.23809523809523814
vt 0.7301587301587302 0.22222222222222232
vt 0.7301587301587302 0.2063492063492064
vt 0.7301587301587302 0.19047619047619047
vt 0.7301587301587302 0.17460317460317465
vt 0.7301587301587302 0.15873015873015883
vt 0.7301587301587302 0.1428571428571429
vt 0.7301587301587302 0.12698412698412698
vt 0.7301587301587302 0.11111111111111116
vt 0.7301587301587302 0.09523809523809534
vt 0.7301587301587302 0.07936507936507942
vt 0.7301587301587302 0.06349206349206349
vt 0.7301587301587302 0.04761904761904767
vt 0.7301587301587302 0.031746031746031855
vt 0.7301587301587302 0.015873015873015928
vt 0.7301587301587302 0.0
vt 0.7142857142857143 1.0
vt 0.7142857142857143 0.9841269841269842
vt 0.7142857142857143 0.9682539682539683
vt 0.7142857142857143 0.9523809523809523
vt 0.7142857142857143 0.9365079365079365
vt 0.7142857142857143 0.9206349206349207
vt 0.7142857142857143 0.9047619047619048
vt 0.7142857142857143 0.8888888888888888
vt 0.7142857142857143 0.873015873015873
vt 0.7142857142857143 0.8571428571428572
vt 0.7142857142857143 0.8412698412698413
vt 0.7142857142857143 0.8253968253968254
vt 0.7142857142857143 0.8095238095238095
vt 0.7142857142857143 0.7936507936507937
vt 0.7142857142857143 0.7777777777777778
vt 0.7142857142857143 0.7619047619047619
vt 0.7142857142857143 0.746031746031746
vt 0.7142857142857143 0.7301587301587302
vt 0.7142857142857143 0.7142857142857143
vt 0.7142857142857143 0.6984126984126984
vt 0.7142857142857143 0.6825396825396826
vt 0.7142857142857143 0.6666666666666667
vt 0.7142857142857143 0.6507936507936508
vt 0.7142857142857143 0.6349206349206349
vt 0.7142857142857143 0.6190476190476191
vt 0.7142857142857143 0.6031746031746033
vt 0.7142857142857143 0.5873015873015873
vt 0.7142857142857143 0.5714285714285714
vt 0.7142857142857143 0.5555555555555556
vt 0.7142857142857143 0.5396825396825398
vt 0.7142857142857143 0.5238095238095238
vt 0.7142857142857143 0.5079365079365079
vt 0.7142857142857143 0.4920634920634921
vt 0.7142857142857143 0.4761904761904763
vt 0.7142857142857143 0.46031746031746035
vt 0.7142857142857143 0.4444444444444444
vt 0.7142857142857143 0.4285714285714286
vt 0.7142857142857143 0.4126984126984128
vt 0.7142857142857143 0.39682539682539686
vt 0.7142857142857143 0.38095238095238093
vt 0.7142857142857143 0.3650793650793651
vt 0.7142857142857143 0.3492063492063493
vt 0.7142857142857143 0.33333333333333337
vt 0.7142857142857143 0.31746031746031744
vt 0.7142857142857143 0.3015873015873016
vt 0.7142857142857143 0.2857142857142858
vt 0.7142857142857143 0.2698412698412699
vt 0.7142857142857143 0.25396825396825395
vt 0.7142857142857143 0.23809523809523814
vt 0.7142857142857143 0.22222222222222232
vt 0.7142857142857143 0.2063492063492064
vt 0.7142857142857143 0.19047619047619047
vt 0.7142857142857143 0.17460317460317465
vt 0.7142857142857143 0.15873015873015883
vt 0.7142857142857143 0.1428571428571429
vt 0.7142857142857143 0.12698412698412698
vt 0.7142857142857143 0.11111111111111116
vt 0.7142857142857143 0.09523809523809534
vt 0.7142857142857143 0.07936507936507942
vt 0.7142857142857143 0.06349206349206349
vt 0.7142857142857143 0.04761904761904767
vt 0.7142857142857143 0.031746031746031855
vt 0.7142857142857143 0.015873015873015928
vt 0.7142857142857143 0.0
vt 0.6984126984126984 1.0
vt 0.6984126984126984 0.9841269841269842
vt 0.6984126984126984 0.9682539682539683
vt 0.6984126984126984 0.9523809523809523
vt 0.6984126984126984 0.9365079365079365
vt 0.6984126984126984 0.9206349206349207
vt 0.6984126984126984 0.9047619047619048
vt 0.6984126984126984 0.8888888888888888
vt 0.6984126984126984 0.873015873015873
vt 0.6984126984126984 0.8571428571428572
vt 0.6984126984126984 0.8412698412698413
vt 0.6984126984126984 0.8253968253968254
vt 0.6984126984126984 0.8095238095238095
vt 0.6984126984126984 0.7936507936507937
vt 0.6984126984126984 0.7777777777777778
vt 0.6984126984126984 0.7619047619047619
vt 0.6984126984126984 0.746031746031746
vt 0.6984126984126984 0.7301587301587302
vt 0.6984126984126984 0.7142857142857143
vt 0.6984126984126984 0.6984126984126984
vt 0.6984126984126984 0.6825396825396826
vt 0.6984126984126984 0.6666666666666667
vt 0.6984126984126984 0.6507936507936508
vt 0.6984126984126984 0.6349206349206349
vt 0.6984126984126984 0.6190476190476191
vt 0.6984126984126984 0.6031746031746033
vt 0.6984126984126984 0.5873015873015873
vt 0.6984126984126984 0.5714285714285714
vt 0.6984126984126984 0.5555555555555556
vt 0.6984126984126984 0.5396825396825398
vt 0.6984126984126984 0.5238095238095238
vt 0.6984126984126984 0.5079365079365079
vt 0.6984126984126984 0.4920634920634921
vt 0.6984126984126984 0.4761904761904763
vt 0.6984126984126984 0.46031746031746035
vt 0.6984126984126984 0.4444444444444444
vt 0.6984126984126984 0.4285714285714286
vt 0.6984126984126984 0.4126984126984128
vt 0.6984126984126984 0.39682539682539686
vt 0.6984126984126984 0.38095238095238093
vt 0.6984126984126984 0.3650793650793651
vt 0.6984126984126984 0.3492063492063493
vt 0.6984126984126984 0.33333333333333337
vt 0.6984126984126984 0.31746031746031744
vt 0.6984126984126984 0.3015873015873016
vt 0.6984126984126984 0.2857142857142858
vt 0.6984126984126984 0.2698412698412699
vt 0.6984126984126984 0.25396825396825395
vt 0.6984126984126984 0.23809523809523814
vt 0.6984126984126984 0.22222222222222232
vt 0.6984126984126984 0.2063492063492064
vt 0.6984126984126984 0.19047619047619047
vt 0.6984126984126984 0.17460317460317465
vt 0.6984126984126984 0.15873015873015883
vt 0.6984126984126984 0.1428571428571429
vt 0.6984126984126984 0.12698412698412698
vt 0.6984126984126984 0.11111111111111116
vt 0.6984126984126984 0.09523809523809534
vt 0.6984126984126984 0.07936507936507942
vt 0.6984126984126984 0.06349206349206349
vt 0.6984126984126984 0.04761904761904767
vt 0.6984126984126984 0.031746031746031855
vt 0.6984126984126984 0.015873015873015928
vt 0.6984126984126984 0.0
vt 0.6825396825396826 1.0
vt 0.6825396825396826 0.9841269841269842
vt 0.6825396825396826 0.9682539682539683
vt 0.6825396825396826 0.9523809523809523
vt 0.6825396825396826 0.9365079365079365
vt 0.6825396825396826 0.9206349206349207
vt 0.6825396825396826 0.9047619047619048
vt 0.6825396825396826 0.8888888888888888
vt 0.6825396825396826 0.873015873015873
vt 0.6825396825396826 0.8571428571428572
vt 0.6825396825396826 0.8412698412698413
vt 0.6825396825396826 0.8253968253968254
vt 0.6825396825396826 0.8095238095238095
vt 0.6825396825396826 0.7936507936507937
vt 0.6825396825396826 0.7777777777777778
vt 0.6825396825396826 0.7619047619047619
vt 0.6825396825396826 0.746031746031746
vt 0.6825396825396826 0.7301587301587302
vt 0.6825396825396826 0.7142857142857143
vt 0.6825396825396826 0.6984126984126984
vt 0.6825396825396826 0.6825396825396826
vt 0.6825396825396826 0.6666666666666667
vt 0.6825396825396826 0.6507936507936508
vt 0.6825396825396826 0.6349206349206349
vt 0.6825396825396826 0.6190476190476191
vt 0.6825396825396826 0.6031746031746033
vt 0.6825396825396826 0.5873015873015873
vt 0.6825396825396826 0.5714285714285714
vt 0.6825396825396826 0.5555555555555556
vt 0.6825396825396826 0.5396825396825398
vt 0.6825396825396826 0.5238095238095238
vt 0.6825396825396826 0.5079365079365079
vt 0.6825396825396826 0.4920634920634921
vt 0.6825396825396826 0.4761904761904763
vt 0.6825396825396826 0.46031746031746035
vt 0.6825396825396826 0.4444444444444444
vt 0.6825396825396826 0.4285714285714286
vt 0.6825396825396826 0.4126984126984128
vt 0.6825396825396826 0.39682539682539686
vt 0.6825396825396826 0.38095238095238093
vt 0.6825396825396826 0.3650793650793651
vt 0.6825396825396826 0.3492063492063493
vt 0.6825396825396826 0.33333333333333337
vt 0.6825396825396826 0.31746031746031744
vt 0.6825396825396826 0.3015873015873016
vt 0.6825396825396826 0.2857142857142858
vt 0.6825396825396826 0.2698412698412699
vt 0.6825396825396826 0.25396825396825395
vt 0.6825396825396826 0.23809523809523814
vt 0.6825396825396826 0.22222222222222232
vt 0.6825396825396826 0.2063492063492064
vt 0.6825396825396826 0.19047619047619047
vt 0.6825396825396826 0.17460317460317465
vt 0.6825396825396826 0.15873015873015883
vt 0.6825396825396826 0.1428571428571429
vt 0.6825396825396826 0.12698412698412698
vt 0.6825396825396826 0.11111111111111116
vt 0.6825396825396826 0.09523809523809534
vt 0.6825396825396826 0.07936507936507942
vt 0.6825396825396826 0.06349206349206349
vt 0.6825396825396826 0.04761904761904767
vt 0.6825396825396826 0.031746031746031855
vt 0.6825396825396826 0.015873015873015928
vt 0.6825396825396826 0.0
vt 0.6666666666666667 1.0
vt 0.6666666666666667 0.9841269841269842
vt 0.6666666666666667 0.9682539682539683
vt 0.6666666666666667 0.9523809523809523
vt 0.6666666666666667 0.9365079365079365
vt 0.6666666666666667 0.9206349206349207
vt 0.6666666666666667 0.9047619047619048
vt 0.6666666666666667 0.8888888888888888
vt 0.6666666666666667 0.873015873015873
vt 0.6666666666666667 0.8571428571428572
vt 0.6666666666666667 0.8412698412698413
vt 0.6666666666666667 0.8253968253968254
vt 0.6666666666666667 0.8095238095238095
vt 0.6666666666666667 0.7936507936507937
vt 0.6666666666666667 0.7777777777777778
vt 0.6666666666666667 0.7619047619047619
vt 0.6666666666666667 0.746031746031746
vt 0.6666666666666667 0.7301587301587302
vt 0.6666666666666667 0.7142857142857143
vt 0.6666666666666667 0.6984126984126984
vt 0.6666666666666667 0.6825396825396826
vt 0.6666666666666667 0.6666666666666667
vt 0.6666666666666667 0.6507936507936508
vt 0.6666666666666667 0.6349206349206349
vt 0.6666666666666667 0.6190476190476191
vt 0.6666666666666667 0.6031746031746033
vt 0.6666666666666667 0.5873015873015873
vt 0.6666666666666667 0.5714285714285714
vt 0.6666666666666667 0.5555555555555556
vt 0.6666666666666667 0.5396825396825398
vt 0.6666666666666667 0.5238095238095238
vt 0.6666666666666667 0.5079365079365079
vt 0.6666666666666667 0.4920634920634921
vt 0.6666666666666667 0.4761904761904763
vt 0.6666666666666667 0.46031746031746035
vt 0.6666666666666667 0.4444444444444444
vt 0.6666666666666667 0.4285714285714286
vt 0.6666666666666667 0.4126984126984128
vt 0.6666666666666667 0.39682539682539686
vt 0.6666666666666667 0.38095238095238093
vt 0.6666666666666667 0.3650793650793651
vt 0.6666666666666667 0.3492063492063493
vt 0.6666666666666667 0.33333333333333337
vt 0.6666666666666667 0.31746031746031744
vt 0.6666666666666667 0.3015873015873016
vt 0.6666666666666667 0.2857142857142858
vt 0.6666666666666667 0.2698412698412699
vt 0.6666666666666667 0.25396825396825395
vt 0.6666666666666667 0.23809523809523814
vt 0.6666666666666667 0.22222222222222232
vt 0.6666666666666667 0.2063492063492064
vt 0.6666666666666667 0.19047619047619047
vt 0.6666666666666667 0.17460317460317465
vt 0.6666666666666667 0.15873015873015883
vt 0.6666666666666667 0.1428571428571429
vt 0.6666666666666667 0.12698412698412698
vt 0.6666666666666667 0.11111111111111116
vt 0.6666666666666667 0.09523809523809534
vt 0.6666666666666667 0.07936507936507942
vt 0.6666666666666667 0.06349206349206349
vt 0.6666666666666667 0.04761904761904767
vt 0.6666666666666667 0.031746031746031855
vt 0.6666666666666667 0.015873015873015928
vt 0.6666666666666667 0.0
vt 0.6507936507936508 1.0
vt 0.6507936507936508 0.9841269841269842
vt 0.6507936507936508 0.9682539682539683
vt 0.6507936507936508 0.9523809523809523
vt 0.6507936507936508 0.9365079365079365
vt 0.6507936507936508 0.9206349206349207
vt 0.6507936507936508 0.9047619047619048
vt 0.6507936507936508 0.8888888888888888
vt 0.6507936507936508 0.873015873015873
vt 0.6507936507936508 0.8571428571428572
vt 0.6507936507936508 0.8412698412698413
vt 0.6507936507936508 0.8253968253968254
vt 0.6507936507936508 0.8095238095238095
vt 0.6507936507936508 0.7936507936507937
vt 0.6507936507936508 0.7777777777777778
vt 0.6507936507936508 0.7619047619047619
vt 0.6507936507936508 0.746031746031746
vt 0.6507936507936508 0.7301587301587302
vt 0.6507936507936508 0.7142857142857143
vt 0.6507936507936508 0.6984126984126984
vt 0.6507936507936508 0.6825396825396826
vt 0.6507936507936508 0.6666666666666667
vt 0.6507936507936508 0.6507936507936508
vt 0.6507936507936508 0.6349206349206349
vt 0.6507936507936508 0.6190476190476191
vt 0.6507936507936508 0.6031746031746033
vt 0.6507936507936508 0.5873015873015873
vt 0.6507936507936508 0.5714285714285714
vt 0.6507936507936508 0.5555555555555556
vt 0.6507936507936508 0.5396825396825398
vt 0.6507936507936508 0.5238095238095238
vt 0.6507936507936508 0.5079365079365079
vt 0.6507936507936508 0.4920634920634921
vt 0.6507936507936508 0.4761904761904763
vt 0.6507936507936508 0.46031746031746035
vt 0.6507936507936508 0.4444444444444444
vt 0.6507936507936508 0.4285714285714286
vt 0.6507936507936508 0.4126984126984128
vt 0.6507936507936508 0.39682539682539686
vt 0.6507936507936508 0.38095238095238093
vt 0.6507936507936508 0.3650793650793651
vt 0.6507936507936508 0.3492063492063493
vt 0.6507936507936508 0.33333333333333337
vt 0.6507936507936508 0.31746031746031744
vt 0.6507936507936508 0.3015873015873016
vt 0.6507936507936508 0.2857142857142858
vt 0.6507936507936508 0.2698412698412699
vt 0.6507936507936508 0.25396825396825395
vt 0.6507936507936508 0.23809523809523814
vt 0.6507936507936508 0.22222222222222232
vt 0.6507936507936508 0.2063492063492064
vt 0.6507936507936508 0.19047619047619047
vt 0.6507936507936508 0.17460317460317465
vt 0.6507936507936508 0.15873015873015883
vt 0.6507936507936508 0.1428571428571429
vt 0.6507936507936508 0.12698412698412698
vt 0.6507936507936508 0.11111111111111116
vt 0.6507936507936508 0.09523809523809534
vt 0.6507936507936508 0.07936507936507942
vt 0.6507936507936508 0.06349206349206349
vt 0.6507936507936508 0.04761904761904767
vt 0.6507936507936508 0.031746031746031855
vt 0.6507936507936508 0.015873015873015928
vt 0.6507936507936508 0.0
vt 0.6349206349206349 1.0
vt 0.6349206349206349 0.9841269841269842
vt 0.6349206349206349 0.9682539682539683
vt 0.6349206349206349 0.9523809523809523
vt 0.6349206349206349 0.9365079365079365
vt 0.6349206349206349 0.9206349206349207
vt 0.6349206349206349 0.9047619047619048
vt 0.6349206349206349 0.8888888888888888
vt 0.6349206349206349 0.873015873015873
vt 0.6349206349206349 0.8571428571428572
vt 0.6349206349206349 0.8412698412698413
vt 0.6349206349206349 0.8253968253968254
vt 0.6349206349206349 0.8095238095238095
vt 0.6349206349206349 0.7936507936507937
vt 0.6349206349206349 0.7777777777777778
vt 0.6349206349206349 0.7619047619047619
vt 0.6349206349206349 0.746031746031746
vt 0.6349206349206349 0.7301587301587302
vt 0.6349206349206349 0.7142857142857143
vt 0.6349206349206349 0.6984126984126984
vt 0.6349206349206349 0.6825396825396826
vt 0.6349206349206349 0.6666666666666667
vt 0.6349206349206349 0.6507936507936508
vt 0.6349206349206349 0.6349206349206349
vt 0.6349206349206349 0.6190476190476191
vt 0.6349206349206349 0.6031746031746033
vt 0.6349206349206349 0.5873015873015873
vt 0.6349206349206349 0.5714285714285714
vt 0.6349206349206349 0.5555555555555556
vt 0.6349206349206349 0.5396825396825398
vt 0.6349206349206349 0.5238095238095238
vt 0.6349206349206349 0.5079365079365079
vt 0.6349206349206349 0.4920634920634921
vt 0.6349206349206349 0.4761904761904763
vt 0.6349206349206349 0.46031746031746035
vt 0.6349206349206349 0.4444444444444444
vt 0.6349206349206349 0.4285714285714286
vt 0.6349206349206349 0.4126984126984128
vt 0.6349206349206349 0.39682539682539686
vt 0.6349206349206349 0.38095238095238093
vt 0.6349206349206349 0.3650793650793651
vt 0.6349206349206349 0.3492063492063493
vt 0.6349206349206349 0.33333333333333337
vt 0.6349206349206349 0.31746031746031744
vt 0.6349206349206349 0.3015873015873016
vt 0.6349206349206349 0.2857142857142858
vt 0.6349206349206349 0.2698412698412699
vt 0.6349206349206349 0.25396825396825395
vt 0.6349206349206349 0.23809523809523814
vt 0.6349206349206349 0.22222222222222232
vt 0.6349206349206349 0.2063492063492064
vt 0.6349206349206349 0.19047619047619047
vt 0.6349206349206349 0.17460317460317465
vt 0.6349206349206349 0.15873015873015883
vt 0.6349206349206349 0.1428571428571429
vt 0.6349206349206349 0.12698412698412698
vt 0.6349206349206349 0.11111111111111116
vt 0.6349206349206349 0.09523809523809534
vt 0.6349206349206349 0.07936507936507942
vt 0.6349206349206349 0.06349206349206349
vt 0.6349206349206349 0.04761904761904767
vt 0.6349206349206349 0.031746031746031855
vt 0.6349206349206349 0.015873015873015928
vt 0.6349206349206349 0.0
vt 0.6190476190476191 1.0
vt 0.6190476190476191 0.9841269841269842
vt 0.6190476190476191 0.9682539682539683
vt 0.6190476190476191 0.9523809523809523
vt 0.6190476190476191 0.9365079365079365
vt 0.6190476190476191 0.9206349206349207
vt 0.6190476190476191 0.9047619047619048
vt 0.6190476190476191 0.8888888888888888
vt 0.6190476190476191 0.873015873015873
vt 0.6190476190476191 0.8571428571428572
vt 0.6190476190476191 0.8412698412698413
vt 0.6190476190476191 0.8253968253968254
vt 0.6190476190476191 0.8095238095238095
vt 0.6190476190476191 0.7936507936507937
vt 0.6190476190476191 0.7777777777777778
vt 0.6190476190476191 0.7619047619047619
vt 0.6190476190476191 0.746031746031746
vt 0.6190476190476191 0.7301587301587302
vt 0.6190476190476191 0.7142857142857143
vt 0.6190476190476191 0.6984126984126984
vt 0.6190476190476191 0.6825396825396826
vt 0.6190476190476191 0.6666666666666667
vt 0.6190476190476191 0.6507936507936508
vt 0.6190476190476191 0.6349206349206349
vt 0.6190476190476191 0.6190476190476191
vt 0.6190476190476191 0.6031746031746033
vt 0.6190476190476191 0.5873015873015873
vt 0.6190476190476191 0.5714285714285714
vt 0.6190476190476191 0.5555555555555556
vt 0.6190476190476191 0.5396825396825398
vt 0.6190476190476191 0.5238095238095238
vt 0.6190476190476191 0.5079365079365079
vt 0.6190476190476191 0.4920634920634921
vt 0.6190476190476191 0.4761904761904763
vt 0.6190476190476191 0.46031746031746035
vt 0.6190476190476191 0.4444444444444444
vt 0.6190476190476191 0.4285714285714286
vt 0.6190476190476191 0.4126984126984128
vt 0.6190476190476191 0.39682539682539686
vt 0.6190476190476191 0.38095238095238093
vt 0.6190476190476191 0.3650793650793651
vt 0.6190476190476191 0.3492063492063493
vt 0.6190476190476191 0.33333333333333337
vt 0.6190476190476191 0.31746031746031744
vt 0.6190476190476191 0.3015873015873016
vt 0.6190476190476191 0.2857142857142858
vt 0.6190476190476191 0.2698412698412699
vt 0.6190476190476191 0.25396825396825395
vt 0.6190476190476191 0.23809523809523814
vt 0.6190476190476191 0.22222222222222232
vt 0.6190476190476191 0.2063492063492064
vt 0.6190476190476191 0.19047619047619047
vt 0.6190476190476191 0.17460317460317465
vt 0.6190476190476191 0.15873015873015883
vt 0.6190476190476191 0.1428571428571429
vt 0.6190476190476191 0.12698412698412698
vt 0.6190476190476191 0.11111111111111116
vt 0.6190476190476191 0.09523809523809534
vt 0.6190476190476191 0.07936507936507942
vt 0.6190476190476191 0.06349206349206349
vt 0.6190476190476191 0.04761904761904767
vt 0.6190476190476191 0.031746031746031855
vt 0.6190476190476191 0.015873015873015928
vt 0.6190476190476191 0.0
vt 0.6031746031746033 1.0
vt 0.6031746031746033 0.9841269841269842
vt 0.6031746031746033 0.9682539682539683
vt 0.6031746031746033 0.9523809523809523
vt 0.6031746031746033 0.9365079365079365
vt 0.6031746031746033 0.9206349206349207
vt 0.6031746031746033 0.9047619047619048
vt 0.6031746031746033 0.8888888888888888
vt 0.6031746031746033 0.873015873015873
vt 0.6031746031746033 0.8571428571428572
vt 0.6031746031746033 0.8412698412698413
vt 0.6031746031746033 0.8253968253968254
vt 0.6031746031746033 0.8095238095238095
vt 0.6031746031746033 0.7936507936507937
vt 0.6031746031746033 0.7777777777777778
vt 0.6031746031746033 0.7619047619047619
vt 0.6031746031746033 0.746031746031746
vt 0.6031746031746033 0.7301587301587302
vt 0.6031746031746033 0.7142857142857143
vt 0.6031746031746033 0.6984126984126984
vt 0.6031746031746033 0.6825396825396826
vt 0.6031746031746033 0.6666666666666667
vt 0.6031746031746033 0.6507936507936508
vt 0.6031746031746033 0.6349206349206349
vt 0.6031746031746033 0.6190476190476191
vt 0.6031746031746033 0.6031746031746033
vt 0.6031746031746033 0.5873015873015873
vt 0.6031746031746033 0.5714285714285714
vt 0.6031746031746033 0.5555555555555556
vt 0.6031746031746033 0.5396825396825398
vt 0.6031746031746033 0.5238095238095238
vt 0.6031746031746033 0.5079365079365079
vt 0.6031746031746033 0.4920634920634921
vt 0.6031746031746033 0.4761904761904763
vt 0.6031746031746033 0.46031746031746035
vt 0.6031746031746033 0.4444444444444444
vt 0.6031746031746033 0.4285714285714286
vt 0.6031746031746033 0.4126984126984128
vt 0.6031746031746033 0.39682539682539686
vt 0.6031746031746033 0.38095238095238093
vt 0.6031746031746033 0.3650793650793651
vt 0.6031746031746033 0.3492063492063493
vt 0.6031746031746033 0.33333333333333337
vt 0.6031746031746033 0.31746031746031744
vt 0.6031746031746033 0.3015873015873016
vt 0.6031746031746033 0.2857142857142858
vt 0.6031746031746033 0.2698412698412699
vt 0.6031746031746033 0.25396825396825395
vt 0.6031746031746033 0.23809523809523814
vt 0.6031746031746033 0.22222222222222232
vt 0.6031746031746033 0.2063492063492064
vt 0.6031746031746033 0.19047619047619047
vt 0.6031746031746033 0.17460317460317465
vt 0.6031746031746033 0.15873015873015883
vt 0.6031746031746033 0.1428571428571429
vt 0.6031746031746033 0.12698412698412698
vt 0.6031746031746033 0.11111111111111116
vt 0.6031746031746033 0.09523809523809534
vt 0.6031746031746033 0.07936507936507942
vt 0.6031746031746033 0.06349206349206349
vt 0.6031746031746033 0.04761904761904767
vt 0.6031746031746033 0.031746031746031855
vt 0.6031746031746033 0.015873015873015928
vt 0.6031746031746033 0.0
vt 0.5873015873015873 1.0
vt 0.5873015873015873 0.9841269841269842
vt 0.5873015873015873 0.9682539682539683
vt 0.5873015873015873 0.9523809523809523
vt 0.5873015873015873 0.9365079365079365
vt 0.5873015873015873 0.9206349206349207
vt 0.5873015873015873 0.9047619047619048
vt 0.5873015873015873 0.8888888888888888
vt 0.5873015873015873 0.873015873015873
vt 0.5873015873015873 0.8571428571428572
vt 0.5873015873015873 0.8412698412698413
vt 0.5873015873015873 0.8253968253968254
vt 0.5873015873015873 0.8095238095238095
vt 0.5873015873015873 0.7936507936507937
vt 0.5873015873015873 0.7777777777777778
vt 0.5873015873015873 0.7619047619047619
vt 0.5873015873015873 0.746031746031746
vt 0.5873015873015873 0.7301587301587302
vt 0.5873015873015873 0.7142857142857143
vt 0.5873015873015873 0.6984126984126984
vt 0.5873015873015873 0.6825396825396826
vt 0.5873015873015873 0.6666666666666667
vt 0.5873015873015873 0.6507936507936508
vt 0.5873015873015873 0.6349206349206349
vt 0.5873015873015873 0.6190476190476191
vt 0.5873015873015873 0.6031746031746033
vt 0.5873015873015873 0.5873015873015873
vt 0.5873015873015873 0.5714285714285714
vt 0.5873015873015873 0.5555555555555556
vt 0.5873015873015873 0.5396825396825398
vt 0.5873015873015873 0.5238095238095238
vt 0.5873015873015873 0.5079365079365079
vt 0.5873015873015873 0.4920634920634921
vt 0.5873015873015873 0.4761904761904763
vt 0.5873015873015873 0.46031746031746035
vt 0.5873015873015873 0.4444444444444444
vt 0.5873015873015873 0.4285714285714286
vt 0.5873015873015873 0.4126984126984128
vt 0.5873015873015873 0.39682539682539686
vt 0.5873015873015873 0.38095238095238093
vt 0.5873015873015873 0.3650793650793651
vt 0.5873015873015873 0.3492063492063493
vt 0.5873015873015873 0.33333333333333337
vt 0.5873015873015873 0.31746031746031744
vt 0.5873015873015873 0.3015873015873016
vt 0.5873015873015873 0.2857142857142858
vt 0.5873015873015873 0.2698412698412699
vt 0.5873015873015873 0.25396825396825395
vt 0.5873015873015873 0.23809523809523814
vt 0.5873015873015873 0.22222222222222232
vt 0.5873015873015873 0.2063492063492064
vt 0.5873015873015873 0.19047619047619047
vt 0.5873015873015873 0.17460317460317465
vt 0.5873015873015873 0.15873015873015883
vt 0.5873015873015873 0.1428571428571429
vt 0.5873015873015873 0.12698412698412698
vt 0.5873015873015873 0.11111111111111116
vt 0.5873015873015873 0.09523809523809534
vt 0.5873015873015873 0.07936507936507942
vt 0.5873015873015873 0.06349206349206349
vt 0.5873015873015873 0.04761904761904767
vt 0.5873015873015873 0.031746031746031855
vt 0.5873015873015873 0.015873015873015928
vt 0.5873015873015873 0.0
vt 0.5714285714285714 1.0
vt 0.5714285714285714 0.9841269841269842
vt 0.5714285714285714 0.9682539682539683
vt 0.5714285714285714 0.9523809523809523
vt 0.5714285714285714 0.9365079365079365
vt 0.5714285714285714 0.9206349206349207
vt 0.5714285714285714 0.9047619047619048
vt 0.5714285714285714 0.8888888888888888
vt 0.5714285714285714 0.873015873015873
vt 0.5714285714285714 0.8571428571428572
vt 0.5714285714285714 0.8412698412698413
vt 0.5714285714285714 0.8253968253968254
vt 0.5714285714285714 0.8095238095238095
vt 0.5714285714285714 0.7936507936507937
vt 0.5714285714285714 0.7777777777777778
vt 0.5714285714285714 0.7619047619047619
vt 0.5714285714285714 0.746031746031746
vt 0.5714285714285714 0.7301587301587302
vt 0.5714285714285714 0.7142857142857143
vt 0.5714285714285714 0.6984126984126984
vt 0.5714285714285714 0.6825396825396826
vt 0.5714285714285714 0.6666666666666667
vt 0.5714285714285714 0.6507936507936508
vt 0.5714285714285714 0.6349206349206349
vt 0.5714285714285714 0.6190476190476191
vt 0.5714285714285714 0.6031746031746033
vt 0.5714285714285714 0.5873015873015873
vt 0.5714285714285714 0.5714285714285714
vt 0.5714285714285714 0.5555555555555556
vt 0.5714285714285714 0.5396825396825398
vt 0.5714285714285714 0.5238095238095238
vt 0.5714285714285714 0.5079365079365079
vt 0.5714285714285714 0.4920634920634921
vt 0.5714285714285714 0.4761904761904763
vt 0.5714285714285714 0.46031746031746035
vt 0.5714285714285714 0.4444444444444444
vt 0.5714285714285714 0.4285714285714286
vt 0.5714285714285714 0.4126984126984128
vt 0.5714285714285714 0.39682539682539686
vt 0.5714285714285714 0.38095238095238093
vt 0.5714285714285714 0.3650793650793651
vt 0.5714285714285714 0.3492063492063493
vt 0.5714285714285714 0.33333333333333337
vt 0.5714285714285714 0.31746031746031744
vt 0.5714285714285714 0.3015873015873016
vt 0.5714285714285714 0.2857142857142858
vt 0.5714285714285714 0.2698412698412699
vt 0.5714285714285714 0.25396825396825395
vt 0.5714285714285714 0.23809523809523814
vt 0.5714285714285714 0.22222222222222232
vt 0.5714285714285714 0.2063492063492064
vt 0.5714285714285714 0.19047619047619047
vt 0.5714285714285714 0.17460317460317465
vt 0.5714285714285714 0.15873015873015883
vt 0.5714285714285714 0.1428571428571429
vt 0.5714285714285714 0.12698412698412698
vt 0.5714285714285714 0.11111111111111116
vt 0.5714285714285714 0.09523809523809534
vt 0.5714285714285714 0.07936507936507942
vt 0.5714285714285714 0.06349206349206349
vt 0.5714285714285714 0.04761904761904767
vt 0.5714285714285714 0.031746031746031855
vt 0.5714285714285714 0.015873015873015928
vt 0.5714285714285714 0.0
vt 0.5555555555555556 1.0
vt 0.5555555555555556 0.9841269841269842
vt 0.5555555555555556 0.9682539682539683
vt 0.5555555555555556 0.9523809523809523
vt 0.5555555555555556 0.9365079365079365
vt 0.5555555555555556 0.9206349206349207
vt 0.5555555555555556 0.9047619047619048
vt 0.5555555555555556 0.8888888888888888
vt 0.5555555555555556 0.873015873015873
vt 0.5555555555555556 0.8571428571428572
vt 0.5555555555555556 0.8412698412698413
vt 0.5555555555555556 0.8253968253968254
vt 0.5555555555555556 0.8095238095238095
vt 0.5555555555555556 0.7936507936507937
vt 0.5555555555555556 0.7777777777777778
vt 0.5555555555555556 0.7619047619047619
vt 0.5555555555555556 0.746031746031746
vt 0.5555555555555556 0.7301587301587302
vt 0.5555555555555556 0.7142857142857143
vt 0.5555555555555556 0.6984126984126984
vt 0.5555555555555556 0.6825396825396826
vt 0.5555555555555556 0.6666666666666667
vt 0.5555555555555556 0.6507936507936508
vt 0.5555555555555556 0.6349206349206349
vt 0.5555555555555556 0.6190476190476191
vt 0.5555555555555556 0.6031746031746033
vt 0.5555555555555556 0.5873015873015873
vt 0.5555555555555556 0.5714285714285714
vt 0.5555555555555556 0.5555555555555556
vt 0.5555555555555556 0.5396825396825398
vt 0.5555555555555556 0.5238095238095238
vt 0.5555555555555556 0.5079365079365079
vt 0.5555555555555556 0.4920634920634921
vt 0.5555555555555556 0.4761904761904763
vt 0.5555555555555556 0.46031746031746035
vt 0.5555555555555556 0.4444444444444444
vt 0.5555555555555556 0.4285714285714286
vt 0.5555555555555556 0.4126984126984128
vt 0.5555555555555556 0.39682539682539686
vt 0.5555555555555556 0.38095238095238093
vt 0.5555555555555556 0.3650793650793651
vt 0.5555555555555556 0.3492063492063493
vt 0.5555555555555556 0.33333333333333337
vt 0.5555555555555556 0.31746031746031744
vt 0.5555555555555556 0.3015873015873016
vt 0.5555555555555556 0.2857142857142858
vt 0.5555555555555556 0.2698412698412699
vt 0.5555555555555556 0.25396825396825395
vt 0.5555555555555556 0.23809523809523814
vt 0.5555555555555556 0.22222222222222232
vt 0.5555555555555556 0.2063492063492064
vt 0.5555555555555556 0.19047619047619047
vt 0.5555555555555556 0.17460317460317465
vt 0.5555555555555556 0.15873015873015883
vt 0.5555555555555556 0.1428571428571429
vt 0.5555555555555556 0.12698412698412698
vt 0.5555555555555556 0.11111111111111116
vt 0.5555555555555556 0.09523809523809534
vt 0.5555555555555556 0.07936507936507942
vt 0.5555555555555556 0.06349206349206349
vt 0.5555555555555556 0.04761904761904767
vt 0.5555555555555556 0.031746031746031855
vt 0.5555555555555556 0.015873015873015928
vt 0.5555555555555556 0.0
vt 0.5396825396825398 1.0
vt 0.5396825396825398 0.9841269841269842
vt 0.5396825396825398 0.9682539682539683
vt 0.5396825396825398 0.9523809523809523
vt 0.5396825396825398 0.9365079365079365
vt 0.5396825396825398 0.9206349206349207
vt 0.5396825396825398 0.9047619047619048
vt 0.5396825396825398 0.8888888888888888
vt 0.5396825396825398 0.873015873015873
vt 0.5396825396825398 0.8571428571428572
vt 0.5396825396825398 0.8412698412698413
vt 0.5396825396825398 0.8253968253968254
vt 0.5396825396825398 0.8095238095238095
vt 0.5396825396825398 0.7936507936507937
vt 0.5396825396825398 0.7777777777777778
vt 0.5396825396825398 0.7619047619047619
vt 0.5396825396825398 0.746031746031746
vt 0.5396825396825398 0.7301587301587302
vt 0.5396825396825398 0.7142857142857143
vt 0.5396825396825398 0.6984126984126984
vt 0.5396825396825398 0.6825396825396826
vt 0.5396825396825398 0.6666666666666667
vt 0.5396825396825398 0.6507936507936508
vt 0.5396825396825398 0.6349206349206349
vt 0.5396825396825398 0.6190476190476191
vt 0.5396825396825398 0.6031746031746033
vt 0.5396825396825398 0.5873015873015873
vt 0.5396825396825398 0.5714285714285714
vt 0.5396825396825398 0.5555555555555556
vt 0.5396825396825398 0.5396825396825398
vt 0.5396825396825398 0.5238095238095238
vt 0.5396825396825398 0.5079365079365079
vt 0.5396825396825398 0.4920634920634921
vt 0.5396825396825398 0.4761904761904763
vt 0.5396825396825398 0.46031746031746035
vt 0.5396825396825398 0.4444444444444444
vt 0.5396825396825398 0.4285714285714286
vt 0.5396825396825398 0.4126984126984128
vt 0.5396825396825398 0.39682539682539686
vt 0.5396825396825398 0.38095238095238093
vt 0.5396825396825398 0.3650793650793651
vt 0.5396825396825398 0.3492063492063493
vt 0.5396825396825398 0.33333333333333337
vt 0.5396825396825398 0.31746031746031744
vt 0.5396825396825398 0.3015873015873016
vt 0.5396825396825398 0.2857142857142858
vt 0.5396825396825398 0.2698412698412699
vt 0.5396825396825398 0.25396825396825395
vt 0.5396825396825398 0.23809523809523814
vt 0.5396825396825398 0.22222222222222232
vt 0.5396825396825398 0.2063492063492064
vt 0.5396825396825398 0.19047619047619047
vt 0.5396825396825398 0.17460317460317465
vt 0.5396825396825398 0.15873015873015883
vt 0.5396825396825398 0.1428571428571429
vt 0.5396825396825398 0.12698412698412698
vt 0.5396825396825398 0.11111111111111116
vt 0.5396825396825398 0.09523809523809534
vt 0.5396825396825398 0.07936507936507942
vt 0.5396825396825398 0.06349206349206349
vt 0.5396825396825398 0.04761904761904767
vt 0.5396825396825398 0.031746031746031855
vt 0.5396825396825398 0.015873015873015928
vt 0.5396825396825398 0.0
vt 0.5238095238095238 1.0
vt 0.5238095238095238 0.9841269841269842
vt 0.5238095238095238 0.9682539682539683
vt 0.5238095238095238 0.9523809523809523
vt 0.5238095238095238 0.9365079365079365
vt 0.5238095238095238 0.9206349206349207
vt 0.5238095238095238 0.9047619047619048
vt 0.5238095238095238 0.8888888888888888
vt 0.5238095238095238 0.873015873015873
vt 0.5238095238095238 0.8571428571428572
vt 0.5238095238095238 0.8412698412698413
vt 0.5238095238095238 0.8253968253968254
vt 0.5238095238095238 0.8095238095238095
vt 0.5238095238095238 0.7936507936507937
vt 0.5238095238095238 0.7777777777777778
vt 0.5238095238095238 0.7619047619047619
vt 0.5238095238095238 0.746031746031746
vt 0.5238095238095238 0.7301587301587302
vt 0.5238095238095238 0.7142857142857143
vt 0.5238095238095238 0.6984126984126984
vt 0.5238095238095238 0.6825396825396826
vt 0.5238095238095238 0.6666666666666667
vt 0.5238095238095238 0.6507936507936508
vt 0.5238095238095238 0.6349206349206349
vt 0.5238095238095238 0.6190476190476191
vt 0.5238095238095238 0.6031746031746033
vt 0.5238095238095238 0.5873015873015873
vt 0.5238095238095238 0.5714285714285714
vt 0.5238095238095238 0.5555555555555556
vt 0.5238095238095238 0.5396825396825398
vt 0.5238095238095238 0.5238095238095238
vt 0.5238095238095238 0.5079365079365079
vt 0.5238095238095238 0.4920634920634921
vt 0.5238095238095238 0.4761904761904763
vt 0.5238095238095238 0.46031746031746035
vt 0.5238095238095238 0.4444444444444444
vt 0.5238095238095238 0.4285714285714286
vt 0.5238095238095238 0.4126984126984128
vt 0.5238095238095238 0.39682539682539686
vt 0.5238095238095238 0.38095238095238093
vt 0.5238095238095238 0.3650793650793651
vt 0.5238095238095238 0.3492063492063493
vt 0.5238095238095238 0.33333333333333337
vt 0.5238095238095238 0.31746031746031744
vt 0.5238095238095238 0.3015873015873016
vt 0.5238095238095238 0.2857142857142858
vt 0.5238095238095238 0.2698412698412699
vt 0.5238095238095238 0.25396825396825395
vt 0.5238095238095238 0.23809523809523814
vt 0.5238095238095238 0.22222222222222232
vt 0.5238095238095238 0.2063492063492064
vt 0.5238095238095238 0.19047619047619047
vt 0.5238095238095238 0.17460317460317465
vt 0.5238095238095238 0.15873015873015883
vt 0.5238095238095238 0.1428571428571429
vt 0.5238095238095238 0.12698412698412698
vt 0.5238095238095238 0.11111111111111116
vt 0.5238095238095238 0.09523809523809534
vt 0.5238095238095238 0.07936507936507942
vt 0.5238095238095238 0.06349206349206349
vt 0.5238095238095238 0.04761904761904767
vt 0.5238095238095238 0.031746031746031855
vt 0.5238095238095238 0.015873015873015928
vt 0.5238095238095238 0.0
vt 0.5079365079365079 1.0
vt 0.5079365079365079 0.9841269841269842
vt 0.5079365079365079 0.9682539682539683
vt 0.5079365079365079 0.9523809523809523
vt 0.5079365079365079 0.9365079365079365
vt 0.5079365079365079 0.9206349206349207
vt 0.5079365079365079 0.9047619047619048
vt 0.5079365079365079 0.8888888888888888
vt 0.5079365079365079 0.873015873015873
vt 0.5079365079365079 0.8571428571428572
vt 0.5079365079365079 0.8412698412698413
vt 0.5079365079365079 0.8253968253968254
vt 0.5079365079365079 0.8095238095238095
vt 0.5079365079365079 0.7936507936507937
vt 0.5079365079365079 0.7777777777777778
vt 0.5079365079365079 0.7619047619047619
vt 0.5079365079365079 0.746031746031746
vt 0.5079365079365079 0.7301587301587302
vt 0.5079365079365079 0.7142857142857143
vt 0.5079365079365079 0.6984126984126984
vt 0.5079365079365079 0.6825396825396826
vt 0.5079365079365079 0.6666666666666667
vt 0.5079365079365079 0.6507936507936508
vt 0.5079365079365079 0.6349206349206349
vt 0.5079365079365079 0.6190476190476191
vt 0.5079365079365079 0.6031746031746033
vt 0.5079365079365079 0.5873015873015873
vt 0.5079365079365079 0.5714285714285714
vt 0.5079365079365079 0.5555555555555556
vt 0.5079365079365079 0.5396825396825398
vt 0.5079365079365079 0.5238095238095238
vt 0.5079365079365079 0.5079365079365079
vt 0.5079365079365079 0.4920634920634921
vt 0.5079365079365079 0.4761904761904763
vt 0.5079365079365079 0.46031746031746035
vt 0.5079365079365079 0.4444444444444444
vt 0.5079365079365079 0.4285714285714286
vt 0.5079365079365079 0.4126984126984128
vt 0.5079365079365079 0.39682539682539686
vt 0.5079365079365079 0.38095238095238093
vt 0.5079365079365079 0.3650793650793651
vt 0.5079365079365079 0.3492063492063493
vt 0.5079365079365079 0.33333333333333337
vt 0.5079365079365079 0.31746031746031744
vt 0.5079365079365079 0.3015873015873016
vt 0.5079365079365079 0.2857142857142858
vt 0.5079365079365079 0.2698412698412699
vt 0.5079365079365079 0.25396825396825395
vt 0.5079365079365079 0.23809523809523814
vt 0.5079365079365079 0.22222222222222232
vt 0.5079365079365079 0.2063492063492064
vt 0.5079365079365079 0.19047619047619047
vt 0.5079365079365079 0.17460317460317465
vt 0.5079365079365079 0.15873015873015883
vt 0.5079365079365079 0.1428571428571429
vt 0.5079365079365079 0.12698412698412698
vt 0.5079365079365079 0.11111111111111116
vt 0.5079365079365079 0.09523809523809534
vt 0.5079365079365079 0.07936507936507942
vt 0.5079365079365079 0.06349206349206349
vt 0.5079365079365079 0.04761904761904767
vt 0.5079365079365079 0.031746031746031855
vt 0.5079365079365079 0.015873015873015928
vt 0.5079365079365079 0.0
vt 0.4920634920634921 1.0
vt 0.4920634920634921 0.9841269841269842
vt 0.4920634920634921 0.9682539682539683
vt 0.4920634920634921 0.9523809523809523
vt 0.4920634920634921 0.9365079365079365
vt 0.4920634920634921 0.9206349206349207
vt 0.4920634920634921 0.9047619047619048
vt 0.4920634920634921 0.8888888888888888
vt 0.4920634920634921 0.873015873015873
vt 0.4920634920634921 0.8571428571428572
vt 0.4920634920634921 0.8412698412698413
vt 0.4920634920634921 0.8253968253968254
vt 0.4920634920634921 0.8095238095238095
vt 0.4920634920634921 0.7936507936507937
vt 0.4920634920634921 0.7777777777777778
vt 0.4920634920634921 0.7619047619047619
vt 0.4920634920634921 0.746031746031746
vt 0.4920634920634921 0.7301587301587302
vt 0.4920634920634921 0.7142857142857143
vt 0.4920634920634921 0.6984126984126984
vt 0.4920634920634921 0.6825396825396826
vt 0.4920634920634921 0.6666666666666667
vt 0.4920634920634921 0.6507936507936508
vt 0.4920634920634921 0.6349206349206349
vt 0.4920634920634921 0.6190476190476191
vt 0.4920634920634921 0.6031746031746033
vt 0.4920634920634921 0.5873015873015873
vt 0.4920634920634921 0.5714285714285714
vt 0.4920634920634921 0.5555555555555556
vt 0.4920634920634921 0.5396825396825398
vt 0.4920634920634921 0.5238095238095238
vt 0.4920634920634921 0.5079365079365079
vt 0.4920634920634921 0.4920634920634921
vt 0.4920634920634921 0.4761904761904763
vt 0.4920634920634921 0.46031746031746035
vt 0.4920634920634921 0.4444444444444444
vt 0.4920634920634921 0.4285714285714286
vt 0.4920634920634921 0.4126984126984128
vt 0.4920634920634921 0.39682539682539686
vt 0.4920634920634921 0.38095238095238093
vt 0.4920634920634921 0.3650793650793651
vt 0.4920634920634921 0.3492063492063493
vt 0.4920634920634921 0.33333333333333337
vt 0.4920634920634921 0.31746031746031744
vt 0.4920634920634921 0.3015873015873016
vt 0.4920634920634921 0.2857142857142858
vt 0.4920634920634921 0.2698412698412699
vt 0.4920634920634921 0.25396825396825395
vt 0.4920634920634921 0.23809523809523814
vt 0.4920634920634921 0.22222222222222232
vt 0.4920634920634921 0.2063492063492064
vt 0.4920634920634921 0.19047619047619047
vt 0.4920634920634921 0.17460317460317465
vt 0.4920634920634921 0.15873015873015883
vt 0.4920634920634921 0.1428571428571429
vt 0.4920634920634921 0.12698412698412698
vt 0.4920634920634921 0.11111111111111116
vt 0.4920634920634921 0.09523809523809534
vt 0.4920634920634921 0.07936507936507942
vt 0.4920634920634921 0.06349206349206349
vt 0.4920634920634921 0.04761904761904767
vt 0.4920634920634921 0.031746031746031855
vt 0.4920634920634921 0.015873015873015928
vt 0.4920634920634921 0.0
vt 0.4761904761904763 1.0
vt 0.4761904761904763 0.9841269841269842
vt 0.4761904761904763 0.9682539682539683
vt 0.4761904761904763 0.9523809523809523
vt 0.4761904761904763 0.9365079365079365
vt 0.4761904761904763 0.9206349206349207
vt 0.4761904761904763 0.9047619047619048
vt 0.4761904761904763 0.8888888888888888
vt 0.4761904761904763 0.873015873015873
vt 0.4761904761904763 0.8571428571428572
vt 0.4761904761904763 0.8412698412698413
vt 0.4761904761904763 0.8253968253968254
vt 0.4761904761904763 0.8095238095238095
vt 0.4761904761904763 0.7936507936507937
vt 0.4761904761904763 0.7777777777777778
vt 0.4761904761904763 0.7619047619047619
vt 0.4761904761904763 0.746031746031746
vt 0.4761904761904763 0.7301587301587302
vt 0.4761904761904763 0.7142857142857143
vt 0.4761904761904763 0.6984126984126984
vt 0.4761904761904763 0.6825396825396826
vt 0.4761904761904763 0.6666666666666667
vt 0.4761904761904763 0.6507936507936508
vt 0.4761904761904763 0.6349206349206349
vt 0.4761904761904763 0.6190476190476191
vt 0.4761904761904763 0.6031746031746033
vt 0.4761904761904763 0.5873015873015873
vt 0.4761904761904763 0.5714285714285714
vt 0.4761904761904763 0.5555555555555556
vt 0.4761904761904763 0.5396825396825398
vt 0.4761904761904763 0.5238095238095238
vt 0.4761904761904763 0.5079365079365079
vt 0.4761904761904763 0.4920634920634921
vt 0.4761904761904763 0.4761904761904763
vt 0.4761904761904763 0.46031746031746035
vt 0.4761904761904763 0.4444444444444444
vt 0.4761904761904763 0.4285714285714286
vt 0.4761904761904763 0.4126984126984128
vt 0.4761904761904763 0.39682539682539686
vt 0.4761904761904763 0.38095238095238093
vt 0.4761904761904763 0.3650793650793651
vt 0.4761904761904763 0.3492063492063493
vt 0.4761904761904763 0.33333333333333337
vt 0.4761904761904763 0.31746031746031744
vt 0.4761904761904763 0.3015873015873016
vt 0.4761904761904763 0.2857142857142858
vt 0.4761904761904763 0.2698412698412699
vt 0.4761904761904763 0.25396825396825395
vt 0.4761904761904763 0.23809523809523814
vt 0.4761904761904763 0.22222222222222232
vt 0.4761904761904763 0.2063492063492064
vt 0.4761904761904763 0.19047619047619047
vt 0.4761904761904763 0.17460317460317465
vt 0.4761904761904763 0.15873015873015883
vt 0.4761904761904763 0.1428571428571429
vt 0.4761904761904763 0.12698412698412698
vt 0.4761904761904763 0.11111111111111116
vt 0.4761904761904763 0.09523809523809534
vt 0.4761904761904763 0.07936507936507942
vt 0.4761904761904763 0.06349206349206349
vt 0.4761904761904763 0.04761904761904767
vt 0.4761904761904763 0.031746031746031855
vt 0.4761904761904763 0.015873015873015928
vt 0.4761904761904763 0.0
vt 0.46031746031746035 1.0
vt 0.46031746031746035 0.9841269841269842
vt 0.46031746031746035 0.9682539682539683
vt 0.46031746031746035 0.9523809523809523
vt 0.46031746031746035 0.9365079365079365
vt 0.46031746031746035 0.9206349206349207
vt 0.46031746031746035 0.9047619047619048
vt 0.46031746031746035 0.8888888888888888
vt 0.46031746031746035 0.873015873015873
vt 0.46031746031746035 0.8571428571428572
vt 0.46031746031746035 0.8412698412698413
vt 0.46031746031746035 0.8253968253968254
vt 0.46031746031746035 0.8095238095238095
vt 0.46031746031746035 0.7936507936507937
vt 0.46031746031746035 0.7777777777777778
vt 0.46031746031746035 0.7619047619047619
vt 0.46031746031746035 0.746031746031746
vt 0.46031746031746035 0.7301587301587302
vt 0.46031746031746035 0.7142857142857143
vt 0.46031746031746035 0.6984126984126984
vt 0.46031746031746035 0.6825396825396826
vt 0.46031746031746035 0.6666666666666667
vt 0.46031746031746035 0.6507936507936508
vt 0.46031746031746035 0.6349206349206349
vt 0.46031746031746035 0.6190476190476191
vt 0.46031746031746035 0.6031746031746033
vt 0.46031746031746035 0.5873015873015873
vt 0.46031746031746035 0.5714285714285714
vt 0.46031746031746035 0.5555555555555556
vt 0.46031746031746035 0.5396825396825398
vt 0.46031746031746035 0.5238095238095238
vt 0.46031746031746035 0.5079365079365079
vt 0.46031746031746035 0.4920634920634921
vt 0.46031746031746035 0.4761904761904763
vt 0.46031746031746035 0.46031746031746035
vt 0.46031746031746035 0.4444444444444444
vt 0.46031746031746035 0.4285714285714286
vt 0.46031746031746035 0.4126984126984128
vt 0.46031746031746035 0.39682539682539686
vt 0.46031746031746035 0.38095238095238093
vt 0.46031746031746035 0.3650793650793651
vt 0.46031746031746035 0.3492063492063493
vt 0.46031746031746035 0.33333333333333337
vt 0.46031746031746035 0.31746031746031744
vt 0.46031746031746035 0.3015873015873016
vt 0.46031746031746035 0.2857142857142858
vt 0.46031746031746035 0.2698412698412699
vt 0.46031746031746035 0.25396825396825395
vt 0.46031746031746035 0.23809523809523814
vt 0.46031746031746035 0.22222222222222232
vt 0.46031746031746035 0.2063492063492064
vt 0.46031746031746035 0.19047619047619047
vt 0.46031746031746035 0.17460317460317465
vt 0.46031746031746035 0.15873015873015883
vt 0.46031746031746035 0.1428571428571429
vt 0.46031746031746035 0.12698412698412698
vt 0.46031746031746035 0.11111111111111116
vt 0.46031746031746035 0.09523809523809534
vt 0.46031746031746035 0.07936507936507942
vt 0.46031746031746035 0.06349206349206349
vt 0.46031746031746035 0.04761904761904767
vt 0.46031746031746035 0.031746031746031855
vt 0.46031746031746035 0.015873015873015928
vt 0.46031746031746035 0.0
vt 0.4444444444444444 1.0
vt 0.4444444444444444 0.9841269841269842
vt 0.4444444444444444 0.9682539682539683
vt 0.4444444444444444 0.9523809523809523
vt 0.4444444444444444 0.9365079365079365
vt 0.4444444444444444 0.9206349206349207
vt 0.4444444444444444 0.9047619047619048
vt 0.4444444444444444 0.8888888888888888
vt 0.4444444444444444 0.873015873015873
vt 0.4444444444444444 0.8571428571428572
vt 0.4444444444444444 0.8412698412698413
vt 0.4444444444444444 0.8253968253968254
vt 0.4444444444444444 0.8095238095238095
vt 0.4444444444444444 0.7936507936507937
vt 0.4444444444444444 0.7777777777777778
vt 0.4444444444444444 0.7619047619047619
vt 0.4444444444444444 0.746031746031746
vt 0.4444444444444444 0.7301587301587302
vt 0.4444444444444444 0.7142857142857143
vt 0.4444444444444444 0.6984126984126984
vt 0.4444444444444444 0.6825396825396826
vt 0.4444444444444444 0.6666666666666667
vt 0.4444444444444444 0.6507936507936508
vt 0.4444444444444444 0.6349206349206349
vt 0.4444444444444444 0.6190476190476191
vt 0.4444444444444444 0.6031746031746033
vt 0.4444444444444444 0.5873015873015873
vt 0.4444444444444444 0.5714285714285714
vt 0.4444444444444444 0.5555555555555556
vt 0.4444444444444444 0.5396825396825398
vt 0.4444444444444444 0.5238095238095238
vt 0.4444444444444444 0.5079365079365079
vt 0.4444444444444444 0.4920634920634921
vt 0.4444444444444444 0.4761904761904763
vt 0.4444444444444444 0.46031746031746035
vt 0.4444444444444444 0.4444444444444444
vt 0.4444444444444444 0.4285714285714286
vt 0.4444444444444444 0.4126984126984128
vt 0.4444444444444444 0.39682539682539686
vt 0.4444444444444444 0.38095238095238093
vt 0.4444444444444444 0.3650793650793651
vt 0.4444444444444444 0.3492063492063493
vt 0.4444444444444444 0.33333333333333337
vt 0.4444444444444444 0.31746031746031744
vt 0.4444444444444444 0.3015873015873016
vt 0.4444444444444444 0.2857142857142858
vt 0.4444444444444444 0.2698412698412699
vt 0.4444444444444444 0.25396825396825395
vt 0.4444444444444444 0.23809523809523814
vt 0.4444444444444444 0.22222222222222232
vt 0.4444444444444444 0.2063492063492064
vt 0.4444444444444444 0.19047619047619047
vt 0.4444444444444444 0.17460317460317465
vt 0.4444444444444444 0.15873015873015883
vt 0.4444444444444444 0.1428571428571429
vt 0.4444444444444444 0.12698412698412698
vt 0.4444444444444444 0.11111111111111116
vt 0.4444444444444444 0.09523809523809534
vt 0.4444444444444444 0.07936507936507942
vt 0.4444444444444444 0.06349206349206349
vt 0.4444444444444444 0.04761904761904767
vt 0.4444444444444444 0.031746031746031855
vt 0.4444444444444444 0.015873015873015928
vt 0.4444444444444444 0.0
vt 0.4285714285714286 1.0
vt 0.4285714285714286 0.9841269841269842
vt 0.4285714285714286 0.9682539682539683
vt 0.4285714285714286 0.9523809523809523
vt 0.4285714285714286 0.9365079365079365
vt 0.4285714285714286 0.9206349206349207
vt 0.4285714285714286 0.9047619047619048
vt 0.4285714285714286 0.8888888888888888
vt 0.4285714285714286 0.873015873015873
vt 0.4285714285714286 0.8571428571428572
vt 0.4285714285714286 0.8412698412698413
vt 0.4285714285714286 0.8253968253968254
vt 0.4285714285714286 0.8095238095238095
vt 0.4285714285714286 0.7936507936507937
vt 0.4285714285714286 0.7777777777777778
vt 0.4285714285714286 0.7619047619047619
vt 0.4285714285714286 0.746031746031746
vt 0.4285714285714286 0.7301587301587302
vt 0.4285714285714286 0.7142857142857143
vt 0.4285714285714286 0.6984126984126984
vt 0.4285714285714286 0.6825396825396826
vt 0.4285714285714286 0.6666666666666667
vt 0.4285714285714286 0.6507936507936508
vt 0.4285714285714286 0.6349206349206349
vt 0.4285714285714286 0.6190476190476191
vt 0.4285714285714286 0.6031746031746033
vt 0.4285714285714286 0.5873015873015873
vt 0.4285714285714286 0.5714285714285714
vt 0.4285714285714286 0.5555555555555556
vt 0.4285714285714286 0.5396825396825398
vt 0.4285714285714286 0.5238095238095238
vt 0.4285714285714286 0.5079365079365079
vt 0.4285714285714286 0.4920634920634921
vt 0.4285714285714286 0.4761904761904763
vt 0.4285714285714286 0.46031746031746035
vt 0.4285714285714286 0.4444444444444444
vt 0.4285714285714286 0.4285714285714286
vt 0.4285714285714286 0.4126984126984128
vt 0.4285714285714286 0.39682539682539686
vt 0.4285714285714286 0.38095238095238093
vt 0.4285714285714286 0.3650793650793651
vt 0.4285714285714286 0.3492063492063493
vt 0.4285714285714286 0.33333333333333337
vt 0.4285714285714286 0.31746031746031744
vt 0.4285714285714286 0.3015873015873016
vt 0.4285714285714286 0.2857142857142858
vt 0.4285714285714286 0.2698412698412699
vt 0.4285714285714286 0.25396825396825395
vt 0.4285714285714286 0.23809523809523814
vt 0.4285714285714286 0.22222222222222232
vt 0.4285714285714286 0.2063492063492064
vt 0.4285714285714286 0.19047619047619047
vt 0.4285714285714286 0.17460317460317465
vt 0.4285714285714286 0.15873015873015883
vt 0.4285714285714286 0.1428571428571429
vt 0.4285714285714286 0.12698412698412698
vt 0.4285714285714286 0.11111111111111116
vt 0.4285714285714286 0.09523809523809534
vt 0.4285714285714286 0.07936507936507942
vt 0.4285714285714286 0.06349206349206349
vt 0.4285714285714286 0.04761904761904767
vt 0.4285714285714286 0.031746031746031855
vt 0.4285714285714286 0.015873015873015928
vt 0.4285714285714286 0.0
vt 0.4126984126984128 1.0
vt 0.4126984126984128 0.9841269841269842
vt 0.4126984126984128 0.9682539682539683
vt 0.4126984126984128 0.9523809523809523
vt 0.4126984126984128 0.9365079365079365
vt 0.4126984126984128 0.9206349206349207
vt 0.4126984126984128 0.9047619047619048
vt 0.4126984126984128 0.8888888888888888
vt 0.4126984126984128 0.873015873015873
vt 0.4126984126984128 0.8571428571428572
vt 0.4126984126984128 0.8412698412698413
vt 0.4126984126984128 0.8253968253968254
vt 0.4126984126984128 0.8095238095238095
vt 0.4126984126984128 0.7936507936507937
vt 0.4126984126984128 0.7777777777777778
vt 0.4126984126984128 0.7619047619047619
vt 0.4126984126984128 0.746031746031746
vt 0.4126984126984128 0.7301587301587302
vt 0.4126984126984128 0.7142857142857143
vt 0.4126984126984128 0.6984126984126984
vt 0.4126984126984128 0.6825396825396826
vt 0.4126984126984128 0.6666666666666667
vt 0.4126984126984128 0.6507936507936508
vt 0.4126984126984128 0.6349206349206349
vt 0.4126984126984128 0.6190476190476191
vt 0.4126984126984128 0.6031746031746033
vt 0.4126984126984128 0.5873015873015873
vt 0.4126984126984128 0.5714285714285714
vt 0.4126984126984128 0.5555555555555556
vt 0.4126984126984128 0.5396825396825398
vt 0.4126984126984128 0.5238095238095238
vt 0.4126984126984128 0.5079365079365079
vt 0.4126984126984128 0.4920634920634921
vt 0.4126984126984128 0.4761904761904763
vt 0.4126984126984128 0.46031746031746035
vt 0.4126984126984128 0.4444444444444444
vt 0.4126984126984128 0.4285714285714286
vt 0.4126984126984128 0.4126984126984128
vt 0.4126984126984128 0.39682539682539686
vt 0.4126984126984128 0.38095238095238093
vt 0.4126984126984128 0.3650793650793651
vt 0.4126984126984128 0.3492063492063493
vt 0.4126984126984128 0.33333333333333337
vt 0.4126984126984128 0.31746031746031744
vt 0.4126984126984128 0.3015873015873016
vt 0.4126984126984128 0.2857142857142858
vt 0.4126984126984128 0.2698412698412699
vt 0.4126984126984128 0.25396825396825395
vt 0.4126984126984128 0.23809523809523814
vt 0.4126984126984128 0.22222222222222232
vt 0.4126984126984128 0.2063492063492064
vt 0.4126984126984128 0.19047619047619047
vt 0.4126984126984128 0.17460317460317465
vt 0.4126984126984128 0.15873015873015883
vt 0.4126984126984128 0.1428571428571429
vt 0.4126984126984128 0.12698412698412698
vt 0.4126984126984128 0.11111111111111116
vt 0.4126984126984128 0.09523809523809534
vt 0.4126984126984128 0.07936507936507942
vt 0.4126984126984128 0.06349206349206349
vt 0.4126984126984128 0.04761904761904767
vt 0.4126984126984128 0.031746031746031855
vt 0.4126984126984128 0.015873015873015928
vt 0.4126984126984128 0.0
vt 0.39682539682539686 1.0
vt 0.39682539682539686 0.9841269841269842
vt 0.39682539682539686 0.9682539682539683
vt 0.39682539682539686 0.9523809523809523
vt 0.39682539682539686 0.9365079365079365
vt 0.39682539682539686 0.9206349206349207
vt 0.39682539682539686 0.9047619047619048
vt 0.39682539682539686 0.8888888888888888
vt 0.39682539682539686 0.873015873015873
vt 0.39682539682539686 0.8571428571428572
vt 0.39682539682539686 0.8412698412698413
vt 0.39682539682539686 0.8253968253968254
vt 0.39682539682539686 0.8095238095238095
vt 0.39682539682539686 0.7936507936507937
vt 0.39682539682539686 0.7777777777777778
vt 0.39682539682539686 0.7619047619047619
vt 0.39682539682539686 0.746031746031746
vt 0.39682539682539686 0.7301587301587302
vt 0.39682539682539686 0.7142857142857143
vt 0.39682539682539686 0.6984126984126984
vt 0.39682539682539686 0.6825396825396826
vt 0.39682539682539686 0.6666666666666667
vt 0.39682539682539686 0.6507936507936508
vt 0.39682539682539686 0.6349206349206349
vt 0.39682539682539686 0.6190476190476191
vt 0.39682539682539686 0.6031746031746033
vt 0.39682539682539686 0.5873015873015873
vt 0.39682539682539686 0.5714285714285714
vt 0.39682539682539686 0.5555555555555556
vt 0.39682539682539686 0.5396825396825398
vt 0.39682539682539686 0.5238095238095238
vt 0.39682539682539686 0.5079365079365079
vt 0.39682539682539686 0.4920634920634921
vt 0.39682539682539686 0.4761904761904763
vt 0.39682539682539686 0.46031746031746035
vt 0.39682539682539686 0.4444444444444444
vt 0.39682539682539686 0.4285714285714286
vt 0.39682539682539686 0.4126984126984128
vt 0.39682539682539686 0.39682539682539686
vt 0.39682539682539686 0.38095238095238093
vt 0.39682539682539686 0.3650793650793651
vt 0.39682539682539686 0.3492063492063493
vt 0.39682539682539686 0.33333333333333337
vt 0.39682539682539686 0.31746031746031744
vt 0.39682539682539686 0.3015873015873016
vt 0.39682539682539686 0.2857142857142858
vt 0.39682539682539686 0.2698412698412699
vt 0.39682539682539686 0.25396825396825395
vt 0.39682539682539686 0.23809523809523814
vt 0.39682539682539686 0.22222222222222232
vt 0.39682539682539686 0.2063492063492064
vt 0.39682539682539686 0.19047619047619047
vt 0.39682539682539686 0.17460317460317465
vt 0.39682539682539686 0.15873015873015883
vt 0.39682539682539686 0.1428571428571429
vt 0.39682539682539686 0.12698412698412698
vt 0.39682539682539686 0.11111111111111116
vt 0.39682539682539686 0.09523809523809534
vt 0.39682539682539686 0.07936507936507942
vt 0.39682539682539686 0.06349206349206349
vt 0.39682539682539686 0.04761904761904767
vt 0.39682539682539686 0.031746031746031855
vt 0.39682539682539686 0.015873015873015928
vt 0.39682539682539686 0.0
vt 0.38095238095238093 1.0
vt 0.38095238095238093 0.9841269841269842
vt 0.38095238095238093 0.9682539682539683
vt 0.38095238095238093 0.9523809523809523
vt 0.38095238095238093 0.9365079365079365
vt 0.38095238095238093 0.9206349206349207
vt 0.38095238095238093 0.9047619047619048
vt 0.38095238095238093 0.8888888888888888
vt 0.38095238095238093 0.873015873015873
vt 0.38095238095238093 0.8571428571428572
vt 0.38095238095238093 0.8412698412698413
vt 0.38095238095238093 0.8253968253968254
vt 0.38095238095238093 0.8095238095238095
vt 0.38095238095238093 0.7936507936507937
vt 0.38095238095238093 0.7777777777777778
vt 0.38095238095238093 0.7619047619047619
vt 0.38095238095238093 0.746031746031746
vt 0.38095238095238093 0.7301587301587302
vt 0.38095238095238093 0.7142857142857143
vt 0.38095238095238093 0.6984126984126984
vt 0.38095238095238093 0.6825396825396826
vt 0.38095238095238093 0.6666666666666667
vt 0.38095238095238093 0.6507936507936508
vt 0.38095238095238093 0.6349206349206349
vt 0.38095238095238093 0.6190476190476191
vt 0.38095238095238093 0.6031746031746033
vt 0.38095238095238093 0.5873015873015873
vt 0.38095238095238093 0.5714285714285714
vt 0.38095238095238093 0.5555555555555556
vt 0.38095238095238093 0.5396825396825398
vt 0.38095238095238093 0.5238095238095238
vt 0.38095238095238093 0.5079365079365079
vt 0.38095238095238093 0.4920634920634921
vt 0.38095238095238093 0.4761904761904763
vt 0.38095238095238093 0.46031746031746035
vt 0.38095238095238093 0.4444444444444444
vt 0.38095238095238093 0.4285714285714286
vt 0.38095238095238093 0.4126984126984128
vt 0.38095238095238093 0.39682539682539686
vt 0.38095238095238093 0.38095238095238093
vt 0.38095238095238093 0.3650793650793651
vt 0.38095238095238093 0.3492063492063493
vt 0.38095238095238093 0.33333333333333337
vt 0.38095238095238093 0.31746031746031744
vt 0.38095238095238093 0.3015873015873016
vt 0.38095238095238093 0.2857142857142858
vt 0.38095238095238093 0.2698412698412699
vt 0.38095238095238093 0.25396825396825395
vt 0.38095238095238093 0.23809523809523814
vt 0.38095238095238093 0.22222222222222232
vt 0.38095238095238093 0.2063492063492064
vt 0.38095238095238093 0.19047619047619047
vt 0.38095238095238093 0.17460317460317465
vt 0.38095238095238093 0.15873015873015883
vt 0.38095238095238093 0.1428571428571429
vt 0.38095238095238093 0.12698412698412698
vt 0.38095238095238093 0.11111111111111116
vt 0.38095238095238093 0.09523809523809534
vt 0.38095238095238093 0.07936507936507942
vt 0.38095238095238093 0.06349206349206349
vt 0.38095238095238093 0.04761904761904767
vt 0.38095238095238093 0.031746031746031855
vt 0.38095238095238093 0.015873015873015928
vt 0.38095238095238093 0.0
vt 0.3650793650793651 1.0
vt 0.3650793650793651 0.9841269841269842
vt 0.3650793650793651 0.9682539682539683
vt 0.3650793650793651 0.9523809523809523
vt 0.3650793650793651 0.9365079365079365
vt 0.3650793650793651 0.9206349206349207
vt 0.3650793650793651 0.9047619047619048
vt 0.3650793650793651 0.8888888888888888
vt 0.3650793650793651 0.873015873015873
vt 0.3650793650793651 0.8571428571428572
vt 0.3650793650793651 0.8412698412698413
vt 0.3650793650793651 0.8253968253968254
vt 0.3650793650793651 0.8095238095238095
vt 0.3650793650793651 0.7936507936507937
vt 0.3650793650793651 0.7777777777777778
vt 0.3650793650793651 0.7619047619047619
vt 0.3650793650793651 0.746031746031746
vt 0.3650793650793651 0.7301587301587302
vt 0.3650793650793651 0.7142857142857143
vt 0.3650793650793651 0.6984126984126984
vt 0.3650793650793651 0.6825396825396826
vt 0.3650793650793651 0.6666666666666667
vt 0.3650793650793651 0.6507936507936508
vt 0.3650793650793651 0.6349206349206349
vt 0.3650793650793651 0.6190476190476191
vt 0.3650793650793651 0.6031746031746033
vt 0.3650793650793651 0.5873015873015873
vt 0.3650793650793651 0.5714285714285714
vt 0.3650793650793651 0.5555555555555556
vt 0.3650793650793651 0.5396825396825398
vt 0.3650793650793651 0.5238095238095238
vt 0.3650793650793651 0.5079365079365079
vt 0.3650793650793651 0.4920634920634921
vt 0.3650793650793651 0.4761904761904763
vt 0.3650793650793651 0.46031746031746035
vt 0.3650793650793651 0.4444444444444444
vt 0.3650793650793651 0.4285714285714286
vt 0.3650793650793651 0.4126984126984128
vt 0.3650793650793651 0.39682539682539686
vt 0.3650793650793651 0.38095238095238093
vt 0.3650793650793651 0.3650793650793651
vt 0.3650793650793651 0.3492063492063493
vt 0.3650793650793651 0.33333333333333337
vt 0.3650793650793651 0.31746031746031744
vt 0.3650793650793651 0.3015873015873016
vt 0.3650793650793651 0.2857142857142858
vt 0.3650793650793651 0.2698412698412699
vt 0.3650793650793651 0.25396825396825395
vt 0.3650793650793651 0.23809523809523814
vt 0.3650793650793651 0.22222222222222232
vt 0.3650793650793651 0.2063492063492064
vt 0.3650793650793651 0.19047619047619047
vt 0.3650793650793651 0.17460317460317465
vt 0.3650793650793651 0.15873015873015883
vt 0.3650793650793651 0.1428571428571429
vt 0.3650793650793651 0.12698412698412698
vt 0.3650793650793651 0.11111111111111116
vt 0.3650793650793651 0.09523809523809534
vt 0.3650793650793651 0.07936507936507942
vt 0.3650793650793651 0.06349206349206349
vt 0.3650793650793651 0.04761904761904767
vt 0.3650793650793651 0.031746031746031855
vt 0.3650793650793651 0.015873015873015928
vt 0.3650793650793651 0.0
vt 0.3492063492063493 1.0
vt 0.3492063492063493 0.9841269841269842
vt 0.3492063492063493 0.9682539682539683
vt 0.3492063492063493 0.9523809523809523
vt 0.3492063492063493 0.9365079365079365
vt 0.3492063492063493 0.9206349206349207
vt 0.3492063492063493 0.9047619047619048
vt 0.3492063492063493 0.8888888888888888
vt 0.3492063492063493 0.873015873015873
vt 0.3492063492063493 0.8571428571428572
vt 0.3492063492063493 0.8412698412698413
vt 0.3492063492063493 0.8253968253968254
vt 0.3492063492063493 0.8095238095238095
vt 0.3492063492063493 0.7936507936507937
vt 0.3492063492063493 0.7777777777777778
vt 0.3492063492063493 0.7619047619047619
vt 0.3492063492063493 0.746031746031746
vt 0.3492063492063493 0.7301587301587302
vt 0.3492063492063493 0.7142857142857143
vt 0.3492063492063493 0.6984126984126984
vt 0.3492063492063493 0.6825396825396826
vt 0.3492063492063493 0.6666666666666667
vt 0.3492063492063493 0.6507936507936508
vt 0.3492063492063493 0.6349206349206349
vt 0.3492063492063493 0.6190476190476191
vt 0.3492063492063493 0.6031746031746033
vt 0.3492063492063493 0.5873015873015873
vt 0.3492063492063493 0.5714285714285714
vt 0.3492063492063493 0.5555555555555556
vt 0.3492063492063493 0.5396825396825398
vt 0.3492063492063493 0.5238095238095238
vt 0.3492063492063493 0.5079365079365079
vt 0.3492063492063493 0.4920634920634921
vt 0.3492063492063493 0.4761904761904763
vt 0.3492063492063493 0.46031746031746035
vt 0.3492063492063493 0.4444444444444444
vt 0.3492063492063493 0.4285714285714286
vt 0.3492063492063493 0.4126984126984128
vt 0.3492063492063493 0.39682539682539686
vt 0.3492063492063493 0.38095238095238093
vt 0.3492063492063493 0.3650793650793651
vt 0.3492063492063493 0.3492063492063493
vt 0.3492063492063493 0.33333333333333337
vt 0.3492063492063493 0.31746031746031744
vt 0.3492063492063493 0.3015873015873016
vt 0.3492063492063493 0.2857142857142858
vt 0.3492063492063493 0.2698412698412699
vt 0.3492063492063493 0.25396825396825395
vt 0.3492063492063493 0.23809523809523814
vt 0.3492063492063493 0.22222222222222232
vt 0.3492063492063493 0.2063492063492064
vt 0.3492063492063493 0.19047619047619047
vt 0.3492063492063493 0.17460317460317465
vt 0.3492063492063493 0.15873015873015883
vt 0.3492063492063493 0.1428571428571429
vt 0.3492063492063493 0.12698412698412698
vt 0.3492063492063493 0.11111111111111116
vt 0.3492063492063493 0.09523809523809534
vt 0.3492063492063493 0.07936507936507942
vt 0.3492063492063493 0.06349206349206349
vt 0.3492063492063493 0.04761904761904767
vt 0.3492063492063493 0.031746031746031855
vt 0.3492063492063493 0.015873015873015928
vt 0.3492063492063493 0.0
vt 0.33333333333333337 1.0
vt 0.33333333333333337 0.9841269841269842
vt 0.33333333333333337 0.9682539682539683
vt 0.33333333333333337 0.9523809523809523
vt 0.33333333333333337 0.9365079365079365
vt 0.33333333333333337 0.9206349206349207
vt 0.33333333333333337 0.9047619047619048
vt 0.33333333333333337 0.8888888888888888
vt 0.33333333333333337 0.873015873015873
vt 0.33333333333333337 0.8571428571428572
vt 0.33333333333333337 0.8412698412698413
vt 0.33333333333333337 0.8253968253968254
vt 0.33333333333333337 0.8095238095238095
vt 0.33333333333333337 0.7936507936507937
vt 0.33333333333333337 0.7777777777777778
vt 0.33333333333333337 0.7619047619047619
vt 0.33333333333333337 0.746031746031746
vt 0.33333333333333337 0.7301587301587302
vt 0.33333333333333337 0.7142857142857143
vt 0.33333333333333337 0.6984126984126984
vt 0.33333333333333337 0.6825396825396826
vt 0.33333333333333337 0.6666666666666667
vt 0.33333333333333337 0.6507936507936508
vt 0.33333333333333337 0.6349206349206349
vt 0.33333333333333337 0.6190476190476191
vt 0.33333333333333337 0.6031746031746033
vt 0.33333333333333337 0.5873015873015873
vt 0.33333333333333337 0.5714285714285714
vt 0.33333333333333337 0.5555555555555556
vt 0.33333333333333337 0.5396825396825398
vt 0.33333333333333337 0.5238095238095238
vt 0.33333333333333337 0.5079365079365079
vt 0.33333333333333337 0.4920634920634921
vt 0.33333333333333337 0.4761904761904763
vt 0.33333333333333337 0.46031746031746035
vt 0.33333333333333337 0.4444444444444444
vt 0.33333333333333337 0.4285714285714286
vt 0.33333333333333337 0.4126984126984128
vt 0.33333333333333337 0.39682539682539686
vt 0.33333333333333337 0.38095238095238093
vt 0.33333333333333337 0.3650793650793651
vt 0.33333333333333337 0.3492063492063493
vt 0.33333333333333337 0.33333333333333337
vt 0.33333333333333337 0.31746031746031744
vt 0.33333333333333337 0.3015873015873016
vt 0.33333333333333337 0.2857142857142858
vt 0.33333333333333337 0.2698412698412699
vt 0.33333333333333337 0.25396825396825395
vt 0.33333333333333337 0.23809523809523814
vt 0.33333333333333337 0.22222222222222232
vt 0.33333333333333337 0.2063492063492064
vt 0.33333333333333337 0.19047619047619047
vt 0.33333333333333337 0.17460317460317465
vt 0.33333333333333337 0.15873015873015883
vt 0.33333333333333337 0.1428571428571429
vt 0.33333333333333337 0.12698412698412698
vt 0.33333333333333337 0.11111111111111116
vt 0.33333333333333337 0.09523809523809534
vt 0.33333333333333337 0.07936507936507942
vt 0.33333333333333337 0.06349206349206349
vt 0.33333333333333337 0.04761904761904767
vt 0.33333333333333337 0.031746031746031855
vt 0.33333333333333337 0.015873015873015928
vt 0.33333333333333337 0.0
vt 0.31746031746031744 1.0
vt 0.31746031746031744 0.9841269841269842
vt 0.31746031746031744 0.9682539682539683
vt 0.31746031746031744 0.9523809523809523
vt 0.31746031746031744 0.9365079365079365
vt 0.31746031746031744 0.9206349206349207
vt 0.31746031746031744 0.9047619047619048
vt 0.31746031746031744 0.8888888888888888
vt 0.31746031746031744 0.873015873015873
vt 0.31746031746031744 0.8571428571428572
vt 0.31746031746031744 0.8412698412698413
vt 0.31746031746031744 0.8253968253968254
vt 0.31746031746031744 0.8095238095238095
vt 0.31746031746031744 0.7936507936507937
vt 0.31746031746031744 0.7777777777777778
vt 0.31746031746031744 0.7619047619047619
vt 0.31746031746031744 0.746031746031746
vt 0.31746031746031744 0.7301587301587302
vt 0.31746031746031744 0.7142857142857143
vt 0.31746031746031744 0.6984126984126984
vt 0.31746031746031744 0.6825396825396826
vt 0.31746031746031744 0.6666666666666667
vt 0.31746031746031744 0.6507936507936508
vt 0.31746031746031744 0.6349206349206349
vt 0.31746031746031744 0.6190476190476191
vt 0.31746031746031744 0.6031746031746033
vt 0.31746031746031744 0.5873015873015873
vt 0.31746031746031744 0.5714285714285714
vt 0.31746031746031744 0.5555555555555556
vt 0.31746031746031744 0.5396825396825398
vt 0.31746031746031744 0.5238095238095238
vt 0.31746031746031744 0.5079365079365079
vt 0.31746031746031744 0.4920634920634921
vt 0.31746031746031744 0.4761904761904763
vt 0.31746031746031744 0.46031746031746035
vt 0.31746031746031744 0.4444444444444444
vt 0.31746031746031744 0.4285714285714286
vt 0.31746031746031744 0.4126984126984128
vt 0.31746031746031744 0.39682539682539686
vt 0.31746031746031744 0.38095238095238093
vt 0.31746031746031744 0.3650793650793651
vt 0.31746031746031744 0.3492063492063493
vt 0.31746031746031744 0.33333333333333337
vt 0.31746031746031744 0.31746031746031744
vt 0.31746031746031744 0.3015873015873016
vt 0.31746031746031744 0.2857142857142858
vt 0.31746031746031744 0.2698412698412699
vt 0.31746031746031744 0.25396825396825395
vt 0.31746031746031744 0.23809523809523814
vt 0.31746031746031744 0.22222222222222232
vt 0.31746031746031744 0.2063492063492064
vt 0.31746031746031744 0.19047619047619047
vt 0.31746031746031744 0.17460317460317465
vt 0.31746031746031744 0.15873015873015883
vt 0.31746031746031744 0.1428571428571429
vt 0.31746031746031744 0.12698412698412698
vt 0.31746031746031744 0.11111111111111116
vt 0.31746031746031744 0.09523809523809534
vt 0.31746031746031744 0.07936507936507942
vt 0.31746031746031744 0.06349206349206349
vt 0.31746031746031744 0.04761904761904767
vt 0.31746031746031744 0.031746031746031855
vt 0.31746031746031744 0.015873015873015928
vt 0.31746031746031744 0.0
vt 0.3015873015873016 1.0
vt 0.3015873015873016 0.9841269841269842
vt 0.3015873015873016 0.9682539682539683
vt 0.3015873015873016 0.9523809523809523
vt 0.3015873015873016 0.9365079365079365
vt 0.3015873015873016 0.9206349206349207
vt 0.3015873015873016 0.9047619047619048
vt 0.3015873015873016 0.8888888888888888
vt 0.3015873015873016 0.873015873015873
vt 0.3015873015873016 0.8571428571428572
vt 0.3015873015873016 0.8412698412698413
vt 0.3015873015873016 0.8253968253968254
vt 0.3015873015873016 0.8095238095238095
vt 0.3015873015873016 0.7936507936507937
vt 0.3015873015873016 0.7777777777777778
vt 0.3015873015873016 0.7619047619047619
vt 0.3015873015873016 0.746031746031746
vt 0.3015873015873016 0.7301587301587302
vt 0.3015873015873016 0.7142857142857143
vt 0.3015873015873016 0.6984126984126984
vt 0.3015873015873016 0.6825396825396826
vt 0.3015873015873016 0.6666666666666667
vt 0.3015873015873016 0.6507936507936508
vt 0.3015873015873016 0.6349206349206349
vt 0.3015873015873016 0.6190476190476191
vt 0.3015873015873016 0.6031746031746033
vt 0.3015873015873016 0.5873015873015873
vt 0.3015873015873016 0.5714285714285714
vt 0.3015873015873016 0.5555555555555556
vt 0.3015873015873016 0.5396825396825398
vt 0.3015873015873016 0.5238095238095238
vt 0.3015873015873016 0.5079365079365079
vt 0.3015873015873016 0.4920634920634921
vt 0.3015873015873016 0.4761904761904763
vt 0.3015873015873016 0.46031746031746035
vt 0.3015873015873016 0.4444444444444444
vt 0.3015873015873016 0.4285714285714286
vt 0.3015873015873016 0.4126984126984128
vt 0.3015873015873016 0.39682539682539686
vt 0.3015873015873016 0.38095238095238093
vt 0.3015873015873016 0.3650793650793651
vt 0.3015873015873016 0.3492063492063493
vt 0.3015873015873016 0.33333333333333337
vt 0.3015873015873016 0.31746031746031744
vt 0.3015873015873016 0.3015873015873016
vt 0.3015873015873016 0.2857142857142858
vt 0.3015873015873016 0.2698412698412699
vt 0.3015873015873016 0.25396825396825395
vt 0.3015873015873016 0.23809523809523814
vt 0.3015873015873016 0.22222222222222232
vt 0.3015873015873016 0.2063492063492064
vt 0.3015873015873016 0.19047619047619047
vt 0.3015873015873016 0.17460317460317465
vt 0.3015873015873016 0.15873015873015883
vt 0.3015873015873016 0.1428571428571429
vt 0.3015873015873016 0.12698412698412698
vt 0.3015873015873016 0.11111111111111116
vt 0.3015873015873016 0.09523809523809534
vt 0.3015873015873016 0.07936507936507942
vt 0.3015873015873016 0.06349206349206349
vt 0.3015873015873016 0.04761904761904767
vt 0.3015873015873016 0.031746031746031855
vt 0.3015873015873016 0.015873015873015928
vt 0.3015873015873016 0.0
vt 0.2857142857142858 1.0
vt 0.2857142857142858 0.9841269841269842
vt 0.2857142857142858 0.9682539682539683
vt 0.2857142857142858 0.9523809523809523
vt 0.2857142857142858 0.9365079365079365
vt 0.2857142857142858 0.9206349206349207
vt 0.2857142857142858 0.9047619047619048
vt 0.2857142857142858 0.8888888888888888
vt 0.2857142857142858 0.873015873015873
vt 0.2857142857142858 0.8571428571428572
vt 0.2857142857142858 0.8412698412698413
vt 0.2857142857142858 0.8253968253968254
vt 0.2857142857142858 0.8095238095238095
vt 0.2857142857142858 0.7936507936507937
vt 0.2857142857142858 0.7777777777777778
vt 0.2857142857142858 0.7619047619047619
vt 0.2857142857142858 0.746031746031746
vt 0.2857142857142858 0.7301587301587302
vt 0.2857142857142858 0.7142857142857143
vt 0.2857142857142858 0.6984126984126984
vt 0.2857142857142858 0.6825396825396826
vt 0.2857142857142858 0.6666666666666667
vt 0.2857142857142858 0.6507936507936508
vt 0.2857142857142858 0.6349206349206349
vt 0.2857142857142858 0.6190476190476191
vt 0.2857142857142858 0.6031746031746033
vt 0.2857142857142858 0.5873015873015873
vt 0.2857142857142858 0.5714285714285714
vt 0.2857142857142858 0.5555555555555556
vt 0.2857142857142858 0.5396825396825398
vt 0.2857142857142858 0.5238095238095238
vt 0.2857142857142858 0.5079365079365079
vt 0.2857142857142858 0.4920634920634921
vt 0.2857142857142858 0.4761904761904763
vt 0.2857142857142858 0.46031746031746035
vt 0.2857142857142858 0.4444444444444444
vt 0.2857142857142858 0.4285714285714286
vt 0.2857142857142858 0.4126984126984128
vt 0.2857142857142858 0.39682539682539686
vt 0.2857142857142858 0.38095238095238093
vt 0.2857142857142858 0.3650793650793651
vt 0.2857142857142858 0.3492063492063493
vt 0.2857142857142858 0.33333333333333337
vt 0.2857142857142858 0.31746031746031744
vt 0.2857142857142858 0.3015873015873016
vt 0.2857142857142858 0.2857142857142858
vt 0.2857142857142858 0.2698412698412699
vt 0.2857142857142858 0.25396825396825395
vt 0.2857142857142858 0.23809523809523814
vt 0.2857142857142858 0.22222222222222232
vt 0.2857142857142858 0.2063492063492064
vt 0.2857142857142858 0.19047619047619047
vt 0.2857142857142858 0.17460317460317465
vt 0.2857142857142858 0.15873015873015883
vt 0.2857142857142858 0.1428571428571429
vt 0.2857142857142858 0.12698412698412698
vt 0.2857142857142858 0.11111111111111116
vt 0.2857142857142858 0.09523809523809534
vt 0.2857142857142858 0.07936507936507942
vt 0.2857142857142858 0.06349206349206349
vt 0.2857142857142858 0.04761904761904767
vt 0.2857142857142858 0.031746031746031855
vt 0.2857142857142858 0.015873015873015928
vt 0.2857142857142858 0.0
vt 0.2698412698412699 1.0
vt 0.2698412698412699 0.9841269841269842
vt 0.2698412698412699 0.9682539682539683
vt 0.2698412698412699 0.9523809523809523
vt 0.2698412698412699 0.9365079365079365
vt 0.2698412698412699 0.9206349206349207
vt 0.2698412698412699 0.9047619047619048
vt 0.2698412698412699 0.8888888888888888
vt 0.2698412698412699 0.873015873015873
vt 0.2698412698412699 0.8571428571428572
vt 0.2698412698412699 0.8412698412698413
vt 0.2698412698412699 0.8253968253968254
vt 0.2698412698412699 0.8095238095238095
vt 0.2698412698412699 0.7936507936507937
vt 0.2698412698412699 0.7777777777777778
vt 0.2698412698412699 0.7619047619047619
vt 0.2698412698412699 0.746031746031746
vt 0.2698412698412699 0.7301587301587302
vt 0.2698412698412699 0.7142857142857143
vt 0.2698412698412699 0.6984126984126984
vt 0.2698412698412699 0.6825396825396826
vt 0.2698412698412699 0.6666666666666667
vt 0.2698412698412699 0.6507936507936508
vt 0.2698412698412699 0.6349206349206349
vt 0.2698412698412699 0.6190476190476191
vt 0.2698412698412699 0.6031746031746033
vt 0.2698412698412699 0.5873015873015873
vt 0.2698412698412699 0.5714285714285714
vt 0.2698412698412699 0.5555555555555556
vt 0.2698412698412699 0.5396825396825398
vt 0.2698412698412699 0.5238095238095238
vt 0.2698412698412699 0.5079365079365079
vt 0.2698412698412699 0.4920634920634921
vt 0.2698412698412699 0.4761904761904763
vt 0.2698412698412699 0.46031746031746035
vt 0.2698412698412699 0.4444444444444444
vt 0.2698412698412699 0.4285714285714286
vt 0.2698412698412699 0.4126984126984128
vt 0.2698412698412699 0.39682539682539686
vt 0.2698412698412699 0.38095238095238093
vt 0.2698412698412699 0.3650793650793651
vt 0.2698412698412699 0.3492063492063493
vt 0.2698412698412699 0.33333333333333337
vt 0.2698412698412699 0.31746031746031744
vt 0.2698412698412699 0.3015873015873016
vt 0.2698412698412699 0.2857142857142858
vt 0.2698412698412699 0.2698412698412699
vt 0.2698412698412699 0.25396825396825395
vt 0.2698412698412699 0.23809523809523814
vt 0.2698412698412699 0.22222222222222232
vt 0.2698412698412699 0.2063492063492064
vt 0.2698412698412699 0.19047619047619047
vt 0.2698412698412699 0.17460317460317465
vt 0.2698412698412699 0.15873015873015883
vt 0.2698412698412699 0.1428571428571429
vt 0.2698412698412699 0.12698412698412698
vt 0.2698412698412699 0.11111111111111116
vt 0.2698412698412699 0.09523809523809534
vt 0.2698412698412699 0.07936507936507942
vt 0.2698412698412699 0.06349206349206349
vt 0.2698412698412699 0.04761904761904767
vt 0.2698412698412699 0.031746031746031855
vt 0.2698412698412699 0.015873015873015928
vt 0.2698412698412699 0.0
vt 0.25396825396825395 1.0
vt 0.25396825396825395 0.9841269841269842
vt 0.25396825396825395 0.9682539682539683
vt 0.25396825396825395 0.9523809523809523
vt 0.25396825396825395 0.9365079365079365
vt 0.25396825396825395 0.9206349206349207
vt 0.25396825396825395 0.9047619047619048
vt 0.25396825396825395 0.8888888888888888
vt 0.25396825396825395 0.873015873015873
vt 0.25396825396825395 0.8571428571428572
vt 0.25396825396825395 0.8412698412698413
vt 0.25396825396825395 0.8253968253968254
vt 0.25396825396825395 0.8095238095238095
vt 0.25396825396825395 0.7936507936507937
vt 0.25396825396825395 0.7777777777777778
vt 0.25396825396825395 0.7619047619047619
vt 0.25396825396825395 0.746031746031746
vt 0.25396825396825395 0.7301587301587302
vt 0.25396825396825395 0.7142857142857143
vt 0.25396825396825395 0.6984126984126984
vt 0.25396825396825395 0.6825396825396826
vt 0.25396825396825395 0.6666666666666667
vt 0.25396825396825395 0.6507936507936508
vt 0.25396825396825395 0.6349206349206349
vt 0.25396825396825395 0.6190476190476191
vt 0.25396825396825395 0.6031746031746033
vt 0.25396825396825395 0.5873015873015873
vt 0.25396825396825395 0.5714285714285714
vt 0.25396825396825395 0.5555555555555556
vt 0.25396825396825395 0.5396825396825398
vt 0.25396825396825395 0.5238095238095238
vt 0.25396825396825395 0.5079365079365079
vt 0.25396825396825395 0.4920634920634921
vt 0.25396825396825395 0.4761904761904763
vt 0.25396825396825395 0.46031746031746035
vt 0.25396825396825395 0.4444444444444444
vt 0.25396825396825395 0.4285714285714286
vt 0.25396825396825395 0.4126984126984128
vt 0.25396825396825395 0.39682539682539686
vt 0.25396825396825395 0.38095238095238093
vt 0.25396825396825395 0.3650793650793651
vt 0.25396825396825395 0.3492063492063493
vt 0.25396825396825395 0.33333333333333337
vt 0.25396825396825395 0.31746031746031744
vt 0.25396825396825395 0.3015873015873016
vt 0.25396825396825395 0.2857142857142858
vt 0.25396825396825395 0.2698412698412699
vt 0.25396825396825395 0.25396825396825395
vt 0.25396825396825395 0.23809523809523814
vt 0.25396825396825395 0.22222222222222232
vt 0.25396825396825395 0.2063492063492064
vt 0.25396825396825395 0.19047619047619047
vt 0.25396825396825395 0.17460317460317465
vt 0.25396825396825395 0.15873015873015883
vt 0.25396825396825395 0.1428571428571429
vt 0.25396825396825395 0.12698412698412698
vt 0.25396825396825395 0.11111111111111116
vt 0.25396825396825395 0.09523809523809534
vt 0.25396825396825395 0.07936507936507942
vt 0.25396825396825395 0.06349206349206349
vt 0.25396825396825395 0.04761904761904767
vt 0.25396825396825395 0.031746031746031855
vt 0.25396825396825395 0.015873015873015928
vt 0.25396825396825395 0.0
vt 0.23809523809523814 1.0
vt 0.23809523809523814 0.9841269841269842
vt 0.23809523809523814 0.9682539682539683
vt 0.23809523809523814 0.9523809523809523
vt 0.23809523809523814 0.9365079365079365
vt 0.23809523809523814 0.9206349206349207
vt 0.23809523809523814 0.9047619047619048
vt 0.23809523809523814 0.8888888888888888
vt 0.23809523809523814 0.873015873015873
vt 0.23809523809523814 0.8571428571428572
vt 0.23809523809523814 0.8412698412698413
vt 0.23809523809523814 0.8253968253968254
vt 0.23809523809523814 0.8095238095238095
vt 0.23809523809523814 0.7936507936507937
vt 0.23809523809523814 0.7777777777777778
vt 0.23809523809523814 0.7619047619047619
vt 0.23809523809523814 0.746031746031746
vt 0.23809523809523814 0.7301587301587302
vt 0.23809523809523814 0.7142857142857143
vt 0.23809523809523814 0.6984126984126984
vt 0.23809523809523814 0.6825396825396826
vt 0.23809523809523814 0.6666666666666667
vt 0.23809523809523814 0.6507936507936508
vt 0.23809523809523814 0.6349206349206349
vt 0.23809523809523814 0.6190476190476191
vt 0.23809523809523814 0.6031746031746033
vt 0.23809523809523814 0.5873015873015873
vt 0.23809523809523814 0.5714285714285714
vt 0.23809523809523814 0.5555555555555556
vt 0.23809523809523814 0.5396825396825398
vt 0.23809523809523814 0.5238095238095238
vt 0.23809523809523814 0.5079365079365079
vt 0.23809523809523814 0.4920634920634921
vt 0.23809523809523814 0.4761904761904763
vt 0.23809523809523814 0.46031746031746035
vt 0.23809523809523814 0.4444444444444444
vt 0.23809523809523814 0.4285714285714286
vt 0.23809523809523814 0.4126984126984128
vt 0.23809523809523814 0.39682539682539686
vt 0.23809523809523814 0.38095238095238093
vt 0.23809523809523814 0.3650793650793651
vt 0.23809523809523814 0.3492063492063493
vt 0.23809523809523814 0.33333333333333337
vt 0.23809523809523814 0.31746031746031744
vt 0.23809523809523814 0.3015873015873016
vt 0.23809523809523814 0.2857142857142858
vt 0.23809523809523814 0.2698412698412699
vt 0.23809523809523814 0.25396825396825395
vt 0.23809523809523814 0.23809523809523814
vt 0.23809523809523814 0.22222222222222232
vt 0.23809523809523814 0.2063492063492064
vt 0.23809523809523814 0.19047619047619047
vt 0.23809523809523814 0.17460317460317465
vt 0.23809523809523814 0.15873015873015883
vt 0.23809523809523814 0.1428571428571429
vt 0.23809523809523814 0.12698412698412698
vt 0.23809523809523814 0.11111111111111116
vt 0.23809523809523814 0.09523809523809534
vt 0.23809523809523814 0.07936507936507942
vt 0.23809523809523814 0.06349206349206349
vt 0.23809523809523814 0.04761904761904767
vt 0.23809523809523814 0.031746031746031855
vt 0.23809523809523814 0.015873015873015928
vt 0.23809523809523814 0.0
vt 0.22222222222222232 1.0
vt 0.22222222222222232 0.9841269841269842
vt 0.22222222222222232 0.9682539682539683
vt 0.22222222222222232 0.9523809523809523
vt 0.22222222222222232 0.9365079365079365
vt 0.22222222222222232 0.9206349206349207
vt 0.22222222222222232 0.9047619047619048
vt 0.22222222222222232 0.8888888888888888
vt 0.22222222222222232 0.873015873015873
vt 0.22222222222222232 0.8571428571428572
vt 0.22222222222222232 0.8412698412698413
vt 0.22222222222222232 0.8253968253968254
vt 0.22222222222222232 0.8095238095238095
vt 0.22222222222222232 0.7936507936507937
vt 0.22222222222222232 0.7777777777777778
vt 0.22222222222222232 0.7619047619047619
vt 0.22222222222222232 0.746031746031746
vt 0.22222222222222232 0.7301587301587302
vt 0.22222222222222232 0.7142857142857143
vt 0.22222222222222232 0.6984126984126984
vt 0.22222222222222232 0.6825396825396826
vt 0.22222222222222232 0.6666666666666667
vt 0.22222222222222232 0.6507936507936508
vt 0.22222222222222232 0.6349206349206349
vt 0.22222222222222232 0.6190476190476191
vt 0.22222222222222232 0.6031746031746033
vt 0.22222222222222232 0.5873015873015873
vt 0.22222222222222232 0.5714285714285714
vt 0.22222222222222232 0.5555555555555556
vt 0.22222222222222232 0.5396825396825398
vt 0.22222222222222232 0.5238095238095238
vt 0.22222222222222232 0.5079365079365079
vt 0.22222222222222232 0.4920634920634921
vt 0.22222222222222232 0.4761904761904763
vt 0.22222222222222232 0.46031746031746035
vt 0.22222222222222232 0.4444444444444444
vt 0.22222222222222232 0.4285714285714286
vt 0.22222222222222232 0.4126984126984128
vt 0.22222222222222232 0.39682539682539686
vt 0.22222222222222232 0.38095238095238093
vt 0.22222222222222232 0.3650793650793651
vt 0.22222222222222232 0.3492063492063493
vt 0.22222222222222232 0.33333333333333337
vt 0.22222222222222232 0.31746031746031744
vt 0.22222222222222232 0.3015873015873016
vt 0.22222222222222232 0.2857142857142858
vt 0.22222222222222232 0.2698412698412699
vt 0.22222222222222232 0.25396825396825395
vt 0.22222222222222232 0.23809523809523814
vt 0.22222222222222232 0.22222222222222232
vt 0.22222222222222232 0.2063492063492064
vt 0.22222222222222232 0.19047619047619047
vt 0.22222222222222232 0.17460317460317465
vt 0.22222222222222232 0.15873015873015883
vt 0.22222222222222232 0.1428571428571429
vt 0.22222222222222232 0.12698412698412698
vt 0.22222222222222232 0.11111111111111116
vt 0.22222222222222232 0.09523809523809534
vt 0.22222222222222232 0.07936507936507942
vt 0.22222222222222232 0.06349206349206349
vt 0.22222222222222232 0.04761904761904767
vt 0.22222222222222232 0.031746031746031855
vt 0.22222222222222232 0.015873015873015928
vt 0.22222222222222232 0.0
vt 0.2063492063492064 1.0
vt 0.2063492063492064 0.9841269841269842
vt 0.2063492063492064 0.9682539682539683
vt 0.2063492063492064 0.9523809523809523
vt 0.2063492063492064 0.9365079365079365
vt 0.2063492063492064 0.9206349206349207
vt 0.2063492063492064 0.9047619047619048
vt 0.2063492063492064 0.8888888888888888
vt 0.2063492063492064 0.873015873015873
vt 0.2063492063492064 0.8571428571428572
vt 0.2063492063492064 0.8412698412698413
vt 0.2063492063492064 0.8253968253968254
vt 0.2063492063492064 0.8095238095238095
vt 0.2063492063492064 0.7936507936507937
vt 0.2063492063492064 0.7777777777777778
vt 0.2063492063492064 0.7619047619047619
vt 0.2063492063492064 0.746031746031746
vt 0.2063492063492064 0.7301587301587302
vt 0.2063492063492064 0.7142857142857143
vt 0.2063492063492064 0.6984126984126984
vt 0.2063492063492064 0.6825396825396826
vt 0.2063492063492064 0.6666666666666667
vt 0.2063492063492064 0.6507936507936508
vt 0.2063492063492064 0.6349206349206349
vt 0.2063492063492064 0.6190476190476191
vt 0.2063492063492064 0.6031746031746033
vt 0.2063492063492064 0.5873015873015873
vt 0.2063492063492064 0.5714285714285714
vt 0.2063492063492064 0.5555555555555556
vt 0.2063492063492064 0.5396825396825398
vt 0.2063492063492064 0.5238095238095238
vt 0.2063492063492064 0.5079365079365079
vt 0.2063492063492064 0.4920634920634921
vt 0.2063492063492064 0.4761904761904763
vt 0.2063492063492064 0.46031746031746035
vt 0.2063492063492064 0.4444444444444444
vt 0.2063492063492064 0.4285714285714286
vt 0.2063492063492064 0.4126984126984128
vt 0.2063492063492064 0.39682539682539686
vt 0.2063492063492064 0.38095238095238093
vt 0.2063492063492064 0.3650793650793651
vt 0.2063492063492064 0.3492063492063493
vt 0.2063492063492064 0.33333333333333337
vt 0.2063492063492064 0.31746031746031744
vt 0.2063492063492064 0.3015873015873016
vt 0.2063492063492064 0.2857142857142858
vt 0.2063492063492064 0.2698412698412699
vt 0.2063492063492064 0.25396825396825395
vt 0.2063492063492064 0.23809523809523814
vt 0.2063492063492064 0.22222222222222232
vt 0.2063492063492064 0.2063492063492064
vt 0.2063492063492064 0.19047619047619047
vt 0.2063492063492064 0.17460317460317465
vt 0.2063492063492064 0.15873015873015883
vt 0.2063492063492064 0.1428571428571429
vt 0.2063492063492064 0.12698412698412698
vt 0.2063492063492064 0.11111111111111116
vt 0.2063492063492064 0.09523809523809534
vt 0.2063492063492064 0.07936507936507942
vt 0.2063492063492064 0.06349206349206349
vt 0.2063492063492064 0.04761904761904767
vt 0.2063492063492064 0.031746031746031855
vt 0.2063492063492064 0.015873015873015928
vt 0.2063492063492064 0.0
vt 0.19047619047619047 1.0
vt 0.19047619047619047 0.9841269841269842
vt 0.19047619047619047 0.9682539682539683
vt 0.19047619047619047 0.9523809523809523
vt 0.19047619047619047 0.9365079365079365
vt 0.19047619047619047 0.9206349206349207
vt 0.19047619047619047 0.9047619047619048
vt 0.19047619047619047 0.8888888888888888
vt 0.19047619047619047 0.873015873015873
vt 0.19047619047619047 0.8571428571428572
vt 0.19047619047619047 0.8412698412698413
vt 0.19047619047619047 0.8253968253968254
vt 0.19047619047619047 0.8095238095238095
vt 0.19047619047619047 0.7936507936507937
vt 0.19047619047619047 0.7777777777777778
vt 0.19047619047619047 0.7619047619047619
vt 0.19047619047619047 0.746031746031746
vt 0.19047619047619047 0.7301587301587302
vt 0.19047619047619047 0.7142857142857143
vt 0.19047619047619047 0.6984126984126984
vt 0.19047619047619047 0.6825396825396826
vt 0.19047619047619047 0.6666666666666667
vt 0.19047619047619047 0.6507936507936508
vt 0.19047619047619047 0.6349206349206349
vt 0.19047619047619047 0.6190476190476191
vt 0.19047619047619047 0.6031746031746033
vt 0.19047619047619047 0.5873015873015873
vt 0.19047619047619047 0.5714285714285714
vt 0.19047619047619047 0.5555555555555556
vt 0.19047619047619047 0.5396825396825398
vt 0.19047619047619047 0.5238095238095238
vt 0.19047619047619047 0.5079365079365079
vt 0.19047619047619047 0.4920634920634921
vt 0.19047619047619047 0.4761904761904763
vt 0.19047619047619047 0.46031746031746035
vt 0.19047619047619047 0.4444444444444444
vt 0.19047619047619047 0.4285714285714286
vt 0.19047619047619047 0.4126984126984128
vt 0.19047619047619047 0.39682539682539686
vt 0.19047619047619047 0.38095238095238093
vt 0.19047619047619047 0.3650793650793651
vt 0.19047619047619047 0.3492063492063493
vt 0.19047619047619047 0.33333333333333337
vt 0.19047619047619047 0.31746031746031744
vt 0.19047619047619047 0.3015873015873016
vt 0.19047619047619047 0.2857142857142858
vt 0.19047619047619047 0.2698412698412699
vt 0.19047619047619047 0.25396825396825395
vt 0.19047619047619047 0.23809523809523814
vt 0.19047619047619047 0.22222222222222232
vt 0.19047619047619047 0.2063492063492064
vt 0.19047619047619047 0.19047619047619047
vt 0.19047619047619047 0.17460317460317465
vt 0.19047619047619047 0.15873015873015883
vt 0.19047619047619047 0.1428571428571429
vt 0.19047619047619047 0.12698412698412698
vt 0.19047619047619047 0.11111111111111116
vt 0.19047619047619047 0.09523809523809534
vt 0.19047619047619047 0.07936507936507942
vt 0.19047619047619047 0.06349206349206349
vt 0.19047619047619047 0.04761904761904767
vt 0.19047619047619047 0.031746031746031855
vt 0.19047619047619047 0.015873015873015928
vt 0.19047619047619047 0.0
vt 0.17460317460317465 1.0
vt 0.17460317460317465 0.9841269841269842
vt 0.17460317460317465 0.9682539682539683
vt 0.17460317460317465 0.9523809523809523
vt 0.17460317460317465 0.9365079365079365
vt 0.17460317460317465 0.9206349206349207
vt 0.17460317460317465 0.9047619047619048
vt 0.17460317460317465 0.8888888888888888
vt 0.17460317460317465 0.873015873015873
vt 0.17460317460317465 0.8571428571428572
vt 0.17460317460317465 0.8412698412698413
vt 0.17460317460317465 0.8253968253968254
vt 0.17460317460317465 0.8095238095238095
vt 0.17460317460317465 0.7936507936507937
vt 0.17460317460317465 0.7777777777777778
vt 0.17460317460317465 0.7619047619047619
vt 0.17460317460317465 0.746031746031746
vt 0.17460317460317465 0.7301587301587302
vt 0.17460317460317465 0.7142857142857143
vt 0.17460317460317465 0.6984126984126984
vt 0.17460317460317465 0.6825396825396826
vt 0.17460317460317465 0.6666666666666667
vt 0.17460317460317465 0.6507936507936508
vt 0.17460317460317465 0.6349206349206349
vt 0.17460317460317465 0.6190476190476191
vt 0.17460317460317465 0.6031746031746033
vt 0.17460317460317465 0.5873015873015873
vt 0.17460317460317465 0.5714285714285714
vt 0.17460317460317465 0.5555555555555556
vt 0.17460317460317465 0.5396825396825398
vt 0.17460317460317465 0.5238095238095238
vt 0.17460317460317465 0.5079365079365079
vt 0.17460317460317465 0.4920634920634921
vt 0.17460317460317465 0.4761904761904763
vt 0.17460317460317465 0.46031746031746035
vt 0.17460317460317465 0.4444444444444444
vt 0.17460317460317465 0.4285714285714286
vt 0.17460317460317465 0.4126984126984128
vt 0.17460317460317465 0.39682539682539686
vt 0.17460317460317465 0.38095238095238093
vt 0.17460317460317465 0.3650793650793651
vt 0.17460317460317465 0.3492063492063493
vt 0.17460317460317465 0.33333333333333337
vt 0.17460317460317465 0.31746031746031744
vt 0.17460317460317465 0.3015873015873016
vt 0.17460317460317465 0.2857142857142858
vt 0.17460317460317465 0.2698412698412699
vt 0.17460317460317465 0.25396825396825395
vt 0.17460317460317465 0.23809523809523814
vt 0.17460317460317465 0.22222222222222232
vt 0.17460317460317465 0.2063492063492064
vt 0.17460317460317465 0.19047619047619047
vt 0.17460317460317465 0.17460317460317465
vt 0.17460317460317465 0.15873015873015883
vt 0.17460317460317465 0.1428571428571429
vt 0.17460317460317465 0.12698412698412698
vt 0.17460317460317465 0.11111111111111116
vt 0.17460317460317465 0.09523809523809534
vt 0.17460317460317465 0.07936507936507942
vt 0.17460317460317465 0.06349206349206349
vt 0.17460317460317465 0.04761904761904767
vt 0.17460317460317465 0.031746031746031855
vt 0.17460317460317465 0.015873015873015928
vt 0.17460317460317465 0.0
vt 0.15873015873015883 1.0
vt 0.15873015873015883 0.9841269841269842
vt 0.15873015873015883 0.9682539682539683
vt 0.15873015873015883 0.9523809523809523
vt 0.15873015873015883 0.9365079365079365
vt 0.15873015873015883 0.9206349206349207
vt 0.15873015873015883 0.9047619047619048
vt 0.15873015873015883 0.8888888888888888
vt 0.15873015873015883 0.873015873015873
vt 0.15873015873015883 0.8571428571428572
vt 0.15873015873015883 0.8412698412698413
vt 0.15873015873015883 0.8253968253968254
vt 0.15873015873015883 0.8095238095238095
vt 0.15873015873015883 0.7936507936507937
vt 0.15873015873015883 0.7777777777777778
vt 0.15873015873015883 0.7619047619047619
vt 0.15873015873015883 0.746031746031746
vt 0.15873015873015883 0.7301587301587302
vt 0.15873015873015883 0.7142857142857143
vt 0.15873015873015883 0.6984126984126984
vt 0.15873015873015883 0.6825396825396826
vt 0.15873015873015883 0.6666666666666667
vt 0.15873015873015883 0.6507936507936508
vt 0.15873015873015883 0.6349206349206349
vt 0.15873015873015883 0.6190476190476191
vt 0.15873015873015883 0.6031746031746033
vt 0.15873015873015883 0.5873015873015873
vt 0.15873015873015883 0.5714285714285714
vt 0.15873015873015883 0.5555555555555556
vt 0.15873015873015883 0.5396825396825398
vt 0.15873015873015883 0.5238095238095238
vt 0.15873015873015883 0.5079365079365079
vt 0.15873015873015883 0.4920634920634921
vt 0.15873015873015883 0.4761904761904763
vt 0.15873015873015883 0.46031746031746035
vt 0.15873015873015883 0.4444444444444444
vt 0.15873015873015883 0.4285714285714286
vt 0.15873015873015883 0.4126984126984128
vt 0.15873015873015883 0.39682539682539686
vt 0.15873015873015883 0.38095238095238093
vt 0.15873015873015883 0.3650793650793651
vt 0.15873015873015883 0.3492063492063493
vt 0.15873015873015883 0.33333333333333337
vt 0.15873015873015883 0.31746031746031744
vt 0.15873015873015883 0.3015873015873016
vt 0.15873015873015883 0.2857142857142858
vt 0.15873015873015883 0.2698412698412699
vt 0.15873015873015883 0.25396825396825395
vt 0.15873015873015883 0.23809523809523814
vt 0.15873015873015883 0.22222222222222232
vt 0.15873015873015883 0.2063492063492064
vt 0.15873015873015883 0.19047619047619047
vt 0.15873015873015883 0.17460317460317465
vt 0.15873015873015883 0.15873015873015883
vt 0.15873015873015883 0.1428571428571429
vt 0.15873015873015883 0.12698412698412698
vt 0.15873015873015883 0.11111111111111116
vt 0.15873015873015883 0.09523809523809534
vt 0.15873015873015883 0.07936507936507942
vt 0.15873015873015883 0.06349206349206349
vt 0.15873015873015883 0.04761904761904767
vt 0.15873015873015883 0.031746031746031855
vt 0.15873015873015883 0.015873015873015928
vt 0.15873015873015883 0.0
vt 0.1428571428571429 1.0
vt 0.1428571428571429 0.9841269841269842
vt 0.1428571428571429 0.9682539682539683
vt 0.1428571428571429 0.9523809523809523
vt 0.1428571428571429 0.9365079365079365
vt 0.1428571428571429 0.9206349206349207
vt 0.1428571428571429 0.9047619047619048
vt 0.1428571428571429 0.8888888888888888
vt 0.1428571428571429 0.873015873015873
vt 0.1428571428571429 0.8571428571428572
vt 0.1428571428571429 0.8412698412698413
vt 0.1428571428571429 0.8253968253968254
vt 0.1428571428571429 0.8095238095238095
vt 0.1428571428571429 0.7936507936507937
vt 0.1428571428571429 0.7777777777777778
vt 0.1428571428571429 0.7619047619047619
vt 0.1428571428571429 0.746031746031746
vt 0.1428571428571429 0.7301587301587302
vt 0.1428571428571429 0.7142857142857143
vt 0.1428571428571429 0.6984126984126984
vt 0.1428571428571429 0.6825396825396826
vt 0.1428571428571429 0.6666666666666667
vt 0.1428571428571429 0.6507936507936508
vt 0.1428571428571429 0.6349206349206349
vt 0.1428571428571429 0.6190476190476191
vt 0.1428571428571429 0.6031746031746033
vt 0.1428571428571429 0.5873015873015873
vt 0.1428571428571429 0.5714285714285714
vt 0.1428571428571429 0.5555555555555556
vt 0.1428571428571429 0.5396825396825398
vt 0.1428571428571429 0.5238095238095238
vt 0.1428571428571429 0.5079365079365079
vt 0.1428571428571429 0.4920634920634921
vt 0.1428571428571429 0.4761904761904763
vt 0.1428571428571429 0.46031746031746035
vt 0.1428571428571429 0.4444444444444444
vt 0.1428571428571429 0.4285714285714286
vt 0.1428571428571429 0.4126984126984128
vt 0.1428571428571429 0.39682539682539686
vt 0.1428571428571429 0.38095238095238093
vt 0.1428571428571429 0.3650793650793651
vt 0.1428571428571429 0.3492063492063493
vt 0.1428571428571429 0.33333333333333337
vt 0.1428571428571429 0.31746031746031744
vt 0.1428571428571429 0.3015873015873016
vt 0.1428571428571429 0.2857142857142858
vt 0.1428571428571429 0.2698412698412699
vt 0.1428571428571429 0.25396825396825395
vt 0.1428571428571429 0.23809523809523814
vt 0.1428571428571429 0.22222222222222232
vt 0.1428571428571429 0.2063492063492064
vt 0.1428571428571429 0.19047619047619047
vt 0.1428571428571429 0.17460317460317465
vt 0.1428571428571429 0.15873015873015883
vt 0.1428571428571429 0.1428571428571429
vt 0.1428571428571429 0.12698412698412698
vt 0.1428571428571429 0.11111111111111116
vt 0.1428571428571429 0.09523809523809534
vt 0.1428571428571429 0.07936507936507942
vt 0.1428571428571429 0.06349206349206349
vt 0.1428571428571429 0.04761904761904767
vt 0.1428571428571429 0.031746031746031855
vt 0.1428571428571429 0.015873015873015928
vt 0.1428571428571429 0.0
vt 0.12698412698412698 1.0
vt 0.12698412698412698 0.9841269841269842
vt 0.12698412698412698 0.9682539682539683
vt 0.12698412698412698 0.9523809523809523
vt 0.12698412698412698 0.9365079365079365
vt 0.12698412698412698 0.9206349206349207
vt 0.12698412698412698 0.9047619047619048
vt 0.12698412698412698 0.8888888888888888
vt 0.12698412698412698 0.873015873015873
vt 0.12698412698412698 0.8571428571428572
vt 0.12698412698412698 0.8412698412698413
vt 0.12698412698412698 0.8253968253968254
vt 0.12698412698412698 0.8095238095238095
vt 0.12698412698412698 0.7936507936507937
vt 0.12698412698412698 0.7777777777777778
vt 0.12698412698412698 0.7619047619047619
vt 0.12698412698412698 0.746031746031746
vt 0.12698412698412698 0.7301587301587302
vt 0.12698412698412698 0.7142857142857143
vt 0.12698412698412698 0.6984126984126984
vt 0.12698412698412698 0.6825396825396826
vt 0.12698412698412698 0.6666666666666667
vt 0.12698412698412698 0.6507936507936508
vt 0.12698412698412698 0.6349206349206349
vt 0.12698412698412698 0.6190476190476191
vt 0.12698412698412698 0.6031746031746033
vt 0.12698412698412698 0.5873015873015873
vt 0.12698412698412698 0.5714285714285714
vt 0.12698412698412698 0.5555555555555556
vt 0.12698412698412698 0.5396825396825398
vt 0.12698412698412698 0.5238095238095238
vt 0.12698412698412698 0.5079365079365079
vt 0.12698412698412698 0.4920634920634921
vt 0.12698412698412698 0.4761904761904763
vt 0.12698412698412698 0.46031746031746035
vt 0.12698412698412698 0.4444444444444444
vt 0.12698412698412698 0.4285714285714286
vt 0.12698412698412698 0.4126984126984128
vt 0.12698412698412698 0.39682539682539686
vt 0.12698412698412698 0.38095238095238093
vt 0.12698412698412698 0.3650793650793651
vt 0.12698412698412698 0.3492063492063493
vt 0.12698412698412698 0.33333333333333337
vt 0.12698412698412698 0.31746031746031744
vt 0.12698412698412698 0.3015873015873016
vt 0.12698412698412698 0.2857142857142858
vt 0.12698412698412698 0.2698412698412699
vt 0.12698412698412698 0.25396825396825395
vt 0.12698412698412698 0.23809523809523814
vt 0.12698412698412698 0.22222222222222232
vt 0.12698412698412698 0.2063492063492064
vt 0.12698412698412698 0.19047619047619047
vt 0.12698412698412698 0.17460317460317465
vt 0.12698412698412698 0.15873015873015883
vt 0.12698412698412698 0.1428571428571429
vt 0.12698412698412698 0.12698412698412698
vt 0.12698412698412698 0.11111111111111116
vt 0.12698412698412698 0.09523809523809534
vt 0.12698412698412698 0.07936507936507942
vt 0.12698412698412698 0.06349206349206349
vt 0.12698412698412698 0.04761904761904767
vt 0.12698412698412698 0.031746031746031855
vt 0.12698412698412698 0.015873015873015928
vt 0.12698412698412698 0.0
vt 0.11111111111111116 1.0
vt 0.11111111111111116 0.9841269841269842
vt 0.11111111111111116 0.9682539682539683
vt 0.11111111111111116 0.9523809523809523
vt 0.11111111111111116 0.9365079365079365
vt 0.11111111111111116 0.9206349206349207
vt 0.11111111111111116 0.9047619047619048
vt 0.11111111111111116 0.8888888888888888
vt 0.11111111111111116 0.873015873015873
vt 0.11111111111111116 0.8571428571428572
vt 0.11111111111111116 0.8412698412698413
vt 0.11111111111111116 0.8253968253968254
vt 0.11111111111111116 0.8095238095238095
vt 0.11111111111111116 0.7936507936507937
vt 0.11111111111111116 0.7777777777777778
vt 0.11111111111111116 0.7619047619047619
vt 0.11111111111111116 0.746031746031746
vt 0.11111111111111116 0.7301587301587302
vt 0.11111111111111116 0.7142857142857143
vt 0.11111111111111116 0.6984126984126984
vt 0.11111111111111116 0.6825396825396826
vt 0.11111111111111116 0.6666666666666667
vt 0.11111111111111116 0.6507936507936508
vt 0.11111111111111116 0.6349206349206349
vt 0.11111111111111116 0.6190476190476191
vt 0.11111111111111116 0.6031746031746033
vt 0.11111111111111116 0.5873015873015873
vt 0.11111111111111116 0.5714285714285714
vt 0.11111111111111116 0.5555555555555556
vt 0.11111111111111116 0.5396825396825398
vt 0.11111111111111116 0.5238095238095238
vt 0.11111111111111116 0.5079365079365079
vt 0.11111111111111116 0.4920634920634921
vt 0.11111111111111116 0.4761904761904763
vt 0.11111111111111116 0.46031746031746035
vt 0.11111111111111116 0.4444444444444444
vt 0.11111111111111116 0.4285714285714286
vt 0.11111111111111116 0.4126984126984128
vt 0.11111111111111116 0.39682539682539686
vt 0.11111111111111116 0.38095238095238093
vt 0.11111111111111116 0.3650793650793651
vt 0.11111111111111116 0.3492063492063493
vt 0.11111111111111116 0.33333333333333337
vt 0.11111111111111116 0.31746031746031744
vt 0.11111111111111116 0.3015873015873016
vt 0.11111111111111116 0.2857142857142858
vt 0.11111111111111116 0.2698412698412699
vt 0.11111111111111116 0.25396825396825395
vt 0.11111111111111116 0.23809523809523814
vt 0.11111111111111116 0.22222222222222232
vt 0.11111111111111116 0.2063492063492064
vt 0.11111111111111116 0.19047619047619047
vt 0.11111111111111116 0.17460317460317465
vt 0.11111111111111116 0.15873015873015883
vt 0.11111111111111116 0.1428571428571429
vt 0.11111111111111116 0.12698412698412698
vt 0.11111111111111116 0.11111111111111116
vt 0.11111111111111116 0.09523809523809534
vt 0.11111111111111116 0.07936507936507942
vt 0.11111111111111116 0.06349206349206349
vt 0.11111111111111116 0.04761904761904767
vt 0.11111111111111116 0.031746031746031855
vt 0.11111111111111116 0.015873015873015928
vt 0.11111111111111116 0.0
vt 0.09523809523809534 1.0
vt 0.09523809523809534 0.9841269841269842
vt 0.09523809523809534 0.9682539682539683
vt 0.09523809523809534 0.9523809523809523
vt 0.09523809523809534 0.9365079365079365
vt 0.09523809523809534 0.9206349206349207
vt 0.09523809523809534 0.9047619047619048
vt 0.09523809523809534 0.8888888888888888
vt 0.09523809523809534 0.873015873015873
vt 0.09523809523809534 0.8571428571428572
vt 0.09523809523809534 0.8412698412698413
vt 0.09523809523809534 0.8253968253968254
vt 0.09523809523809534 0.8095238095238095
vt 0.09523809523809534 0.7936507936507937
vt 0.09523809523809534 0.7777777777777778
vt 0.09523809523809534 0.7619047619047619
vt 0.09523809523809534 0.746031746031746
vt 0.09523809523809534 0.7301587301587302
vt 0.09523809523809534 0.7142857142857143
vt 0.09523809523809534 0.6984126984126984
vt 0.09523809523809534 0.6825396825396826
vt 0.09523809523809534 0.6666666666666667
vt 0.09523809523809534 0.6507936507936508
vt 0.09523809523809534 0.6349206349206349
vt 0.09523809523809534 0.6190476190476191
vt 0.09523809523809534 0.6031746031746033
vt 0.09523809523809534 0.5873015873015873
vt 0.09523809523809534 0.5714285714285714
vt 0.09523809523809534 0.5555555555555556
vt 0.09523809523809534 0.5396825396825398
vt 0.09523809523809534 0.5238095238095238
vt 0.09523809523809534 0.5079365079365079
vt 0.09523809523809534 0.4920634920634921
vt 0.09523809523809534 0.4761904761904763
vt 0.09523809523809534 0.46031746031746035
vt 0.09523809523809534 0.4444444444444444
vt 0.09523809523809534 0.4285714285714286
vt 0.09523809523809534 0.4126984126984128
vt 0.09523809523809534 0.39682539682539686
vt 0.09523809523809534 0.38095238095238093
vt 0.09523809523809534 0.3650793650793651
vt 0.09523809523809534 0.3492063492063493
vt 0.09523809523809534 0.33333333333333337
vt 0.09523809523809534 0.31746031746031744
vt 0.09523809523809534 0.3015873015873016
vt 0.09523809523809534 0.2857142857142858
vt 0.09523809523809534 0.2698412698412699
vt 0.09523809523809534 0.25396825396825395
vt 0.09523809523809534 0.23809523809523814
vt 0.09523809523809534 0.22222222222222232
vt 0.09523809523809534 0.2063492063492064
vt 0.09523809523809534 0.19047619047619047
vt 0.09523809523809534 0.17460317460317465
vt 0.09523809523809534 0.15873015873015883
vt 0.09523809523809534 0.1428571428571429
vt 0.09523809523809534 0.12698412698412698
vt 0.09523809523809534 0.11111111111111116
vt 0.09523809523809534 0.09523809523809534
vt 0.09523809523809534 0.07936507936507942
vt 0.09523809523809534 0.06349206349206349
vt 0.09523809523809534 0.04761904761904767
vt 0.09523809523809534 0.031746031746031855
vt 0.09523809523809534 0.015873015873015928
vt 0.09523809523809534 0.0
vt 0.07936507936507942 1.0
vt 0.07936507936507942 0.9841269841269842
vt 0.07936507936507942 0.9682539682539683
vt 0.07936507936507942 0.9523809523809523
vt 0.07936507936507942 0.9365079365079365
vt 0.07936507936507942 0.9206349206349207
vt 0.07936507936507942 0.9047619047619048
vt 0.07936507936507942 0.8888888888888888
vt 0.07936507936507942 0.873015873015873
vt 0.07936507936507942 0.8571428571428572
vt 0.07936507936507942 0.8412698412698413
vt 0.07936507936507942 0.8253968253968254
vt 0.07936507936507942 0.8095238095238095
vt 0.07936507936507942 0.7936507936507937
vt 0.07936507936507942 0.7777777777777778
vt 0.07936507936507942 0.7619047619047619
vt 0.07936507936507942 0.746031746031746
vt 0.07936507936507942 0.7301587301587302
vt 0.07936507936507942 0.7142857142857143
vt 0.07936507936507942 0.6984126984126984
vt 0.07936507936507942 0.6825396825396826
vt 0.07936507936507942 0.6666666666666667
vt 0.07936507936507942 0.6507936507936508
vt 0.07936507936507942 0.6349206349206349
vt 0.07936507936507942 0.6190476190476191
vt 0.07936507936507942 0.6031746031746033
vt 0.07936507936507942 0.5873015873015873
vt 0.07936507936507942 0.5714285714285714
vt 0.07936507936507942 0.5555555555555556
vt 0.07936507936507942 0.5396825396825398
vt 0.07936507936507942 0.5238095238095238
vt 0.07936507936507942 0.5079365079365079
vt 0.07936507936507942 0.4920634920634921
vt 0.07936507936507942 0.4761904761904763
vt 0.07936507936507942 0.46031746031746035
vt 0.07936507936507942 0.4444444444444444
vt 0.07936507936507942 0.4285714285714286
vt 0.07936507936507942 0.4126984126984128
vt 0.07936507936507942 0.39682539682539686
vt 0.07936507936507942 0.38095238095238093
vt 0.07936507936507942 0.3650793650793651
vt 0.07936507936507942 0.3492063492063493
vt 0.07936507936507942 0.33333333333333337
vt 0.07936507936507942 0.31746031746031744
vt 0.07936507936507942 0.3015873015873016
vt 0.07936507936507942 0.2857142857142858
vt 0.07936507936507942 0.2698412698412699
vt 0.07936507936507942 0.25396825396825395
vt 0.07936507936507942 0.23809523809523814
vt 0.07936507936507942 0.22222222222222232
vt 0.07936507936507942 0.2063492063492064
vt 0.07936507936507942 0.19047619047619047
vt 0.07936507936507942 0.17460317460317465
vt 0.07936507936507942 0.15873015873015883
vt 0.07936507936507942 0.1428571428571429
vt 0.07936507936507942 0.12698412698412698
vt 0.07936507936507942 0.11111111111111116
vt 0.07936507936507942 0.09523809523809534
vt 0.07936507936507942 0.07936507936507942
vt 0.07936507936507942 0.06349206349206349
vt 0.07936507936507942 0.04761904761904767
vt 0.07936507936507942 0.031746031746031855
vt 0.07936507936507942 0.015873015873015928
vt 0.07936507936507942 0.0
vt 0.06349206349206349 1.0
vt 0.06349206349206349 0.9841269841269842
vt 0.06349206349206349 0.9682539682539683
vt 0.06349206349206349 0.9523809523809523
vt 0.06349206349206349 0.9365079365079365
vt 0.06349206349206349 0.9206349206349207
vt 0.06349206349206349 0.9047619047619048
vt 0.06349206349206349 0.8888888888888888
vt 0.06349206349206349 0.873015873015873
vt 0.06349206349206349 0.8571428571428572
vt 0.06349206349206349 0.8412698412698413
vt 0.06349206349206349 0.8253968253968254
vt 0.06349206349206349 0.8095238095238095
vt 0.06349206349206349 0.7936507936507937
vt 0.06349206349206349 0.7777777777777778
vt 0.06349206349206349 0.7619047619047619
vt 0.06349206349206349 0.746031746031746
vt 0.06349206349206349 0.7301587301587302
vt 0.06349206349206349 0.7142857142857143
vt 0.06349206349206349 0.6984126984126984
vt 0.06349206349206349 0.6825396825396826
vt 0.06349206349206349 0.6666666666666667
vt 0.06349206349206349 0.6507936507936508
vt 0.06349206349206349 0.6349206349206349
vt 0.06349206349206349 0.6190476190476191
vt 0.06349206349206349 0.6031746031746033
vt 0.06349206349206349 0.5873015873015873
vt 0.06349206349206349 0.5714285714285714
vt 0.06349206349206349 0.5555555555555556
vt 0.06349206349206349 0.5396825396825398
vt 0.06349206349206349 0.5238095238095238
vt 0.06349206349206349 0.5079365079365079
vt 0.06349206349206349 0.4920634920634921
vt 0.06349206349206349 0.4761904761904763
vt 0.06349206349206349 0.46031746031746035
vt 0.06349206349206349 0.4444444444444444
vt 0.06349206349206349 0.4285714285714286
vt 0.06349206349206349 0.4126984126984128
vt 0.06349206349206349 0.39682539682539686
vt 0.06349206349206349 0.38095238095238093
vt 0.06349206349206349 0.3650793650793651
vt 0.06349206349206349 0.3492063492063493
vt 0.06349206349206349 0.33333333333333337
vt 0.06349206349206349 0.31746031746031744
vt 0.06349206349206349 0.3015873015873016
vt 0.06349206349206349 0.2857142857142858
vt 0.06349206349206349 0.2698412698412699
vt 0.06349206349206349 0.25396825396825395
vt 0.06349206349206349 0.23809523809523814
vt 0.06349206349206349 0.22222222222222232
vt 0.06349206349206349 0.2063492063492064
vt 0.06349206349206349 0.19047619047619047
vt 0.06349206349206349 0.17460317460317465
vt 0.06349206349206349 0.15873015873015883
vt 0.06349206349206349 0.1428571428571429
vt 0.06349206349206349 0.12698412698412698
vt 0.06349206349206349 0.11111111111111116
vt 0.06349206349206349 0.09523809523809534
vt 0.06349206349206349 0.07936507936507942
vt 0.06349206349206349 0.06349206349206349
vt 0.06349206349206349 0.04761904761904767
vt 0.06349206349206349 0.031746031746031855
vt 0.06349206349206349 0.015873015873015928
vt 0.06349206349206349 0.0
vt 0.04761904761904767 1.0
vt 0.04761904761904767 0.9841269841269842
vt 0.04761904761904767 0.9682539682539683
vt 0.04761904761904767 0.9523809523809523
vt 0.04761904761904767 0.9365079365079365
vt 0.04761904761904767 0.9206349206349207
vt 0.04761904761904767 0.9047619047619048
vt 0.04761904761904767 0.8888888888888888
vt 0.04761904761904767 0.873015873015873
vt 0.04761904761904767 0.8571428571428572
vt 0.04761904761904767 0.8412698412698413
vt 0.04761904761904767 0.8253968253968254
vt 0.04761904761904767 0.8095238095238095
vt 0.04761904761904767 0.7936507936507937
vt 0.04761904761904767 0.7777777777777778
vt 0.04761904761904767 0.7619047619047619
vt 0.04761904761904767 0.746031746031746
vt 0.04761904761904767 0.7301587301587302
vt 0.04761904761904767 0.7142857142857143
vt 0.04761904761904767 0.6984126984126984
vt 0.04761904761904767 0.6825396825396826
vt 0.04761904761904767 0.6666666666666667
vt 0.04761904761904767 0.6507936507936508
vt 0.04761904761904767 0.6349206349206349
vt 0.04761904761904767 0.6190476190476191
vt 0.04761904761904767 0.6031746031746033
vt 0.04761904761904767 0.5873015873015873
vt 0.04761904761904767 0.5714285714285714
vt 0.04761904761904767 0.5555555555555556
vt 0.04761904761904767 0.5396825396825398
vt 0.04761904761904767 0.5238095238095238
vt 0.04761904761904767 0.5079365079365079
vt 0.04761904761904767 0.4920634920634921
vt 0.04761904761904767 0.4761904761904763
vt 0.04761904761904767 0.46031746031746035
vt 0.04761904761904767 0.4444444444444444
vt 0.04761904761904767 0.4285714285714286
vt 0.04761904761904767 0.4126984126984128
vt 0.04761904761904767 0.39682539682539686
vt 0.04761904761904767 0.38095238095238093
vt 0.04761904761904767 0.3650793650793651
vt 0.04761904761904767 0.3492063492063493
vt 0.04761904761904767 0.33333333333333337
vt 0.04761904761904767 0.31746031746031744
vt 0.04761904761904767 0.3015873015873016
vt 0.04761904761904767 0.2857142857142858
vt 0.04761904761904767 0.2698412698412699
vt 0.04761904761904767 0.25396825396825395
vt 0.04761904761904767 0.23809523809523814
vt 0.04761904761904767 0.22222222222222232
vt 0.04761904761904767 0.2063492063492064
vt 0.04761904761904767 0.19047619047619047
vt 0.04761904761904767 0.17460317460317465
vt 0.04761904761904767 0.15873015873015883
vt 0.04761904761904767 0.1428571428571429
vt 0.04761904761904767 0.12698412698412698
vt 0.04761904761904767 0.11111111111111116
vt 0.04761904761904767 0.09523809523809534
vt 0.04761904761904767 0.07936507936507942
vt 0.04761904761904767 0.06349206349206349
vt 0.04761904761904767 0.04761904761904767
vt 0.04761904761904767 0.031746031746031855
vt 0.04761904761904767 0.015873015873015928
vt 0.04761904761904767 0.0
vt 0.031746031746031855 1.0
vt 0.031746031746031855 0.9841269841269842
vt 0.031746031746031855 0.9682539682539683
vt 0.031746031746031855 0.9523809523809523
vt 0.031746031746031855 0.9365079365079365
vt 0.031746031746031855 0.9206349206349207
vt 0.031746031746031855 0.9047619047619048
vt 0.031746031746031855 0.8888888888888888
vt 0.031746031746031855 0.873015873015873
vt 0.031746031746031855 0.8571428571428572
vt 0.031746031746031855 0.8412698412698413
vt 0.031746031746031855 0.8253968253968254
vt 0.031746031746031855 0.8095238095238095
vt 0.031746031746031855 0.7936507936507937
vt 0.031746031746031855 0.7777777777777778
vt 0.031746031746031855 0.7619047619047619
vt 0.031746031746031855 0.746031746031746
vt 0.031746031746031855 0.7301587301587302
vt 0.031746031746031855 0.7142857142857143
vt 0.031746031746031855 0.6984126984126984
vt 0.031746031746031855 0.6825396825396826
vt 0.031746031746031855 0.6666666666666667
vt 0.031746031746031855 0.6507936507936508
vt 0.031746031746031855 0.6349206349206349
vt 0.031746031746031855 0.6190476190476191
vt 0.031746031746031855 0.6031746031746033
vt 0.031746031746031855 0.5873015873015873
vt 0.031746031746031855 0.5714285714285714
vt 0.031746031746031855 0.5555555555555556
vt 0.031746031746031855 0.5396825396825398
vt 0.031746031746031855 0.5238095238095238
vt 0.031746031746031855 0.5079365079365079
vt 0.031746031746031855 0.4920634920634921
vt 0.031746031746031855 0.4761904761904763
vt 0.031746031746031855 0.46031746031746035
vt 0.031746031746031855 0.4444444444444444
vt 0.031746031746031855 0.4285714285714286
vt 0.031746031746031855 0.4126984126984128
vt 0.031746031746031855 0.39682539682539686
vt 0.031746031746031855 0.38095238095238093
vt 0.031746031746031855 0.3650793650793651
vt 0.031746031746031855 0.3492063492063493
vt 0.031746031746031855 0.33333333333333337
vt 0.031746031746031855 0.31746031746031744
vt 0.031746031746031855 0.3015873015873016
vt 0.031746031746031855 0.2857142857142858
vt 0.031746031746031855 0.2698412698412699
vt 0.031746031746031855 0.25396825396825395
vt 0.031746031746031855 0.23809523809523814
vt 0.031746031746031855 0.22222222222222232
vt 0.031746031746031855 0.2063492063492064
vt 0.031746031746031855 0.19047619047619047
vt 0.031746031746031855 0.17460317460317465
vt 0.031746031746031855 0.15873015873015883
vt 0.031746031746031855 0.1428571428571429
vt 0.031746031746031855 0.12698412698412698
vt 0.031746031746031855 0.11111111111111116
vt 0.031746031746031855 0.09523809523809534
vt 0.031746031746031855 0.07936507936507942
vt 0.031746031746031855 0.06349206349206349
vt 0.031746031746031855 0.04761904761904767
vt 0.031746031746031855 0.031746031746031855
vt 0.031746031746031855 0.015873015873015928
vt 0.031746031746031855 0.0
vt 0.015873015873015928 1.0
vt 0.015873015873015928 0.9841269841269842
vt 0.015873015873015928 0.9682539682539683
vt 0.015873015873015928 0.9523809523809523
vt 0.015873015873015928 0.9365079365079365
vt 0.015873015873015928 0.9206349206349207
vt 0.015873015873015928 0.9047619047619048
vt 0.015873015873015928 0.8888888888888888
vt 0.015873015873015928 0.873015873015873
vt 0.015873015873015928 0.8571428571428572
vt 0.015873015873015928 0.8412698412698413
vt 0.015873015873015928 0.8253968253968254
vt 0.015873015873015928 0.8095238095238095
vt 0.015873015873015928 0.7936507936507937
vt 0.015873015873015928 0.7777777777777778
vt 0.015873015873015928 0.7619047619047619
vt 0.015873015873015928 0.746031746031746
vt 0.015873015873015928 0.7301587301587302
vt 0.015873015873015928 0.7142857142857143
vt 0.015873015873015928 0.6984126984126984
vt 0.015873015873015928 0.6825396825396826
vt 0.015873015873015928 0.6666666666666667
vt 0.015873015873015928 0.6507936507936508
vt 0.015873015873015928 0.6349206349206349
vt 0.015873015873015928 0.6190476190476191
vt 0.015873015873015928 0.6031746031746033
vt 0.015873015873015928 0.5873015873015873
vt 0.015873015873015928 0.5714285714285714
vt 0.015873015873015928 0.5555555555555556
vt 0.015873015873015928 0.5396825396825398
vt 0.015873015873015928 0.5238095238095238
vt 0.015873015873015928 0.5079365079365079
vt 0.015873015873015928 0.4920634920634921
vt 0.015873015873015928 0.4761904761904763
vt 0.015873015873015928 0.46031746031746035
vt 0.015873015873015928 0.4444444444444444
vt 0.015873015873015928 0.4285714285714286
vt 0.015873015873015928 0.4126984126984128
vt 0.015873015873015928 0.39682539682539686
vt 0.015873015873015928 0.38095238095238093
vt 0.015873015873015928 0.3650793650793651
vt 0.015873015873015928 0.3492063492063493
vt 0.015873015873015928 0.33333333333333337
vt 0.015873015873015928 0.31746031746031744
vt 0.015873015873015928 0.3015873015873016
vt 0.015873015873015928 0.2857142857142858
vt 0.015873015873015928 0.2698412698412699
vt 0.015873015873015928 0.25396825396825395
vt 0.015873015873015928 0.23809523809523814
vt 0.015873015873015928 0.22222222222222232
vt 0.015873015873015928 0.2063492063492064
vt 0.015873015873015928 0.19047619047619047
vt 0.015873015873015928 0.17460317460317465
vt 0.015873015873015928 0.15873015873015883
vt 0.015873015873015928 0.1428571428571429
vt 0.015873015873015928 0.12698412698412698
vt 0.015873015873015928 0.11111111111111116
vt 0.015873015873015928 0.09523809523809534
vt 0.015873015873015928 0.07936507936507942
vt 0.015873015873015928 0.06349206349206349
vt 0.015873015873015928 0.04761904761904767
vt 0.015873015873015928 0.031746031746031855
vt 0.015873015873015928 0.015873015873015928
vt 0.015873015873015928 0.0
vt 0.0 1.0
vt 0.0 0.9841269841269842
vt 0.0 0.9682539682539683
vt 0.0 0.9523809523809523
vt 0.0 0.9365079365079365
vt 0.0 0.9206349206349207
vt 0.0 0.9047619047619048
vt 0.0 0.8888888888888888
vt 0.0 0.873015873015873
vt 0.0 0.8571428571428572
vt 0.0 0.8412698412698413
vt 0.0 0.8253968253968254
vt 0.0 0.8095238095238095
vt 0.0 0.7936507936507937
vt 0.0 0.7777777777777778
vt 0.0 0.7619047619047619
vt 0.0 0.746031746031746
vt 0.0 0.7301587301587302
vt 0.0 0.7142857142857143
vt 0.0 0.6984126984126984
vt 0.0 0.6825396825396826
vt 0.0 0.6666666666666667
vt 0.0 0.6507936507936508
vt 0.0 0.6349206349206349
vt 0.0 0.6190476190476191
vt 0.0 0.6031746031746033
vt 0.0 0.5873015873015873
vt 0.0 0.5714285714285714
vt 0.0 0.5555555555555556
vt 0.0 0.5396825396825398
vt 0.0 0.5238095238095238
vt 0.0 0.5079365079365079
vt 0.0 0.4920634920634921
vt 0.0 0.4761904761904763
vt 0.0 0.46031746031746035
vt 0.0 0.4444444444444444
vt 0.0 0.4285714285714286
vt 0.0 0.4126984126984128
vt 0.0 0.39682539682539686
vt 0.0 0.38095238095238093
vt 0.0 0.3650793650793651
vt 0.0 0.3492063492063493
vt 0.0 0.33333333333333337
vt 0.0 0.31746031746031744
vt 0.0 0.3015873015873016
vt 0.0 0.2857142857142858
vt 0.0 0.2698412698412699
vt 0.0 0.25396825396825395
vt 0.0 0.23809523809523814
vt 0.0 0.22222222222222232
vt 0.0 0.2063492063492064
vt 0.0 0.19047619047619047
vt 0.0 0.17460317460317465
vt 0.0 0.15873015873015883
vt 0.0 0.1428571428571429
vt 0.0 0.12698412698412698
vt 0.0 0.11111111111111116
vt 0.0 0.09523809523809534
vt 0.0 0.07936507936507942
vt 0.0 0.06349206349206349
vt 0.0 0.04761904761904767
vt 0.0 0.031746031746031855
vt 0.0 0.015873015873015928
vt 0.0 0.0
f 1/1 65/65 66/66 2/2
f 2/2 66/66 67/67 3/3
f 3/3 67/67 68/68 4/4
f 4/4 68/68 69/69 5/5
f 5/5 69/69 70/70 6/6
f 6/6 70/70 71/71 7/7
f 7/7 71/71 72/72 8/8
f 8/8 72/72 73/73 9/9
f 9/9 73/73 74/74 10/10
f 10/10 74/74 75/75 11/11
f 11/11 75/75 76/76 12/12
f 12/12 76/76 77/77 13/13
f 13/13 77/77 78/78 14/14
f 14/14 78/78 79/79 15/15
f 15/15 79/79 80/80 16/16
f 16/16 80/80 81/81 17/17
f 17/17 81/81 82/82 18/18
f 18/18 82/82 83/83 19/19
f 19/19 83/83 84/84 20/20
f 20/20 84/84 85/85 21/21
f 21/21 85/85 86/86 22/22
f 22/22 86/86 87/87 23/23
f 23/23 87/87 88/88 24/24
f 24/24 88/88 89/89 25/25
f 25/25 89/89 90/90 26/26
f 26/26 90/90 91/91 27/27
f 27/27 91/91 92/92 28/28
f 28/28 92/92 93/93 29/29
f 29/29 93/93 94/94 30/30
f 30/30 94/94 95/95 31/31
f 31/31 95/95 96/96 32/32
f 32/32 96/96 97/97 33/33
f 33/33 97/97 98/98 34/34
f 34/34 98/98 99/99 35/35
f 35/35 99/99 100/100 36/36
f 36/36 100/100 101/101 37/37
f 37/37 101/101 102/102 38/38
f 38/38 102/102 103/103 39/39
f 39/39 103/103 104/104 40/40
f 40/40 104/104 105/105 41/41
f 41/41 105/105 106/106 42/42
f 42/42 106/106 107/107 43/43
f 43/43 107/107 108/108 44/44
f 44/44 108/108 109/109 45/45
f 45/45 109/109 110/110 46/46
f 46/46 110/110 111/111 47/47
f 47/47 111/111 112/112 48/48
f 48/48 112/112 113/113 49/49
f 49/49 113/113 114/114 50/50
f 50/50 114/114 115/115 51/51
f 51/51 115/115 116/116 52/52
f 52/52 116/116 117/117 53/53
f 53/53 117/117 118/118 54/54
f 54/54 118/118 119/119 55/55
f 55/55 119/119 120/120 56/56
f 56/56 120/120 121/121 57/57
f 57/57 121/121 122/122 58/58
f 58/58 122/122 123/123 59/59
f 59/59 123/123 124/124 60/60
f 60/60 124/124 125/125 61/61
f 61/61 125/125 126/126 62/62
f 62/62 126/126 127/127 63/63
f 63/63 127/127 128/128 64/64
f 65/65 129/129 130/130 66/66
f 66/66 130/130 131/131 67/67
f 67/67 131/131 132/132 68/68
f 68/68 132/132 133/133 69/69
f 69/69 133/133 134/134 70/70
f 70/70 134/134 135/135 71/71
f 71/71 135/135 136/136 72/72
f 72/72 136/136 137/137 73/73
f 73/73 137/137 138/138 74/74
f 74/74 138/138 139/139 75/75
f 75/75 139/139 140/140 76/76
f 76/76 140/140 141/141 77/77
f 77/77 141/141 142/142 78/78
f 78/78 142/142 143/143 79/79
f 79/79 143/143 144/144 80/80
f 80/80 144/144 145/145 81/81
f 81/81 145/145 146/146 82/82
f 82/82 146/146 147/147 83/83
f 83/83 147/147 148/148 84/84
f 84/84 148/148 149/149 85/85
f 85/85 149/149 150/150 86/86
f 86/86 150/150 151/151 87/87
f 87/87 151/151 152/152 88/88
f 88/88 152/152 153/153 89/89
f 89/89 153/153 154/154 90/90
f 90/90 154/154 155/155 91/91
f 91/91 155/155 156/156 92/92
f 92/92 156/156 157/157 93/93
f 93/93 157/157 158/158 94/94
f 94/94 158/158 159/159 95/95
f 95/95 159/159 160/160 96/96
f 96/96 160/160 161/161 97/97
f 97/97 161/161 162/162 98/98
f 98/98 162/162 163/163 99/99
f 99/99 163/163 164/164 100/100
f 100/100 164/164 165/165 101/101
f 101/101 165/165 166/166 102/102
f 102/102 166/166 167/167 103/103
f 103/103 167/167 168/168 104/104
f 104/104 168/168 169/169 105/105
f 105/105 169/169 170/170 106/106
f 106/106 170/170 171/171 107/107
f 107/107 171/171 172/172 108/108
f 108/108 172/172 173/173 109/109
f 109/109 173/173 174/174 110/110
f 110/110 174/174 175/175 111/111
f 111/111 175/175 176/176 112/112
f 112/112 176/176 177/177 113/113
f 113/113 177/177 178/178 114/114
f 114/114 178/178 179/179 115/115
f 115/115 179/179 180/180 116/116
f 116/116 180/180 181/181 117/117
f 117/117 181/181 182/182 118/118
f 118/118 182/182 183/183 119/119
f 119/119 183/183 184/184 120/120
f 120/120 184/184 185/185 121/121
f 121/121 185/185 186/186 122/122
f 122/122 186/186 187/187 123/123
f 123/123 187/187 188/188 124/124
f 124/124 188/188 189/189 125/125
f 125/125 189/189 190/190 126/126
f 126/126 190/190 191/191 127/127
f 127/127 191/191 192/192 128/128
f 129/129 193/193 194/194 130/130
f 130/130 194/194 195/195 131/131
f 131/131 195/195 196/196 132/132
f 132/132 196/196 197/197 133/133
f 133/133 197/197 198/198 134/134
f 134/134 198/198 199/199 135/135
f 135/135 199/199 200/200 136/136
f 136/136 200/200 201/201 137/137
f 137/137 201/201 202/202 138/138
f 138/138 202/202 203/203 139/139
f 139/139 203/203 204/204 140/140
f 140/140 204/204 205/205 141/141
f 141/141 205/205 206/206 142/142
f 142/142 206/206 207/207 143/143
f 143/143 207/207 208/208 144/144
f 144/144 208/208 209/209 145/145
f 145/145 209/209 210/210 146/146
f 146/146 210/210 211/211 147/147
f 147/147 211/211 212/212 148/148
f 148/148 212/212 213/213 149/149
f 149/149 213/213 214/214 150/150
f 150/150 214/214 215/215 151/151
f 151/151 215/215 216/216 152/152
f 152/152 216/216 217/217 153/153
f 153/153 217/217 218/218 154/154
f 154/154 218/218 219/219 155/155
f 155/155 219/219 220/220 156/156
f 156/156 220/220 221/221 157/157
f 157/157 221/221 222/222 158/158
f 158/158 222/222 223/223 159/159
f 159/159 223/223 224/224 160/160
f 160/160 224/224 225/225 161/161
f 161/161 225/225 226/226 162/162
f 162/162 226/226 227/227 163/163
f 163/163 227/227 228/228 164/164
f 164/164 228/228 229/229 165/165
f 165/165 229/229 230/230 166/166
f 166/166 230/230 231/231 167/167
f 167/167 231/231 232/232 168/168
f 168/168 232/232 233/233 169/169
f 169/169 233/233 234/234 170/170
f 170/170 234/234 235/235 171/171
f 171/171 235/235 236/236 172/172
f 172/172 236/236 237/237 173/173
f 173/173 237/237 238/238 174/174
f 174/174 238/238 239/239 175/175
f 175/175 239/239 240/240 176/176
f 176/176 240/240 241/241 177/177
f 177/177 241/241 242/242 178/178
f 178/178 242/242 243/243 179/179
f 179/179 243/243 244/244 180/180
f 180/180 244/244 245/245 181/181
f 181/181 245/245 246/246 182/182
f 182/182 246/246 247/247 183/183
f 183/183 247/247 248/248 184/184
f 184/184 248/248 249/249 185/185
f 185/185 249/249 250/250 186/186
f 186/186 250/250 251/251 187/187
f 187/187 251/251 252/252 188/188
f 188/188 252/252 253/253 189/189
f 189/189 253/253 254/254 190/190
f 190/190 254/254 255/255 191/191
f 191/191 255/255 256/256 192/192
f 193/193 257/257 258/258 194/194
f 194/194 258/258 259/259 195/195
f 195/195 259/259 260/260 196/196
f 196/196 260/260 261/261 197/197
f 197/197 261/261 262/262 198/198
f 198/198 262/262 263/263 199/199
f 199/199 263/263 264/264 200/200
f 200/200 264/264 265/265 201/201
f 201/201 265/265 266/266 202/202
f 202/202 266/266 267/267 203/203
f 203/203 267/267 268/268 204/204
f 204/204 268/268 269/269 205/205
f 205/205 269/269 270/270 206/206
f 206/206 270/270 271/271 207/207
f 207/207 271/271 272/272 208/208
f 208/208 272/272 273/273 209/209
f 209/209 273/273 274/274 210/210
f 210/210 274/274 275/275 211/211
f 211/211 275/275 276/276 212/212
f 212/212 276/276 277/277 213/213
f 213/213 277/277 278/278 214/214
f 214/214 278/278 279/279 215/215
f 215/215 279/279 280/280 216/216
f 216/216 280/280 281/281 217/217
f 217/217 281/281 282/282 218/218
f 218/218 282/282 283/283 219/219
f 219/219 283/283 284/284 220/220
f 220/220 284/284 285/285 221/221
f 221/221 285/285 286/286 222/222
f 222/222 286/286 287/287 223/223
f 223/223 287/287 288/288 224/224
f 224/224 288/288 289/289 225/225
f 225/225 289/289 290/290 226/226
f 226/226 290/290 291/291 227/227
f 227/227 291/291 292/292 228/228
f 228/228 292/292 293/293 229/229
f 229/229 293/293 294/294 230/230
f 230/230 294/294 295/295 231/231
f 231/231 295/295 296/296 232/232
f 232/232 296/296 297/297 233/233
f 233/233 297/297 298/298 234/234
f 234/234 298/298 299/299 235/235
f 235/235 299/299 300/300 236/236
f 236/236 300/300 301/301 237/237
f 237/237 301/301 302/302 238/238
f 238/238 302/302 303/303 239/239
f 239/239 303/303 304/304 240/240
f 240/240 304/304 305/305 241/241
f 241/241 305/305 306/306 242/242
f 242/242 306/306 307/307 243/243
f 243/243 307/307 308/308 244/244
f 244/244 308/308 309/309 245/245
f 245/245 309/309 310/310 246/246
f 246/246 310/310 311/311 247/247
f 247/247 311/311 312/312 248/248
f 248/248 312/312 313/313 249/249
f 249/249 313/313 314/314 250/250
f 250/250 314/314 315/315 251/251
f 251/251 315/315 316/316 252/252
f 252/252 316/316 317/317 253/253
f 253/253 317/317 318/318 254/254
f 254/254 318/318 319/319 255/255
f 255/255 319/319 320/320 256/256
f 257/257 321/321 322/322 258/258
f 258/258 322/322 323/323 259/259
f 259/259 323/323 324/324 260/260
f 260/260 324/324 325/325 261/261
f 261/261 325/325 326/326 262/262
f 262/262 326/326 327/327 263/263
f 263/263 327/327 328/328 264/264
f 264/264 328/328 329/329 265/265
f 265/265 329/329 330/330 266/266
f 266/266 330/330 331/331 267/267
f 267/267 331/331 332/332 268/268
f 268/268 332/332 333/333 269/269
f 269/269 333/333 334/334 270/270
f 270/270 334/334 335/335 271/271
f 271/271 335/335 336/336 272/272
f 272/272 336/336 337/337 273/273
f 273/273 337/337 338/338 274/274
f 274/274 338/338 339/339 275/275
f 275/275 339/339 340/340 276/276
f 276/276 340/340 341/341 277/277
f 277/277 341/341 342/342 278/278
f 278/278 342/342 343/343 279/279
f 279/279 343/343 344/344 280/280
f 280/280 344/344 345/345 281/281
f 281/281 345/345 346/346 282/282
f 282/282 346/346 347/347 283/283
f 283/283 347/347 348/348 284/284
f 284/284 348/348 349/349 285/285
f 285/285 349/349 350/350 286/286
f 286/286 350/350 351/351 287/287
f 287/287 351/351 352/352 288/288
f 288/288 352/352 353/353 289/289
f 289/289 353/353 354/354 290/290
f 290/290 354/354 355/355 291/291
f 291/291 355/355 356/356 292/292
f 292/292 356/356 357/357 293/293
f 293/293 357/357 358/358 294/294
f 294/294 358/358 359/359 295/295
f 295/295 359/359 360/360 296/296
f 296/296 360/360 361/361 297/297
f 297/297 361/361 362/362 298/298
f 298/298 362/362 363/363 299/299
f 299/299 363/363 364/364 300/300
f 300/300 364/364 365/365 301/301
f 301/301 365/365 366/366 302/302
f 302/302 366/366 367/367 303/303
f 303/303 367/367 368/368 304/304
f 304/304 368/368 369/369 305/305
f 305/305 369/369 370/370 306/306
f 306/306 370/370 371/371 307/307
f 307/307 371/371 372/372 308/308
f 308/308 372/372 373/373 309/309
f 309/309 373/373 374/374 310/310
f 310/310 374/374 375/375 311/311
f 311/311 375/375 376/376 312/312
f 312/312 376/376 377/377 313/313
f 313/313 377/377 378/378 314/314
f 314/314 378/378 379/379 315/315
f 315/315 379/379 380/380 316/316
f 316/316 380/380 381/381 317/317
f 317/317 381/381 382/382 318/318
f 318/318 382/382 383/383 319/319
f 319/319 383/383 384/384 320/320
f 321/321 385/385 386/386 322/322
f 322/322 386/386 387/387 323/323
f 323/323 387/387 388/388 324/324
f 324/324 388/388 389/389 325/325
f 325/325 389/389 390/390 326/326
f 326/326 390/390 391/391 327/327
f 327/327 391/391 392/392 328/328
f 328/328 392/392 393/393 329/329
f 329/329 393/393 394/394 330/330
f 330/330 394/394 395/395 331/331
f 331/331 395/395 396/396 332/332
f 332/332 396/396 397/397 333/333
f 333/333 397/397 398/398 334/334
f 334/334 398/398 399/399 335/335
f 335/335 399/399 400/400 336/336
f 336/336 400/400 401/401 337/337
f 337/337 401/401 402/402 338/338
f 338/338 402/402 403/403 339/339
f 339/339 403/403 404/404 340/340
f 340/340 404/404 405/405 341/341
f 341/341 405/405 406/406 342/342
f 342/342 406/406 407/407 343/343
f 343/343 407/407 408/408 344/344
f 344/344 408/408 409/409 345/345
f 345/345 409/409 410/410 346/346
f 346/346 410/410 411/411 347/347
f 347/347 411/411 412/412 348/348
f 348/348 412/412 413/413 349/349
f 349/349 413/413 414/414 350/350
f 350/350 414/414 415/415 351/351
f 351/351 415/415 416/416 352/352
f 352/352 416/416 417/417 353/353
f 353/353 417/417 418/418 354/354
f 354/354 418/418 419/419 355/355
f 355/355 419/419 420/420 356/356
f 356/356 420/420 421/421 357/357
f 357/357 421/421 422/422 358/358
f 358/358 422/422 423/423 359/359
f 359/359 423/423 424/424 360/360
f 360/360 424/424 425/425 361/361
f 361/361 425/425 426/426 362/362
f 362/362 426/426 427/427 363/363
f 363/363 427/427 428/428 364/364
f 364/364 428/428 429/429 365/365
f 365/365 429/429 430/430 366/366
f 366/366 430/430 431/431 367/367
f 367/367 431/431 432/432 368/368
f 368/368 432/432 433/433 369/369
f 369/369 433/433 434/434 370/370
f 370/370 434/434 435/435 371/371
f 371/371 435/435 436/436 372/372
f 372/372 436/436 437/437 373/373
f 373/373 437/437 438/438 374/374
f 374/374 438/438 439/439 375/375
f 375/375 439/439 440/440 376/376
f 376/376 440/440 441/441 377/377
f 377/377 441/441 442/442 378/378
f 378/378 442/442 443/443 379/379
f 379/379 443/443 444/444 380/380
f 380/380 444/444 445/445 381/381
f 381/381 445/445 446/446 382/382
f 382/382 446/446 447/447 383/383
f 383/383 447/447 448/448 384/384
f 385/385 449/449 450/450 386/386
f 386/386 450/450 451/451 387/387
f 387/387 451/451 452/452 388/388
f 388/388 452/452 453/453 389/389
f 389/389 453/453 454/454 390/390
f 390/390 454/454 455/455 391/391
f 391/391 455/455 456/456 392/392
f 392/392 456/456 457/457 393/393
f 393/393 457/457 458/458 394/394
f 394/394 458/458 459/459 395/395
f 395/395 459/459 460/460 396/396
f 396/396 460/460 461/461 397/397
f 397/397 461/461 462/462 398/398
f 398/398 462/462 463/463 399/399
f 399/399 463/463 464/464 400/400
f 400/400 464/464 465/465 401/401
f 401/401 465/465 466/466 402/402
f 402/402 466/466 467/467 403/403
f 403/403 467/467 468/468 404/404
f 404/404 468/468 469/469 405/405
f 405/405 469/469 470/470 406/406
f 406/406 470/470 471/471 407/407
f 407/407 471/471 472/472 408/408
f 408/408 472/472 473/473 409/409
f 409/409 473/473 474/474 410/410
f 410/410 474/474 475/475 411/411
f 411/411 475/475 476/476 412/412
f 412/412 476/476 477/477 413/413
f 413/413 477/477 478/478 414/414
f 414/414 478/478 479/479 415/415
f 415/415 479/479 480/480 416/416
f 416/416 480/480 481/481 417/417
f 417/417 481/481 482/482 418/418
f 418/418 482/482 483/483 419/419
f 419/419 483/483 484/484 420/420
f 420/420 484/484 485/485 421/421
f 421/421 485/485 486/486 422/422
f 422/422 486/486 487/487 423/423
f 423/423 487/487 488/488 424/424
f 424/424 488/488 489/489 425/425
f 425/425 489/489 490/490 426/426
f 426/426 490/490 491/491 427/427
f 427/427 491/491 492/492 428/428
f 428/428 492/492 493/493 429/429
f 429/429 493/493 494/494 430/430
f 430/430 494/494 495/495 431/431
f 431/431 495/495 496/496 432/432
f 432/432 496/496 497/497 433/433
f 433/433 497/497 498/498 434/434
f 434/434 498/498 499/499 435/435
f 435/435 499/499 500/500 436/436
f 436/436 500/500 501/501 437/437
f 437/437 501/501 502/502 438/438
f 438/438 502/502 503/503 439/439
f 439/439 503/503 504/504 440/440
f 440/440 504/504 505/505 441/441
f 441/441 505/505 506/506 442/442
f 442/442 506/506 507/507 443/443
f 443/443 507/507 508/508 444/444
f 444/444 508/508 509/509 445/445
f 445/445 509/509 510/510 446/446
f 446/446 510/510 511/511 447/447
f 447/447 511/511 512/512 448/448
f 449/449 513/513 514/514 450/450
f 450/450 514/514 515/515 451/451
f 451/451 515/515 516/516 452/452
f 452/452 516/516 517/517 453/453
f 453/453 517/517 518/518 454/454
f 454/454 518/518 519/519 455/455
f 455/455 519/519 520/520 456/456
f 456/456 520/520 521/521 457/457
f 457/457 521/521 522/522 458/458
f 458/458 522/522 523/523 459/459
f 459/459 523/523 524/524 460/460
f 460/460 524/524 525/525 461/461
f 461/461 525/525 526/526 462/462
f 462/462 526/526 527/527 463/463
f 463/463 527/527 528/528 464/464
f 464/464 528/528 529/529 465/465
f 465/465 529/529 530/530 466/466
f 466/466 530/530 531/531 467/467
f 467/467 531/531 532/532 468/468
f 468/468 532/532 533/533 469/469
f 469/469 533/533 534/534 470/470
f 470/470 534/534 535/535 471/471
f 471/471 535/535 536/536 472/472
f 472/472 536/536 537/537 473/473
f 473/473 537/537 538/538 474/474
f 474/474 538/538 539/539 475/475
f 475/475 539/539 540/540 476/476
f 476/476 540/540 541/541 477/477
f 477/477 541/541 542/542 478/478
f 478/478 542/542 543/543 479/479
f 479/479 543/543 544/544 480/480
f 480/480 544/544 545/545 481/481
f 481/481 545/545 546/546 482/482
f 482/482 546/546 547/547 483/483
f 483/483 547/547 548/548 484/484
f 484/484 548/548 549/549 485/485
f 485/485 549/549 550/550 486/486
f 486/486 550/550 551/551 487/487
f 487/487 551/551 552/552 488/488
f 488/488 552/552 553/553 489/489
f 489/489 553/553 554/554 490/490
f 490/490 554/554 555/555 491/491
f 491/491 555/555 556/556 492/492
f 492/492 556/556 557/557 493/493
f 493/493 557/557 558/558 494/494
f 494/494 558/558 559/559 495/495
f 495/495 559/559 560/560 496/496
f 496/496 560/560 561/561 497/497
f 497/497 561/561 562/562 498/498
f 498/498 562/562 563/563 499/499
f 499/499 563/563 564/564 500/500
f 500/500 564/564 565/565 501/501
f 501/501 565/565 566/566 502/502
f 502/502 566/566 567/567 503/503
f 503/503 567/567 568/568 504/504
f 504/504 568/568 569/569 505/505
f 505/505 569/569 570/570 506/506
f 506/506 570/570 571/571 507/507
f 507/507 571/571 572/572 508/508
f 508/508 572/572 573/573 509/509
f 509/509 573/573 574/574 510/510
f 510/510 574/574 575/575 511/511
f 511/511 575/575 576/576 512/512
f 513/513 577/577 578/578 514/514
f 514/514 578/578 579/579 515/515
f 515/515 579/579 580/580 516/516
f 516/516 580/580 581/581 517/517
f 517/517 581/581 582/582 518/518
f 518/518 582/582 583/583 519/519
f 519/519 583/583 584/584 520/520
f 520/520 584/584 585/585 521/521
f 521/521 585/585 586/586 522/522
f 522/522 586/586 587/587 523/523
f 523/523 587/587 588/588 524/524
f 524/524 588/588 589/589 525/525
f 525/525 589/589 590/590 526/526
f 526/526 590/590 591/591 527/527
f 527/527 591/591 592/592 528/528
f 528/528 592/592 593/593 529/529
f 529/529 593/593 594/594 530/530
f 530/530 594/594 595/595 531/531
f 531/531 595/595 596/596 532/532
f 532/532 596/596 597/597 533/533
f 533/533 597/597 598/598 534/534
f 534/534 598/598 599/599 535/535
f 535/535 599/599 600/600 536/536
f 536/536 600/600 601/601 537/537
f 537/537 601/601 602/602 538/538
f 538/538 602/602 603/603 539/539
f 539/539 603/603 604/604 540/540
f 540/540 604/604 605/605 541/541
f 541/541 605/605 606/606 542/542
f 542/542 606/606 607/607 543/543
f 543/543 607/607 608/608 544/544
f 544/544 608/608 609/609 545/545
f 545/545 609/609 610/610 546/546
f 546/546 610/610 611/611 547/547
f 547/547 611/611 612/612 548/548
f 548/548 612/612 613/613 549/549
f 549/549 613/613 614/614 550/550
f 550/550 614/614 615/615 551/551
f 551/551 615/615 616/616 552/552
f 552/552 616/616 617/617 553/553
f 553/553 617/617 618/618 554/554
f 554/554 618/618 619/619 555/555
f 555/555 619/619 620/620 556/556
f 556/556 620/620 621/621 557/557
f 557/557 621/621 622/622 558/558
f 558/558 622/622 623/623 559/559
f 559/559 623/623 624/624 560/560
f 560/560 624/624 625/625 561/561
f 561/561 625/625 626/626 562/562
f 562/562 626/626 627/627 563/563
f 563/563 627/627 628/628 564/564
f 564/564 628/628 629/629 565/565
f 565/565 629/629 630/630 566/566
f 566/566 630/630 631/631 567/567
f 567/567 631/631 632/632 568/568
f 568/568 632/632 633/633 569/569
f 569/569 633/633 634/634 570/570
f 570/570 634/634 635/635 571/571
f 571/571 635/635 636/636 572/572
f 572/572 636/636 637/637 573/573
f 573/573 637/637 638/638 574/574
f 574/574 638/638 639/639 575/575
f 575/575 639/639 640/640 576/576
f 577/577 641/641 642/642 578/578
f 578/578 642/642 643/643 579/579
f 579/579 643/643 644/644 580/580
f 580/580 644/644 645/645 581/581
f 581/581 645/645 646/646 582/582
f 582/582 646/646 647/647 583/583
f 583/583 647/647 648/648 584/584
f 584/584 648/648 649/649 585/585
f 585/585 649/649 650/650 586/586
f 586/586 650/650 651/651 587/587
f 587/587 651/651 652/652 588/588
f 588/588 652/652 653/653 589/589
f 589/589 653/653 654/654 590/590
f 590/590 654/654 655/655 591/591
f 591/591 655/655 656/656 592/592
f 592/592 656/656 657/657 593/593
f 593/593 657/657 658/658 594/594
f 594/594 658/658 659/659 595/595
f 595/595 659/659 660/660 596/596
f 596/596 660/660 661/661 597/597
f 597/597 661/661 662/662 598/598
f 598/598 662/662 663/663 599/599
f 599/599 663/663 664/664 600/600
f 600/600 664/664 665/665 601/601
f 601/601 665/665 666/666 602/602
f 602/602 666/666 667/667 603/603
f 603/603 667/667 668/668 604/604
f 604/604 668/668 669/669 605/605
f 605/605 669/669 670/670 606/606
f 606/606 670/670 671/671 607/607
f 607/607 671/671 672/672 608/608
f 608/608 672/672 673/673 609/609
f 609/609 673/673 674/674 610/610
f 610/610 674/674 675/675 611/611
f 611/611 675/675 676/676 612/612
f 612/612 676/676 677/677 613/613
f 613/613 677/677 678/678 614/614
f 614/614 678/678 679/679 615/615
f 615/615 679/679 680/680 616/616
f 616/616 680/680 681/681 617/617
f 617/617 681/681 682/682 618/618
f 618/618 682/682 683/683 619/619
f 619/619 683/683 684/684 620/620
f 620/620 684/684 685/685 621/621
f 621/621 685/685 686/686 622/622
f 622/622 686/686 687/687 623/623
f 623/623 687/687 688/688 624/624
f 624/624 688/688 689/689 625/625
f 625/625 689/689 690/690 626/626
f 626/626 690/690 691/691 627/627
f 627/627 691/691 692/692 628/628
f 628/628 692/692 693/693 629/629
f 629/629 693/693 694/694 630/630
f 630/630 694/694 695/695 631/631
f 631/631 695/695 696/696 632/632
f 632/632 696/696 697/697 633/633
f 633/633 697/697 698/698 634/634
f 634/634 698/698 699/699 635/635
f 635/635 699/699 700/700 636/636
f 636/636 700/700 701/701 637/637
f 637/637 701/701 702/702 638/638
f 638/638 702/702 703/703 639/639
f 639/639 703/703 704/704 640/640
f 641/641 705/705 706/706 642/642
f 642/642 706/706 707/707 643/643
f 643/643 707/707 708/708 644/644
f 644/644 708/708 709/709 645/645
f 645/645 709/709 710/710 646/646
f 646/646 710/710 711/711 647/647
f 647/647 711/711 712/712 648/648
f 648/648 712/712 713/713 649/649
f 649/649 713/713 714/714 650/650
f 650/650 714/714 715/715 651/651
f 651/651 715/715 716/716 652/652
f 652/652 716/716 717/717 653/653
f 653/653 717/717 718/718 654/654
f 654/654 718/718 719/719 655/655
f 655/655 719/719 720/720 656/656
f 656/656 720/720 721/721 657/657
f 657/657 721/721 722/722 658/658
f 658/658 722/722 723/723 659/659
f 659/659 723/723 724/724 660/660
f 660/660 724/724 725/725 661/661
f 661/661 725/725 726/726 662/662
f 662/662 726/726 727/727 663/663
f 663/663 727/727 728/728 664/664
f 664/664 728/728 729/729 665/665
f 665/665 729/729 730/730 666/666
f 666/666 730/730 731/731 667/667
f 667/667 731/731 732/732 668/668
f 668/668 732/732 733/733 669/669
f 669/669 733/733 734/734 670/670
f 670/670 734/734 735/735 671/671
f 671/671 735/735 736/736 672/672
f 672/672 736/736 737/737 673/673
f 673/673 737/737 738/738 674/674
f 674/674 738/738 739/739 675/675
f 675/675 739/739 740/740 676/676
f 676/676 740/740 741/741 677/677
f 677/677 741/741 742/742 678/678
f 678/678 742/742 743/743 679/679
f 679/679 743/743 744/744 680/680
f 680/680 744/744 745/745 681/681
f 681/681 745/745 746/746 682/682
f 682/682 746/746 747/747 683/683
f 683/683 747/747 748/748 684/684
f 684/684 748/748 749/749 685/685
f 685/685 749/749 750/750 686/686
f 686/686 750/750 751/751 687/687
f 687/687 751/751 752/752 688/688
f 688/688 752/752 753/753 689/689
f 689/689 753/753 754/754 690/690
f 690/690 754/754 755/755 691/691
f 691/691 755/755 756/756 692/692
f 692/692 756/756 757/757 693/693
f 693/693 757/757 758/758 694/694
f 694/694 758/758 759/759 695/695
f 695/695 759/759 760/760 696/696
f 696/696 760/760 761/761 697/697
f 697/697 761/761 762/762 698/698
f 698/698 762/762 763/763 699/699
f 699/699 763/763 764/764 700/700
f 700/700 764/764 765/765 701/701
f 701/701 765/765 766/766 702/702
f 702/702 766/766 767/767 703/703
f 703/703 767/767 768/768 704/704
f 705/705 769/769 770/770 706/706
f 706/706 770/770 771/771 707/707
f 707/707 771/771 772/772 708/708
f 708/708 772/772 773/773 709/709
f 709/709 773/773 774/774 710/710
f 710/710 774/774 775/775 711/711
f 711/711 775/775 776/776 712/712
f 712/712 776/776 777/777 713/713
f 713/713 777/777 778/778 714/714
f 714/714 778/778 779/779 715/715
f 715/715 779/779 780/780 716/716
f 716/716 780/780 781/781 717/717
f 717/717 781/781 782/782 718/718
f 718/718 782/782 783/783 719/719
f 719/719 783/783 784/784 720/720
f 720/720 784/784 785/785 721/721
f 721/721 785/785 786/786 722/722
f 722/722 786/786 787/787 723/723
f 723/723 787/787 788/788 724/724
f 724/724 788/788 789/789 725/725
f 725/725 789/789 790/790 726/726
f 726/726 790/790 791/791 727/727
f 727/727 791/791 792/792 728/728
f 728/728 792/792 793/793 729/729
f 729/729 793/793 794/794 730/730
f 730/730 794/794 795/795 731/731
f 731/731 795/795 796/796 732/732
f 732/732 796/796 797/797 733/733
f 733/733 797/797 798/798 734/734
f 734/734 798/798 799/799 735/735
f 735/735 799/799 800/800 736/736
f 736/736 800/800 801/801 737/737
f 737/737 801/801 802/802 738/738
f 738/738 802/802 803/803 739/739
f 739/739 803/803 804/804 740/740
f 740/740 804/804 805/805 741/741
f 741/741 805/805 806/806 742/742
f 742/742 806/806 807/807 743/743
f 743/743 807/807 808/808 744/744
f 744/744 808/808 809/809 745/745
f 745/745 809/809 810/810 746/746
f 746/746 810/810 811/811 747/747
f 747/747 811/811 812/812 748/748
f 748/748 812/812 813/813 749/749
f 749/749 813/813 814/814 750/750
f 750/750 814/814 815/815 751/751
f 751/751 815/815 816/816 752/752
f 752/752 816/816 817/817 753/753
f 753/753 817/817 818/818 754/754
f 754/754 818/818 819/819 755/755
f 755/755 819/819 820/820 756/756
f 756/756 820/820 821/821 757/757
f 757/757 821/821 822/822 758/758
f 758/758 822/822 823/823 759/759
f 759/759 823/823 824/824 760/760
f 760/760 824/824 825/825 761/761
f 761/761 825/825 826/826 762/762
f 762/762 826/826 827/827 763/763
f 763/763 827/827 828/828 764/764
f 764/764 828/828 829/829 765/765
f 765/765 829/829 830/830 766/766
f 766/766 830/830 831/831 767/767
f 767/767 831/831 832/832 768/768
f 769/769 833/833 834/834 770/770
f 770/770 834/834 835/835 771/771
f 771/771 835/835 836/836 772/772
f 772/772 836/836 837/837 773/773
f 773/773 837/837 838/838 774/774
f 774/774 838/838 839/839 775/775
f 775/775 839/839 840/840 776/776
f 776/776 840/840 841/841 777/777
f 777/777 841/841 842/842 778/778
f 778/778 842/842 843/843 779/779
f 779/779 843/843 844/844 780/780
f 780/780 844/844 845/845 781/781
f 781/781 845/845 846/846 782/782
f 782/782 846/846 847/847 783/783
f 783/783 847/847 848/848 784/784
f 784/784 848/848 849/849 785/785
f 785/785 849/849 850/850 786/786
f 786/786 850/850 851/851 787/787
f 787/787 851/851 852/852 788/788
f 788/788 852/852 853/853 789/789
f 789/789 853/853 854/854 790/790
f 790/790 854/854 855/855 791/791
f 791/791 855/855 856/856 792/792
f 792/792 856/856 857/857 793/793
f 793/793 857/857 858/858 794/794
f 794/794 858/858 859/859 795/795
f 795/795 859/859 860/860 796/796
f 796/796 860/860 861/861 797/797
f 797/797 861/861 862/862 798/798
f 798/798 862/862 863/863 799/799
f 799/799 863/863 864/864 800/800
f 800/800 864/864 865/865 801/801
f 801/801 865/865 866/866 802/802
f 802/802 866/866 867/867 803/803
f 803/803 867/867 868/868 804/804
f 804/804 868/868 869/869 805/805
f 805/805 869/869 870/870 806/806
f 806/806 870/870 871/871 807/807
f 807/807 871/871 872/872 808/808
f 808/808 872/872 873/873 809/809
f 809/809 873/873 874/874 810/810
f 810/810 874/874 875/875 811/811
f 811/811 875/875 876/876 812/812
f 812/812 876/876 877/877 813/813
f 813/813 877/877 878/878 814/814
f 814/814 878/878 879/879 815/815
f 815/815 879/879 880/880 816/816
f 816/816 880/880 881/881 817/817
f 817/817 881/881 882/882 818/818
f 818/818 882/882 883/883 819/819
f 819/819 883/883 884/884 820/820
f 820/820 884/884 885/885 821/821
f 821/821 885/885 886/886 822/822
f 822/822 886/886 887/887 823/823
f 823/823 887/887 888/888 824/824
f 824/824 888/888 889/889 825/825
f 825/825 889/889 890/890 826/826
f 826/826 890/890 891/891 827/827
f 827/827 891/891 892/892 828/828
f 828/828 892/892 893/893 829/829
f 829/829 893/893 894/894 830/830
f 830/830 894/894 895/895 831/831
f 831/831 895/895 896/896 832/832
f 833/833 897/897 898/898 834/834
f 834/834 898/898 899/899 835/835
f 835/835 899/899 900/900 836/836
f 836/836 900/900 901/901 837/837
f 837/837 901/901 902/902 838/838
f 838/838 902/902 903/903 839/839
f 839/839 903/903 904/904 840/840
f 840/840 904/904 905/905 841/841
f 841/841 905/905 906/906 842/842
f 842/842 906/906 907/907 843/843
f 843/843 907/907 908/908 844/844
f 844/844 908/908 909/909 845/845
f 845/845 909/909 910/910 846/846
f 846/846 910/910 911/911 847/847
f 847/847 911/911 912/912 848/848
f 848/848 912/912 913/913 849/849
f 849/849 913/913 914/914 850/850
f 850/850 914/914 915/915 851/851
f 851/851 915/915 916/916 852/852
f 852/852 916/916 917/917 853/853
f 853/853 917/917 918/918 854/854
f 854/854 918/918 919/919 855/855
f 855/855 919/919 920/920 856/856
f 856/856 920/920 921/921 857/857
f 857/857 921/921 922/922 858/858
f 858/858 922/922 923/923 859/859
f 859/859 923/923 924/924 860/860
f 860/860 924/924 925/925 861/861
f 861/861 925/925 926/926 862/862
f 862/862 926/926 927/927 863/863
f 863/863 927/927 928/928 864/864
f 864/864 928/928 929/929 865/865
f 865/865 929/929 930/930 866/866
f 866/866 930/930 931/931 867/867
f 867/867 931/931 932/932 868/868
f 868/868 932/932 933/933 869/869
f 869/869 933/933 934/934 870/870
f 870/870 934/934 935/935 871/871
f 871/871 935/935 936/936 872/872
f 872/872 936/936 937/937 873/873
f 873/873 937/937 938/938 874/874
f 874/874 938/938 939/939 875/875
f 875/875 939/939 940/940 876/876
f 876/876 940/940 941/941 877/877
f 877/877 941/941 942/942 878/878
f 878/878 942/942 943/943 879/879
f 879/879 943/943 944/944 880/880
f 880/880 944/944 945/945 881/881
f 881/881 945/945 946/946 882/882
f 882/882 946/946 947/947 883/883
f 883/883 947/947 948/948 884/884
f 884/884 948/948 949/949 885/885
f 885/885 949/949 950/950 886/886
f 886/886 950/950 951/951 887/887
f 887/887 951/951 952/952 888/888
f 888/888 952/952 953/953 889/889
f 889/889 953/953 954/954 890/890
f 890/890 954/954 955/955 891/891
f 891/891 955/955 956/956 892/892
f 892/892 956/956 957/957 893/893
f 893/893 957/957 958/958 894/894
f 894/894 958/958 959/959 895/895
f 895/895 959/959 960/960 896/896
f 897/897 961/961 962/962 898/898
f 898/898 962/962 963/963 899/899
f 899/899 963/963 964/964 900/900
f 900/900 964/964 965/965 901/901
f 901/901 965/965 966/966 902/902
f 902/902 966/966 967/967 903/903
f 903/903 967/967 968/968 904/904
f 904/904 968/968 969/969 905/905
f 905/905 969/969 970/970 906/906
f 906/906 970/970 971/971 907/907
f 907/907 971/971 972/972 908/908
f 908/908 972/972 973/973 909/909
f 909/909 973/973 974/974 910/910
f 910/910 974/974 975/975 911/911
f 911/911 975/975 976/976 912/912
f 912/912 976/976 977/977 913/913
f 913/913 977/977 978/978 914/914
f 914/914 978/978 979/979 915/915
f 915/915 979/979 980/980 916/916
f 916/916 980/980 981/981 917/917
f 917/917 981/981 982/982 918/918
f 918/918 982/982 983/983 919/919
f 919/919 983/983 984/984 920/920
f 920/920 984/984 985/985 921/921
f 921/921 985/985 986/986 922/922
f 922/922 986/986 987/987 923/923
f 923/923 987/987 988/988 924/924
f 924/924 988/988 989/989 925/925
f 925/925 989/989 990/990 926/926
f 926/926 990/990 991/991 927/927
f 927/927 991/991 992/992 928/928
f 928/928 992/992 993/993 929/929
f 929/929 993/993 994/994 930/930
f 930/930 994/994 995/995 931/931
f 931/931 995/995 996/996 932/932
f 932/932 996/996 997/997 933/933
f 933/933 997/997 998/998 934/934
f 934/934 998/998 999/999 935/935
f 935/935 999/999 1000/1000 936/936
f 936/936 1000/1000 1001/1001 937/937
f 937/937 1001/1001 1002/1002 938/938
f 938/938 1002/1002 1003/1003 939/939
f 939/939 1003/1003 1004/1004 940/940
f 940/940 1004/1004 1005/1005 941/941
f 941/941 1005/1005 1006/1006 942/942
f 942/942 1006/1006 1007/1007 943/943
f 943/943 1007/1007 1008/1008 944/944
f 944/944 1008/1008 1009/1009 945/945
f 945/945 1009/1009 1010/1010 946/946
f 946/946 1010/1010 1011/1011 947/947
f 947/947 1011/1011 1012/1012 948/948
f 948/948 1012/1012 1013/1013 949/949
f 949/949 1013/1013 1014/1014 950/950
f 950/950 1014/1014 1015/1015 951/951
f 951/951 1015/1015 1016/1016 952/952
f 952/952 1016/1016 1017/1017 953/953
f 953/953 1017/1017 1018/1018 954/954
f 954/954 1018/1018 1019/1019 955/955
f 955/955 1019/1019 1020/1020 956/956
f 956/956 1020/1020 1021/1021 957/957
f 957/957 1021/1021 1022/1022 958/958
f 958/958 1022/1022 1023/1023 959/959
f 959/959 1023/1023 1024/1024 960/960
f 961/961 1025/1025 1026/1026 962/962
f 962/962 1026/1026 1027/1027 963/963
f 963/963 1027/1027 1028/1028 964/964
f 964/964 1028/1028 1029/1029 965/965
f 965/965 1029/1029 1030/1030 966/966
f 966/966 1030/1030 1031/1031 967/967
f 967/967 1031/1031 1032/1032 968/968
f 968/968 1032/1032 1033/1033 969/969
f 969/969 1033/1033 1034/1034 970/970
f 970/970 1034/1034 1035/1035 971/971
f 971/971 1035/1035 1036/1036 972/972
f 972/972 1036/1036 1037/1037 973/973
f 973/973 1037/1037 1038/1038 974/974
f 974/974 1038/1038 1039/1039 975/975
f 975/975 1039/1039 1040/1040 976/976
f 976/976 1040/1040 1041/1041 977/977
f 977/977 1041/1041 1042/1042 978/978
f 978/978 1042/1042 1043/1043 979/979
f 979/979 1043/1043 1044/1044 980/980
f 980/980 1044/1044 1045/1045 981/981
f 981/981 1045/1045 1046/1046 982/982
f 982/982 1046/1046 1047/1047 983/983
f 983/983 1047/1047 1048/1048 984/984
f 984/984 1048/1048 1049/1049 985/985
f 985/985 1049/1049 1050/1050 986/986
f 986/986 1050/1050 1051/1051 987/987
f 987/987 1051/1051 1052/1052 988/988
f 988/988 1052/1052 1053/1053 989/989
f 989/989 1053/1053 1054/1054 990/990
f 990/990 1054/1054 1055/1055 991/991
f 991/991 1055/1055 1056/1056 992/992
f 992/992 1056/1056 1057/1057 993/993
f 993/993 1057/1057 1058/1058 994/994
f 994/994 1058/1058 1059/1059 995/995
f 995/995 1059/1059 1060/1060 996/996
f 996/996 1060/1060 1061/1061 997/997
f 997/997 1061/1061 1062/1062 998/998
f 998/998 1062/1062 1063/1063 999/999
f 999/999 1063/1063 1064/1064 1000/1000
f 1000/1000 1064/1064 1065/1065 1001/1001
f 1001/1001 1065/1065 1066/1066 1002/1002
f 1002/1002 1066/1066 1067/1067 1003/1003
f 1003/1003 1067/1067 1068/1068 1004/1004
f 1004/1004 1068/1068 1069/1069 1005/1005
f 1005/1005 1069/1069 1070/1070 1006/1006
f 1006/1006 1070/1070 1071/1071 1007/1007
f 1007/1007 1071/1071 1072/1072 1008/1008
f 1008/1008 1072/1072 1073/1073 1009/1009
f 1009/1009 1073/1073 1074/1074 1010/1010
f 1010/1010 1074/1074 1075/1075 1011/1011
f 1011/1011 1075/1075 1076/1076 1012/1012
f 1012/1012 1076/1076 1077/1077 1013/1013
f 1013/1013 1077/1077 1078/1078 1014/1014
f 1014/1014 1078/1078 1079/1079 1015/1015
f 1015/1015 1079/1079 1080/1080 1016/1016
f 1016/1016 1080/1080 1081/1081 1017/1017
f 1017/1017 1081/1081 1082/1082 1018/1018
f 1018/1018 1082/1082 1083/1083 1019/1019
f 1019/1019 1083/1083 1084/1084 1020/1020
f 1020/1020 1084/1084 1085/1085 1021/1021
f 1021/1021 1085/1085 1086/1086 1022/1022
f 1022/1022 1086/1086 1087/1087 1023/1023
f 1023/1023 1087/1087 1088/1088 1024/1024
f 1025/1025 1089/1089 1090/1090 1026/1026
f 1026/1026 1090/1090 1091/1091 1027/1027
f 1027/1027 1091/1091 1092/1092 1028/1028
f 1028/1028 1092/1092 1093/1093 1029/1029
f 1029/1029 1093/1093 1094/1094 1030/1030
f 1030/1030 1094/1094 1095/1095 1031/1031
f 1031/1031 1095/1095 1096/1096 1032/1032
f 1032/1032 1096/1096 1097/1097 1033/1033
f 1033/1033 1097/1097 1098/1098 1034/1034
f 1034/1034 1098/1098 1099/1099 1035/1035
f 1035/1035 1099/1099 1100/1100 1036/1036
f 1036/1036 1100/1100 1101/1101 1037/1037
f 1037/1037 1101/1101 1102/1102 1038/1038
f 1038/1038 1102/1102 1103/1103 1039/1039
f 1039/1039 1103/1103 1104/1104 1040/1040
f 1040/1040 1104/1104 1105/1105 1041/1041
f 1041/1041 1105/1105 1106/1106 1042/1042
f 1042/1042 1106/1106 1107/1107 1043/1043
f 1043/1043 1107/1107 1108/1108 1044/1044
f 1044/1044 1108/1108 1109/1109 1045/1045
f 1045/1045 1109/1109 1110/1110 1046/1046
f 1046/1046 1110/1110 1111/1111 1047/1047
f 1047/1047 1111/1111 1112/1112 1048/1048
f 1048/1048 1112/1112 1113/1113 1049/1049
f 1049/1049 1113/1113 1114/1114 1050/1050
f 1050/1050 1114/1114 1115/1115 1051/1051
f 1051/1051 1115/1115 1116/1116 1052/1052
f 1052/1052 1116/1116 1117/1117 1053/1053
f 1053/1053 1117/1117 1118/1118 1054/1054
f 1054/1054 1118/1118 1119/1119 1055/1055
f 1055/1055 1119/1119 1120/1120 1056/1056
f 1056/1056 1120/1120 1121/1121 1057/1057
f 1057/1057 1121/1121 1122/1122 1058/1058
f 1058/1058 1122/1122 1123/1123 1059/1059
f 1059/1059 1123/1123 1124/1124 1060/1060
f 1060/1060 1124/1124 1125/1125 1061/1061
f 1061/1061 1125/1125 1126/1126 1062/1062
f 1062/1062 1126/1126 1127/1127 1063/1063
f 1063/1063 1127/1127 1128/1128 1064/1064
f 1064/1064 1128/1128 1129/1129 1065/1065
f 1065/1065 1129/1129 1130/1130 1066/1066
f 1066/1066 1130/1130 1131/1131 1067/1067
f 1067/1067 1131/1131 1132/1132 1068/1068
f 1068/1068 1132/1132 1133/1133 1069/1069
f 1069/1069 1133/1133 1134/1134 1070/1070
f 1070/1070 1134/1134 1135/1135 1071/1071
f 1071/1071 1135/1135 1136/1136 1072/1072
f 1072/1072 1136/1136 1137/1137 1073/1073
f 1073/1073 1137/1137 1138/1138 1074/1074
f 1074/1074 1138/1138 1139/1139 1075/1075
f 1075/1075 1139/1139 1140/1140 1076/1076
f 1076/1076 1140/1140 1141/1141 1077/1077
f 1077/1077 1141/1141 1142/1142 1078/1078
f 1078/1078 1142/1142 1143/1143 1079/1079
f 1079/1079 1143/1143 1144/1144 1080/1080
f 1080/1080 1144/1144 1145/1145 1081/1081
f 1081/1081 1145/1145 1146/1146 1082/1082
f 1082/1082 1146/1146 1147/1147 1083/1083
f 1083/1083 1147/1147 1148/1148 1084/1084
f 1084/1084 1148/1148 1149/1149 1085/1085
f 1085/1085 1149/1149 1150/1150 1086/1086
f 1086/1086 1150/1150 1151/1151 1087/1087
f 1087/1087 1151/1151 1152/1152 1088/1088
f 1089/1089 1153/1153 1154/1154 1090/1090
f 1090/1090 1154/1154 1155/1155 1091/1091
f 1091/1091 1155/1155 1156/1156 1092/1092
f 1092/1092 1156/1156 1157/1157 1093/1093
f 1093/1093 1157/1157 1158/1158 1094/1094
f 1094/1094 1158/1158 1159/1159 1095/1095
f 1095/1095 1159/1159 1160/1160 1096/1096
f 1096/1096 1160/1160 1161/1161 1097/1097
f 1097/1097 1161/1161 1162/1162 1098/1098
f 1098/1098 1162/1162 1163/1163 1099/1099
f 1099/1099 1163/1163 1164/1164 1100/1100
f 1100/1100 1164/1164 1165/1165 1101/1101
f 1101/1101 1165/1165 1166/1166 1102/1102
f 1102/1102 1166/1166 1167/1167 1103/1103
f 1103/1103 1167/1167 1168/1168 1104/1104
f 1104/1104 1168/1168 1169/1169 1105/1105
f 1105/1105 1169/1169 1170/1170 1106/1106
f 1106/1106 1170/1170 1171/1171 1107/1107
f 1107/1107 1171/1171 1172/1172 1108/1108
f 1108/1108 1172/1172 1173/1173 1109/1109
f 1109/1109 1173/1173 1174/1174 1110/1110
f 1110/1110 1174/1174 1175/1175 1111/1111
f 1111/1111 1175/1175 1176/1176 1112/1112
f 1112/1112 1176/1176 1177/1177 1113/1113
f 1113/1113 1177/1177 1178/1178 1114/1114
f 1114/1114 1178/1178 1179/1179 1115/1115
f 1115/1115 1179/1179 1180/1180 1116/1116
f 1116/1116 1180/1180 1181/1181 1117/1117
f 1117/1117 1181/1181 1182/1182 1118/1118
f 1118/1118 1182/1182 1183/1183 1119/1119
f 1119/1119 1183/1183 1184/1184 1120/1120
f 1120/1120 1184/1184 1185/1185 1121/1121
f 1121/1121 1185/1185 1186/1186 1122/1122
f 1122/1122 1186/1186 1187/1187 1123/1123
f 1123/1123 1187/1187 1188/1188 1124/1124
f 1124/1124 1188/1188 1189/1189 1125/1125
f 1125/1125 1189/1189 1190/1190 1126/1126
f 1126/1126 1190/1190 1191/1191 1127/1127
f 1127/1127 1191/1191 1192/1192 1128/1128
f 1128/1128 1192/1192 1193/1193 1129/1129
f 1129/1129 1193/1193 1194/1194 1130/1130
f 1130/1130 1194/1194 1195/1195 1131/1131
f 1131/1131 1195/1195 1196/1196 1132/1132
f 1132/1132 1196/1196 1197/1197 1133/1133
f 1133/1133 1197/1197 1198/1198 1134/1134
f 1134/1134 1198/1198 1199/1199 1135/1135
f 1135/1135 1199/1199 1200/1200 1136/1136
f 1136/1136 1200/1200 1201/1201 1137/1137
f 1137/1137 1201/1201 1202/1202 1138/1138
f 1138/1138 1202/1202 1203/1203 1139/1139
f 1139/1139 1203/1203 1204/1204 1140/1140
f 1140/1140 1204/1204 1205/1205 1141/1141
f 1141/1141 1205/1205 1206/1206 1142/1142
f 1142/1142 1206/1206 1207/1207 1143/1143
f 1143/1143 1207/1207 1208/1208 1144/1144
f 1144/1144 1208/1208 1209/1209 1145/1145
f 1145/1145 1209/1209 1210/1210 1146/1146
f 1146/1146 1210/1210 1211/1211 1147/1147
f 1147/1147 1211/1211 1212/1212 1148/1148
f 1148/1148 1212/1212 1213/1213 1149/1149
f 1149/1149 1213/1213 1214/1214 1150/1150
f 1150/1150 1214/1214 1215/1215 1151/1151
f 1151/1151 1215/1215 1216/1216 1152/1152
f 1153/1153 1217/1217 1218/1218 1154/1154
f 1154/1154 1218/1218 1219/1219 1155/1155
f 1155/1155 1219/1219 1220/1220 1156/1156
f 1156/1156 1220/1220 1221/1221 1157/1157
f 1157/1157 1221/1221 1222/1222 1158/1158
f 1158/1158 1222/1222 1223/1223 1159/1159
f 1159/1159 1223/1223 1224/1224 1160/1160
f 1160/1160 1224/1224 1225/1225 1161/1161
f 1161/1161 1225/1225 1226/1226 1162/1162
f 1162/1162 1226/1226 1227/1227 1163/1163
f 1163/1163 1227/1227 1228/1228 1164/1164
f 1164/1164 1228/1228 1229/1229 1165/1165
f 1165/1165 1229/1229 1230/1230 1166/1166
f 1166/1166 1230/1230 1231/1231 1167/1167
f 1167/1167 1231/1231 1232/1232 1168/1168
f 1168/1168 1232/1232 1233/1233 1169/1169
f 1169/1169 1233/1233 1234/1234 1170/1170
f 1170/1170 1234/1234 1235/1235 1171/1171
f 1171/1171 1235/1235 1236/1236 1172/1172
f 1172/1172 1236/1236 1237/1237 1173/1173
f 1173/1173 1237/1237 1238/1238 1174/1174
f 1174/1174 1238/1238 1239/1239 1175/1175
f 1175/1175 1239/1239 1240/1240 1176/1176
f 1176/1176 1240/1240 1241/1241 1177/1177
f 1177/1177 1241/1241 1242/1242 1178/1178
f 1178/1178 1242/1242 1243/1243 1179/1179
f 1179/1179 1243/1243 1244/1244 1180/1180
f 1180/1180 1244/1244 1245/1245 1181/1181
f 1181/1181 1245/1245 1246/1246 1182/1182
f 1182/1182 1246/1246 1247/1247 1183/1183
f 1183/1183 1247/1247 1248/1248 1184/1184
f 1184/1184 1248/1248 1249/1249 1185/1185
f 1185/1185 1249/1249 1250/1250 1186/1186
f 1186/1186 1250/1250 1251/1251 1187/1187
f 1187/1187 1251/1251 1252/1252 1188/1188
f 1188/1188 1252/1252 1253/1253 1189/1189
f 1189/1189 1253/1253 1254/1254 1190/1190
f 1190/1190 1254/1254 1255/1255 1191/1191
f 1191/1191 1255/1255 1256/1256 1192/1192
f 1192/1192 1256/1256 1257/1257 1193/1193
f 1193/1193 1257/1257 1258/1258 1194/1194
f 1194/1194 1258/1258 1259/1259 1195/1195
f 1195/1195 1259/1259 1260/1260 1196/1196
f 1196/1196 1260/1260 1261/1261 1197/1197
f 1197/1197 1261/1261 1262/1262 1198/1198
f 1198/1198 1262/1262 1263/1263 1199/1199
f 1199/1199 1263/1263 1264/1264 1200/1200
f 1200/1200 1264/1264 1265/1265 1201/1201
f 1201/1201 1265/1265 1266/1266 1202/1202
f 1202/1202 1266/1266 1267/1267 1203/1203
f 1203/1203 1267/1267 1268/1268 1204/1204
f 1204/1204 1268/1268 1269/1269 1205/1205
f 1205/1205 1269/1269 1270/1270 1206/1206
f 1206/1206 1270/1270 1271/1271 1207/1207
f 1207/1207 1271/1271 1272/1272 1208/1208
f 1208/1208 1272/1272 1273/1273 1209/1209
f 1209/1209 1273/1273 1274/1274 1210/1210
f 1210/1210 1274/1274 1275/1275 1211/1211
f 1211/1211 1275/1275 1276/1276 1212/1212
f 1212/1212 1276/1276 1277/1277 1213/1213
f 1213/1213 1277/1277 1278/1278 1214/1214
f 1214/1214 1278/1278 1279/1279 1215/1215
f 1215/1215 1279/1279 1280/1280 1216/1216
f 1217/1217 1281/1281 1282/1282 1218/1218
f 1218/1218 1282/1282 1283/1283 1219/1219
f 1219/1219 1283/1283 1284/1284 1220/1220
f 1220/1220 1284/1284 1285/1285 1221/1221
f 1221/1221 1285/1285 1286/1286 1222/1222
f 1222/1222 1286/1286 1287/1287 1223/1223
f 1223/1223 1287/1287 1288/1288 1224/1224
f 1224/1224 1288/1288 1289/1289 1225/1225
f 1225/1225 1289/1289 1290/1290 1226/1226
f 1226/1226 1290/1290 1291/1291 1227/1227
f 1227/1227 1291/1291 1292/1292 1228/1228
f 1228/1228 1292/1292 1293/1293 1229/1229
f 1229/1229 1293/1293 1294/1294 1230/1230
f 1230/1230 1294/1294 1295/1295 1231/1231
f 1231/1231 1295/1295 1296/1296 1232/1232
f 1232/1232 1296/1296 1297/1297 1233/1233
f 1233/1233 1297/1297 1298/1298 1234/1234
f 1234/1234 1298/1298 1299/1299 1235/1235
f 1235/1235 1299/1299 1300/1300 1236/1236
f 1236/1236 1300/1300 1301/1301 1237/1237
f 1237/1237 1301/1301 1302/1302 1238/1238
f 1238/1238 1302/1302 1303/1303 1239/1239
f 1239/1239 1303/1303 1304/1304 1240/1240
f 1240/1240 1304/1304 1305/1305 1241/1241
f 1241/1241 1305/1305 1306/1306 1242/1242
f 1242/1242 1306/1306 1307/1307 1243/1243
f 1243/1243 1307/1307 1308/1308 1244/1244
f 1244/1244 1308/1308 1309/1309 1245/1245
f 1245/1245 1309/1309 1310/1310 1246/1246
f 1246/1246 1310/1310 1311/1311 1247/1247
f 1247/1247 1311/1311 1312/1312 1248/1248
f 1248/1248 1312/1312 1313/1313 1249/1249
f 1249/1249 1313/1313 1314/1314 1250/1250
f 1250/1250 1314/1314 1315/1315 1251/1251
f 1251/1251 1315/1315 1316/1316 1252/1252
f 1252/1252 1316/1316 1317/1317 1253/1253
f 1253/1253 1317/1317 1318/1318 1254/1254
f 1254/1254 1318/1318 1319/1319 1255/1255
f 1255/1255 1319/1319 1320/1320 1256/1256
f 1256/1256 1320/1320 1321/1321 1257/1257
f 1257/1257 1321/1321 1322/1322 1258/1258
f 1258/1258 1322/1322 1323/1323 1259/1259
f 1259/1259 1323/1323 1324/1324 1260/1260
f 1260/1260 1324/1324 1325/1325 1261/1261
f 1261/1261 1325/1325 1326/1326 1262/1262
f 1262/1262 1326/1326 1327/1327 1263/1263
f 1263/1263 1327/1327 1328/1328 1264/1264
f 1264/1264 1328/1328 1329/1329 1265/1265
f 1265/1265 1329/1329 1330/1330 1266/1266
f 1266/1266 1330/1330 1331/1331 1267/1267
f 1267/1267 1331/1331 1332/1332 1268/1268
f 1268/1268 1332/1332 1333/1333 1269/1269
f 1269/1269 1333/1333 1334/1334 1270/1270
f 1270/1270 1334/1334 1335/1335 1271/1271
f 1271/1271 1335/1335 1336/1336 1272/1272
f 1272/1272 1336/1336 1337/1337 1273/1273
f 1273/1273 1337/1337 1338/1338 1274/1274
f 1274/1274 1338/1338 1339/1339 1275/1275
f 1275/1275 1339/1339 1340/1340 1276/1276
f 1276/1276 1340/1340 1341/1341 1277/1277
f 1277/1277 1341/1341 1342/1342 1278/1278
f 1278/1278 1342/1342 1343/1343 1279/1279
f 1279/1279 1343/1343 1344/1344 1280/1280
f 1281/1281 1345/1345 1346/1346 1282/1282
f 1282/1282 1346/1346 1347/1347 1283/1283
f 1283/1283 1347/1347 1348/1348 1284/1284
f 1284/1284 1348/1348 1349/1349 1285/1285
f 1285/1285 1349/1349 1350/1350 1286/1286
f 1286/1286 1350/1350 1351/1351 1287/1287
f 1287/1287 1351/1351 1352/1352 1288/1288
f 1288/1288 1352/1352 1353/1353 1289/1289
f 1289/1289 1353/1353 1354/1354 1290/1290
f 1290/1290 1354/1354 1355/1355 1291/1291
f 1291/1291 1355/1355 1356/1356 1292/1292
f 1292/1292 1356/1356 1357/1357 1293/1293
f 1293/1293 1357/1357 1358/1358 1294/1294
f 1294/1294 1358/1358 1359/1359 1295/1295
f 1295/1295 1359/1359 1360/1360 1296/1296
f 1296/1296 1360/1360 1361/1361 1297/1297
f 1297/1297 1361/1361 1362/1362 1298/1298
f 1298/1298 1362/1362 1363/1363 1299/1299
f 1299/1299 1363/1363 1364/1364 1300/1300
f 1300/1300 1364/1364 1365/1365 1301/1301
f 1301/1301 1365/1365 1366/1366 1302/1302
f 1302/1302 1366/1366 1367/1367 1303/1303
f 1303/1303 1367/1367 1368/1368 1304/1304
f 1304/1304 1368/1368 1369/1369 1305/1305
f 1305/1305 1369/1369 1370/1370 1306/1306
f 1306/1306 1370/1370 1371/1371 1307/1307
f 1307/1307 1371/1371 1372/1372 1308/1308
f 1308/1308 1372/1372 1373/1373 1309/1309
f 1309/1309 1373/1373 1374/1374 1310/1310
f 1310/1310 1374/1374 1375/1375 1311/1311
f 1311/1311 1375/1375 1376/1376 1312/1312
f 1312/1312 1376/1376 1377/1377 1313/1313
f 1313/1313 1377/1377 1378/1378 1314/1314
f 1314/1314 1378/1378 1379/1379 1315/1315
f 1315/1315 1379/1379 1380/1380 1316/1316
f 1316/1316 1380/1380 1381/1381 1317/1317
f 1317/1317 1381/1381 1382/1382 1318/1318
f 1318/1318 1382/1382 1383/1383 1319/1319
f 1319/1319 1383/1383 1384/1384 1320/1320
f 1320/1320 1384/1384 1385/1385 1321/1321
f 1321/1321 1385/1385 1386/1386 1322/1322
f 1322/1322 1386/1386 1387/1387 1323/1323
f 1323/1323 1387/1387 1388/1388 1324/1324
f 1324/1324 1388/1388 1389/1389 1325/1325
f 1325/1325 1389/1389 1390/1390 1326/1326
f 1326/1326 1390/1390 1391/1391 1327/1327
f 1327/1327 1391/1391 1392/1392 1328/1328
f 1328/1328 1392/1392 1393/1393 1329/1329
f 1329/1329 1393/1393 1394/1394 1330/1330
f 1330/1330 1394/1394 1395/1395 1331/1331
f 1331/1331 1395/1395 1396/1396 1332/1332
f 1332/1332 1396/1396 1397/1397 1333/1333
f 1333/1333 1397/1397 1398/1398 1334/1334
f 1334/1334 1398/1398 1399/1399 1335/1335
f 1335/1335 1399/1399 1400/1400 1336/1336
f 1336/1336 1400/1400 1401/1401 1337/1337
f 1337/1337 1401/1401 1402/1402 1338/1338
f 1338/1338 1402/1402 1403/1403 1339/1339
f 1339/1339 1403/1403 1404/1404 1340/1340
f 1340/1340 1404/1404 1405/1405 1341/1341
f 1341/1341 1405/1405 1406/1406 1342/1342
f 1342/1342 1406/1406 1407/1407 1343/1343
f 1343/1343 1407/1407 1408/1408 1344/1344
f 1345/1345 1409/1409 1410/1410 1346/1346
f 1346/1346 1410/1410 1411/1411 1347/1347
f 1347/1347 1411/1411 1412/1412 1348/1348
f 1348/1348 1412/1412 1413/1413 1349/1349
f 1349/1349 1413/1413 1414/1414 1350/1350
f 1350/1350 1414/1414 1415/1415 1351/1351
f 1351/1351 1415/1415 1416/1416 1352/1352
f 1352/1352 1416/1416 1417/1417 1353/1353
f 1353/1353 1417/1417 1418/1418 1354/1354
f 1354/1354 1418/1418 1419/1419 1355/1355
f 1355/1355 1419/1419 1420/1420 1356/1356
f 1356/1356 1420/1420 1421/1421 1357/1357
f 1357/1357 1421/1421 1422/1422 1358/1358
f 1358/1358 1422/1422 1423/1423 1359/1359
f 1359/1359 1423/1423 1424/1424 1360/1360
f 1360/1360 1424/1424 1425/1425 1361/1361
f 1361/1361 1425/1425 1426/1426 1362/1362
f 1362/1362 1426/1426 1427/1427 1363/1363
f 1363/1363 1427/1427 1428/1428 1364/1364
f 1364/1364 1428/1428 1429/1429 1365/1365
f 1365/1365 1429/1429 1430/1430 1366/1366
f 1366/1366 1430/1430 1431/1431 1367/1367
f 1367/1367 1431/1431 1432/1432 1368/1368
f 1368/1368 1432/1432 1433/1433 1369/1369
f 1369/1369 1433/1433 1434/1434 1370/1370
f 1370/1370 1434/1434 1435/1435 1371/1371
f 1371/1371 1435/1435 1436/1436 1372/1372
f 1372/1372 1436/1436 1437/1437 1373/1373
f 1373/1373 1437/1437 1438/1438 1374/1374
f 1374/1374 1438/1438 1439/1439 1375/1375
f 1375/1375 1439/1439 1440/1440 1376/1376
f 1376/1376 1440/1440 1441/1441 1377/1377
f 1377/1377 1441/1441 1442/1442 1378/1378
f 1378/1378 1442/1442 1443/1443 1379/1379
f 1379/1379 1443/1443 1444/1444 1380/1380
f 1380/1380 1444/1444 1445/1445 1381/1381
f 1381/1381 1445/1445 1446/1446 1382/1382
f 1382/1382 1446/1446 1447/1447 1383/1383
f 1383/1383 1447/1447 1448/1448 1384/1384
f 1384/1384 1448/1448 1449/1449 1385/1385
f 1385/1385 1449/1449 1450/1450 1386/1386
f 1386/1386 1450/1450 1451/1451 1387/1387
f 1387/1387 1451/1451 1452/1452 1388/1388
f 1388/1388 1452/1452 1453/1453 1389/1389
f 1389/1389 1453/1453 1454/1454 1390/1390
f 1390/1390 1454/1454 1455/1455 1391/1391
f 1391/1391 1455/1455 1456/1456 1392/1392
f 1392/1392 1456/1456 1457/1457 1393/1393
f 1393/1393 1457/1457 1458/1458 1394/1394
f 1394/1394 1458/1458 1459/1459 1395/1395
f 1395/1395 1459/1459 1460/1460 1396/1396
f 1396/1396 1460/1460 1461/1461 1397/1397
f 1397/1397 1461/1461 1462/1462 1398/1398
f 1398/1398 1462/1462 1463/1463 1399/1399
f 1399/1399 1463/1463 1464/1464 1400/1400
f 1400/1400 1464/1464 1465/1465 1401/1401
f 1401/1401 1465/1465 1466/1466 1402/1402
f 1402/1402 1466/1466 1467/1467 1403/1403
f 1403/1403 1467/1467 1468/1468 1404/1404
f 1404/1404 1468/1468 1469/1469 1405/1405
f 1405/1405 1469/1469 1470/1470 1406/1406
f 1406/1406 1470/1470 1471/1471 1407/1407
f 1407/1407 1471/1471 1472/1472 1408/1408
f 1409/1409 1473/1473 1474/1474 1410/1410
f 1410/1410 1474/1474 1475/1475 1411/1411
f 1411/1411 1475/1475 1476/1476 1412/1412
f 1412/1412 1476/1476 1477/1477 1413/1413
f 1413/1413 1477/1477 1478/1478 1414/1414
f 1414/1414 1478/1478 1479/1479 1415/1415
f 1415/1415 1479/1479 1480/1480 1416/1416
f 1416/1416 1480/1480 1481/1481 1417/1417
f 1417/1417 1481/1481 1482/1482 1418/1418
f 1418/1418 1482/1482 1483/1483 1419/1419
f 1419/1419 1483/1483 1484/1484 1420/1420
f 1420/1420 1484/1484 1485/1485 1421/1421
f 1421/1421 1485/1485 1486/1486 1422/1422
f 1422/1422 1486/1486 1487/1487 1423/1423
f 1423/1423 1487/1487 1488/1488 1424/1424
f 1424/1424 1488/1488 1489/1489 1425/1425
f 1425/1425 1489/1489 1490/1490 1426/1426
f 1426/1426 1490/1490 1491/1491 1427/1427
f 1427/1427 1491/1491 1492/1492 1428/1428
f 1428/1428 1492/1492 1493/1493 1429/1429
f 1429/1429 1493/1493 1494/1494 1430/1430
f 1430/1430 1494/1494 1495/1495 1431/1431
f 1431/1431 1495/1495 1496/1496 1432/1432
f 1432/1432 1496/1496 1497/1497 1433/1433
f 1433/1433 1497/1497 1498/1498 1434/1434
f 1434/1434 1498/1498 1499/1499 1435/1435
f 1435/1435 1499/1499 1500/1500 1436/1436
f 1436/1436 1500/1500 1501/1501 1437/1437
f 1437/1437 1501/1501 1502/1502 1438/1438
f 1438/1438 1502/1502 1503/1503 1439/1439
f 1439/1439 1503/1503 1504/1504 1440/1440
f 1440/1440 1504/1504 1505/1505 1441/1441
f 1441/1441 1505/1505 1506/1506 1442/1442
f 1442/1442 1506/1506 1507/1507 1443/1443
f 1443/1443 1507/1507 1508/1508 1444/1444
f 1444/1444 1508/1508 1509/1509 1445/1445
f 1445/1445 1509/1509 1510/1510 1446/1446
f 1446/1446 1510/1510 1511/1511 1447/1447
f 1447/1447 1511/1511 1512/1512 1448/1448
f 1448/1448 1512/1512 1513/1513 1449/1449
f 1449/1449 1513/1513 1514/1514 1450/1450
f 1450/1450 1514/1514 1515/1515 1451/1451
f 1451/1451 1515/1515 1516/1516 1452/1452
f 1452/1452 1516/1516 1517/1517 1453/1453
f 1453/1453 1517/1517 1518/1518 1454/1454
f 1454/1454 1518/1518 1519/1519 1455/1455
f 1455/1455 1519/1519 1520/1520 1456/1456
f 1456/1456 1520/1520 1521/1521 1457/1457
f 1457/1457 1521/1521 1522/1522 1458/1458
f 1458/1458 1522/1522 1523/1523 1459/1459
f 1459/1459 1523/1523 1524/1524 1460/1460
f 1460/1460 1524/1524 1525/1525 1461/1461
f 1461/1461 1525/1525 1526/1526 1462/1462
f 1462/1462 1526/1526 1527/1527 1463/1463
f 1463/1463 1527/1527 1528/1528 1464/1464
f 1464/1464 1528/1528 1529/1529 1465/1465
f 1465/1465 1529/1529 1530/1530 1466/1466
f 1466/1466 1530/1530 1531/1531 1467/1467
f 1467/1467 1531/1531 1532/1532 1468/1468
f 1468/1468 1532/1532 1533/1533 1469/1469
f 1469/1469 1533/1533 1534/1534 1470/1470
f 1470/1470 1534/1534 1535/1535 1471/1471
f 1471/1471 1535/1535 1536/1536 1472/1472
f 1473/1473 1537/1537 1538/1538 1474/1474
f 1474/1474 1538/1538 1539/1539 1475/1475
f 1475/1475 1539/1539 1540/1540 1476/1476
f 1476/1476 1540/1540 1541/1541 1477/1477
f 1477/1477 1541/1541 1542/1542 1478/1478
f 1478/1478 1542/1542 1543/1543 1479/1479
f 1479/1479 1543/1543 1544/1544 1480/1480
f 1480/1480 1544/1544 1545/1545 1481/1481
f 1481/1481 1545/1545 1546/1546 1482/1482
f 1482/1482 1546/1546 1547/1547 1483/1483
f 1483/1483 1547/1547 1548/1548 1484/1484
f 1484/1484 1548/1548 1549/1549 1485/1485
f 1485/1485 1549/1549 1550/1550 1486/1486
f 1486/1486 1550/1550 1551/1551 1487/1487
f 1487/1487 1551/1551 1552/1552 1488/1488
f 1488/1488 1552/1552 1553/1553 1489/1489
f 1489/1489 1553/1553 1554/1554 1490/1490
f 1490/1490 1554/1554 1555/1555 1491/1491
f 1491/1491 1555/1555 1556/1556 1492/1492
f 1492/1492 1556/1556 1557/1557 1493/1493
f 1493/1493 1557/1557 1558/1558 1494/1494
f 1494/1494 1558/1558 1559/1559 1495/1495
f 1495/1495 1559/1559 1560/1560 1496/1496
f 1496/1496 1560/1560 1561/1561 1497/1497
f 1497/1497 1561/1561 1562/1562 1498/1498
f 1498/1498 1562/1562 1563/1563 1499/1499
f 1499/1499 1563/1563 1564/1564 1500/1500
f 1500/1500 1564/1564 1565/1565 1501/1501
f 1501/1501 1565/1565 1566/1566 1502/1502
f 1502/1502 1566/1566 1567/1567 1503/1503
f 1503/1503 1567/1567 1568/1568 1504/1504
f 1504/1504 1568/1568 1569/1569 1505/1505
f 1505/1505 1569/1569 1570/1570 1506/1506
f 1506/1506 1570/1570 1571/1571 1507/1507
f 1507/1507 1571/1571 1572/1572 1508/1508
f 1508/1508 1572/1572 1573/1573 1509/1509
f 1509/1509 1573/1573 1574/1574 1510/1510
f 1510/1510 1574/1574 1575/1575 1511/1511
f 1511/1511 1575/1575 1576/1576 1512/1512
f 1512/1512 1576/1576 1577/1577 1513/1513
f 1513/1513 1577/1577 1578/1578 1514/1514
f 1514/1514 1578/1578 1579/1579 1515/1515
f 1515/1515 1579/1579 1580/1580 1516/1516
f 1516/1516 1580/1580 1581/1581 1517/1517
f 1517/1517 1581/1581 1582/1582 1518/1518
f 1518/1518 1582/1582 1583/1583 1519/1519
f 1519/1519 1583/1583 1584/1584 1520/1520
f 1520/1520 1584/1584 1585/1585 1521/1521
f 1521/1521 1585/1585 1586/1586 1522/1522
f 1522/1522 1586/1586 1587/1587 1523/1523
f 1523/1523 1587/1587 1588/1588 1524/1524
f 1524/1524 1588/1588 1589/1589 1525/1525
f 1525/1525 1589/1589 1590/1590 1526/1526
f 1526/1526 1590/1590 1591/1591 1527/1527
f 1527/1527 1591/1591 1592/1592 1528/1528
f 1528/1528 1592/1592 1593/1593 1529/1529
f 1529/1529 1593/1593 1594/1594 1530/1530
f 1530/1530 1594/1594 1595/1595 1531/1531
f 1531/1531 1595/1595 1596/1596 1532/1532
f 1532/1532 1596/1596 1597/1597 1533/1533
f 1533/1533 1597/1597 1598/1598 1534/1534
f 1534/1534 1598/1598 1599/1599 1535/1535
f 1535/1535 1599/1599 1600/1600 1536/1536
f 1537/1537 1601/1601 1602/1602 1538/1538
f 1538/1538 1602/1602 1603/1603 1539/1539
f 1539/1539 1603/1603 1604/1604 1540/1540
f 1540/1540 1604/1604 1605/1605 1541/1541
f 1541/1541 1605/1605 1606/1606 1542/1542
f 1542/1542 1606/1606 1607/1607 1543/1543
f 1543/1543 1607/1607 1608/1608 1544/1544
f 1544/1544 1608/1608 1609/1609 1545/1545
f 1545/1545 1609/1609 1610/1610 1546/1546
f 1546/1546 1610/1610 1611/1611 1547/1547
f 1547/1547 1611/1611 1612/1612 1548/1548
f 1548/1548 1612/1612 1613/1613 1549/1549
f 1549/1549 1613/1613 1614/1614 1550/1550
f 1550/1550 1614/1614 1615/1615 1551/1551
f 1551/1551 1615/1615 1616/1616 1552/1552
f 1552/1552 1616/1616 1617/1617 1553/1553
f 1553/1553 1617/1617 1618/1618 1554/1554
f 1554/1554 1618/1618 1619/1619 1555/1555
f 1555/1555 1619/1619 1620/1620 1556/1556
f 1556/1556 1620/1620 1621/1621 1557/1557
f 1557/1557 1621/1621 1622/1622 1558/1558
f 1558/1558 1622/1622 1623/1623 1559/1559
f 1559/1559 1623/1623 1624/1624 1560/1560
f 1560/1560 1624/1624 1625/1625 1561/1561
f 1561/1561 1625/1625 1626/1626 1562/1562
f 1562/1562 1626/1626 1627/1627 1563/1563
f 1563/1563 1627/1627 1628/1628 1564/1564
f 1564/1564 1628/1628 1629/1629 1565/1565
f 1565/1565 1629/1629 1630/1630 1566/1566
f 1566/1566 1630/1630 1631/1631 1567/1567
f 1567/1567 1631/1631 1632/1632 1568/1568
f 1568/1568 1632/1632 1633/1633 1569/1569
f 1569/1569 1633/1633 1634/1634 1570/1570
f 1570/1570 1634/1634 1635/1635 1571/1571
f 1571/1571 1635/1635 1636/1636 1572/1572
f 1572/1572 1636/1636 1637/1637 1573/1573
f 1573/1573 1637/1637 1638/1638 1574/1574
f 1574/1574 1638/1638 1639/1639 1575/1575
f 1575/1575 1639/1639 1640/1640 1576/1576
f 1576/1576 1640/1640 1641/1641 1577/1577
f 1577/1577 1641/1641 1642/1642 1578/1578
f 1578/1578 1642/1642 1643/1643 1579/1579
f 1579/1579 1643/1643 1644/1644 1580/1580
f 1580/1580 1644/1644 1645/1645 1581/1581
f 1581/1581 1645/1645 1646/1646 1582/1582
f 1582/1582 1646/1646 1647/1647 1583/1583
f 1583/1583 1647/1647 1648/1648 1584/1584
f 1584/1584 1648/1648 1649/1649 1585/1585
f 1585/1585 1649/1649 1650/1650 1586/1586
f 1586/1586 1650/1650 1651/1651 1587/1587
f 1587/1587 1651/1651 1652/1652 1588/1588
f 1588/1588 1652/1652 1653/1653 1589/1589
f 1589/1589 1653/1653 1654/1654 1590/1590
f 1590/1590 1654/1654 1655/1655 1591/1591
f 1591/1591 1655/1655 1656/1656 1592/1592
f 1592/1592 1656/1656 1657/1657 1593/1593
f 1593/1593 1657/1657 1658/1658 1594/1594
f 1594/1594 1658/1658 1659/1659 1595/1595
f 1595/1595 1659/1659 1660/1660 1596/1596
f 1596/1596 1660/1660 1661/1661 1597/1597
f 1597/1597 1661/1661 1662/1662 1598/1598
f 1598/1598 1662/1662 1663/1663 1599/1599
f 1599/1599 1663/1663 1664/1664 1600/1600
f 1601/1601 1665/1665 1666/1666 1602/1602
f 1602/1602 1666/1666 1667/1667 1603/1603
f 1603/1603 1667/1667 1668/1668 1604/1604
f 1604/1604 1668/1668 1669/1669 1605/1605
f 1605/1605 1669/1669 1670/1670 1606/1606
f 1606/1606 1670/1670 1671/1671 1607/1607
f 1607/1607 1671/1671 1672/1672 1608/1608
f 1608/1608 1672/1672 1673/1673 1609/1609
f 1609/1609 1673/1673 1674/1674 1610/1610
f 1610/1610 1674/1674 1675/1675 1611/1611
f 1611/1611 1675/1675 1676/1676 1612/1612
f 1612/1612 1676/1676 1677/1677 1613/1613
f 1613/1613 1677/1677 1678/1678 1614/1614
f 1614/1614 1678/1678 1679/1679 1615/1615
f 1615/1615 1679/1679 1680/1680 1616/1616
f 1616/1616 1680/1680 1681/1681 1617/1617
f 1617/1617 1681/1681 1682/1682 1618/1618
f 1618/1618 1682/1682 1683/1683 1619/1619
f 1619/1619 1683/1683 1684/1684 1620/1620
f 1620/1620 1684/1684 1685/1685 1621/1621
f 1621/1621 1685/1685 1686/1686 1622/1622
f 1622/1622 1686/1686 1687/1687 1623/1623
f 1623/1623 1687/1687 1688/1688 1624/1624
f 1624/1624 1688/1688 1689/1689 1625/1625
f 1625/1625 1689/1689 1690/1690 1626/1626
f 1626/1626 1690/1690 1691/1691 1627/1627
f 1627/1627 1691/1691 1692/1692 1628/1628
f 1628/1628 1692/1692 1693/1693 1629/1629
f 1629/1629 1693/1693 1694/1694 1630/1630
f 1630/1630 1694/1694 1695/1695 1631/1631
f 1631/1631 1695/1695 1696/1696 1632/1632
f 1632/1632 1696/1696 1697/1697 1633/1633
f 1633/1633 1697/1697 1698/1698 1634/1634
f 1634/1634 1698/1698 1699/1699 1635/1635
f 1635/1635 1699/1699 1700/1700 1636/1636
f 1636/1636 1700/1700 1701/1701 1637/1637
f 1637/1637 1701/1701 1702/1702 1638/1638
f 1638/1638 1702/1702 1703/1703 1639/1639
f 1639/1639 1703/1703 1704/1704 1640/1640
f 1640/1640 1704/1704 1705/1705 1641/1641
f 1641/1641 1705/1705 1706/1706 1642/1642
f 1642/1642 1706/1706 1707/1707 1643/1643
f 1643/1643 1707/1707 1708/1708 1644/1644
f 1644/1644 1708/1708 1709/1709 1645/1645
f 1645/1645 1709/1709 1710/1710 1646/1646
f 1646/1646 1710/1710 1711/1711 1647/1647
f 1647/1647 1711/1711 1712/1712 1648/1648
f 1648/1648 1712/1712 1713/1713 1649/1649
f 1649/1649 1713/1713 1714/1714 1650/1650
f 1650/1650 1714/1714 1715/1715 1651/1651
f 1651/1651 1715/1715 1716/1716 1652/1652
f 1652/1652 1716/1716 1717/1717 1653/1653
f 1653/1653 1717/1717 1718/1718 1654/1654
f 1654/1654 1718/1718 1719/1719 1655/1655
f 1655/1655 1719/1719 1720/1720 1656/1656
f 1656/1656 1720/1720 1721/1721 1657/1657
f 1657/1657 1721/1721 1722/1722 1658/1658
f 1658/1658 1722/1722 1723/1723 1659/1659
f 1659/1659 1723/1723 1724/1724 1660/1660
f 1660/1660 1724/1724 1725/1725 1661/1661
f 1661/1661 1725/1725 1726/1726 1662/1662
f 1662/1662 1726/1726 1727/1727 1663/1663
f 1663/1663 1727/1727 1728/1728 1664/1664
f 1665/1665 1729/1729 1730/1730 1666/1666
f 1666/1666 1730/1730 1731/1731 1667/1667
f 1667/1667 1731/1731 1732/1732 1668/1668
f 1668/1668 1732/1732 1733/1733 1669/1669
f 1669/1669 1733/1733 1734/1734 1670/1670
f 1670/1670 1734/1734 1735/1735 1671/1671
f 1671/1671 1735/1735 1736/1736 1672/1672
f 1672/1672 1736/1736 1737/1737 1673/1673
f 1673/1673 1737/1737 1738/1738 1674/1674
f 1674/1674 1738/1738 1739/1739 1675/1675
f 1675/1675 1739/1739 1740/1740 1676/1676
f 1676/1676 1740/1740 1741/1741 1677/1677
f 1677/1677 1741/1741 1742/1742 1678/1678
f 1678/1678 1742/1742 1743/1743 1679/1679
f 1679/1679 1743/1743 1744/1744 1680/1680
f 1680/1680 1744/1744 1745/1745 1681/1681
f 1681/1681 1745/1745 1746/1746 1682/1682
f 1682/1682 1746/1746 1747/1747 1683/1683
f 1683/1683 1747/1747 1748/1748 1684/1684
f 1684/1684 1748/1748 1749/1749 1685/1685
f 1685/1685 1749/1749 1750/1750 1686/1686
f 1686/1686 1750/1750 1751/1751 1687/1687
f 1687/1687 1751/1751 1752/1752 1688/1688
f 1688/1688 1752/1752 1753/1753 1689/1689
f 1689/1689 1753/1753 1754/1754 1690/1690
f 1690/1690 1754/1754 1755/1755 1691/1691
f 1691/1691 1755/1755 1756/1756 1692/1692
f 1692/1692 1756/1756 1757/1757 1693/1693
f 1693/1693 1757/1757 1758/1758 1694/1694
f 1694/1694 1758/1758 1759/1759 1695/1695
f 1695/1695 1759/1759 1760/1760 1696/1696
f 1696/1696 1760/1760 1761/1761 1697/1697
f 1697/1697 1761/1761 1762/1762 1698/1698
f 1698/1698 1762/1762 1763/1763 1699/1699
f 1699/1699 1763/1763 1764/1764 1700/1700
f 1700/1700 1764/1764 1765/1765 1701/1701
f 1701/1701 1765/1765 1766/1766 1702/1702
f 1702/1702 1766/1766 1767/1767 1703/1703
f 1703/1703 1767/1767 1768/1768 1704/1704
f 1704/1704 1768/1768 1769/1769 1705/1705
f 1705/1705 1769/1769 1770/1770 1706/1706
f 1706/1706 1770/1770 1771/1771 1707/1707
f 1707/1707 1771/1771 1772/1772 1708/1708
f 1708/1708 1772/1772 1773/1773 1709/1709
f 1709/1709 1773/1773 1774/1774 1710/1710
f 1710/1710 1774/1774 1775/1775 1711/1711
f 1711/1711 1775/1775 1776/1776 1712/1712
f 1712/1712 1776/1776 1777/1777 1713/1713
f 1713/1713 1777/1777 1778/1778 1714/1714
f 1714/1714 1778/1778 1779/1779 1715/1715
f 1715/1715 1779/1779 1780/1780 1716/1716
f 1716/1716 1780/1780 1781/1781 1717/1717
f 1717/1717 1781/1781 1782/1782 1718/1718
f 1718/1718 1782/1782 1783/1783 1719/1719
f 1719/1719 1783/1783 1784/1784 1720/1720
f 1720/1720 1784/1784 1785/1785 1721/1721
f 1721/1721 1785/1785 1786/1786 1722/1722
f 1722/1722 1786/1786 1787/1787 1723/1723
f 1723/1723 1787/1787 1788/1788 1724/1724
f 1724/1724 1788/1788 1789/1789 1725/1725
f 1725/1725 1789/1789 1790/1790 1726/1726
f 1726/1726 1790/1790 1791/1791 1727/1727
f 1727/1727 1791/1791 1792/1792 1728/1728
f 1729/1729 1793/1793 1794/1794 1730/1730
f 1730/1730 1794/1794 1795/1795 1731/1731
f 1731/1731 1795/1795 1796/1796 1732/1732
f 1732/1732 1796/1796 1797/1797 1733/1733
f 1733/1733 1797/1797 1798/1798 1734/1734
f 1734/1734 1798/1798 1799/1799 1735/1735
f 1735/1735 1799/1799 1800/1800 1736/1736
f 1736/1736 1800/1800 1801/1801 1737/1737
f 1737/1737 1801/1801 1802/1802 1738/1738
f 1738/1738 1802/1802 1803/1803 1739/1739
f 1739/1739 1803/1803 1804/1804 1740/1740
f 1740/1740 1804/1804 1805/1805 1741/1741
f 1741/1741 1805/1805 1806/1806 1742/1742
f 1742/1742 1806/1806 1807/1807 1743/1743
f 1743/1743 1807/1807 1808/1808 1744/1744
f 1744/1744 1808/1808 1809/1809 1745/1745
f 1745/1745 1809/1809 1810/1810 1746/1746
f 1746/1746 1810/1810 1811/1811 1747/1747
f 1747/1747 1811/1811 1812/1812 1748/1748
f 1748/1748 1812/1812 1813/1813 1749/1749
f 1749/1749 1813/1813 1814/1814 1750/1750
f 1750/1750 1814/1814 1815/1815 1751/1751
f 1751/1751 1815/1815 1816/1816 1752/1752
f 1752/1752 1816/1816 1817/1817 1753/1753
f 1753/1753 1817/1817 1818/1818 1754/1754
f 1754/1754 1818/1818 1819/1819 1755/1755
f 1755/1755 1819/1819 1820/1820 1756/1756
f 1756/1756 1820/1820 1821/1821 1757/1757
f 1757/1757 1821/1821 1822/1822 1758/1758
f 1758/1758 1822/1822 1823/1823 1759/1759
f 1759/1759 1823/1823 1824/1824 1760/1760
f 1760/1760 1824/1824 1825/1825 1761/1761
f 1761/1761 1825/1825 1826/1826 1762/1762
f 1762/1762 1826/1826 1827/1827 1763/1763
f 1763/1763 1827/1827 1828/1828 1764/1764
f 1764/1764 1828/1828 1829/1829 1765/1765
f 1765/1765 1829/1829 1830/1830 1766/1766
f 1766/1766 1830/1830 1831/1831 1767/1767
f 1767/1767 1831/1831 1832/1832 1768/1768
f 1768/1768 1832/1832 1833/1833 1769/1769
f 1769/1769 1833/1833 1834/1834 1770/1770
f 1770/1770 1834/1834 1835/1835 1771/1771
f 1771/1771 1835/1835 1836/1836 1772/1772
f 1772/1772 1836/1836 1837/1837 1773/1773
f 1773/1773 1837/1837 1838/1838 1774/1774
f 1774/1774 1838/1838 1839/1839 1775/1775
f 1775/1775 1839/1839 1840/1840 1776/1776
f 1776/1776 1840/1840 1841/1841 1777/1777
f 1777/1777 1841/1841 1842/1842 1778/1778
f 1778/1778 1842/1842 1843/1843 1779/1779
f 1779/1779 1843/1843 1844/1844 1780/1780
f 1780/1780 1844/1844 1845/1845 1781/1781
f 1781/1781 1845/1845 1846/1846 1782/1782
f 1782/1782 1846/1846 1847/1847 1783/1783
f 1783/1783 1847/1847 1848/1848 1784/1784
f 1784/1784 1848/1848 1849/1849 1785/1785
f 1785/1785 1849/1849 1850/1850 1786/1786
f 1786/1786 1850/1850 1851/1851 1787/1787
f 1787/1787 1851/1851 1852/1852 1788/1788
f 1788/1788 1852/1852 1853/1853 1789/1789
f 1789/1789 1853/1853 1854/1854 1790/1790
f 1790/1790 1854/1854 1855/1855 1791/1791
f 1791/1791 1855/1855 1856/1856 1792/1792
f 1793/1793 1857/1857 1858/1858 1794/1794
f 1794/1794 1858/1858 1859/1859 1795/1795
f 1795/1795 1859/1859 1860/1860 1796/1796
f 1796/1796 1860/1860 1861/1861 1797/1797
f 1797/1797 1861/1861 1862/1862 1798/1798
f 1798/1798 1862/1862 1863/1863 1799/1799
f 1799/1799 1863/1863 1864/1864 1800/1800
f 1800/1800 1864/1864 1865/1865 1801/1801
f 1801/1801 1865/1865 1866/1866 1802/1802
f 1802/1802 1866/1866 1867/1867 1803/1803
f 1803/1803 1867/1867 1868/1868 1804/1804
f 1804/1804 1868/1868 1869/1869 1805/1805
f 1805/1805 1869/1869 1870/1870 1806/1806
f 1806/1806 1870/1870 1871/1871 1807/1807
f 1807/1807 1871/1871 1872/1872 1808/1808
f 1808/1808 1872/1872 1873/1873 1809/1809
f 1809/1809 1873/1873 1874/1874 1810/1810
f 1810/1810 1874/1874 1875/1875 1811/1811
f 1811/1811 1875/1875 1876/1876 1812/1812
f 1812/1812 1876/1876 1877/1877 1813/1813
f 1813/1813 1877/1877 1878/1878 1814/1814
f 1814/1814 1878/1878 1879/1879 1815/1815
f 1815/1815 1879/1879 1880/1880 1816/1816
f 1816/1816 1880/1880 1881/1881 1817/1817
f 1817/1817 1881/1881 1882/1882 1818/1818
f 1818/1818 1882/1882 1883/1883 1819/1819
f 1819/1819 1883/1883 1884/1884 1820/1820
f 1820/1820 1884/1884 1885/1885 1821/1821
f 1821/1821 1885/1885 1886/1886 1822/1822
f 1822/1822 1886/1886 1887/1887 1823/1823
f 1823/1823 1887/1887 1888/1888 1824/1824
f 1824/1824 1888/1888 1889/1889 1825/1825
f 1825/1825 1889/1889 1890/1890 1826/1826
f 1826/1826 1890/1890 1891/1891 1827/1827
f 1827/1827 1891/1891 1892/1892 1828/1828
f 1828/1828 1892/1892 1893/1893 1829/1829
f 1829/1829 1893/1893 1894/1894 1830/1830
f 1830/1830 1894/1894 1895/1895 1831/1831
f 1831/1831 1895/1895 1896/1896 1832/1832
f 1832/1832 1896/1896 1897/1897 1833/1833
f 1833/1833 1897/1897 1898/1898 1834/1834
f 1834/1834 1898/1898 1899/1899 1835/1835
f 1835/1835 1899/1899 1900/1900 1836/1836
f 1836/1836 1900/1900 1901/1901 1837/1837
f 1837/1837 1901/1901 1902/1902 1838/1838
f 1838/1838 1902/1902 1903/1903 1839/1839
f 1839/1839 1903/1903 1904/1904 1840/1840
f 1840/1840 1904/1904 1905/1905 1841/1841
f 1841/1841 1905/1905 1906/1906 1842/1842
f 1842/1842 1906/1906 1907/1907 1843/1843
f 1843/1843 1907/1907 1908/1908 1844/1844
f 1844/1844 1908/1908 1909/1909 1845/1845
f 1845/1845 1909/1909 1910/1910 1846/1846
f 1846/1846 1910/1910 1911/1911 1847/1847
f 1847/1847 1911/1911 1912/1912 1848/1848
f 1848/1848 1912/1912 1913/1913 1849/1849
f 1849/1849 1913/1913 1914/1914 1850/1850
f 1850/1850 1914/1914 1915/1915 1851/1851
f 1851/1851 1915/1915 1916/1916 1852/1852
f 1852/1852 1916/1916 1917/1917 1853/1853
f 1853/1853 1917/1917 1918/1918 1854/1854
f 1854/1854 1918/1918 1919/1919 1855/1855
f 1855/1855 1919/1919 1920/1920 1856/1856
f 1857/1857 1921/1921 1922/1922 1858/1858
f 1858/1858 1922/1922 1923/1923 1859/1859
f 1859/1859 1923/1923 1924/1924 1860/1860
f 1860/1860 1924/1924 1925/1925 1861/1861
f 1861/1861 1925/1925 1926/1926 1862/1862
f 1862/1862 1926/1926 1927/1927 1863/1863
f 1863/1863 1927/1927 1928/1928 1864/1864
f 1864/1864 1928/1928 1929/1929 1865/1865
f 1865/1865 1929/1929 1930/1930 1866/1866
f 1866/1866 1930/1930 1931/1931 1867/1867
f 1867/1867 1931/1931 1932/1932 1868/1868
f 1868/1868 1932/1932 1933/1933 1869/1869
f 1869/1869 1933/1933 1934/1934 1870/1870
f 1870/1870 1934/1934 1935/1935 1871/1871
f 1871/1871 1935/1935 1936/1936 1872/1872
f 1872/1872 1936/1936 1937/1937 1873/1873
f 1873/1873 1937/1937 1938/1938 1874/1874
f 1874/1874 1938/1938 1939/1939 1875/1875
f 1875/1875 1939/1939 1940/1940 1876/1876
f 1876/1876 1940/1940 1941/1941 1877/1877
f 1877/1877 1941/1941 1942/1942 1878/1878
f 1878/1878 1942/1942 1943/1943 1879/1879
f 1879/1879 1943/1943 1944/1944 1880/1880
f 1880/1880 1944/1944 1945/1945 1881/1881
f 1881/1881 1945/1945 1946/1946 1882/1882
f 1882/1882 1946/1946 1947/1947 1883/1883
f 1883/1883 1947/1947 1948/1948 1884/1884
f 1884/1884 1948/1948 1949/1949 1885/1885
f 1885/1885 1949/1949 1950/1950 1886/1886
f 1886/1886 1950/1950 1951/1951 1887/1887
f 1887/1887 1951/1951 1952/1952 1888/1888
f 1888/1888 1952/1952 1953/1953 1889/1889
f 1889/1889 1953/1953 1954/1954 1890/1890
f 1890/1890 1954/1954 1955/1955 1891/1891
f 1891/1891 1955/1955 1956/1956 1892/1892
f 1892/1892 1956/1956 1957/1957 1893/1893
f 1893/1893 1957/1957 1958/1958 1894/1894
f 1894/1894 1958/1958 1959/1959 1895/1895
f 1895/1895 1959/1959 1960/1960 1896/1896
f 1896/1896 1960/1960 1961/1961 1897/1897
f 1897/1897 1961/1961 1962/1962 1898/1898
f 1898/1898 1962/1962 1963/1963 1899/1899
f 1899/1899 1963/1963 1964/1964 1900/1900
f 1900/1900 1964/1964 1965/1965 1901/1901
f 1901/1901 1965/1965 1966/1966 1902/1902
f 1902/1902 1966/1966 1967/1967 1903/1903
f 1903/1903 1967/1967 1968/1968 1904/1904
f 1904/1904 1968/1968 1969/1969 1905/1905
f 1905/1905 1969/1969 1970/1970 1906/1906
f 1906/1906 1970/1970 1971/1971 1907/1907
f 1907/1907 1971/1971 1972/1972 1908/1908
f 1908/1908 1972/1972 1973/1973 1909/1909
f 1909/1909 1973/1973 1974/1974 1910/1910
f 1910/1910 1974/1974 1975/1975 1911/1911
f 1911/1911 1975/1975 1976/1976 1912/1912
f 1912/1912 1976/1976 1977/1977 1913/1913
f 1913/1913 1977/1977 1978/1978 1914/1914
f 1914/1914 1978/1978 1979/1979 1915/1915
f 1915/1915 1979/1979 1980/1980 1916/1916
f 1916/1916 1980/1980 1981/1981 1917/1917
f 1917/1917 1981/1981 1982/1982 1918/1918
f 1918/1918 1982/1982 1983/1983 1919/1919
f 1919/1919 1983/1983 1984/1984 1920/1920
f 1921/1921 1985/1985 1986/1986 1922/1922
f 1922/1922 1986/1986 1987/1987 1923/1923
f 1923/1923 1987/1987 1988/1988 1924/1924
f 1924/1924 1988/1988 1989/1989 1925/1925
f 1925/1925 1989/1989 1990/1990 1926/1926
f 1926/1926 1990/1990 1991/1991 1927/1927
f 1927/1927 1991/1991 1992/1992 1928/1928
f 1928/1928 1992/1992 1993/1993 1929/1929
f 1929/1929 1993/1993 1994/1994 1930/1930
f 1930/1930 1994/1994 1995/1995 1931/1931
f 1931/1931 1995/1995 1996/1996 1932/1932
f 1932/1932 1996/1996 1997/1997 1933/1933
f 1933/1933 1997/1997 1998/1998 1934/1934
f 1934/1934 1998/1998 1999/1999 1935/1935
f 1935/1935 1999/1999 2000/2000 1936/1936
f 1936/1936 2000/2000 2001/2001 1937/1937
f 1937/1937 2001/2001 2002/2002 1938/1938
f 1938/1938 2002/2002 2003/2003 1939/1939
f 1939/1939 2003/2003 2004/2004 1940/1940
f 1940/1940 2004/2004 2005/2005 1941/1941
f 1941/1941 2005/2005 2006/2006 1942/1942
f 1942/1942 2006/2006 2007/2007 1943/1943
f 1943/1943 2007/2007 2008/2008 1944/1944
f 1944/1944 2008/2008 2009/2009 1945/1945
f 1945/1945 2009/2009 2010/2010 1946/1946
f 1946/1946 2010/2010 2011/2011 1947/1947
f 1947/1947 2011/2011 2012/2012 1948/1948
f 1948/1948 2012/2012 2013/2013 1949/1949
f 1949/1949 2013/2013 2014/2014 1950/1950
f 1950/1950 2014/2014 2015/2015 1951/1951
f 1951/1951 2015/2015 2016/2016 1952/1952
f 1952/1952 2016/2016 2017/2017 1953/1953
f 1953/1953 2017/2017 2018/2018 1954/1954
f 1954/1954 2018/2018 2019/2019 1955/1955
f 1955/1955 2019/2019 2020/2020 1956/1956
f 1956/1956 2020/2020 2021/2021 1957/1957
f 1957/1957 2021/2021 2022/2022 1958/1958
f 1958/1958 2022/2022 2023/2023 1959/1959
f 1959/1959 2023/2023 2024/2024 1960/1960
f 1960/1960 2024/2024 2025/2025 1961/1961
f 1961/1961 2025/2025 2026/2026 1962/1962
f 1962/1962 2026/2026 2027/2027 1963/1963
f 1963/1963 2027/2027 2028/2028 1964/1964
f 1964/1964 2028/2028 2029/2029 1965/1965
f 1965/1965 2029/2029 2030/2030 1966/1966
f 1966/1966 2030/2030 2031/2031 1967/1967
f 1967/1967 2031/2031 2032/2032 1968/1968
f 1968/1968 2032/2032 2033/2033 1969/1969
f 1969/1969 2033/2033 2034/2034 1970/1970
f 1970/1970 2034/2034 2035/2035 1971/1971
f 1971/1971 2035/2035 2036/2036 1972/1972
f 1972/1972 2036/2036 2037/2037 1973/1973
f 1973/1973 2037/2037 2038/2038 1974/1974
f 1974/1974 2038/2038 2039/2039 1975/1975
f 1975/1975 2039/2039 2040/2040 1976/1976
f 1976/1976 2040/2040 2041/2041 1977/1977
f 1977/1977 2041/2041 2042/2042 1978/1978
f 1978/1978 2042/2042 2043/2043 1979/1979
f 1979/1979 2043/2043 2044/2044 1980/1980
f 1980/1980 2044/2044 2045/2045 1981/1981
f 1981/1981 2045/2045 2046/2046 1982/1982
f 1982/1982 2046/2046 2047/2047 1983/1983
f 1983/1983 2047/2047 2048/2048 1984/1984
f 1985/1985 2049/2049 2050/2050 1986/1986
f 1986/1986 2050/2050 2051/2051 1987/1987
f 1987/1987 2051/2051 2052/2052 1988/1988
f 1988/1988 2052/2052 2053/2053 1989/1989
f 1989/1989 2053/2053 2054/2054 1990/1990
f 1990/1990 2054/2054 2055/2055 1991/1991
f 1991/1991 2055/2055 2056/2056 1992/1992
f 1992/1992 2056/2056 2057/2057 1993/1993
f 1993/1993 2057/2057 2058/2058 1994/1994
f 1994/1994 2058/2058 2059/2059 1995/1995
f 1995/1995 2059/2059 2060/2060 1996/1996
f 1996/1996 2060/2060 2061/2061 1997/1997
f 1997/1997 2061/2061 2062/2062 1998/1998
f 1998/1998 2062/2062 2063/2063 1999/1999
f 1999/1999 2063/2063 2064/2064 2000/2000
f 2000/2000 2064/2064 2065/2065 2001/2001
f 2001/2001 2065/2065 2066/2066 2002/2002
f 2002/2002 2066/2066 2067/2067 2003/2003
f 2003/2003 2067/2067 2068/2068 2004/2004
f 2004/2004 2068/2068 2069/2069 2005/2005
f 2005/2005 2069/2069 2070/2070 2006/2006
f 2006/2006 2070/2070 2071/2071 2007/2007
f 2007/2007 2071/2071 2072/2072 2008/2008
f 2008/2008 2072/2072 2073/2073 2009/2009
f 2009/2009 2073/2073 2074/2074 2010/2010
f 2010/2010 2074/2074 2075/2075 2011/2011
f 2011/2011 2075/2075 2076/2076 2012/2012
f 2012/2012 2076/2076 2077/2077 2013/2013
f 2013/2013 2077/2077 2078/2078 2014/2014
f 2014/2014 2078/2078 2079/2079 2015/2015
f 2015/2015 2079/2079 2080/2080 2016/2016
f 2016/2016 2080/2080 2081/2081 2017/2017
f 2017/2017 2081/2081 2082/2082 2018/2018
f 2018/2018 2082/2082 2083/2083 2019/2019
f 2019/2019 2083/2083 2084/2084 2020/2020
f 2020/2020 2084/2084 2085/2085 2021/2021
f 2021/2021 2085/2085 2086/2086 2022/2022
f 2022/2022 2086/2086 2087/2087 2023/2023
f 2023/2023 2087/2087 2088/2088 2024/2024
f 2024/2024 2088/2088 2089/2089 2025/2025
f 2025/2025 2089/2089 2090/2090 2026/2026
f 2026/2026 2090/2090 2091/2091 2027/2027
f 2027/2027 2091/2091 2092/2092 2028/2028
f 2028/2028 2092/2092 2093/2093 2029/2029
f 2029/2029 2093/2093 2094/2094 2030/2030
f 2030/2030 2094/2094 2095/2095 2031/2031
f 2031/2031 2095/2095 2096/2096 2032/2032
f 2032/2032 2096/2096 2097/2097 2033/2033
f 2033/2033 2097/2097 2098/2098 2034/2034
f 2034/2034 2098/2098 2099/2099 2035/2035
f 2035/2035 2099/2099 2100/2100 2036/2036
f 2036/2036 2100/2100 2101/2101 2037/2037
f 2037/2037 2101/2101 2102/2102 2038/2038
f 2038/2038 2102/2102 2103/2103 2039/2039
f 2039/2039 2103/2103 2104/2104 2040/2040
f 2040/2040 2104/2104 2105/2105 2041/2041
f 2041/2041 2105/2105 2106/2106 2042/2042
f 2042/2042 2106/2106 2107/2107 2043/2043
f 2043/2043 2107/2107 2108/2108 2044/2044
f 2044/2044 2108/2108 2109/2109 2045/2045
f 2045/2045 2109/2109 2110/2110 2046/2046
f 2046/2046 2110/2110 2111/2111 2047/2047
f 2047/2047 2111/2111 2112/2112 2048/2048
f 2049/2049 2113/2113 2114/2114 2050/2050
f 2050/2050 2114/2114 2115/2115 2051/2051
f 2051/2051 2115/2115 2116/2116 2052/2052
f 2052/2052 2116/2116 2117/2117 2053/2053
f 2053/2053 2117/2117 2118/2118 2054/2054
f 2054/2054 2118/2118 2119/2119 2055/2055
f 2055/2055 2119/2119 2120/2120 2056/2056
f 2056/2056 2120/2120 2121/2121 2057/2057
f 2057/2057 2121/2121 2122/2122 2058/2058
f 2058/2058 2122/2122 2123/2123 2059/2059
f 2059/2059 2123/2123 2124/2124 2060/2060
f 2060/2060 2124/2124 2125/2125 2061/2061
f 2061/2061 2125/2125 2126/2126 2062/2062
f 2062/2062 2126/2126 2127/2127 2063/2063
f 2063/2063 2127/2127 2128/2128 2064/2064
f 2064/2064 2128/2128 2129/2129 2065/2065
f 2065/2065 2129/2129 2130/2130 2066/2066
f 2066/2066 2130/2130 2131/2131 2067/2067
f 2067/2067 2131/2131 2132/2132 2068/2068
f 2068/2068 2132/2132 2133/2133 2069/2069
f 2069/2069 2133/2133 2134/2134 2070/2070
f 2070/2070 2134/2134 2135/2135 2071/2071
f 2071/2071 2135/2135 2136/2136 2072/2072
f 2072/2072 2136/2136 2137/2137 2073/2073
f 2073/2073 2137/2137 2138/2138 2074/2074
f 2074/2074 2138/2138 2139/2139 2075/2075
f 2075/2075 2139/2139 2140/2140 2076/2076
f 2076/2076 2140/2140 2141/2141 2077/2077
f 2077/2077 2141/2141 2142/2142 2078/2078
f 2078/2078 2142/2142 2143/2143 2079/2079
f 2079/2079 2143/2143 2144/2144 2080/2080
f 2080/2080 2144/2144 2145/2145 2081/2081
f 2081/2081 2145/2145 2146/2146 2082/2082
f 2082/2082 2146/2146 2147/2147 2083/2083
f 2083/2083 2147/2147 2148/2148 2084/2084
f 2084/2084 2148/2148 2149/2149 2085/2085
f 2085/2085 2149/2149 2150/2150 2086/2086
f 2086/2086 2150/2150 2151/2151 2087/2087
f 2087/2087 2151/2151 2152/2152 2088/2088
f 2088/2088 2152/2152 2153/2153 2089/2089
f 2089/2089 2153/2153 2154/2154 2090/2090
f 2090/2090 2154/2154 2155/2155 2091/2091
f 2091/2091 2155/2155 2156/2156 2092/2092
f 2092/2092 2156/2156 2157/2157 2093/2093
f 2093/2093 2157/2157 2158/2158 2094/2094
f 2094/2094 2158/2158 2159/2159 2095/2095
f 2095/2095 2159/2159 2160/2160 2096/2096
f 2096/2096 2160/2160 2161/2161 2097/2097
f 2097/2097 2161/2161 2162/2162 2098/2098
f 2098/2098 2162/2162 2163/2163 2099/2099
f 2099/2099 2163/2163 2164/2164 2100/2100
f 2100/2100 2164/2164 2165/2165 2101/2101
f 2101/2101 2165/2165 2166/2166 2102/2102
f 2102/2102 2166/2166 2167/2167 2103/2103
f 2103/2103 2167/2167 2168/2168 2104/2104
f 2104/2104 2168/2168 2169/2169 2105/2105
f 2105/2105 2169/2169 2170/2170 2106/2106
f 2106/2106 2170/2170 2171/2171 2107/2107
f 2107/2107 2171/2171 2172/2172 2108/2108
f 2108/2108 2172/2172 2173/2173 2109/2109
f 2109/2109 2173/2173 2174/2174 2110/2110
f 2110/2110 2174/2174 2175/2175 2111/2111
f 2111/2111 2175/2175 2176/2176 2112/2112
f 2113/2113 2177/2177 2178/2178 2114/2114
f 2114/2114 2178/2178 2179/2179 2115/2115
f 2115/2115 2179/2179 2180/2180 2116/2116
f 2116/2116 2180/2180 2181/2181 2117/2117
f 2117/2117 2181/2181 2182/2182 2118/2118
f 2118/2118 2182/2182 2183/2183 2119/2119
f 2119/2119 2183/2183 2184/2184 2120/2120
f 2120/2120 2184/2184 2185/2185 2121/2121
f 2121/2121 2185/2185 2186/2186 2122/2122
f 2122/2122 2186/2186 2187/2187 2123/2123
f 2123/2123 2187/2187 2188/2188 2124/2124
f 2124/2124 2188/2188 2189/2189 2125/2125
f 2125/2125 2189/2189 2190/2190 2126/2126
f 2126/2126 2190/2190 2191/2191 2127/2127
f 2127/2127 2191/2191 2192/2192 2128/2128
f 2128/2128 2192/2192 2193/2193 2129/2129
f 2129/2129 2193/2193 2194/2194 2130/2130
f 2130/2130 2194/2194 2195/2195 2131/2131
f 2131/2131 2195/2195 2196/2196 2132/2132
f 2132/2132 2196/2196 2197/2197 2133/2133
f 2133/2133 2197/2197 2198/2198 2134/2134
f 2134/2134 2198/2198 2199/2199 2135/2135
f 2135/2135 2199/2199 2200/2200 2136/2136
f 2136/2136 2200/2200 2201/2201 2137/2137
f 2137/2137 2201/2201 2202/2202 2138/2138
f 2138/2138 2202/2202 2203/2203 2139/2139
f 2139/2139 2203/2203 2204/2204 2140/2140
f 2140/2140 2204/2204 2205/2205 2141/2141
f 2141/2141 2205/2205 2206/2206 2142/2142
f 2142/2142 2206/2206 2207/2207 2143/2143
f 2143/2143 2207/2207 2208/2208 2144/2144
f 2144/2144 2208/2208 2209/2209 2145/2145
f 2145/2145 2209/2209 2210/2210 2146/2146
f 2146/2146 2210/2210 2211/2211 2147/2147
f 2147/2147 2211/2211 2212/2212 2148/2148
f 2148/2148 2212/2212 2213/2213 2149/2149
f 2149/2149 2213/2213 2214/2214 2150/2150
f 2150/2150 2214/2214 2215/2215 2151/2151
f 2151/2151 2215/2215 2216/2216 2152/2152
f 2152/2152 2216/2216 2217/2217 2153/2153
f 2153/2153 2217/2217 2218/2218 2154/2154
f 2154/2154 2218/2218 2219/2219 2155/2155
f 2155/2155 2219/2219 2220/2220 2156/2156
f 2156/2156 2220/2220 2221/2221 2157/2157
f 2157/2157 2221/2221 2222/2222 2158/2158
f 2158/2158 2222/2222 2223/2223 2159/2159
f 2159/2159 2223/2223 2224/2224 2160/2160
f 2160/2160 2224/2224 2225/2225 2161/2161
f 2161/2161 2225/2225 2226/2226 2162/2162
f 2162/2162 2226/2226 2227/2227 2163/2163
f 2163/2163 2227/2227 2228/2228 2164/2164
f 2164/2164 2228/2228 2229/2229 2165/2165
f 2165/2165 2229/2229 2230/2230 2166/2166
f 2166/2166 2230/2230 2231/2231 2167/2167
f 2167/2167 2231/2231 2232/2232 2168/2168
f 2168/2168 2232/2232 2233/2233 2169/2169
f 2169/2169 2233/2233 2234/2234 2170/2170
f 2170/2170 2234/2234 2235/2235 2171/2171
f 2171/2171 2235/2235 2236/2236 2172/2172
f 2172/2172 2236/2236 2237/2237 2173/2173
f 2173/2173 2237/2237 2238/2238 2174/2174
f 2174/2174 2238/2238 2239/2239 2175/2175
f 2175/2175 2239/2239 2240/2240 2176/2176
f 2177/2177 2241/2241 2242/2242 2178/2178
f 2178/2178 2242/2242 2243/2243 2179/2179
f 2179/2179 2243/2243 2244/2244 2180/2180
f 2180/2180 2244/2244 2245/2245 2181/2181
f 2181/2181 2245/2245 2246/2246 2182/2182
f 2182/2182 2246/2246 2247/2247 2183/2183
f 2183/2183 2247/2247 2248/2248 2184/2184
f 2184/2184 2248/2248 2249/2249 2185/2185
f 2185/2185 2249/2249 2250/2250 2186/2186
f 2186/2186 2250/2250 2251/2251 2187/2187
f 2187/2187 2251/2251 2252/2252 2188/2188
f 2188/2188 2252/2252 2253/2253 2189/2189
f 2189/2189 2253/2253 2254/2254 2190/2190
f 2190/2190 2254/2254 2255/2255 2191/2191
f 2191/2191 2255/2255 2256/2256 2192/2192
f 2192/2192 2256/2256 2257/2257 2193/2193
f 2193/2193 2257/2257 2258/2258 2194/2194
f 2194/2194 2258/2258 2259/2259 2195/2195
f 2195/2195 2259/2259 2260/2260 2196/2196
f 2196/2196 2260/2260 2261/2261 2197/2197
f 2197/2197 2261/2261 2262/2262 2198/2198
f 2198/2198 2262/2262 2263/2263 2199/2199
f 2199/2199 2263/2263 2264/2264 2200/2200
f 2200/2200 2264/2264 2265/2265 2201/2201
f 2201/2201 2265/2265 2266/2266 2202/2202
f 2202/2202 2266/2266 2267/2267 2203/2203
f 2203/2203 2267/2267 2268/2268 2204/2204
f 2204/2204 2268/2268 2269/2269 2205/2205
f 2205/2205 2269/2269 2270/2270 2206/2206
f 2206/2206 2270/2270 2271/2271 2207/2207
f 2207/2207 2271/2271 2272/2272 2208/2208
f 2208/2208 2272/2272 2273/2273 2209/2209
f 2209/2209 2273/2273 2274/2274 2210/2210
f 2210/2210 2274/2274 2275/2275 2211/2211
f 2211/2211 2275/2275 2276/2276 2212/2212
f 2212/2212 2276/2276 2277/2277 2213/2213
f 2213/2213 2277/2277 2278/2278 2214/2214
f 2214/2214 2278/2278 2279/2279 2215/2215
f 2215/2215 2279/2279 2280/2280 2216/2216
f 2216/2216 2280/2280 2281/2281 2217/2217
f 2217/2217 2281/2281 2282/2282 2218/2218
f 2218/2218 2282/2282 2283/2283 2219/2219
f 2219/2219 2283/2283 2284/2284 2220/2220
f 2220/2220 2284/2284 2285/2285 2221/2221
f 2221/2221 2285/2285 2286/2286 2222/2222
f 2222/2222 2286/2286 2287/2287 2223/2223
f 2223/2223 2287/2287 2288/2288 2224/2224
f 2224/2224 2288/2288 2289/2289 2225/2225
f 2225/2225 2289/2289 2290/2290 2226/2226
f 2226/2226 2290/2290 2291/2291 2227/2227
f 2227/2227 2291/2291 2292/2292 2228/2228
f 2228/2228 2292/2292 2293/2293 2229/2229
f 2229/2229 2293/2293 2294/2294 2230/2230
f 2230/2230 2294/2294 2295/2295 2231/2231
f 2231/2231 2295/2295 2296/2296 2232/2232
f 2232/2232 2296/2296 2297/2297 2233/2233
f 2233/2233 2297/2297 2298/2298 2234/2234
f 2234/2234 2298/2298 2299/2299 2235/2235
f 2235/2235 2299/2299 2300/2300 2236/2236
f 2236/2236 2300/2300 2301/2301 2237/2237
f 2237/2237 2301/2301 2302/2302 2238/2238
f 2238/2238 2302/2302 2303/2303 2239/2239
f 2239/2239 2303/2303 2304/2304 2240/2240
f 2241/2241 2305/2305 2306/2306 2242/2242
f 2242/2242 2306/2306 2307/2307 2243/2243
f 2243/2243 2307/2307 2308/2308 2244/2244
f 2244/2244 2308/2308 2309/2309 2245/2245
f 2245/2245 2309/2309 2310/2310 2246/2246
f 2246/2246 2310/2310 2311/2311 2247/2247
f 2247/2247 2311/2311 2312/2312 2248/2248
f 2248/2248 2312/2312 2313/2313 2249/2249
f 2249/2249 2313/2313 2314/2314 2250/2250
f 2250/2250 2314/2314 2315/2315 2251/2251
f 2251/2251 2315/2315 2316/2316 2252/2252
f 2252/2252 2316/2316 2317/2317 2253/2253
f 2253/2253 2317/2317 2318/2318 2254/2254
f 2254/2254 2318/2318 2319/2319 2255/2255
f 2255/2255 2319/2319 2320/2320 2256/2256
f 2256/2256 2320/2320 2321/2321 2257/2257
f 2257/2257 2321/2321 2322/2322 2258/2258
f 2258/2258 2322/2322 2323/2323 2259/2259
f 2259/2259 2323/2323 2324/2324 2260/2260
f 2260/2260 2324/2324 2325/2325 2261/2261
f 2261/2261 2325/2325 2326/2326 2262/2262
f 2262/2262 2326/2326 2327/2327 2263/2263
f 2263/2263 2327/2327 2328/2328 2264/2264
f 2264/2264 2328/2328 2329/2329 2265/2265
f 2265/2265 2329/2329 2330/2330 2266/2266
f 2266/2266 2330/2330 2331/2331 2267/2267
f 2267/2267 2331/2331 2332/2332 2268/2268
f 2268/2268 2332/2332 2333/2333 2269/2269
f 2269/2269 2333/2333 2334/2334 2270/2270
f 2270/2270 2334/2334 2335/2335 2271/2271
f 2271/2271 2335/2335 2336/2336 2272/2272
f 2272/2272 2336/2336 2337/2337 2273/2273
f 2273/2273 2337/2337 2338/2338 2274/2274
f 2274/2274 2338/2338 2339/2339 2275/2275
f 2275/2275 2339/2339 2340/2340 2276/2276
f 2276/2276 2340/2340 2341/2341 2277/2277
f 2277/2277 2341/2341 2342/2342 2278/2278
f 2278/2278 2342/2342 2343/2343 2279/2279
f 2279/2279 2343/2343 2344/2344 2280/2280
f 2280/2280 2344/2344 2345/2345 2281/2281
f 2281/2281 2345/2345 2346/2346 2282/2282
f 2282/2282 2346/2346 2347/2347 2283/2283
f 2283/2283 2347/2347 2348/2348 2284/2284
f 2284/2284 2348/2348 2349/2349 2285/2285
f 2285/2285 2349/2349 2350/2350 2286/2286
f 2286/2286 2350/2350 2351/2351 2287/2287
f 2287/2287 2351/2351 2352/2352 2288/2288
f 2288/2288 2352/2352 2353/2353 2289/2289
f 2289/2289 2353/2353 2354/2354 2290/2290
f 2290/2290 2354/2354 2355/2355 2291/2291
f 2291/2291 2355/2355 2356/2356 2292/2292
f 2292/2292 2356/2356 2357/2357 2293/2293
f 2293/2293 2357/2357 2358/2358 2294/2294
f 2294/2294 2358/2358 2359/2359 2295/2295
f 2295/2295 2359/2359 2360/2360 2296/2296
f 2296/2296 2360/2360 2361/2361 2297/2297
f 2297/2297 2361/2361 2362/2362 2298/2298
f 2298/2298 2362/2362 2363/2363 2299/2299
f 2299/2299 2363/2363 2364/2364 2300/2300
f 2300/2300 2364/2364 2365/2365 2301/2301
f 2301/2301 2365/2365 2366/2366 2302/2302
f 2302/2302 2366/2366 2367/2367 2303/2303
f 2303/2303 2367/2367 2368/2368 2304/2304
f 2305/2305 2369/2369 2370/2370 2306/2306
f 2306/2306 2370/2370 2371/2371 2307/2307
f 2307/2307 2371/2371 2372/2372 2308/2308
f 2308/2308 2372/2372 2373/2373 2309/2309
f 2309/2309 2373/2373 2374/2374 2310/2310
f 2310/2310 2374/2374 2375/2375 2311/2311
f 2311/2311 2375/2375 2376/2376 2312/2312
f 2312/2312 2376/2376 2377/2377 2313/2313
f 2313/2313 2377/2377 2378/2378 2314/2314
f 2314/2314 2378/2378 2379/2379 2315/2315
f 2315/2315 2379/2379 2380/2380 2316/2316
f 2316/2316 2380/2380 2381/2381 2317/2317
f 2317/2317 2381/2381 2382/2382 2318/2318
f 2318/2318 2382/2382 2383/2383 2319/2319
f 2319/2319 2383/2383 2384/2384 2320/2320
f 2320/2320 2384/2384 2385/2385 2321/2321
f 2321/2321 2385/2385 2386/2386 2322/2322
f 2322/2322 2386/2386 2387/2387 2323/2323
f 2323/2323 2387/2387 2388/2388 2324/2324
f 2324/2324 2388/2388 2389/2389 2325/2325
f 2325/2325 2389/2389 2390/2390 2326/2326
f 2326/2326 2390/2390 2391/2391 2327/2327
f 2327/2327 2391/2391 2392/2392 2328/2328
f 2328/2328 2392/2392 2393/2393 2329/2329
f 2329/2329 2393/2393 2394/2394 2330/2330
f 2330/2330 2394/2394 2395/2395 2331/2331
f 2331/2331 2395/2395 2396/2396 2332/2332
f 2332/2332 2396/2396 2397/2397 2333/2333
f 2333/2333 2397/2397 2398/2398 2334/2334
f 2334/2334 2398/2398 2399/2399 2335/2335
f 2335/2335 2399/2399 2400/2400 2336/2336
f 2336/2336 2400/2400 2401/2401 2337/2337
f 2337/2337 2401/2401 2402/2402 2338/2338
f 2338/2338 2402/2402 2403/2403 2339/2339
f 2339/2339 2403/2403 2404/2404 2340/2340
f 2340/2340 2404/2404 2405/2405 2341/2341
f 2341/2341 2405/2405 2406/2406 2342/2342
f 2342/2342 2406/2406 2407/2407 2343/2343
f 2343/2343 2407/2407 2408/2408 2344/2344
f 2344/2344 2408/2408 2409/2409 2345/2345
f 2345/2345 2409/2409 2410/2410 2346/2346
f 2346/2346 2410/2410 2411/2411 2347/2347
f 2347/2347 2411/2411 2412/2412 2348/2348
f 2348/2348 2412/2412 2413/2413 2349/2349
f 2349/2349 2413/2413 2414/2414 2350/2350
f 2350/2350 2414/2414 2415/2415 2351/2351
f 2351/2351 2415/2415 2416/2416 2352/2352
f 2352/2352 2416/2416 2417/2417 2353/2353
f 2353/2353 2417/2417 2418/2418 2354/2354
f 2354/2354 2418/2418 2419/2419 2355/2355
f 2355/2355 2419/2419 2420/2420 2356/2356
f 2356/2356 2420/2420 2421/2421 2357/2357
f 2357/2357 2421/2421 2422/2422 2358/2358
f 2358/2358 2422/2422 2423/2423 2359/2359
f 2359/2359 2423/2423 2424/2424 2360/2360
f 2360/2360 2424/2424 2425/2425 2361/2361
f 2361/2361 2425/2425 2426/2426 2362/2362
f 2362/2362 2426/2426 2427/2427 2363/2363
f 2363/2363 2427/2427 2428/2428 2364/2364
f 2364/2364 2428/2428 2429/2429 2365/2365
f 2365/2365 2429/2429 2430/2430 2366/2366
f 2366/2366 2430/2430 2431/2431 2367/2367
f 2367/2367 2431/2431 2432/2432 2368/2368
f 2369/2369 2433/2433 2434/2434 2370/2370
f 2370/2370 2434/2434 2435/2435 2371/2371
f 2371/2371 2435/2435 2436/2436 2372/2372
f 2372/2372 2436/2436 2437/2437 2373/2373
f 2373/2373 2437/2437 2438/2438 2374/2374
f 2374/2374 2438/2438 2439/2439 2375/2375
f 2375/2375 2439/2439 2440/2440 2376/2376
f 2376/2376 2440/2440 2441/2441 2377/2377
f 2377/2377 2441/2441 2442/2442 2378/2378
f 2378/2378 2442/2442 2443/2443 2379/2379
f 2379/2379 2443/2443 2444/2444 2380/2380
f 2380/2380 2444/2444 2445/2445 2381/2381
f 2381/2381 2445/2445 2446/2446 2382/2382
f 2382/2382 2446/2446 2447/2447 2383/2383
f 2383/2383 2447/2447 2448/2448 2384/2384
f 2384/2384 2448/2448 2449/2449 2385/2385
f 2385/2385 2449/2449 2450/2450 2386/2386
f 2386/2386 2450/2450 2451/2451 2387/2387
f 2387/2387 2451/2451 2452/2452 2388/2388
f 2388/2388 2452/2452 2453/2453 2389/2389
f 2389/2389 2453/2453 2454/2454 2390/2390
f 2390/2390 2454/2454 2455/2455 2391/2391
f 2391/2391 2455/2455 2456/2456 2392/2392
f 2392/2392 2456/2456 2457/2457 2393/2393
f 2393/2393 2457/2457 2458/2458 2394/2394
f 2394/2394 2458/2458 2459/2459 2395/2395
f 2395/2395 2459/2459 2460/2460 2396/2396
f 2396/2396 2460/2460 2461/2461 2397/2397
f 2397/2397 2461/2461 2462/2462 2398/2398
f 2398/2398 2462/2462 2463/2463 2399/2399
f 2399/2399 2463/2463 2464/2464 2400/2400
f 2400/2400 2464/2464 2465/2465 2401/2401
f 2401/2401 2465/2465 2466/2466 2402/2402
f 2402/2402 2466/2466 2467/2467 2403/2403
f 2403/2403 2467/2467 2468/2468 2404/2404
f 2404/2404 2468/2468 2469/2469 2405/2405
f 2405/2405 2469/2469 2470/2470 2406/2406
f 2406/2406 2470/2470 2471/2471 2407/2407
f 2407/2407 2471/2471 2472/2472 2408/2408
f 2408/2408 2472/2472 2473/2473 2409/2409
f 2409/2409 2473/2473 2474/2474 2410/2410
f 2410/2410 2474/2474 2475/2475 2411/2411
f 2411/2411 2475/2475 2476/2476 2412/2412
f 2412/2412 2476/2476 2477/2477 2413/2413
f 2413/2413 2477/2477 2478/2478 2414/2414
f 2414/2414 2478/2478 2479/2479 2415/2415
f 2415/2415 2479/2479 2480/2480 2416/2416
f 2416/2416 2480/2480 2481/2481 2417/2417
f 2417/2417 2481/2481 2482/2482 2418/2418
f 2418/2418 2482/2482 2483/2483 2419/2419
f 2419/2419 2483/2483 2484/2484 2420/2420
f 2420/2420 2484/2484 2485/2485 2421/2421
f 2421/2421 2485/2485 2486/2486 2422/2422
f 2422/2422 2486/2486 2487/2487 2423/2423
f 2423/2423 2487/2487 2488/2488 2424/2424
f 2424/2424 2488/2488 2489/2489 2425/2425
f 2425/2425 2489/2489 2490/2490 2426/2426
f 2426/2426 2490/2490 2491/2491 2427/2427
f 2427/2427 2491/2491 2492/2492 2428/2428
f 2428/2428 2492/2492 2493/2493 2429/2429
f 2429/2429 2493/2493 2494/2494 2430/2430
f 2430/2430 2494/2494 2495/2495 2431/2431
f 2431/2431 2495/2495 2496/2496 2432/2432
f 2433/2433 2497/2497 2498/2498 2434/2434
f 2434/2434 2498/2498 2499/2499 2435/2435
f 2435/2435 2499/2499 2500/2500 2436/2436
f 2436/2436 2500/2500 2501/2501 2437/2437
f 2437/2437 2501/2501 2502/2502 2438/2438
f 2438/2438 2502/2502 2503/2503 2439/2439
f 2439/2439 2503/2503 2504/2504 2440/2440
f 2440/2440 2504/2504 2505/2505 2441/2441
f 2441/2441 2505/2505 2506/2506 2442/2442
f 2442/2442 2506/2506 2507/2507 2443/2443
f 2443/2443 2507/2507 2508/2508 2444/2444
f 2444/2444 2508/2508 2509/2509 2445/2445
f 2445/2445 2509/2509 2510/2510 2446/2446
f 2446/2446 2510/2510 2511/2511 2447/2447
f 2447/2447 2511/2511 2512/2512 2448/2448
f 2448/2448 2512/2512 2513/2513 2449/2449
f 2449/2449 2513/2513 2514/2514 2450/2450
f 2450/2450 2514/2514 2515/2515 2451/2451
f 2451/2451 2515/2515 2516/2516 2452/2452
f 2452/2452 2516/2516 2517/2517 2453/2453
f 2453/2453 2517/2517 2518/2518 2454/2454
f 2454/2454 2518/2518 2519/2519 2455/2455
f 2455/2455 2519/2519 2520/2520 2456/2456
f 2456/2456 2520/2520 2521/2521 2457/2457
f 2457/2457 2521/2521 2522/2522 2458/2458
f 2458/2458 2522/2522 2523/2523 2459/2459
f 2459/2459 2523/2523 2524/2524 2460/2460
f 2460/2460 2524/2524 2525/2525 2461/2461
f 2461/2461 2525/2525 2526/2526 2462/2462
f 2462/2462 2526/2526 2527/2527 2463/2463
f 2463/2463 2527/2527 2528/2528 2464/2464
f 2464/2464 2528/2528 2529/2529 2465/2465
f 2465/2465 2529/2529 2530/2530 2466/2466
f 2466/2466 2530/2530 2531/2531 2467/2467
f 2467/2467 2531/2531 2532/2532 2468/2468
f 2468/2468 2532/2532 2533/2533 2469/2469
f 2469/2469 2533/2533 2534/2534 2470/2470
f 2470/2470 2534/2534 2535/2535 2471/2471
f 2471/2471 2535/2535 2536/2536 2472/2472
f 2472/2472 2536/2536 2537/2537 2473/2473
f 2473/2473 2537/2537 2538/2538 2474/2474
f 2474/2474 2538/2538 2539/2539 2475/2475
f 2475/2475 2539/2539 2540/2540 2476/2476
f 2476/2476 2540/2540 2541/2541 2477/2477
f 2477/2477 2541/2541 2542/2542 2478/2478
f 2478/2478 2542/2542 2543/2543 2479/2479
f 2479/2479 2543/2543 2544/2544 2480/2480
f 2480/2480 2544/2544 2545/2545 2481/2481
f 2481/2481 2545/2545 2546/2546 2482/2482
f 2482/2482 2546/2546 2547/2547 2483/2483
f 2483/2483 2547/2547 2548/2548 2484/2484
f 2484/2484 2548/2548 2549/2549 2485/2485
f 2485/2485 2549/2549 2550/2550 2486/2486
f 2486/2486 2550/2550 2551/2551 2487/2487
f 2487/2487 2551/2551 2552/2552 2488/2488
f 2488/2488 2552/2552 2553/2553 2489/2489
f 2489/2489 2553/2553 2554/2554 2490/2490
f 2490/2490 2554/2554 2555/2555 2491/2491
f 2491/2491 2555/2555 2556/2556 2492/2492
f 2492/2492 2556/2556 2557/2557 2493/2493
f 2493/2493 2557/2557 2558/2558 2494/2494
f 2494/2494 2558/2558 2559/2559 2495/2495
f 2495/2495 2559/2559 2560/2560 2496/2496
f 2497/2497 2561/2561 2562/2562 2498/2498
f 2498/2498 2562/2562 2563/2563 2499/2499
f 2499/2499 2563/2563 2564/2564 2500/2500
f 2500/2500 2564/2564 2565/2565 2501/2501
f 2501/2501 2565/2565 2566/2566 2502/2502
f 2502/2502 2566/2566 2567/2567 2503/2503
f 2503/2503 2567/2567 2568/2568 2504/2504
f 2504/2504 2568/2568 2569/2569 2505/2505
f 2505/2505 2569/2569 2570/2570 2506/2506
f 2506/2506 2570/2570 2571/2571 2507/2507
f 2507/2507 2571/2571 2572/2572 2508/2508
f 2508/2508 2572/2572 2573/2573 2509/2509
f 2509/2509 2573/2573 2574/2574 2510/2510
f 2510/2510 2574/2574 2575/2575 2511/2511
f 2511/2511 2575/2575 2576/2576 2512/2512
f 2512/2512 2576/2576 2577/2577 2513/2513
f 2513/2513 2577/2577 2578/2578 2514/2514
f 2514/2514 2578/2578 2579/2579 2515/2515
f 2515/2515 2579/2579 2580/2580 2516/2516
f 2516/2516 2580/2580 2581/2581 2517/2517
f 2517/2517 2581/2581 2582/2582 2518/2518
f 2518/2518 2582/2582 2583/2583 2519/2519
f 2519/2519 2583/2583 2584/2584 2520/2520
f 2520/2520 2584/2584 2585/2585 2521/2521
f 2521/2521 2585/2585 2586/2586 2522/2522
f 2522/2522 2586/2586 2587/2587 2523/2523
f 2523/2523 2587/2587 2588/2588 2524/2524
f 2524/2524 2588/2588 2589/2589 2525/2525
f 2525/2525 2589/2589 2590/2590 2526/2526
f 2526/2526 2590/2590 2591/2591 2527/2527
f 2527/2527 2591/2591 2592/2592 2528/2528
f 2528/2528 2592/2592 2593/2593 2529/2529
f 2529/2529 2593/2593 2594/2594 2530/2530
f 2530/2530 2594/2594 2595/2595 2531/2531
f 2531/2531 2595/2595 2596/2596 2532/2532
f 2532/2532 2596/2596 2597/2597 2533/2533
f 2533/2533 2597/2597 2598/2598 2534/2534
f 2534/2534 2598/2598 2599/2599 2535/2535
f 2535/2535 2599/2599 2600/2600 2536/2536
f 2536/2536 2600/2600 2601/2601 2537/2537
f 2537/2537 2601/2601 2602/2602 2538/2538
f 2538/2538 2602/2602 2603/2603 2539/2539
f 2539/2539 2603/2603 2604/2604 2540/2540
f 2540/2540 2604/2604 2605/2605 2541/2541
f 2541/2541 2605/2605 2606/2606 2542/2542
f 2542/2542 2606/2606 2607/2607 2543/2543
f 2543/2543 2607/2607 2608/2608 2544/2544
f 2544/2544 2608/2608 2609/2609 2545/2545
f 2545/2545 2609/2609 2610/2610 2546/2546
f 2546/2546 2610/2610 2611/2611 2547/2547
f 2547/2547 2611/2611 2612/2612 2548/2548
f 2548/2548 2612/2612 2613/2613 2549/2549
f 2549/2549 2613/2613 2614/2614 2550/2550
f 2550/2550 2614/2614 2615/2615 2551/2551
f 2551/2551 2615/2615 2616/2616 2552/2552
f 2552/2552 2616/2616 2617/2617 2553/2553
f 2553/2553 2617/2617 2618/2618 2554/2554
f 2554/2554 2618/2618 2619/2619 2555/2555
f 2555/2555 2619/2619 2620/2620 2556/2556
f 2556/2556 2620/2620 2621/2621 2557/2557
f 2557/2557 2621/2621 2622/2622 2558/2558
f 2558/2558 2622/2622 2623/2623 2559/2559
f 2559/2559 2623/2623 2624/2624 2560/2560
f 2561/2561 2625/2625 2626/2626 2562/2562
f 2562/2562 2626/2626 2627/2627 2563/2563
f 2563/2563 2627/2627 2628/2628 2564/2564
f 2564/2564 2628/2628 2629/2629 2565/2565
f 2565/2565 2629/2629 2630/2630 2566/2566
f 2566/2566 2630/2630 2631/2631 2567/2567
f 2567/2567 2631/2631 2632/2632 2568/2568
f 2568/2568 2632/2632 2633/2633 2569/2569
f 2569/2569 2633/2633 2634/2634 2570/2570
f 2570/2570 2634/2634 2635/2635 2571/2571
f 2571/2571 2635/2635 2636/2636 2572/2572
f 2572/2572 2636/2636 2637/2637 2573/2573
f 2573/2573 2637/2637 2638/2638 2574/2574
f 2574/2574 2638/2638 2639/2639 2575/2575
f 2575/2575 2639/2639 2640/2640 2576/2576
f 2576/2576 2640/2640 2641/2641 2577/2577
f 2577/2577 2641/2641 2642/2642 2578/2578
f 2578/2578 2642/2642 2643/2643 2579/2579
f 2579/2579 2643/2643 2644/2644 2580/2580
f 2580/2580 2644/2644 2645/2645 2581/2581
f 2581/2581 2645/2645 2646/2646 2582/2582
f 2582/2582 2646/2646 2647/2647 2583/2583
f 2583/2583 2647/2647 2648/2648 2584/2584
f 2584/2584 2648/2648 2649/2649 2585/2585
f 2585/2585 2649/2649 2650/2650 2586/2586
f 2586/2586 2650/2650 2651/2651 2587/2587
f 2587/2587 2651/2651 2652/2652 2588/2588
f 2588/2588 2652/2652 2653/2653 2589/2589
f 2589/2589 2653/2653 2654/2654 2590/2590
f 2590/2590 2654/2654 2655/2655 2591/2591
f 2591/2591 2655/2655 2656/2656 2592/2592
f 2592/2592 2656/2656 2657/2657 2593/2593
f 2593/2593 2657/2657 2658/2658 2594/2594
f 2594/2594 2658/2658 2659/2659 2595/2595
f 2595/2595 2659/2659 2660/2660 2596/2596
f 2596/2596 2660/2660 2661/2661 2597/2597
f 2597/2597 2661/2661 2662/2662 2598/2598
f 2598/2598 2662/2662 2663/2663 2599/2599
f 2599/2599 2663/2663 2664/2664 2600/2600
f 2600/2600 2664/2664 2665/2665 2601/2601
f 2601/2601 2665/2665 2666/2666 2602/2602
f 2602/2602 2666/2666 2667/2667 2603/2603
f 2603/2603 2667/2667 2668/2668 2604/2604
f 2604/2604 2668/2668 2669/2669 2605/2605
f 2605/2605 2669/2669 2670/2670 2606/2606
f 2606/2606 2670/2670 2671/2671 2607/2607
f 2607/2607 2671/2671 2672/2672 2608/2608
f 2608/2608 2672/2672 2673/2673 2609/2609
f 2609/2609 2673/2673 2674/2674 2610/2610
f 2610/2610 2674/2674 2675/2675 2611/2611
f 2611/2611 2675/2675 2676/2676 2612/2612
f 2612/2612 2676/2676 2677/2677 2613/2613
f 2613/2613 2677/2677 2678/2678 2614/2614
f 2614/2614 2678/2678 2679/2679 2615/2615
f 2615/2615 2679/2679 2680/2680 2616/2616
f 2616/2616 2680/2680 2681/2681 2617/2617
f 2617/2617 2681/2681 2682/2682 2618/2618
f 2618/2618 2682/2682 2683/2683 2619/2619
f 2619/2619 2683/2683 2684/2684 2620/2620
f 2620/2620 2684/2684 2685/2685 2621/2621
f 2621/2621 2685/2685 2686/2686 2622/2622
f 2622/2622 2686/2686 2687/2687 2623/2623
f 2623/2623 2687/2687 2688/2688 2624/2624
f 2625/2625 2689/2689 2690/2690 2626/2626
f 2626/2626 2690/2690 2691/2691 2627/2627
f 2627/2627 2691/2691 2692/2692 2628/2628
f 2628/2628 2692/2692 2693/2693 2629/2629
f 2629/2629 2693/2693 2694/2694 2630/2630
f 2630/2630 2694/2694 2695/2695 2631/2631
f 2631/2631 2695/2695 2696/2696 2632/2632
f 2632/2632 2696/2696 2697/2697 2633/2633
f 2633/2633 2697/2697 2698/2698 2634/2634
f 2634/2634 2698/2698 2699/2699 2635/2635
f 2635/2635 2699/2699 2700/2700 2636/2636
f 2636/2636 2700/2700 2701/2701 2637/2637
f 2637/2637 2701/2701 2702/2702 2638/2638
f 2638/2638 2702/2702 2703/2703 2639/2639
f 2639/2639 2703/2703 2704/2704 2640/2640
f 2640/2640 2704/2704 2705/2705 2641/2641
f 2641/2641 2705/2705 2706/2706 2642/2642
f 2642/2642 2706/2706 2707/2707 2643/2643
f 2643/2643 2707/2707 2708/2708 2644/2644
f 2644/2644 2708/2708 2709/2709 2645/2645
f 2645/2645 2709/2709 2710/2710 2646/2646
f 2646/2646 2710/2710 2711/2711 2647/2647
f 2647/2647 2711/2711 2712/2712 2648/2648
f 2648/2648 2712/2712 2713/2713 2649/2649
f 2649/2649 2713/2713 2714/2714 2650/2650
f 2650/2650 2714/2714 2715/2715 2651/2651
f 2651/2651 2715/2715 2716/2716 2652/2652
f 2652/2652 2716/2716 2717/2717 2653/2653
f 2653/2653 2717/2717 2718/2718 2654/2654
f 2654/2654 2718/2718 2719/2719 2655/2655
f 2655/2655 2719/2719 2720/2720 2656/2656
f 2656/2656 2720/2720 2721/2721 2657/2657
f 2657/2657 2721/2721 2722/2722 2658/2658
f 2658/2658 2722/2722 2723/2723 2659/2659
f 2659/2659 2723/2723 2724/2724 2660/2660
f 2660/2660 2724/2724 2725/2725 2661/2661
f 2661/2661 2725/2725 2726/2726 2662/2662
f 2662/2662 2726/2726 2727/2727 2663/2663
f 2663/2663 2727/2727 2728/2728 2664/2664
f 2664/2664 2728/2728 2729/2729 2665/2665
f 2665/2665 2729/2729 2730/2730 2666/2666
f 2666/2666 2730/2730 2731/2731 2667/2667
f 2667/2667 2731/2731 2732/2732 2668/2668
f 2668/2668 2732/2732 2733/2733 2669/2669
f 2669/2669 2733/2733 2734/2734 2670/2670
f 2670/2670 2734/2734 2735/2735 2671/2671
f 2671/2671 2735/2735 2736/2736 2672/2672
f 2672/2672 2736/2736 2737/2737 2673/2673
f 2673/2673 2737/2737 2738/2738 2674/2674
f 2674/2674 2738/2738 2739/2739 2675/2675
f 2675/2675 2739/2739 2740/2740 2676/2676
f 2676/2676 2740/2740 2741/2741 2677/2677
f 2677/2677 2741/2741 2742/2742 2678/2678
f 2678/2678 2742/2742 2743/2743 2679/2679
f 2679/2679 2743/2743 2744/2744 2680/2680
f 2680/2680 2744/2744 2745/2745 2681/2681
f 2681/2681 2745/2745 2746/2746 2682/2682
f 2682/2682 2746/2746 2747/2747 2683/2683
f 2683/2683 2747/2747 2748/2748 2684/2684
f 2684/2684 2748/2748 2749/2749 2685/2685
f 2685/2685 2749/2749 2750/2750 2686/2686
f 2686/2686 2750/2750 2751/2751 2687/2687
f 2687/2687 2751/2751 2752/2752 2688/2688
f 2689/2689 2753/2753 2754/2754 2690/2690
f 2690/2690 2754/2754 2755/2755 2691/2691
f 2691/2691 2755/2755 2756/2756 2692/2692
f 2692/2692 2756/2756 2757/2757 2693/2693
f 2693/2693 2757/2757 2758/2758 2694/2694
f 2694/2694 2758/2758 2759/2759 2695/2695
f 2695/2695 2759/2759 2760/2760 2696/2696
f 2696/2696 2760/2760 2761/2761 2697/2697
f 2697/2697 2761/2761 2762/2762 2698/2698
f 2698/2698 2762/2762 2763/2763 2699/2699
f 2699/2699 2763/2763 2764/2764 2700/2700
f 2700/2700 2764/2764 2765/2765 2701/2701
f 2701/2701 2765/2765 2766/2766 2702/2702
f 2702/2702 2766/2766 2767/2767 2703/2703
f 2703/2703 2767/2767 2768/2768 2704/2704
f 2704/2704 2768/2768 2769/2769 2705/2705
f 2705/2705 2769/2769 2770/2770 2706/2706
f 2706/2706 2770/2770 2771/2771 2707/2707
f 2707/2707 2771/2771 2772/2772 2708/2708
f 2708/2708 2772/2772 2773/2773 2709/2709
f 2709/2709 2773/2773 2774/2774 2710/2710
f 2710/2710 2774/2774 2775/2775 2711/2711
f 2711/2711 2775/2775 2776/2776 2712/2712
f 2712/2712 2776/2776 2777/2777 2713/2713
f 2713/2713 2777/2777 2778/2778 2714/2714
f 2714/2714 2778/2778 2779/2779 2715/2715
f 2715/2715 2779/2779 2780/2780 2716/2716
f 2716/2716 2780/2780 2781/2781 2717/2717
f 2717/2717 2781/2781 2782/2782 2718/2718
f 2718/2718 2782/2782 2783/2783 2719/2719
f 2719/2719 2783/2783 2784/2784 2720/2720
f 2720/2720 2784/2784 2785/2785 2721/2721
f 2721/2721 2785/2785 2786/2786 2722/2722
f 2722/2722 2786/2786 2787/2787 2723/2723
f 2723/2723 2787/2787 2788/2788 2724/2724
f 2724/2724 2788/2788 2789/2789 2725/2725
f 2725/2725 2789/2789 2790/2790 2726/2726
f 2726/2726 2790/2790 2791/2791 2727/2727
f 2727/2727 2791/2791 2792/2792 2728/2728
f 2728/2728 2792/2792 2793/2793 2729/2729
f 2729/2729 2793/2793 2794/2794 2730/2730
f 2730/2730 2794/2794 2795/2795 2731/2731
f 2731/2731 2795/2795 2796/2796 2732/2732
f 2732/2732 2796/2796 2797/2797 2733/2733
f 2733/2733 2797/2797 2798/2798 2734/2734
f 2734/2734 2798/2798 2799/2799 2735/2735
f 2735/2735 2799/2799 2800/2800 2736/2736
f 2736/2736 2800/2800 2801/2801 2737/2737
f 2737/2737 2801/2801 2802/2802 2738/2738
f 2738/2738 2802/2802 2803/2803 2739/2739
f 2739/2739 2803/2803 2804/2804 2740/2740
f 2740/2740 2804/2804 2805/2805 2741/2741
f 2741/2741 2805/2805 2806/2806 2742/2742
f 2742/2742 2806/2806 2807/2807 2743/2743
f 2743/2743 2807/2807 2808/2808 2744/2744
f 2744/2744 2808/2808 2809/2809 2745/2745
f 2745/2745 2809/2809 2810/2810 2746/2746
f 2746/2746 2810/2810 2811/2811 2747/2747
f 2747/2747 2811/2811 2812/2812 2748/2748
f 2748/2748 2812/2812 2813/2813 2749/2749
f 2749/2749 2813/2813 2814/2814 2750/2750
f 2750/2750 2814/2814 2815/2815 2751/2751
f 2751/2751 2815/2815 2816/2816 2752/2752
f 2753/2753 2817/2817 2818/2818 2754/2754
f 2754/2754 2818/2818 2819/2819 2755/2755
f 2755/2755 2819/2819 2820/2820 2756/2756
f 2756/2756 2820/2820 2821/2821 2757/2757
f 2757/2757 2821/2821 2822/2822 2758/2758
f 2758/2758 2822/2822 2823/2823 2759/2759
f 2759/2759 2823/2823 2824/2824 2760/2760
f 2760/2760 2824/2824 2825/2825 2761/2761
f 2761/2761 2825/2825 2826/2826 2762/2762
f 2762/2762 2826/2826 2827/2827 2763/2763
f 2763/2763 2827/2827 2828/2828 2764/2764
f 2764/2764 2828/2828 2829/2829 2765/2765
f 2765/2765 2829/2829 2830/2830 2766/2766
f 2766/2766 2830/2830 2831/2831 2767/2767
f 2767/2767 2831/2831 2832/2832 2768/2768
f 2768/2768 2832/2832 2833/2833 2769/2769
f 2769/2769 2833/2833 2834/2834 2770/2770
f 2770/2770 2834/2834 2835/2835 2771/2771
f 2771/2771 2835/2835 2836/2836 2772/2772
f 2772/2772 2836/2836 2837/2837 2773/2773
f 2773/2773 2837/2837 2838/2838 2774/2774
f 2774/2774 2838/2838 2839/2839 2775/2775
f 2775/2775 2839/2839 2840/2840 2776/2776
f 2776/2776 2840/2840 2841/2841 2777/2777
f 2777/2777 2841/2841 2842/2842 2778/2778
f 2778/2778 2842/2842 2843/2843 2779/2779
f 2779/2779 2843/2843 2844/2844 2780/2780
f 2780/2780 2844/2844 2845/2845 2781/2781
f 2781/2781 2845/2845 2846/2846 2782/2782
f 2782/2782 2846/2846 2847/2847 2783/2783
f 2783/2783 2847/2847 2848/2848 2784/2784
f 2784/2784 2848/2848 2849/2849 2785/2785
f 2785/2785 2849/2849 2850/2850 2786/2786
f 2786/2786 2850/2850 2851/2851 2787/2787
f 2787/2787 2851/2851 2852/2852 2788/2788
f 2788/2788 2852/2852 2853/2853 2789/2789
f 2789/2789 2853/2853 2854/2854 2790/2790
f 2790/2790 2854/2854 2855/2855 2791/2791
f 2791/2791 2855/2855 2856/2856 2792/2792
f 2792/2792 2856/2856 2857/2857 2793/2793
f 2793/2793 2857/2857 2858/2858 2794/2794
f 2794/2794 2858/2858 2859/2859 2795/2795
f 2795/2795 2859/2859 2860/2860 2796/2796
f 2796/2796 2860/2860 2861/2861 2797/2797
f 2797/2797 2861/2861 2862/2862 2798/2798
f 2798/2798 2862/2862 2863/2863 2799/2799
f 2799/2799 2863/2863 2864/2864 2800/2800
f 2800/2800 2864/2864 2865/2865 2801/2801
f 2801/2801 2865/2865 2866/2866 2802/2802
f 2802/2802 2866/2866 2867/2867 2803/2803
f 2803/2803 2867/2867 2868/2868 2804/2804
f 2804/2804 2868/2868 2869/2869 2805/2805
f 2805/2805 2869/2869 2870/2870 2806/2806
f 2806/2806 2870/2870 2871/2871 2807/2807
f 2807/2807 2871/2871 2872/2872 2808/2808
f 2808/2808 2872/2872 2873/2873 2809/2809
f 2809/2809 2873/2873 2874/2874 2810/2810
f 2810/2810 2874/2874 2875/2875 2811/2811
f 2811/2811 2875/2875 2876/2876 2812/2812
f 2812/2812 2876/2876 2877/2877 2813/2813
f 2813/2813 2877/2877 2878/2878 2814/2814
f 2814/2814 2878/2878 2879/2879 2815/2815
f 2815/2815 2879/2879 2880/2880 2816/2816
f 2817/2817 2881/2881 2882/2882 2818/2818
f 2818/2818 2882/2882 2883/2883 2819/2819
f 2819/2819 2883/2883 2884/2884 2820/2820
f 2820/2820 2884/2884 2885/2885 2821/2821
f 2821/2821 2885/2885 2886/2886 2822/2822
f 2822/2822 2886/2886 2887/2887 2823/2823
f 2823/2823 2887/2887 2888/2888 2824/2824
f 2824/2824 2888/2888 2889/2889 2825/2825
f 2825/2825 2889/2889 2890/2890 2826/2826
f 2826/2826 2890/2890 2891/2891 2827/2827
f 2827/2827 2891/2891 2892/2892 2828/2828
f 2828/2828 2892/2892 2893/2893 2829/2829
f 2829/2829 2893/2893 2894/2894 2830/2830
f 2830/2830 2894/2894 2895/2895 2831/2831
f 2831/2831 2895/2895 2896/2896 2832/2832
f 2832/2832 2896/2896 2897/2897 2833/2833
f 2833/2833 2897/2897 2898/2898 2834/2834
f 2834/2834 2898/2898 2899/2899 2835/2835
f 2835/2835 2899/2899 2900/2900 2836/2836
f 2836/2836 2900/2900 2901/2901 2837/2837
f 2837/2837 2901/2901 2902/2902 2838/2838
f 2838/2838 2902/2902 2903/2903 2839/2839
f 2839/2839 2903/2903 2904/2904 2840/2840
f 2840/2840 2904/2904 2905/2905 2841/2841
f 2841/2841 2905/2905 2906/2906 2842/2842
f 2842/2842 2906/2906 2907/2907 2843/2843
f 2843/2843 2907/2907 2908/2908 2844/2844
f 2844/2844 2908/2908 2909/2909 2845/2845
f 2845/2845 2909/2909 2910/2910 2846/2846
f 2846/2846 2910/2910 2911/2911 2847/2847
f 2847/2847 2911/2911 2912/2912 2848/2848
f 2848/2848 2912/2912 2913/2913 2849/2849
f 2849/2849 2913/2913 2914/2914 2850/2850
f 2850/2850 2914/2914 2915/2915 2851/2851
f 2851/2851 2915/2915 2916/2916 2852/2852
f 2852/2852 2916/2916 2917/2917 2853/2853
f 2853/2853 2917/2917 2918/2918 2854/2854
f 2854/2854 2918/2918 2919/2919 2855/2855
f 2855/2855 2919/2919 2920/2920 2856/2856
f 2856/2856 2920/2920 2921/2921 2857/2857
f 2857/2857 2921/2921 2922/2922 2858/2858
f 2858/2858 2922/2922 2923/2923 2859/2859
f 2859/2859 2923/2923 2924/2924 2860/2860
f 2860/2860 2924/2924 2925/2925 2861/2861
f 2861/2861 2925/2925 2926/2926 2862/2862
f 2862/2862 2926/2926 2927/2927 2863/2863
f 2863/2863 2927/2927 2928/2928 2864/2864
f 2864/2864 2928/2928 2929/2929 2865/2865
f 2865/2865 2929/2929 2930/2930 2866/2866
f 2866/2866 2930/2930 2931/2931 2867/2867
f 2867/2867 2931/2931 2932/2932 2868/2868
f 2868/2868 2932/2932 2933/2933 2869/2869
f 2869/2869 2933/2933 2934/2934 2870/2870
f 2870/2870 2934/2934 2935/2935 2871/2871
f 2871/2871 2935/2935 2936/2936 2872/2872
f 2872/2872 2936/2936 2937/2937 2873/2873
f 2873/2873 2937/2937 2938/2938 2874/2874
f 2874/2874 2938/2938 2939/2939 2875/2875
f 2875/2875 2939/2939 2940/2940 2876/2876
f 2876/2876 2940/2940 2941/2941 2877/2877
f 2877/2877 2941/2941 2942/2942 2878/2878
f 2878/2878 2942/2942 2943/2943 2879/2879
f 2879/2879 2943/2943 2944/2944 2880/2880
f 2881/2881 2945/2945 2946/2946 2882/2882
f 2882/2882 2946/2946 2947/2947 2883/2883
f 2883/2883 2947/2947 2948/2948 2884/2884
f 2884/2884 2948/2948 2949/2949 2885/2885
f 2885/2885 2949/2949 2950/2950 2886/2886
f 2886/2886 2950/2950 2951/2951 2887/2887
f 2887/2887 2951/2951 2952/2952 2888/2888
f 2888/2888 2952/2952 2953/2953 2889/2889
f 2889/2889 2953/2953 2954/2954 2890/2890
f 2890/2890 2954/2954 2955/2955 2891/2891
f 2891/2891 2955/2955 2956/2956 2892/2892
f 2892/2892 2956/2956 2957/2957 2893/2893
f 2893/2893 2957/2957 2958/2958 2894/2894
f 2894/2894 2958/2958 2959/2959 2895/2895
f 2895/2895 2959/2959 2960/2960 2896/2896
f 2896/2896 2960/2960 2961/2961 2897/2897
f 2897/2897 2961/2961 2962/2962 2898/2898
f 2898/2898 2962/2962 2963/2963 2899/2899
f 2899/2899 2963/2963 2964/2964 2900/2900
f 2900/2900 2964/2964 2965/2965 2901/2901
f 2901/2901 2965/2965 2966/2966 2902/2902
f 2902/2902 2966/2966 2967/2967 2903/2903
f 2903/2903 2967/2967 2968/2968 2904/2904
f 2904/2904 2968/2968 2969/2969 2905/2905
f 2905/2905 2969/2969 2970/2970 2906/2906
f 2906/2906 2970/2970 2971/2971 2907/2907
f 2907/2907 2971/2971 2972/2972 2908/2908
f 2908/2908 2972/2972 2973/2973 2909/2909
f 2909/2909 2973/2973 2974/2974 2910/2910
f 2910/2910 2974/2974 2975/2975 2911/2911
f 2911/2911 2975/2975 2976/2976 2912/2912
f 2912/2912 2976/2976 2977/2977 2913/2913
f 2913/2913 2977/2977 2978/2978 2914/2914
f 2914/2914 2978/2978 2979/2979 2915/2915
f 2915/2915 2979/2979 2980/2980 2916/2916
f 2916/2916 2980/2980 2981/2981 2917/2917
f 2917/2917 2981/2981 2982/2982 2918/2918
f 2918/2918 2982/2982 2983/2983 2919/2919
f 2919/2919 2983/2983 2984/2984 2920/2920
f 2920/2920 2984/2984 2985/2985 2921/2921
f 2921/2921 2985/2985 2986/2986 2922/2922
f 2922/2922 2986/2986 2987/2987 2923/2923
f 2923/2923 2987/2987 2988/2988 2924/2924
f 2924/2924 2988/2988 2989/2989 2925/2925
f 2925/2925 2989/2989 2990/2990 2926/2926
f 2926/2926 2990/2990 2991/2991 2927/2927
f 2927/2927 2991/2991 2992/2992 2928/2928
f 2928/2928 2992/2992 2993/2993 2929/2929
f 2929/2929 2993/2993 2994/2994 2930/2930
f 2930/2930 2994/2994 2995/2995 2931/2931
f 2931/2931 2995/2995 2996/2996 2932/2932
f 2932/2932 2996/2996 2997/2997 2933/2933
f 2933/2933 2997/2997 2998/2998 2934/2934
f 2934/2934 2998/2998 2999/2999 2935/2935
f 2935/2935 2999/2999 3000/3000 2936/2936
f 2936/2936 3000/3000 3001/3001 2937/2937
f 2937/2937 3001/3001 3002/3002 2938/2938
f 2938/2938 3002/3002 3003/3003 2939/2939
f 2939/2939 3003/3003 3004/3004 2940/2940
f 2940/2940 3004/3004 3005/3005 2941/2941
f 2941/2941 3005/3005 3006/3006 2942/2942
f 2942/2942 3006/3006 3007/3007 2943/2943
f 2943/2943 3007/3007 3008/3008 2944/2944
f 2945/2945 3009/3009 3010/3010 2946/2946
f 2946/2946 3010/3010 3011/3011 2947/2947
f 2947/2947 3011/3011 3012/3012 2948/2948
f 2948/2948 3012/3012 3013/3013 2949/2949
f 2949/2949 3013/3013 3014/3014 2950/2950
f 2950/2950 3014/3014 3015/3015 2951/2951
f 2951/2951 3015/3015 3016/3016 2952/2952
f 2952/2952 3016/3016 3017/3017 2953/2953
f 2953/2953 3017/3017 3018/3018 2954/2954
f 2954/2954 3018/3018 3019/3019 2955/2955
f 2955/2955 3019/3019 3020/3020 2956/2956
f 2956/2956 3020/3020 3021/3021 2957/2957
f 2957/2957 3021/3021 3022/3022 2958/2958
f 2958/2958 3022/3022 3023/3023 2959/2959
f 2959/2959 3023/3023 3024/3024 2960/2960
f 2960/2960 3024/3024 3025/3025 2961/2961
f 2961/2961 3025/3025 3026/3026 2962/2962
f 2962/2962 3026/3026 3027/3027 2963/2963
f 2963/2963 3027/3027 3028/3028 2964/2964
f 2964/2964 3028/3028 3029/3029 2965/2965
f 2965/2965 3029/3029 3030/3030 2966/2966
f 2966/2966 3030/3030 3031/3031 2967/2967
f 2967/2967 3031/3031 3032/3032 2968/2968
f 2968/2968 3032/3032 3033/3033 2969/2969
f 2969/2969 3033/3033 3034/3034 2970/2970
f 2970/2970 3034/3034 3035/3035 2971/2971
f 2971/2971 3035/3035 3036/3036 2972/2972
f 2972/2972 3036/3036 3037/3037 2973/2973
f 2973/2973 3037/3037 3038/3038 2974/2974
f 2974/2974 3038/3038 3039/3039 2975/2975
f 2975/2975 3039/3039 3040/3040 2976/2976
f 2976/2976 3040/3040 3041/3041 2977/2977
f 2977/2977 3041/3041 3042/3042 2978/2978
f 2978/2978 3042/3042 3043/3043 2979/2979
f 2979/2979 3043/3043 3044/3044 2980/2980
f 2980/2980 3044/3044 3045/3045 2981/2981
f 2981/2981 3045/3045 3046/3046 2982/2982
f 2982/2982 3046/3046 3047/3047 2983/2983
f 2983/2983 3047/3047 3048/3048 2984/2984
f 2984/2984 3048/3048 3049/3049 2985/2985
f 2985/2985 3049/3049 3050/3050 2986/2986
f 2986/2986 3050/3050 3051/3051 2987/2987
f 2987/2987 3051/3051 3052/3052 2988/2988
f 2988/2988 3052/3052 3053/3053 2989/2989
f 2989/2989 3053/3053 3054/3054 2990/2990
f 2990/2990 3054/3054 3055/3055 2991/2991
f 2991/2991 3055/3055 3056/3056 2992/2992
f 2992/2992 3056/3056 3057/3057 2993/2993
f 2993/2993 3057/3057 3058/3058 2994/2994
f 2994/2994 3058/3058 3059/3059 2995/2995
f 2995/2995 3059/3059 3060/3060 2996/2996
f 2996/2996 3060/3060 3061/3061 2997/2997
f 2997/2997 3061/3061 3062/3062 2998/2998
f 2998/2998 3062/3062 3063/3063 2999/2999
f 2999/2999 3063/3063 3064/3064 3000/3000
f 3000/3000 3064/3064 3065/3065 3001/3001
f 3001/3001 3065/3065 3066/3066 3002/3002
f 3002/3002 3066/3066 3067/3067 3003/3003
f 3003/3003 3067/3067 3068/3068 3004/3004
f 3004/3004 3068/3068 3069/3069 3005/3005
f 3005/3005 3069/3069 3070/3070 3006/3006
f 3006/3006 3070/3070 3071/3071 3007/3007
f 3007/3007 3071/3071 3072/3072 3008/3008
f 3009/3009 3073/3073 3074/3074 3010/3010
f 3010/3010 3074/3074 3075/3075 3011/3011
f 3011/3011 3075/3075 3076/3076 3012/3012
f 3012/3012 3076/3076 3077/3077 3013/3013
f 3013/3013 3077/3077 3078/3078 3014/3014
f 3014/3014 3078/3078 3079/3079 3015/3015
f 3015/3015 3079/3079 3080/3080 3016/3016
f 3016/3016 3080/3080 3081/3081 3017/3017
f 3017/3017 3081/3081 3082/3082 3018/3018
f 3018/3018 3082/3082 3083/3083 3019/3019
f 3019/3019 3083/3083 3084/3084 3020/3020
f 3020/3020 3084/3084 3085/3085 3021/3021
f 3021/3021 3085/3085 3086/3086 3022/3022
f 3022/3022 3086/3086 3087/3087 3023/3023
f 3023/3023 3087/3087 3088/3088 3024/3024
f 3024/3024 3088/3088 3089/3089 3025/3025
f 3025/3025 3089/3089 3090/3090 3026/3026
f 3026/3026 3090/3090 3091/3091 3027/3027
f 3027/3027 3091/3091 3092/3092 3028/3028
f 3028/3028 3092/3092 3093/3093 3029/3029
f 3029/3029 3093/3093 3094/3094 3030/3030
f 3030/3030 3094/3094 3095/3095 3031/3031
f 3031/3031 3095/3095 3096/3096 3032/3032
f 3032/3032 3096/3096 3097/3097 3033/3033
f 3033/3033 3097/3097 3098/3098 3034/3034
f 3034/3034 3098/3098 3099/3099 3035/3035
f 3035/3035 3099/3099 3100/3100 3036/3036
f 3036/3036 3100/3100 3101/3101 3037/3037
f 3037/3037 3101/3101 3102/3102 3038/3038
f 3038/3038 3102/3102 3103/3103 3039/3039
f 3039/3039 3103/3103 3104/3104 3040/3040
f 3040/3040 3104/3104 3105/3105 3041/3041
f 3041/3041 3105/3105 3106/3106 3042/3042
f 3042/3042 3106/3106 3107/3107 3043/3043
f 3043/3043 3107/3107 3108/3108 3044/3044
f 3044/3044 3108/3108 3109/3109 3045/3045
f 3045/3045 3109/3109 3110/3110 3046/3046
f 3046/3046 3110/3110 3111/3111 3047/3047
f 3047/3047 3111/3111 3112/3112 3048/3048
f 3048/3048 3112/3112 3113/3113 3049/3049
f 3049/3049 3113/3113 3114/3114 3050/3050
f 3050/3050 3114/3114 3115/3115 3051/3051
f 3051/3051 3115/3115 3116/3116 3052/3052
f 3052/3052 3116/3116 3117/3117 3053/3053
f 3053/3053 3117/3117 3118/3118 3054/3054
f 3054/3054 3118/3118 3119/3119 3055/3055
f 3055/3055 3119/3119 3120/3120 3056/3056
f 3056/3056 3120/3120 3121/3121 3057/3057
f 3057/3057 3121/3121 3122/3122 3058/3058
f 3058/3058 3122/3122 3123/3123 3059/3059
f 3059/3059 3123/3123 3124/3124 3060/3060
f 3060/3060 3124/3124 3125/3125 3061/3061
f 3061/3061 3125/3125 3126/3126 3062/3062
f 3062/3062 3126/3126 3127/3127 3063/3063
f 3063/3063 3127/3127 3128/3128 3064/3064
f 3064/3064 3128/3128 3129/3129 3065/3065
f 3065/3065 3129/3129 3130/3130 3066/3066
f 3066/3066 3130/3130 3131/3131 3067/3067
f 3067/3067 3131/3131 3132/3132 3068/3068
f 3068/3068 3132/3132 3133/3133 3069/3069
f 3069/3069 3133/3133 3134/3134 3070/3070
f 3070/3070 3134/3134 3135/3135 3071/3071
f 3071/3071 3135/3135 3136/3136 3072/3072
f 3073/3073 3137/3137 3138/3138 3074/3074
f 3074/3074 3138/3138 3139/3139 3075/3075
f 3075/3075 3139/3139 3140/3140 3076/3076
f 3076/3076 3140/3140 3141/3141 3077/3077
f 3077/3077 3141/3141 3142/3142 3078/3078
f 3078/3078 3142/3142 3143/3143 3079/3079
f 3079/3079 3143/3143 3144/3144 3080/3080
f 3080/3080 3144/3144 3145/3145 3081/3081
f 3081/3081 3145/3145 3146/3146 3082/3082
f 3082/3082 3146/3146 3147/3147 3083/3083
f 3083/3083 3147/3147 3148/3148 3084/3084
f 3084/3084 3148/3148 3149/3149 3085/3085
f 3085/3085 3149/3149 3150/3150 3086/3086
f 3086/3086 3150/3150 3151/3151 3087/3087
f 3087/3087 3151/3151 3152/3152 3088/3088
f 3088/3088 3152/3152 3153/3153 3089/3089
f 3089/3089 3153/3153 3154/3154 3090/3090
f 3090/3090 3154/3154 3155/3155 3091/3091
f 3091/3091 3155/3155 3156/3156 3092/3092
f 3092/3092 3156/3156 3157/3157 3093/3093
f 3093/3093 3157/3157 3158/3158 3094/3094
f 3094/3094 3158/3158 3159/3159 3095/3095
f 3095/3095 3159/3159 3160/3160 3096/3096
f 3096/3096 3160/3160 3161/3161 3097/3097
f 3097/3097 3161/3161 3162/3162 3098/3098
f 3098/3098 3162/3162 3163/3163 3099/3099
f 3099/3099 3163/3163 3164/3164 3100/3100
f 3100/3100 3164/3164 3165/3165 3101/3101
f 3101/3101 3165/3165 3166/3166 3102/3102
f 3102/3102 3166/3166 3167/3167 3103/3103
f 3103/3103 3167/3167 3168/3168 3104/3104
f 3104/3104 3168/3168 3169/3169 3105/3105
f 3105/3105 3169/3169 3170/3170 3106/3106
f 3106/3106 3170/3170 3171/3171 3107/3107
f 3107/3107 3171/3171 3172/3172 3108/3108
f 3108/3108 3172/3172 3173/3173 3109/3109
f 3109/3109 3173/3173 3174/3174 3110/3110
f 3110/3110 3174/3174 3175/3175 3111/3111
f 3111/3111 3175/3175 3176/3176 3112/3112
f 3112/3112 3176/3176 3177/3177 3113/3113
f 3113/3113 3177/3177 3178/3178 3114/3114
f 3114/3114 3178/3178 3179/3179 3115/3115
f 3115/3115 3179/3179 3180/3180 3116/3116
f 3116/3116 3180/3180 3181/3181 3117/3117
f 3117/3117 3181/3181 3182/3182 3118/3118
f 3118/3118 3182/3182 3183/3183 3119/3119
f 3119/3119 3183/3183 3184/3184 3120/3120
f 3120/3120 3184/3184 3185/3185 3121/3121
f 3121/3121 3185/3185 3186/3186 3122/3122
f 3122/3122 3186/3186 3187/3187 3123/3123
f 3123/3123 3187/3187 3188/3188 3124/3124
f 3124/3124 3188/3188 3189/3189 3125/3125
f 3125/3125 3189/3189 3190/3190 3126/3126
f 3126/3126 3190/3190 3191/3191 3127/3127
f 3127/3127 3191/3191 3192/3192 3128/3128
f 3128/3128 3192/3192 3193/3193 3129/3129
f 3129/3129 3193/3193 3194/3194 3130/3130
f 3130/3130 3194/3194 3195/3195 3131/3131
f 3131/3131 3195/3195 3196/3196 3132/3132
f 3132/3132 3196/3196 3197/3197 3133/3133
f 3133/3133 3197/3197 3198/3198 3134/3134
f 3134/3134 3198/3198 3199/3199 3135/3135
f 3135/3135 3199/3199 3200/3200 3136/3136
f 3137/3137 3201/3201 3202/3202 3138/3138
f 3138/3138 3202/3202 3203/3203 3139/3139
f 3139/3139 3203/3203 3204/3204 3140/3140
f 3140/3140 3204/3204 3205/3205 3141/3141
f 3141/3141 3205/3205 3206/3206 3142/3142
f 3142/3142 3206/3206 3207/3207 3143/3143
f 3143/3143 3207/3207 3208/3208 3144/3144
f 3144/3144 3208/3208 3209/3209 3145/3145
f 3145/3145 3209/3209 3210/3210 3146/3146
f 3146/3146 3210/3210 3211/3211 3147/3147
f 3147/3147 3211/3211 3212/3212 3148/3148
f 3148/3148 3212/3212 3213/3213 3149/3149
f 3149/3149 3213/3213 3214/3214 3150/3150
f 3150/3150 3214/3214 3215/3215 3151/3151
f 3151/3151 3215/3215 3216/3216 3152/3152
f 3152/3152 3216/3216 3217/3217 3153/3153
f 3153/3153 3217/3217 3218/3218 3154/3154
f 3154/3154 3218/3218 3219/3219 3155/3155
f 3155/3155 3219/3219 3220/3220 3156/3156
f 3156/3156 3220/3220 3221/3221 3157/3157
f 3157/3157 3221/3221 3222/3222 3158/3158
f 3158/3158 3222/3222 3223/3223 3159/3159
f 3159/3159 3223/3223 3224/3224 3160/3160
f 3160/3160 3224/3224 3225/3225 3161/3161
f 3161/3161 3225/3225 3226/3226 3162/3162
f 3162/3162 3226/3226 3227/3227 3163/3163
f 3163/3163 3227/3227 3228/3228 3164/3164
f 3164/3164 3228/3228 3229/3229 3165/3165
f 3165/3165 3229/3229 3230/3230 3166/3166
f 3166/3166 3230/3230 3231/3231 3167/3167
f 3167/3167 3231/3231 3232/3232 3168/3168
f 3168/3168 3232/3232 3233/3233 3169/3169
f 3169/3169 3233/3233 3234/3234 3170/3170
f 3170/3170 3234/3234 3235/3235 3171/3171
f 3171/3171 3235/3235 3236/3236 3172/3172
f 3172/3172 3236/3236 3237/3237 3173/3173
f 3173/3173 3237/3237 3238/3238 3174/3174
f 3174/3174 3238/3238 3239/3239 3175/3175
f 3175/3175 3239/3239 3240/3240 3176/3176
f 3176/3176 3240/3240 3241/3241 3177/3177
f 3177/3177 3241/3241 3242/3242 3178/3178
f 3178/3178 3242/3242 3243/3243 3179/3179
f 3179/3179 3243/3243 3244/3244 3180/3180
f 3180/3180 3244/3244 3245/3245 3181/3181
f 3181/3181 3245/3245 3246/3246 3182/3182
f 3182/3182 3246/3246 3247/3247 3183/3183
f 3183/3183 3247/3247 3248/3248 3184/3184
f 3184/3184 3248/3248 3249/3249 3185/3185
f 3185/3185 3249/3249 3250/3250 3186/3186
f 3186/3186 3250/3250 3251/3251 3187/3187
f 3187/3187 3251/3251 3252/3252 3188/3188
f 3188/3188 3252/3252 3253/3253 3189/3189
f 3189/3189 3253/3253 3254/3254 3190/3190
f 3190/3190 3254/3254 3255/3255 3191/3191
f 3191/3191 3255/3255 3256/3256 3192/3192
f 3192/3192 3256/3256 3257/3257 3193/3193
f 3193/3193 3257/3257 3258/3258 3194/3194
f 3194/3194 3258/3258 3259/3259 3195/3195
f 3195/3195 3259/3259 3260/3260 3196/3196
f 3196/3196 3260/3260 3261/3261 3197/3197
f 3197/3197 3261/3261 3262/3262 3198/3198
f 3198/3198 3262/3262 3263/3263 3199/3199
f 3199/3199 3263/3263 3264/3264 3200/3200
f 3201/3201 3265/3265 3266/3266 3202/3202
f 3202/3202 3266/3266 3267/3267 3203/3203
f 3203/3203 3267/3267 3268/3268 3204/3204
f 3204/3204 3268/3268 3269/3269 3205/3205
f 3205/3205 3269/3269 3270/3270 3206/3206
f 3206/3206 3270/3270 3271/3271 3207/3207
f 3207/3207 3271/3271 3272/3272 3208/3208
f 3208/3208 3272/3272 3273/3273 3209/3209
f 3209/3209 3273/3273 3274/3274 3210/3210
f 3210/3210 3274/3274 3275/3275 3211/3211
f 3211/3211 3275/3275 3276/3276 3212/3212
f 3212/3212 3276/3276 3277/3277 3213/3213
f 3213/3213 3277/3277 3278/3278 3214/3214
f 3214/3214 3278/3278 3279/3279 3215/3215
f 3215/3215 3279/3279 3280/3280 3216/3216
f 3216/3216 3280/3280 3281/3281 3217/3217
f 3217/3217 3281/3281 3282/3282 3218/3218
f 3218/3218 3282/3282 3283/3283 3219/3219
f 3219/3219 3283/3283 3284/3284 3220/3220
f 3220/3220 3284/3284 3285/3285 3221/3221
f 3221/3221 3285/3285 3286/3286 3222/3222
f 3222/3222 3286/3286 3287/3287 3223/3223
f 3223/3223 3287/3287 3288/3288 3224/3224
f 3224/3224 3288/3288 3289/3289 3225/3225
f 3225/3225 3289/3289 3290/3290 3226/3226
f 3226/3226 3290/3290 3291/3291 3227/3227
f 3227/3227 3291/3291 3292/3292 3228/3228
f 3228/3228 3292/3292 3293/3293 3229/3229
f 3229/3229 3293/3293 3294/3294 3230/3230
f 3230/3230 3294/3294 3295/3295 3231/3231
f 3231/3231 3295/3295 3296/3296 3232/3232
f 3232/3232 3296/3296 3297/3297 3233/3233
f 3233/3233 3297/3297 3298/3298 3234/3234
f 3234/3234 3298/3298 3299/3299 3235/3235
f 3235/3235 3299/3299 3300/3300 3236/3236
f 3236/3236 3300/3300 3301/3301 3237/3237
f 3237/3237 3301/3301 3302/3302 3238/3238
f 3238/3238 3302/3302 3303/3303 3239/3239
f 3239/3239 3303/3303 3304/3304 3240/3240
f 3240/3240 3304/3304 3305/3305 3241/3241
f 3241/3241 3305/3305 3306/3306 3242/3242
f 3242/3242 3306/3306 3307/3307 3243/3243
f 3243/3243 3307/3307 3308/3308 3244/3244
f 3244/3244 3308/3308 3309/3309 3245/3245
f 3245/3245 3309/3309 3310/3310 3246/3246
f 3246/3246 3310/3310 3311/3311 3247/3247
f 3247/3247 3311/3311 3312/3312 3248/3248
f 3248/3248 3312/3312 3313/3313 3249/3249
f 3249/3249 3313/3313 3314/3314 3250/3250
f 3250/3250 3314/3314 3315/3315 3251/3251
f 3251/3251 3315/3315 3316/3316 3252/3252
f 3252/3252 3316/3316 3317/3317 3253/3253
f 3253/3253 3317/3317 3318/3318 3254/3254
f 3254/3254 3318/3318 3319/3319 3255/3255
f 3255/3255 3319/3319 3320/3320 3256/3256
f 3256/3256 3320/3320 3321/3321 3257/3257
f 3257/3257 3321/3321 3322/3322 3258/3258
f 3258/3258 3322/3322 3323/3323 3259/3259
f 3259/3259 3323/3323 3324/3324 3260/3260
f 3260/3260 3324/3324 3325/3325 3261/3261
f 3261/3261 3325/3325 3326/3326 3262/3262
f 3262/3262 3326/3326 3327/3327 3263/3263
f 3263/3263 3327/3327 3328/3328 3264/3264
f 3265/3265 3329/3329 3330/3330 3266/3266
f 3266/3266 3330/3330 3331/3331 3267/3267
f 3267/3267 3331/3331 3332/3332 3268/3268
f 3268/3268 3332/3332 3333/3333 3269/3269
f 3269/3269 3333/3333 3334/3334 3270/3270
f 3270/3270 3334/3334 3335/3335 3271/3271
f 3271/3271 3335/3335 3336/3336 3272/3272
f 3272/3272 3336/3336 3337/3337 3273/3273
f 3273/3273 3337/3337 3338/3338 3274/3274
f 3274/3274 3338/3338 3339/3339 3275/3275
f 3275/3275 3339/3339 3340/3340 3276/3276
f 3276/3276 3340/3340 3341/3341 3277/3277
f 3277/3277 3341/3341 3342/3342 3278/3278
f 3278/3278 3342/3342 3343/3343 3279/3279
f 3279/3279 3343/3343 3344/3344 3280/3280
f 3280/3280 3344/3344 3345/3345 3281/3281
f 3281/3281 3345/3345 3346/3346 3282/3282
f 3282/3282 3346/3346 3347/3347 3283/3283
f 3283/3283 3347/3347 3348/3348 3284/3284
f 3284/3284 3348/3348 3349/3349 3285/3285
f 3285/3285 3349/3349 3350/3350 3286/3286
f 3286/3286 3350/3350 3351/3351 3287/3287
f 3287/3287 3351/3351 3352/3352 3288/3288
f 3288/3288 3352/3352 3353/3353 3289/3289
f 3289/3289 3353/3353 3354/3354 3290/3290
f 3290/3290 3354/3354 3355/3355 3291/3291
f 3291/3291 3355/3355 3356/3356 3292/3292
f 3292/3292 3356/3356 3357/3357 3293/3293
f 3293/3293 3357/3357 3358/3358 3294/3294
f 3294/3294 3358/3358 3359/3359 3295/3295
f 3295/3295 3359/3359 3360/3360 3296/3296
f 3296/3296 3360/3360 3361/3361 3297/3297
f 3297/3297 3361/3361 3362/3362 3298/3298
f 3298/3298 3362/3362 3363/3363 3299/3299
f 3299/3299 3363/3363 3364/3364 3300/3300
f 3300/3300 3364/3364 3365/3365 3301/3301
f 3301/3301 3365/3365 3366/3366 3302/3302
f 3302/3302 3366/3366 3367/3367 3303/3303
f 3303/3303 3367/3367 3368/3368 3304/3304
f 3304/3304 3368/3368 3369/3369 3305/3305
f 3305/3305 3369/3369 3370/3370 3306/3306
f 3306/3306 3370/3370 3371/3371 3307/3307
f 3307/3307 3371/3371 3372/3372 3308/3308
f 3308/3308 3372/3372 3373/3373 3309/3309
f 3309/3309 3373/3373 3374/3374 3310/3310
f 3310/3310 3374/3374 3375/3375 3311/3311
f 3311/3311 3375/3375 3376/3376 3312/3312
f 3312/3312 3376/3376 3377/3377 3313/3313
f 3313/3313 3377/3377 3378/3378 3314/3314
f 3314/3314 3378/3378 3379/3379 3315/3315
f 3315/3315 3379/3379 3380/3380 3316/3316
f 3316/3316 3380/3380 3381/3381 3317/3317
f 3317/3317 3381/3381 3382/3382 3318/3318
f 3318/3318 3382/3382 3383/3383 3319/3319
f 3319/3319 3383/3383 3384/3384 3320/3320
f 3320/3320 3384/3384 3385/3385 3321/3321
f 3321/3321 3385/3385 3386/3386 3322/3322
f 3322/3322 3386/3386 3387/3387 3323/3323
f 3323/3323 3387/3387 3388/3388 3324/3324
f 3324/3324 3388/3388 3389/3389 3325/3325
f 3325/3325 3389/3389 3390/3390 3326/3326
f 3326/3326 3390/3390 3391/3391 3327/3327
f 3327/3327 3391/3391 3392/3392 3328/3328
f 3329/3329 3393/3393 3394/3394 3330/3330
f 3330/3330 3394/3394 3395/3395 3331/3331
f 3331/3331 3395/3395 3396/3396 3332/3332
f 3332/3332 3396/3396 3397/3397 3333/3333
f 3333/3333 3397/3397 3398/3398 3334/3334
f 3334/3334 3398/3398 3399/3399 3335/3335
f 3335/3335 3399/3399 3400/3400 3336/3336
f 3336/3336 3400/3400 3401/3401 3337/3337
f 3337/3337 3401/3401 3402/3402 3338/3338
f 3338/3338 3402/3402 3403/3403 3339/3339
f 3339/3339 3403/3403 3404/3404 3340/3340
f 3340/3340 3404/3404 3405/3405 3341/3341
f 3341/3341 3405/3405 3406/3406 3342/3342
f 3342/3342 3406/3406 3407/3407 3343/3343
f 3343/3343 3407/3407 3408/3408 3344/3344
f 3344/3344 3408/3408 3409/3409 3345/3345
f 3345/3345 3409/3409 3410/3410 3346/3346
f 3346/3346 3410/3410 3411/3411 3347/3347
f 3347/3347 3411/3411 3412/3412 3348/3348
f 3348/3348 3412/3412 3413/3413 3349/3349
f 3349/3349 3413/3413 3414/3414 3350/3350
f 3350/3350 3414/3414 3415/3415 3351/3351
f 3351/3351 3415/3415 3416/3416 3352/3352
f 3352/3352 3416/3416 3417/3417 3353/3353
f 3353/3353 3417/3417 3418/3418 3354/3354
f 3354/3354 3418/3418 3419/3419 3355/3355
f 3355/3355 3419/3419 3420/3420 3356/3356
f 3356/3356 3420/3420 3421/3421 3357/3357
f 3357/3357 3421/3421 3422/3422 3358/3358
f 3358/3358 3422/3422 3423/3423 3359/3359
f 3359/3359 3423/3423 3424/3424 3360/3360
f 3360/3360 3424/3424 3425/3425 3361/3361
f 3361/3361 3425/3425 3426/3426 3362/3362
f 3362/3362 3426/3426 3427/3427 3363/3363
f 3363/3363 3427/3427 3428/3428 3364/3364
f 3364/3364 3428/3428 3429/3429 3365/3365
f 3365/3365 3429/3429 3430/3430 3366/3366
f 3366/3366 3430/3430 3431/3431 3367/3367
f 3367/3367 3431/3431 3432/3432 3368/3368
f 3368/3368 3432/3432 3433/3433 3369/3369
f 3369/3369 3433/3433 3434/3434 3370/3370
f 3370/3370 3434/3434 3435/3435 3371/3371
f 3371/3371 3435/3435 3436/3436 3372/3372
f 3372/3372 3436/3436 3437/3437 3373/3373
f 3373/3373 3437/3437 3438/3438 3374/3374
f 3374/3374 3438/3438 3439/3439 3375/3375
f 3375/3375 3439/3439 3440/3440 3376/3376
f 3376/3376 3440/3440 3441/3441 3377/3377
f 3377/3377 3441/3441 3442/3442 3378/3378
f 3378/3378 3442/3442 3443/3443 3379/3379
f 3379/3379 3443/3443 3444/3444 3380/3380
f 3380/3380 3444/3444 3445/3445 3381/3381
f 3381/3381 3445/3445 3446/3446 3382/3382
f 3382/3382 3446/3446 3447/3447 3383/3383
f 3383/3383 3447/3447 3448/3448 3384/3384
f 3384/3384 3448/3448 3449/3449 3385/3385
f 3385/3385 3449/3449 3450/3450 3386/3386
f 3386/3386 3450/3450 3451/3451 3387/3387
f 3387/3387 3451/3451 3452/3452 3388/3388
f 3388/3388 3452/3452 3453/3453 3389/3389
f 3389/3389 3453/3453 3454/3454 3390/3390
f 3390/3390 3454/3454 3455/3455 3391/3391
f 3391/3391 3455/3455 3456/3456 3392/3392
f 3393/3393 3457/3457 3458/3458 3394/3394
f 3394/3394 3458/3458 3459/3459 3395/3395
f 3395/3395 3459/3459 3460/3460 3396/3396
f 3396/3396 3460/3460 3461/3461 3397/3397
f 3397/3397 3461/3461 3462/3462 3398/3398
f 3398/3398 3462/3462 3463/3463 3399/3399
f 3399/3399 3463/3463 3464/3464 3400/3400
f 3400/3400 3464/3464 3465/3465 3401/3401
f 3401/3401 3465/3465 3466/3466 3402/3402
f 3402/3402 3466/3466 3467/3467 3403/3403
f 3403/3403 3467/3467 3468/3468 3404/3404
f 3404/3404 3468/3468 3469/3469 3405/3405
f 3405/3405 3469/3469 3470/3470 3406/3406
f 3406/3406 3470/3470 3471/3471 3407/3407
f 3407/3407 3471/3471 3472/3472 3408/3408
f 3408/3408 3472/3472 3473/3473 3409/3409
f 3409/3409 3473/3473 3474/3474 3410/3410
f 3410/3410 3474/3474 3475/3475 3411/3411
f 3411/3411 3475/3475 3476/3476 3412/3412
f 3412/3412 3476/3476 3477/3477 3413/3413
f 3413/3413 3477/3477 3478/3478 3414/3414
f 3414/3414 3478/3478 3479/3479 3415/3415
f 3415/3415 3479/3479 3480/3480 3416/3416
f 3416/3416 3480/3480 3481/3481 3417/3417
f 3417/3417 3481/3481 3482/3482 3418/3418
f 3418/3418 3482/3482 3483/3483 3419/3419
f 3419/3419 3483/3483 3484/3484 3420/3420
f 3420/3420 3484/3484 3485/3485 3421/3421
f 3421/3421 3485/3485 3486/3486 3422/3422
f 3422/3422 3486/3486 3487/3487 3423/3423
f 3423/3423 3487/3487 3488/3488 3424/3424
f 3424/3424 3488/3488 3489/3489 3425/3425
f 3425/3425 3489/3489 3490/3490 3426/3426
f 3426/3426 3490/3490 3491/3491 3427/3427
f 3427/3427 3491/3491 3492/3492 3428/3428
f 3428/3428 3492/3492 3493/3493 3429/3429
f 3429/3429 3493/3493 3494/3494 3430/3430
f 3430/3430 3494/3494 3495/3495 3431/3431
f 3431/3431 3495/3495 3496/3496 3432/3432
f 3432/3432 3496/3496 3497/3497 3433/3433
f 3433/3433 3497/3497 3498/3498 3434/3434
f 3434/3434 3498/3498 3499/3499 3435/3435
f 3435/3435 3499/3499 3500/3500 3436/3436
f 3436/3436 3500/3500 3501/3501 3437/3437
f 3437/3437 3501/3501 3502/3502 3438/3438
f 3438/3438 3502/3502 3503/3503 3439/3439
f 3439/3439 3503/3503 3504/3504 3440/3440
f 3440/3440 3504/3504 3505/3505 3441/3441
f 3441/3441 3505/3505 3506/3506 3442/3442
f 3442/3442 3506/3506 3507/3507 3443/3443
f 3443/3443 3507/3507 3508/3508 3444/3444
f 3444/3444 3508/3508 3509/3509 3445/3445
f 3445/3445 3509/3509 3510/3510 3446/3446
f 3446/3446 3510/3510 3511/3511 3447/3447
f 3447/3447 3511/3511 3512/3512 3448/3448
f 3448/3448 3512/3512 3513/3513 3449/3449
f 3449/3449 3513/3513 3514/3514 3450/3450
f 3450/3450 3514/3514 3515/3515 3451/3451
f 3451/3451 3515/3515 3516/3516 3452/3452
f 3452/3452 3516/3516 3517/3517 3453/3453
f 3453/3453 3517/3517 3518/3518 3454/3454
f 3454/3454 3518/3518 3519/3519 3455/3455
f 3455/3455 3519/3519 3520/3520 3456/3456
f 3457/3457 3521/3521 3522/3522 3458/3458
f 3458/3458 3522/3522 3523/3523 3459/3459
f 3459/3459 3523/3523 3524/3524 3460/3460
f 3460/3460 3524/3524 3525/3525 3461/3461
f 3461/3461 3525/3525 3526/3526 3462/3462
f 3462/3462 3526/3526 3527/3527 3463/3463
f 3463/3463 3527/3527 3528/3528 3464/3464
f 3464/3464 3528/3528 3529/3529 3465/3465
f 3465/3465 3529/3529 3530/3530 3466/3466
f 3466/3466 3530/3530 3531/3531 3467/3467
f 3467/3467 3531/3531 3532/3532 3468/3468
f 3468/3468 3532/3532 3533/3533 3469/3469
f 3469/3469 3533/3533 3534/3534 3470/3470
f 3470/3470 3534/3534 3535/3535 3471/3471
f 3471/3471 3535/3535 3536/3536 3472/3472
f 3472/3472 3536/3536 3537/3537 3473/3473
f 3473/3473 3537/3537 3538/3538 3474/3474
f 3474/3474 3538/3538 3539/3539 3475/3475
f 3475/3475 3539/3539 3540/3540 3476/3476
f 3476/3476 3540/3540 3541/3541 3477/3477
f 3477/3477 3541/3541 3542/3542 3478/3478
f 3478/3478 3542/3542 3543/3543 3479/3479
f 3479/3479 3543/3543 3544/3544 3480/3480
f 3480/3480 3544/3544 3545/3545 3481/3481
f 3481/3481 3545/3545 3546/3546 3482/3482
f 3482/3482 3546/3546 3547/3547 3483/3483
f 3483/3483 3547/3547 3548/3548 3484/3484
f 3484/3484 3548/3548 3549/3549 3485/3485
f 3485/3485 3549/3549 3550/3550 3486/3486
f 3486/3486 3550/3550 3551/3551 3487/3487
f 3487/3487 3551/3551 3552/3552 3488/3488
f 3488/3488 3552/3552 3553/3553 3489/3489
f 3489/3489 3553/3553 3554/3554 3490/3490
f 3490/3490 3554/3554 3555/3555 3491/3491
f 3491/3491 3555/3555 3556/3556 3492/3492
f 3492/3492 3556/3556 3557/3557 3493/3493
f 3493/3493 3557/3557 3558/3558 3494/3494
f 3494/3494 3558/3558 3559/3559 3495/3495
f 3495/3495 3559/3559 3560/3560 3496/3496
f 3496/3496 3560/3560 3561/3561 3497/3497
f 3497/3497 3561/3561 3562/3562 3498/3498
f 3498/3498 3562/3562 3563/3563 3499/3499
f 3499/3499 3563/3563 3564/3564 3500/3500
f 3500/3500 3564/3564 3565/3565 3501/3501
f 3501/3501 3565/3565 3566/3566 3502/3502
f 3502/3502 3566/3566 3567/3567 3503/3503
f 3503/3503 3567/3567 3568/3568 3504/3504
f 3504/3504 3568/3568 3569/3569 3505/3505
f 3505/3505 3569/3569 3570/3570 3506/3506
f 3506/3506 3570/3570 3571/3571 3507/3507
f 3507/3507 3571/3571 3572/3572 3508/3508
f 3508/3508 3572/3572 3573/3573 3509/3509
f 3509/3509 3573/3573 3574/3574 3510/3510
f 3510/3510 3574/3574 3575/3575 3511/3511
f 3511/3511 3575/3575 3576/3576 3512/3512
f 3512/3512 3576/3576 3577/3577 3513/3513
f 3513/3513 3577/3577 3578/3578 3514/3514
f 3514/3514 3578/3578 3579/3579 3515/3515
f 3515/3515 3579/3579 3580/3580 3516/3516
f 3516/3516 3580/3580 3581/3581 3517/3517
f 3517/3517 3581/3581 3582/3582 3518/3518
f 3518/3518 3582/3582 3583/3583 3519/3519
f 3519/3519 3583/3583 3584/3584 3520/3520
f 3521/3521 3585/3585 3586/3586 3522/3522
f 3522/3522 3586/3586 3587/3587 3523/3523
f 3523/3523 3587/3587 3588/3588 3524/3524
f 3524/3524 3588/3588 3589/3589 3525/3525
f 3525/3525 3589/3589 3590/3590 3526/3526
f 3526/3526 3590/3590 3591/3591 3527/3527
f 3527/3527 3591/3591 3592/3592 3528/3528
f 3528/3528 3592/3592 3593/3593 3529/3529
f 3529/3529 3593/3593 3594/3594 3530/3530
f 3530/3530 3594/3594 3595/3595 3531/3531
f 3531/3531 3595/3595 3596/3596 3532/3532
f 3532/3532 3596/3596 3597/3597 3533/3533
f 3533/3533 3597/3597 3598/3598 3534/3534
f 3534/3534 3598/3598 3599/3599 3535/3535
f 3535/3535 3599/3599 3600/3600 3536/3536
f 3536/3536 3600/3600 3601/3601 3537/3537
f 3537/3537 3601/3601 3602/3602 3538/3538
f 3538/3538 3602/3602 3603/3603 3539/3539
f 3539/3539 3603/3603 3604/3604 3540/3540
f 3540/3540 3604/3604 3605/3605 3541/3541
f 3541/3541 3605/3605 3606/3606 3542/3542
f 3542/3542 3606/3606 3607/3607 3543/3543
f 3543/3543 3607/3607 3608/3608 3544/3544
f 3544/3544 3608/3608 3609/3609 3545/3545
f 3545/3545 3609/3609 3610/3610 3546/3546
f 3546/3546 3610/3610 3611/3611 3547/3547
f 3547/3547 3611/3611 3612/3612 3548/3548
f 3548/3548 3612/3612 3613/3613 3549/3549
f 3549/3549 3613/3613 3614/3614 3550/3550
f 3550/3550 3614/3614 3615/3615 3551/3551
f 3551/3551 3615/3615 3616/3616 3552/3552
f 3552/3552 3616/3616 3617/3617 3553/3553
f 3553/3553 3617/3617 3618/3618 3554/3554
f 3554/3554 3618/3618 3619/3619 3555/3555
f 3555/3555 3619/3619 3620/3620 3556/3556
f 3556/3556 3620/3620 3621/3621 3557/3557
f 3557/3557 3621/3621 3622/3622 3558/3558
f 3558/3558 3622/3622 3623/3623 3559/3559
f 3559/3559 3623/3623 3624/3624 3560/3560
f 3560/3560 3624/3624 3625/3625 3561/3561
f 3561/3561 3625/3625 3626/3626 3562/3562
f 3562/3562 3626/3626 3627/3627 3563/3563
f 3563/3563 3627/3627 3628/3628 3564/3564
f 3564/3564 3628/3628 3629/3629 3565/3565
f 3565/3565 3629/3629 3630/3630 3566/3566
f 3566/3566 3630/3630 3631/3631 3567/3567
f 3567/3567 3631/3631 3632/3632 3568/3568
f 3568/3568 3632/3632 3633/3633 3569/3569
f 3569/3569 3633/3633 3634/3634 3570/3570
f 3570/3570 3634/3634 3635/3635 3571/3571
f 3571/3571 3635/3635 3636/3636 3572/3572
f 3572/3572 3636/3636 3637/3637 3573/3573
f 3573/3573 3637/3637 3638/3638 3574/3574
f 3574/3574 3638/3638 3639/3639 3575/3575
f 3575/3575 3639/3639 3640/3640 3576/3576
f 3576/3576 3640/3640 3641/3641 3577/3577
f 3577/3577 3641/3641 3642/3642 3578/3578
f 3578/3578 3642/3642 3643/3643 3579/3579
f 3579/3579 3643/3643 3644/3644 3580/3580
f 3580/3580 3644/3644 3645/3645 3581/3581
f 3581/3581 3645/3645 3646/3646 3582/3582
f 3582/3582 3646/3646 3647/3647 3583/3583
f 3583/3583 3647/3647 3648/3648 3584/3584
f 3585/3585 3649/3649 3650/3650 3586/3586
f 3586/3586 3650/3650 3651/3651 3587/3587
f 3587/3587 3651/3651 3652/3652 3588/3588
f 3588/3588 3652/3652 3653/3653 3589/3589
f 3589/3589 3653/3653 3654/3654 3590/3590
f 3590/3590 3654/3654 3655/3655 3591/3591
f 3591/3591 3655/3655 3656/3656 3592/3592
f 3592/3592 3656/3656 3657/3657 3593/3593
f 3593/3593 3657/3657 3658/3658 3594/3594
f 3594/3594 3658/3658 3659/3659 3595/3595
f 3595/3595 3659/3659 3660/3660 3596/3596
f 3596/3596 3660/3660 3661/3661 3597/3597
f 3597/3597 3661/3661 3662/3662 3598/3598
f 3598/3598 3662/3662 3663/3663 3599/3599
f 3599/3599 3663/3663 3664/3664 3600/3600
f 3600/3600 3664/3664 3665/3665 3601/3601
f 3601/3601 3665/3665 3666/3666 3602/3602
f 3602/3602 3666/3666 3667/3667 3603/3603
f 3603/3603 3667/3667 3668/3668 3604/3604
f 3604/3604 3668/3668 3669/3669 3605/3605
f 3605/3605 3669/3669 3670/3670 3606/3606
f 3606/3606 3670/3670 3671/3671 3607/3607
f 3607/3607 3671/3671 3672/3672 3608/3608
f 3608/3608 3672/3672 3673/3673 3609/3609
f 3609/3609 3673/3673 3674/3674 3610/3610
f 3610/3610 3674/3674 3675/3675 3611/3611
f 3611/3611 3675/3675 3676/3676 3612/3612
f 3612/3612 3676/3676 3677/3677 3613/3613
f 3613/3613 3677/3677 3678/3678 3614/3614
f 3614/3614 3678/3678 3679/3679 3615/3615
f 3615/3615 3679/3679 3680/3680 3616/3616
f 3616/3616 3680/3680 3681/3681 3617/3617
f 3617/3617 3681/3681 3682/3682 3618/3618
f 3618/3618 3682/3682 3683/3683 3619/3619
f 3619/3619 3683/3683 3684/3684 3620/3620
f 3620/3620 3684/3684 3685/3685 3621/3621
f 3621/3621 3685/3685 3686/3686 3622/3622
f 3622/3622 3686/3686 3687/3687 3623/3623
f 3623/3623 3687/3687 3688/3688 3624/3624
f 3624/3624 3688/3688 3689/3689 3625/3625
f 3625/3625 3689/3689 3690/3690 3626/3626
f 3626/3626 3690/3690 3691/3691 3627/3627
f 3627/3627 3691/3691 3692/3692 3628/3628
f 3628/3628 3692/3692 3693/3693 3629/3629
f 3629/3629 3693/3693 3694/3694 3630/3630
f 3630/3630 3694/3694 3695/3695 3631/3631
f 3631/3631 3695/3695 3696/3696 3632/3632
f 3632/3632 3696/3696 3697/3697 3633/3633
f 3633/3633 3697/3697 3698/3698 3634/3634
f 3634/3634 3698/3698 3699/3699 3635/3635
f 3635/3635 3699/3699 3700/3700 3636/3636
f 3636/3636 3700/3700 3701/3701 3637/3637
f 3637/3637 3701/3701 3702/3702 3638/3638
f 3638/3638 3702/3702 3703/3703 3639/3639
f 3639/3639 3703/3703 3704/3704 3640/3640
f 3640/3640 3704/3704 3705/3705 3641/3641
f 3641/3641 3705/3705 3706/3706 3642/3642
f 3642/3642 3706/3706 3707/3707 3643/3643
f 3643/3643 3707/3707 3708/3708 3644/3644
f 3644/3644 3708/3708 3709/3709 3645/3645
f 3645/3645 3709/3709 3710/3710 3646/3646
f 3646/3646 3710/3710 3711/3711 3647/3647
f 3647/3647 3711/3711 3712/3712 3648/3648
f 3649/3649 3713/3713 3714/3714 3650/3650
f 3650/3650 3714/3714 3715/3715 3651/3651
f 3651/3651 3715/3715 3716/3716 3652/3652
f 3652/3652 3716/3716 3717/3717 3653/3653
f 3653/3653 3717/3717 3718/3718 3654/3654
f 3654/3654 3718/3718 3719/3719 3655/3655
f 3655/3655 3719/3719 3720/3720 3656/3656
f 3656/3656 3720/3720 3721/3721 3657/3657
f 3657/3657 3721/3721 3722/3722 3658/3658
f 3658/3658 3722/3722 3723/3723 3659/3659
f 3659/3659 3723/3723 3724/3724 3660/3660
f 3660/3660 3724/3724 3725/3725 3661/3661
f 3661/3661 3725/3725 3726/3726 3662/3662
f 3662/3662 3726/3726 3727/3727 3663/3663
f 3663/3663 3727/3727 3728/3728 3664/3664
f 3664/3664 3728/3728 3729/3729 3665/3665
f 3665/3665 3729/3729 3730/3730 3666/3666
f 3666/3666 3730/3730 3731/3731 3667/3667
f 3667/3667 3731/3731 3732/3732 3668/3668
f 3668/3668 3732/3732 3733/3733 3669/3669
f 3669/3669 3733/3733 3734/3734 3670/3670
f 3670/3670 3734/3734 3735/3735 3671/3671
f 3671/3671 3735/3735 3736/3736 3672/3672
f 3672/3672 3736/3736 3737/3737 3673/3673
f 3673/3673 3737/3737 3738/3738 3674/3674
f 3674/3674 3738/3738 3739/3739 3675/3675
f 3675/3675 3739/3739 3740/3740 3676/3676
f 3676/3676 3740/3740 3741/3741 3677/3677
f 3677/3677 3741/3741 3742/3742 3678/3678
f 3678/3678 3742/3742 3743/3743 3679/3679
f 3679/3679 3743/3743 3744/3744 3680/3680
f 3680/3680 3744/3744 3745/3745 3681/3681
f 3681/3681 3745/3745 3746/3746 3682/3682
f 3682/3682 3746/3746 3747/3747 3683/3683
f 3683/3683 3747/3747 3748/3748 3684/3684
f 3684/3684 3748/3748 3749/3749 3685/3685
f 3685/3685 3749/3749 3750/3750 3686/3686
f 3686/3686 3750/3750 3751/3751 3687/3687
f 3687/3687 3751/3751 3752/3752 3688/3688
f 3688/3688 3752/3752 3753/3753 3689/3689
f 3689/3689 3753/3753 3754/3754 3690/3690
f 3690/3690 3754/3754 3755/3755 3691/3691
f 3691/3691 3755/3755 3756/3756 3692/3692
f 3692/3692 3756/3756 3757/3757 3693/3693
f 3693/3693 3757/3757 3758/3758 3694/3694
f 3694/3694 3758/3758 3759/3759 3695/3695
f 3695/3695 3759/3759 3760/3760 3696/3696
f 3696/3696 3760/3760 3761/3761 3697/3697
f 3697/3697 3761/3761 3762/3762 3698/3698
f 3698/3698 3762/3762 3763/3763 3699/3699
f 3699/3699 3763/3763 3764/3764 3700/3700
f 3700/3700 3764/3764 3765/3765 3701/3701
f 3701/3701 3765/3765 3766/3766 3702/3702
f 3702/3702 3766/3766 3767/3767 3703/3703
f 3703/3703 3767/3767 3768/3768 3704/3704
f 3704/3704 3768/3768 3769/3769 3705/3705
f 3705/3705 3769/3769 3770/3770 3706/3706
f 3706/3706 3770/3770 3771/3771 3707/3707
f 3707/3707 3771/3771 3772/3772 3708/3708
f 3708/3708 3772/3772 3773/3773 3709/3709
f 3709/3709 3773/3773 3774/3774 3710/3710
f 3710/3710 3774/3774 3775/3775 3711/3711
f 3711/3711 3775/3775 3776/3776 3712/3712
f 3713/3713 3777/3777 3778/3778 3714/3714
f 3714/3714 3778/3778 3779/3779 3715/3715
f 3715/3715 3779/3779 3780/3780 3716/3716
f 3716/3716 3780/3780 3781/3781 3717/3717
f 3717/3717 3781/3781 3782/3782 3718/3718
f 3718/3718 3782/3782 3783/3783 3719/3719
f 3719/3719 3783/3783 3784/3784 3720/3720
f 3720/3720 3784/3784 3785/3785 3721/3721
f 3721/3721 3785/3785 3786/3786 3722/3722
f 3722/3722 3786/3786 3787/3787 3723/3723
f 3723/3723 3787/3787 3788/3788 3724/3724
f 3724/3724 3788/3788 3789/3789 3725/3725
f 3725/3725 3789/3789 3790/3790 3726/3726
f 3726/3726 3790/3790 3791/3791 3727/3727
f 3727/3727 3791/3791 3792/3792 3728/3728
f 3728/3728 3792/3792 3793/3793 3729/3729
f 3729/3729 3793/3793 3794/3794 3730/3730
f 3730/3730 3794/3794 3795/3795 3731/3731
f 3731/3731 3795/3795 3796/3796 3732/3732
f 3732/3732 3796/3796 3797/3797 3733/3733
f 3733/3733 3797/3797 3798/3798 3734/3734
f 3734/3734 3798/3798 3799/3799 3735/3735
f 3735/3735 3799/3799 3800/3800 3736/3736
f 3736/3736 3800/3800 3801/3801 3737/3737
f 3737/3737 3801/3801 3802/3802 3738/3738
f 3738/3738 3802/3802 3803/3803 3739/3739
f 3739/3739 3803/3803 3804/3804 3740/3740
f 3740/3740 3804/3804 3805/3805 3741/3741
f 3741/3741 3805/3805 3806/3806 3742/3742
f 3742/3742 3806/3806 3807/3807 3743/3743
f 3743/3743 3807/3807 3808/3808 3744/3744
f 3744/3744 3808/3808 3809/3809 3745/3745
f 3745/3745 3809/3809 3810/3810 3746/3746
f 3746/3746 3810/3810 3811/3811 3747/3747
f 3747/3747 3811/3811 3812/3812 3748/3748
f 3748/3748 3812/3812 3813/3813 3749/3749
f 3749/3749 3813/3813 3814/3814 3750/3750
f 3750/3750 3814/3814 3815/3815 3751/3751
f 3751/3751 3815/3815 3816/3816 3752/3752
f 3752/3752 3816/3816 3817/3817 3753/3753
f 3753/3753 3817/3817 3818/3818 3754/3754
f 3754/3754 3818/3818 3819/3819 3755/3755
f 3755/3755 3819/3819 3820/3820 3756/3756
f 3756/3756 3820/3820 3821/3821 3757/3757
f 3757/3757 3821/3821 3822/3822 3758/3758
f 3758/3758 3822/3822 3823/3823 3759/3759
f 3759/3759 3823/3823 3824/3824 3760/3760
f 3760/3760 3824/3824 3825/3825 3761/3761
f 3761/3761 3825/3825 3826/3826 3762/3762
f 3762/3762 3826/3826 3827/3827 3763/3763
f 3763/3763 3827/3827 3828/3828 3764/3764
f 3764/3764 3828/3828 3829/3829 3765/3765
f 3765/3765 3829/3829 3830/3830 3766/3766
f 3766/3766 3830/3830 3831/3831 3767/3767
f 3767/3767 3831/3831 3832/3832 3768/3768
f 3768/3768 3832/3832 3833/3833 3769/3769
f 3769/3769 3833/3833 3834/3834 3770/3770
f 3770/3770 3834/3834 3835/3835 3771/3771
f 3771/3771 3835/3835 3836/3836 3772/3772
f 3772/3772 3836/3836 3837/3837 3773/3773
f 3773/3773 3837/3837 3838/3838 3774/3774
f 3774/3774 3838/3838 3839/3839 3775/3775
f 3775/3775 3839/3839 3840/3840 3776/3776
f 3777/3777 3841/3841 3842/3842 3778/3778
f 3778/3778 3842/3842 3843/3843 3779/3779
f 3779/3779 3843/3843 3844/3844 3780/3780
f 3780/3780 3844/3844 3845/3845 3781/3781
f 3781/3781 3845/3845 3846/3846 3782/3782
f 3782/3782 3846/3846 3847/3847 3783/3783
f 3783/3783 3847/3847 3848/3848 3784/3784
f 3784/3784 3848/3848 3849/3849 3785/3785
f 3785/3785 3849/3849 3850/3850 3786/3786
f 3786/3786 3850/3850 3851/3851 3787/3787
f 3787/3787 3851/3851 3852/3852 3788/3788
f 3788/3788 3852/3852 3853/3853 3789/3789
f 3789/3789 3853/3853 3854/3854 3790/3790
f 3790/3790 3854/3854 3855/3855 3791/3791
f 3791/3791 3855/3855 3856/3856 3792/3792
f 3792/3792 3856/3856 3857/3857 3793/3793
f 3793/3793 3857/3857 3858/3858 3794/3794
f 3794/3794 3858/3858 3859/3859 3795/3795
f 3795/3795 3859/3859 3860/3860 3796/3796
f 3796/3796 3860/3860 3861/3861 3797/3797
f 3797/3797 3861/3861 3862/3862 3798/3798
f 3798/3798 3862/3862 3863/3863 3799/3799
f 3799/3799 3863/3863 3864/3864 3800/3800
f 3800/3800 3864/3864 3865/3865 3801/3801
f 3801/3801 3865/3865 3866/3866 3802/3802
f 3802/3802 3866/3866 3867/3867 3803/3803
f 3803/3803 3867/3867 3868/3868 3804/3804
f 3804/3804 3868/3868 3869/3869 3805/3805
f 3805/3805 3869/3869 3870/3870 3806/3806
f 3806/3806 3870/3870 3871/3871 3807/3807
f 3807/3807 3871/3871 3872/3872 3808/3808
f 3808/3808 3872/3872 3873/3873 3809/3809
f 3809/3809 3873/3873 3874/3874 3810/3810
f 3810/3810 3874/3874 3875/3875 3811/3811
f 3811/3811 3875/3875 3876/3876 3812/3812
f 3812/3812 3876/3876 3877/3877 3813/3813
f 3813/3813 3877/3877 3878/3878 3814/3814
f 3814/3814 3878/3878 3879/3879 3815/3815
f 3815/3815 3879/3879 3880/3880 3816/3816
f 3816/3816 3880/3880 3881/3881 3817/3817
f 3817/3817 3881/3881 3882/3882 3818/3818
f 3818/3818 3882/3882 3883/3883 3819/3819
f 3819/3819 3883/3883 3884/3884 3820/3820
f 3820/3820 3884/3884 3885/3885 3821/3821
f 3821/3821 3885/3885 3886/3886 3822/3822
f 3822/3822 3886/3886 3887/3887 3823/3823
f 3823/3823 3887/3887 3888/3888 3824/3824
f 3824/3824 3888/3888 3889/3889 3825/3825
f 3825/3825 3889/3889 3890/3890 3826/3826
f 3826/3826 3890/3890 3891/3891 3827/3827
f 3827/3827 3891/3891 3892/3892 3828/3828
f 3828/3828 3892/3892 3893/3893 3829/3829
f 3829/3829 3893/3893 3894/3894 3830/3830
f 3830/3830 3894/3894 3895/3895 3831/3831
f 3831/3831 3895/3895 3896/3896 3832/3832
f 3832/3832 3896/3896 3897/3897 3833/3833
f 3833/3833 3897/3897 3898/3898 3834/3834
f 3834/3834 3898/3898 3899/3899 3835/3835
f 3835/3835 3899/3899 3900/3900 3836/3836
f 3836/3836 3900/3900 3901/3901 3837/3837
f 3837/3837 3901/3901 3902/3902 3838/3838
f 3838/3838 3902/3902 3903/3903 3839/3839
f 3839/3839 3903/3903 3904/3904 3840/3840
f 3841/3841 3905/3905 3906/3906 3842/3842
f 3842/3842 3906/3906 3907/3907 3843/3843
f 3843/3843 3907/3907 3908/3908 3844/3844
f 3844/3844 3908/3908 3909/3909 3845/3845
f 3845/3845 3909/3909 3910/3910 3846/3846
f 3846/3846 3910/3910 3911/3911 3847/3847
f 3847/3847 3911/3911 3912/3912 3848/3848
f 3848/3848 3912/3912 3913/3913 3849/3849
f 3849/3849 3913/3913 3914/3914 3850/3850
f 3850/3850 3914/3914 3915/3915 3851/3851
f 3851/3851 3915/3915 3916/3916 3852/3852
f 3852/3852 3916/3916 3917/3917 3853/3853
f 3853/3853 3917/3917 3918/3918 3854/3854
f 3854/3854 3918/3918 3919/3919 3855/3855
f 3855/3855 3919/3919 3920/3920 3856/3856
f 3856/3856 3920/3920 3921/3921 3857/3857
f 3857/3857 3921/3921 3922/3922 3858/3858
f 3858/3858 3922/3922 3923/3923 3859/3859
f 3859/3859 3923/3923 3924/3924 3860/3860
f 3860/3860 3924/3924 3925/3925 3861/3861
f 3861/3861 3925/3925 3926/3926 3862/3862
f 3862/3862 3926/3926 3927/3927 3863/3863
f 3863/3863 3927/3927 3928/3928 3864/3864
f 3864/3864 3928/3928 3929/3929 3865/3865
f 3865/3865 3929/3929 3930/3930 3866/3866
f 3866/3866 3930/3930 3931/3931 3867/3867
f 3867/3867 3931/3931 3932/3932 3868/3868
f 3868/3868 3932/3932 3933/3933 3869/3869
f 3869/3869 3933/3933 3934/3934 3870/3870
f 3870/3870 3934/3934 3935/3935 3871/3871
f 3871/3871 3935/3935 3936/3936 3872/3872
f 3872/3872 3936/3936 3937/3937 3873/3873
f 3873/3873 3937/3937 3938/3938 3874/3874
f 3874/3874 3938/3938 3939/3939 3875/3875
f 3875/3875 3939/3939 3940/3940 3876/3876
f 3876/3876 3940/3940 3941/3941 3877/3877
f 3877/3877 3941/3941 3942/3942 3878/3878
f 3878/3878 3942/3942 3943/3943 3879/3879
f 3879/3879 3943/3943 3944/3944 3880/3880
f 3880/3880 3944/3944 3945/3945 3881/3881
f 3881/3881 3945/3945 3946/3946 3882/3882
f 3882/3882 3946/3946 3947/3947 3883/3883
f 3883/3883 3947/3947 3948/3948 3884/3884
f 3884/3884 3948/3948 3949/3949 3885/3885
f 3885/3885 3949/3949 3950/3950 3886/3886
f 3886/3886 3950/3950 3951/3951 3887/3887
f 3887/3887 3951/3951 3952/3952 3888/3888
f 3888/3888 3952/3952 3953/3953 3889/3889
f 3889/3889 3953/3953 3954/3954 3890/3890
f 3890/3890 3954/3954 3955/3955 3891/3891
f 3891/3891 3955/3955 3956/3956 3892/3892
f 3892/3892 3956/3956 3957/3957 3893/3893
f 3893/3893 3957/3957 3958/3958 3894/3894
f 3894/3894 3958/3958 3959/3959 3895/3895
f 3895/3895 3959/3959 3960/3960 3896/3896
f 3896/3896 3960/3960 3961/3961 3897/3897
f 3897/3897 3961/3961 3962/3962 3898/3898
f 3898/3898 3962/3962 3963/3963 3899/3899
f 3899/3899 3963/3963 3964/3964 3900/3900
f 3900/3900 3964/3964 3965/3965 3901/3901
f 3901/3901 3965/3965 3966/3966 3902/3902
f 3902/3902 3966/3966 3967/3967 3903/3903
f 3903/3903 3967/3967 3968/3968 3904/3904
f 3905/3905 3969/3969 3970/3970 3906/3906
f 3906/3906 3970/3970 3971/3971 3907/3907
f 3907/3907 3971/3971 3972/3972 3908/3908
f 3908/3908 3972/3972 3973/3973 3909/3909
f 3909/3909 3973/3973 3974/3974 3910/3910
f 3910/3910 3974/3974 3975/3975 3911/3911
f 3911/3911 3975/3975 3976/3976 3912/3912
f 3912/3912 3976/3976 3977/3977 3913/3913
f 3913/3913 3977/3977 3978/3978 3914/3914
f 3914/3914 3978/3978 3979/3979 3915/3915
f 3915/3915 3979/3979 3980/3980 3916/3916
f 3916/3916 3980/3980 3981/3981 3917/3917
f 3917/3917 3981/3981 3982/3982 3918/3918
f 3918/3918 3982/3982 3983/3983 3919/3919
f 3919/3919 3983/3983 3984/3984 3920/3920
f 3920/3920 3984/3984 3985/3985 3921/3921
f 3921/3921 3985/3985 3986/3986 3922/3922
f 3922/3922 3986/3986 3987/3987 3923/3923
f 3923/3923 3987/3987 3988/3988 3924/3924
f 3924/3924 3988/3988 3989/3989 3925/3925
f 3925/3925 3989/3989 3990/3990 3926/3926
f 3926/3926 3990/3990 3991/3991 3927/3927
f 3927/3927 3991/3991 3992/3992 3928/3928
f 3928/3928 3992/3992 3993/3993 3929/3929
f 3929/3929 3993/3993 3994/3994 3930/3930
f 3930/3930 3994/3994 3995/3995 3931/3931
f 3931/3931 3995/3995 3996/3996 3932/3932
f 3932/3932 3996/3996 3997/3997 3933/3933
f 3933/3933 3997/3997 3998/3998 3934/3934
f 3934/3934 3998/3998 3999/3999 3935/3935
f 3935/3935 3999/3999 4000/4000 3936/3936
f 3936/3936 4000/4000 4001/4001 3937/3937
f 3937/3937 4001/4001 4002/4002 3938/3938
f 3938/3938 4002/4002 4003/4003 3939/3939
f 3939/3939 4003/4003 4004/4004 3940/3940
f 3940/3940 4004/4004 4005/4005 3941/3941
f 3941/3941 4005/4005 4006/4006 3942/3942
f 3942/3942 4006/4006 4007/4007 3943/3943
f 3943/3943 4007/4007 4008/4008 3944/3944
f 3944/3944 4008/4008 4009/4009 3945/3945
f 3945/3945 4009/4009 4010/4010 3946/3946
f 3946/3946 4010/4010 4011/4011 3947/3947
f 3947/3947 4011/4011 4012/4012 3948/3948
f 3948/3948 4012/4012 4013/4013 3949/3949
f 3949/3949 4013/4013 4014/4014 3950/3950
f 3950/3950 4014/4014 4015/4015 3951/3951
f 3951/3951 4015/4015 4016/4016 3952/3952
f 3952/3952 4016/4016 4017/4017 3953/3953
f 3953/3953 4017/4017 4018/4018 3954/3954
f 3954/3954 4018/4018 4019/4019 3955/3955
f 3955/3955 4019/4019 4020/4020 3956/3956
f 3956/3956 4020/4020 4021/4021 3957/3957
f 3957/3957 4021/4021 4022/4022 3958/3958
f 3958/3958 4022/4022 4023/4023 3959/3959
f 3959/3959 4023/4023 4024/4024 3960/3960
f 3960/3960 4024/4024 4025/4025 3961/3961
f 3961/3961 4025/4025 4026/4026 3962/3962
f 3962/3962 4026/4026 4027/4027 3963/3963
f 3963/3963 4027/4027 4028/4028 3964/3964
f 3964/3964 4028/4028 4029/4029 3965/3965
f 3965/3965 4029/4029 4030/4030 3966/3966
f 3966/3966 4030/4030 4031/4031 3967/3967
f 3967/3967 4031/4031 4032/4032 3968/3968
f 3969/3969 4033/4033 4034/4034 3970/3970
f 3970/3970 4034/4034 4035/4035 3971/3971
f 3971/3971 4035/4035 4036/4036 3972/3972
f 3972/3972 4036/4036 4037/4037 3973/3973
f 3973/3973 4037/4037 4038/4038 3974/3974
f 3974/3974 4038/4038 4039/4039 3975/3975
f 3975/3975 4039/4039 4040/4040 3976/3976
f 3976/3976 4040/4040 4041/4041 3977/3977
f 3977/3977 4041/4041 4042/4042 3978/3978
f 3978/3978 4042/4042 4043/4043 3979/3979
f 3979/3979 4043/4043 4044/4044 3980/3980
f 3980/3980 4044/4044 4045/4045 3981/3981
f 3981/3981 4045/4045 4046/4046 3982/3982
f 3982/3982 4046/4046 4047/4047 3983/3983
f 3983/3983 4047/4047 4048/4048 3984/3984
f 3984/3984 4048/4048 4049/4049 3985/3985
f 3985/3985 4049/4049 4050/4050 3986/3986
f 3986/3986 4050/4050 4051/4051 3987/3987
f 3987/3987 4051/4051 4052/4052 3988/3988
f 3988/3988 4052/4052 4053/4053 3989/3989
f 3989/3989 4053/4053 4054/4054 3990/3990
f 3990/3990 4054/4054 4055/4055 3991/3991
f 3991/3991 4055/4055 4056/4056 3992/3992
f 3992/3992 4056/4056 4057/4057 3993/3993
f 3993/3993 4057/4057 4058/4058 3994/3994
f 3994/3994 4058/4058 4059/4059 3995/3995
f 3995/3995 4059/4059 4060/4060 3996/3996
f 3996/3996 4060/4060 4061/4061 3997/3997
f 3997/3997 4061/4061 4062/4062 3998/3998
f 3998/3998 4062/4062 4063/4063 3999/3999
f 3999/3999 4063/4063 4064/4064 4000/4000
f 4000/4000 4064/4064 4065/4065 4001/4001
f 4001/4001 4065/4065 4066/4066 4002/4002
f 4002/4002 4066/4066 4067/4067 4003/4003
f 4003/4003 4067/4067 4068/4068 4004/4004
f 4004/4004 4068/4068 4069/4069 4005/4005
f 4005/4005 4069/4069 4070/4070 4006/4006
f 4006/4006 4070/4070 4071/4071 4007/4007
f 4007/4007 4071/4071 4072/4072 4008/4008
f 4008/4008 4072/4072 4073/4073 4009/4009
f 4009/4009 4073/4073 4074/4074 4010/4010
f 4010/4010 4074/4074 4075/4075 4011/4011
f 4011/4011 4075/4075 4076/4076 4012/4012
f 4012/4012 4076/4076 4077/4077 4013/4013
f 4013/4013 4077/4077 4078/4078 4014/4014
f 4014/4014 4078/4078 4079/4079 4015/4015
f 4015/4015 4079/4079 4080/4080 4016/4016
f 4016/4016 4080/4080 4081/4081 4017/4017
f 4017/4017 4081/4081 4082/4082 4018/4018
f 4018/4018 4082/4082 4083/4083 4019/4019
f 4019/4019 4083/4083 4084/4084 4020/4020
f 4020/4020 4084/4084 4085/4085 4021/4021
f 4021/4021 4085/4085 4086/4086 4022/4022
f 4022/4022 4086/4086 4087/4087 4023/4023
f 4023/4023 4087/4087 4088/4088 4024/4024
f 4024/4024 4088/4088 4089/4089 4025/4025
f 4025/4025 4089/4089 4090/4090 4026/4026
f 4026/4026 4090/4090 4091/4091 4027/4027
f 4027/4027 4091/4091 4092/4092 4028/4028
f 4028/4028 4092/4092 4093/4093 4029/4029
f 4029/4029 4093/4093 4094/4094 4030/4030
f 4030/4030 4094/4094 4095/4095 4031/4031
f 4031/4031 4095/4095 4096/4096 4032/4032
