v 1.0 1.5 0.0
v 1.0 1.4680850505828857 0.0
v 1.0 1.436170220375061 0.0
v 1.0 1.4042553901672363 0.0
v 1.0 1.372340440750122 0.0
v 1.0 1.3404254913330078 0.0
v 1.0 1.308510661125183 0.0
v 1.0 1.2765958309173584 0.0
v 1.0 1.2446808815002441 0.0
v 1.0 1.2127659320831299 0.0
v 1.0 1.1808511018753052 0.0
v 1.0 1.1489362716674805 0.0
v 1.0 1.1170213222503662 0.0
v 1.0 1.085106372833252 0.0
v 1.0 1.0531915426254272 0.0
v 1.0 1.0212767124176025 0.0
v 1.0 0.9893617630004883 0.0
v 1.0 0.957446813583374 0.0
v 1.0 0.9255318641662598 0.0
v 1.0 0.8936170339584351 0.0
v 1.0 0.8617020845413208 0.0
v 1.0 0.8297872543334961 0.0
v 1.0 0.7978723049163818 0.0
v 1.0 0.7659574747085571 0.0
v 1.0 0.7340425252914429 0.0
v 1.0 0.7021276354789734 0.0
v 1.0 0.6702127456665039 0.0
v 1.0 0.6382978558540344 0.0
v 1.0 0.6063829660415649 0.0
v 1.0 0.5744680762290955 0.0
v 1.0 0.542553186416626 0.0
v 1.0 0.5106382966041565 0.0
v 1.0 0.478723406791687 0.0
v 1.0 0.44680851697921753 0.0
v 1.0 0.41489362716674805 0.0
v 1.0 0.38297873735427856 0.0
v 1.0 0.3510638177394867 0.0
v 1.0 0.3191489279270172 0.0
v 1.0 0.28723403811454773 0.0
v 1.0 0.25531914830207825 0.0
v 1.0 0.22340425848960876 0.0
v 1.0 0.19148936867713928 0.0
v 1.0 0.1595744639635086 0.0
v 1.0 0.12765957415103912 0.0
v 1.0 0.09574468433856964 0.0
v 1.0 0.06382978707551956 0.0
v 1.0 0.03191489353775978 0.0
v 1.0 0.0 0.0
v 0.9677419662475586 1.5 0.0
v 0.9677419662475586 1.4680850505828857 0.0
v 0.9677419662475586 1.436170220375061 0.0
v 0.9677419662475586 1.4042553901672363 0.0
v 0.9677419662475586 1.372340440750122 0.0
v 0.9677419662475586 1.3404254913330078 0.0
v 0.9677419662475586 1.308510661125183 0.0
v 0.9677419662475586 1.2765958309173584 0.0
v 0.9677419662475586 1.2446808815002441 0.0
v 0.9677419662475586 1.2127659320831299 0.0
v 0.9677419662475586 1.1808511018753052 0.0
v 0.9677419662475586 1.1489362716674805 0.0
v 0.9677419662475586 1.1170213222503662 0.0
v 0.9677419662475586 1.085106372833252 0.0
v 0.9677419662475586 1.0531915426254272 0.0
v 0.9677419662475586 1.0212767124176025 0.0
v 0.9677419662475586 0.9893617630004883 0.0
v 0.9677419662475586 0.957446813583374 0.0
v 0.9677419662475586 0.9255318641662598 0.0
v 0.9677419662475586 0.8936170339584351 0.0
v 0.9677419662475586 0.8617020845413208 0.0
v 0.9677419662475586 0.8297872543334961 0.0
v 0.9677419662475586 0.7978723049163818 0.0
v 0.9677419662475586 0.7659574747085571 0.0
v 0.9677419662475586 0.7340425252914429 0.0
v 0.9677419662475586 0.7021276354789734 0.0
v 0.9677419662475586 0.6702127456665039 0.0
v 0.9677419662475586 0.6382978558540344 0.0
v 0.9677419662475586 0.6063829660415649 0.0
v 0.9677419662475586 0.5744680762290955 0.0
v 0.9677419662475586 0.542553186416626 0.0
v 0.9677419662475586 0.5106382966041565 0.0
v 0.9677419662475586 0.478723406791687 0.0
v 0.9677419662475586 0.44680851697921753 0.0
v 0.9677419662475586 0.41489362716674805 0.0
v 0.9677419662475586 0.38297873735427856 0.0
v 0.9677419662475586 0.3510638177394867 0.0
v 0.9677419662475586 0.3191489279270172 0.0
v 0.9677419662475586 0.28723403811454773 0.0
v 0.9677419662475586 0.25531914830207825 0.0
v 0.9677419662475586 0.22340425848960876 0.0
v 0.9677419662475586 0.19148936867713928 0.0
v 0.9677419662475586 0.1595744639635086 0.0
v 0.9677419662475586 0.12765957415103912 0.0
v 0.9677419662475586 0.09574468433856964 0.0
v 0.9677419662475586 0.06382978707551956 0.0
v 0.9677419662475586 0.03191489353775978 0.0
v 0.9677419662475586 0.0 0.0
v 0.9354838728904724 1.5 0.0
v 0.9354838728904724 1.4680850505828857 0.0
v 0.9354838728904724 1.436170220375061 0.0
v 0.9354838728904724 1.4042553901672363 0.0
v 0.9354838728904724 1.372340440750122 0.0
v 0.9354838728904724 1.3404254913330078 0.0
v 0.9354838728904724 1.308510661125183 0.0
v 0.9354838728904724 1.2765958309173584 0.0
v 0.9354838728904724 1.2446808815002441 0.0
v 0.9354838728904724 1.2127659320831299 0.0
v 0.9354838728904724 1.1808511018753052 0.0
v 0.9354838728904724 1.1489362716674805 0.0
v 0.9354838728904724 1.1170213222503662 0.0
v 0.9354838728904724 1.085106372833252 0.0
v 0.9354838728904724 1.0531915426254272 0.0
v 0.9354838728904724 1.0212767124176025 0.0
v 0.9354838728904724 0.9893617630004883 0.0
v 0.9354838728904724 0.957446813583374 0.0
v 0.9354838728904724 0.9255318641662598 0.0
v 0.9354838728904724 0.8936170339584351 0.0
v 0.9354838728904724 0.8617020845413208 0.0
v 0.9354838728904724 0.8297872543334961 0.0
v 0.9354838728904724 0.7978723049163818 0.0
v 0.9354838728904724 0.7659574747085571 0.0
v 0.9354838728904724 0.7340425252914429 0.0
v 0.9354838728904724 0.7021276354789734 0.0
v 0.9354838728904724 0.6702127456665039 0.0
v 0.9354838728904724 0.6382978558540344 0.0
v 0.9354838728904724 0.6063829660415649 0.0
v 0.9354838728904724 0.5744680762290955 0.0
v 0.9354838728904724 0.542553186416626 0.0
v 0.9354838728904724 0.5106382966041565 0.0
v 0.9354838728904724 0.478723406791687 0.0
v 0.9354838728904724 0.44680851697921753 0.0
v 0.9354838728904724 0.41489362716674805 0.0
v 0.9354838728904724 0.38297873735427856 0.0
v 0.9354838728904724 0.3510638177394867 0.0
v 0.9354838728904724 0.3191489279270172 0.0
v 0.9354838728904724 0.28723403811454773 0.0
v 0.9354838728904724 0.25531914830207825 0.0
v 0.9354838728904724 0.22340425848960876 0.0
v 0.9354838728904724 0.19148936867713928 0.0
v 0.9354838728904724 0.1595744639635086 0.0
v 0.9354838728904724 0.12765957415103912 0.0
v 0.9354838728904724 0.09574468433856964 0.0
v 0.9354838728904724 0.06382978707551956 0.0
v 0.9354838728904724 0.03191489353775978 0.0
v 0.9354838728904724 0.0 0.0
v 0.9032257795333862 1.5 0.0
v 0.9032257795333862 1.4680850505828857 0.0
v 0.9032257795333862 1.436170220375061 0.0
v 0.9032257795333862 1.4042553901672363 0.0
v 0.9032257795333862 1.372340440750122 0.0
v 0.9032257795333862 1.3404254913330078 0.0
v 0.9032257795333862 1.308510661125183 0.0
v 0.9032257795333862 1.2765958309173584 0.0
v 0.9032257795333862 1.2446808815002441 0.0
v 0.9032257795333862 1.2127659320831299 0.0
v 0.9032257795333862 1.1808511018753052 0.0
v 0.9032257795333862 1.1489362716674805 0.0
v 0.9032257795333862 1.1170213222503662 0.0
v 0.9032257795333862 1.085106372833252 0.0
v 0.9032257795333862 1.0531915426254272 0.0
v 0.9032257795333862 1.0212767124176025 0.0
v 0.9032257795333862 0.9893617630004883 0.0
v 0.9032257795333862 0.957446813583374 0.0
v 0.9032257795333862 0.9255318641662598 0.0
v 0.9032257795333862 0.8936170339584351 0.0
v 0.9032257795333862 0.8617020845413208 0.0
v 0.9032257795333862 0.8297872543334961 0.0
v 0.9032257795333862 0.7978723049163818 0.0
v 0.9032257795333862 0.7659574747085571 0.0
v 0.9032257795333862 0.7340425252914429 0.0
v 0.9032257795333862 0.7021276354789734 0.0
v 0.9032257795333862 0.6702127456665039 0.0
v 0.9032257795333862 0.6382978558540344 0.0
v 0.9032257795333862 0.6063829660415649 0.0
v 0.9032257795333862 0.5744680762290955 0.0
v 0.9032257795333862 0.542553186416626 0.0
v 0.9032257795333862 0.5106382966041565 0.0
v 0.9032257795333862 0.478723406791687 0.0
v 0.9032257795333862 0.44680851697921753 0.0
v 0.9032257795333862 0.41489362716674805 0.0
v 0.9032257795333862 0.38297873735427856 0.0
v 0.9032257795333862 0.3510638177394867 0.0
v 0.9032257795333862 0.3191489279270172 0.0
v 0.9032257795333862 0.28723403811454773 0.0
v 0.9032257795333862 0.25531914830207825 0.0
v 0.9032257795333862 0.22340425848960876 0.0
v 0.9032257795333862 0.19148936867713928 0.0
v 0.9032257795333862 0.1595744639635086 0.0
v 0.9032257795333862 0.12765957415103912 0.0
v 0.9032257795333862 0.09574468433856964 0.0
v 0.9032257795333862 0.06382978707551956 0.0
v 0.9032257795333862 0.03191489353775978 0.0
v 0.9032257795333862 0.0 0.0
v 0.8709677457809448 1.5 0.0
v 0.8709677457809448 1.4680850505828857 0.0
v 0.8709677457809448 1.436170220375061 0.0
v 0.8709677457809448 1.4042553901672363 0.0
v 0.8709677457809448 1.372340440750122 0.0
v 0.8709677457809448 1.3404254913330078 0.0
v 0.8709677457809448 1.308510661125183 0.0
v 0.8709677457809448 1.2765958309173584 0.0
v 0.8709677457809448 1.2446808815002441 0.0
v 0.8709677457809448 1.2127659320831299 0.0
v 0.8709677457809448 1.1808511018753052 0.0
v 0.8709677457809448 1.1489362716674805 0.0
v 0.8709677457809448 1.1170213222503662 0.0
v 0.8709677457809448 1.085106372833252 0.0
v 0.8709677457809448 1.0531915426254272 0.0
v 0.8709677457809448 1.0212767124176025 0.0
v 0.8709677457809448 0.9893617630004883 0.0
v 0.8709677457809448 0.957446813583374 0.0
v 0.8709677457809448 0.9255318641662598 0.0
v 0.8709677457809448 0.8936170339584351 0.0
v 0.8709677457809448 0.8617020845413208 0.0
v 0.8709677457809448 0.8297872543334961 0.0
v 0.8709677457809448 0.7978723049163818 0.0
v 0.8709677457809448 0.7659574747085571 0.0
v 0.8709677457809448 0.7340425252914429 0.0
v 0.8709677457809448 0.7021276354789734 0.0
v 0.8709677457809448 0.6702127456665039 0.0
v 0.8709677457809448 0.6382978558540344 0.0
v 0.8709677457809448 0.6063829660415649 0.0
v 0.8709677457809448 0.5744680762290955 0.0
v 0.8709677457809448 0.542553186416626 0.0
v 0.8709677457809448 0.5106382966041565 0.0
v 0.8709677457809448 0.478723406791687 0.0
v 0.8709677457809448 0.44680851697921753 0.0
v 0.8709677457809448 0.41489362716674805 0.0
v 0.8709677457809448 0.38297873735427856 0.0
v 0.8709677457809448 0.3510638177394867 0.0
v 0.8709677457809448 0.3191489279270172 0.0
v 0.8709677457809448 0.28723403811454773 0.0
v 0.8709677457809448 0.25531914830207825 0.0
v 0.8709677457809448 0.22340425848960876 0.0
v 0.8709677457809448 0.19148936867713928 0.0
v 0.8709677457809448 0.1595744639635086 0.0
v 0.8709677457809448 0.12765957415103912 0.0
v 0.8709677457809448 0.09574468433856964 0.0
v 0.8709677457809448 0.06382978707551956 0.0
v 0.8709677457809448 0.03191489353775978 0.0
v 0.8709677457809448 0.0 0.0
v 0.8387097120285034 1.5 0.0
v 0.8387097120285034 1.4680850505828857 0.0
v 0.8387097120285034 1.436170220375061 0.0
v 0.8387097120285034 1.4042553901672363 0.0
v 0.8387097120285034 1.372340440750122 0.0
v 0.8387097120285034 1.3404254913330078 0.0
v 0.8387097120285034 1.308510661125183 0.0
v 0.8387097120285034 1.2765958309173584 0.0
v 0.8387097120285034 1.2446808815002441 0.0
v 0.8387097120285034 1.2127659320831299 0.0
v 0.8387097120285034 1.1808511018753052 0.0
v 0.8387097120285034 1.1489362716674805 0.0
v 0.8387097120285034 1.1170213222503662 0.0
v 0.8387097120285034 1.085106372833252 0.0
v 0.8387097120285034 1.0531915426254272 0.0
v 0.8387097120285034 1.0212767124176025 0.0
v 0.8387097120285034 0.9893617630004883 0.0
v 0.8387097120285034 0.957446813583374 0.0
v 0.8387097120285034 0.9255318641662598 0.0
v 0.8387097120285034 0.8936170339584351 0.0
v 0.8387097120285034 0.8617020845413208 0.0
v 0.8387097120285034 0.8297872543334961 0.0
v 0.8387097120285034 0.7978723049163818 0.0
v 0.8387097120285034 0.7659574747085571 0.0
v 0.8387097120285034 0.7340425252914429 0.0
v 0.8387097120285034 0.7021276354789734 0.0
v 0.8387097120285034 0.6702127456665039 0.0
v 0.8387097120285034 0.6382978558540344 0.0
v 0.8387097120285034 0.6063829660415649 0.0
v 0.8387097120285034 0.5744680762290955 0.0
v 0.8387097120285034 0.542553186416626 0.0
v 0.8387097120285034 0.5106382966041565 0.0
v 0.8387097120285034 0.478723406791687 0.0
v 0.8387097120285034 0.44680851697921753 0.0
v 0.8387097120285034 0.41489362716674805 0.0
v 0.8387097120285034 0.38297873735427856 0.0
v 0.8387097120285034 0.3510638177394867 0.0
v 0.8387097120285034 0.3191489279270172 0.0
v 0.8387097120285034 0.28723403811454773 0.0
v 0.8387097120285034 0.25531914830207825 0.0
v 0.8387097120285034 0.22340425848960876 0.0
v 0.8387097120285034 0.19148936867713928 0.0
v 0.8387097120285034 0.1595744639635086 0.0
v 0.8387097120285034 0.12765957415103912 0.0
v 0.8387097120285034 0.09574468433856964 0.0
v 0.8387097120285034 0.06382978707551956 0.0
v 0.8387097120285034 0.03191489353775978 0.0
v 0.8387097120285034 0.0 0.0
v 0.8064516186714172 1.5 0.0
v 0.8064516186714172 1.4680850505828857 0.0
v 0.8064516186714172 1.436170220375061 0.0
v 0.8064516186714172 1.4042553901672363 0.0
v 0.8064516186714172 1.372340440750122 0.0
v 0.8064516186714172 1.3404254913330078 0.0
v 0.8064516186714172 1.308510661125183 0.0
v 0.8064516186714172 1.2765958309173584 0.0
v 0.8064516186714172 1.2446808815002441 0.0
v 0.8064516186714172 1.2127659320831299 0.0
v 0.8064516186714172 1.1808511018753052 0.0
v 0.8064516186714172 1.1489362716674805 0.0
v 0.8064516186714172 1.1170213222503662 0.0
v 0.8064516186714172 1.085106372833252 0.0
v 0.8064516186714172 1.0531915426254272 0.0
v 0.8064516186714172 1.0212767124176025 0.0
v 0.8064516186714172 0.9893617630004883 0.0
v 0.8064516186714172 0.957446813583374 0.0
v 0.8064516186714172 0.9255318641662598 0.0
v 0.8064516186714172 0.8936170339584351 0.0
v 0.8064516186714172 0.8617020845413208 0.0
v 0.8064516186714172 0.8297872543334961 0.0
v 0.8064516186714172 0.7978723049163818 0.0
v 0.8064516186714172 0.7659574747085571 0.0
v 0.8064516186714172 0.7340425252914429 0.0
v 0.8064516186714172 0.7021276354789734 0.0
v 0.8064516186714172 0.6702127456665039 0.0
v 0.8064516186714172 0.6382978558540344 0.0
v 0.8064516186714172 0.6063829660415649 0.0
v 0.8064516186714172 0.5744680762290955 0.0
v 0.8064516186714172 0.542553186416626 0.0
v 0.8064516186714172 0.5106382966041565 0.0
v 0.8064516186714172 0.478723406791687 0.0
v 0.8064516186714172 0.44680851697921753 0.0
v 0.8064516186714172 0.41489362716674805 0.0
v 0.8064516186714172 0.38297873735427856 0.0
v 0.8064516186714172 0.3510638177394867 0.0
v 0.8064516186714172 0.3191489279270172 0.0
v 0.8064516186714172 0.28723403811454773 0.0
v 0.8064516186714172 0.25531914830207825 0.0
v 0.8064516186714172 0.22340425848960876 0.0
v 0.8064516186714172 0.19148936867713928 0.0
v 0.8064516186714172 0.1595744639635086 0.0
v 0.8064516186714172 0.12765957415103912 0.0
v 0.8064516186714172 0.09574468433856964 0.0
v 0.8064516186714172 0.06382978707551956 0.0
v 0.8064516186714172 0.03191489353775978 0.0
v 0.8064516186714172 0.0 0.0
v 0.774193525314331 1.5 0.0
v 0.774193525314331 1.4680850505828857 0.0
v 0.774193525314331 1.436170220375061 0.0
v 0.774193525314331 1.4042553901672363 0.0
v 0.774193525314331 1.372340440750122 0.0
v 0.774193525314331 1.3404254913330078 0.0
v 0.774193525314331 1.308510661125183 0.0
v 0.774193525314331 1.2765958309173584 0.0
v 0.774193525314331 1.2446808815002441 0.0
v 0.774193525314331 1.2127659320831299 0.0
v 0.774193525314331 1.1808511018753052 0.0
v 0.774193525314331 1.1489362716674805 0.0
v 0.774193525314331 1.1170213222503662 0.0
v 0.774193525314331 1.085106372833252 0.0
v 0.774193525314331 1.0531915426254272 0.0
v 0.774193525314331 1.0212767124176025 0.0
v 0.774193525314331 0.9893617630004883 0.0
v 0.774193525314331 0.957446813583374 0.0
v 0.774193525314331 0.9255318641662598 0.0
v 0.774193525314331 0.8936170339584351 0.0
v 0.774193525314331 0.8617020845413208 0.0
v 0.774193525314331 0.8297872543334961 0.0
v 0.774193525314331 0.7978723049163818 0.0
v 0.774193525314331 0.7659574747085571 0.0
v 0.774193525314331 0.7340425252914429 0.0
v 0.774193525314331 0.7021276354789734 0.0
v 0.774193525314331 0.6702127456665039 0.0
v 0.774193525314331 0.6382978558540344 0.0
v 0.774193525314331 0.6063829660415649 0.0
v 0.774193525314331 0.5744680762290955 0.0
v 0.774193525314331 0.542553186416626 0.0
v 0.774193525314331 0.5106382966041565 0.0
v 0.774193525314331 0.478723406791687 0.0
v 0.774193525314331 0.44680851697921753 0.0
v 0.774193525314331 0.41489362716674805 0.0
v 0.774193525314331 0.38297873735427856 0.0
v 0.774193525314331 0.3510638177394867 0.0
v 0.774193525314331 0.3191489279270172 0.0
v 0.774193525314331 0.28723403811454773 0.0
v 0.774193525314331 0.25531914830207825 0.0
v 0.774193525314331 0.22340425848960876 0.0
v 0.774193525314331 0.19148936867713928 0.0
v 0.774193525314331 0.1595744639635086 0.0
v 0.774193525314331 0.12765957415103912 0.0
v 0.774193525314331 0.09574468433856964 0.0
v 0.774193525314331 0.06382978707551956 0.0
v 0.774193525314331 0.03191489353775978 0.0
v 0.774193525314331 0.0 0.0
v 0.7419354915618896 1.5 0.0
v 0.7419354915618896 1.4680850505828857 0.0
v 0.7419354915618896 1.436170220375061 0.0
v 0.7419354915618896 1.4042553901672363 0.0
v 0.7419354915618896 1.372340440750122 0.0
v 0.7419354915618896 1.3404254913330078 0.0
v 0.7419354915618896 1.308510661125183 0.0
v 0.7419354915618896 1.2765958309173584 0.0
v 0.7419354915618896 1.2446808815002441 0.0
v 0.7419354915618896 1.2127659320831299 0.0
v 0.7419354915618896 1.1808511018753052 0.0
v 0.7419354915618896 1.1489362716674805 0.0
v 0.7419354915618896 1.1170213222503662 0.0
v 0.7419354915618896 1.085106372833252 0.0
v 0.7419354915618896 1.0531915426254272 0.0
v 0.7419354915618896 1.0212767124176025 0.0
v 0.7419354915618896 0.9893617630004883 0.0
v 0.7419354915618896 0.957446813583374 0.0
v 0.7419354915618896 0.9255318641662598 0.0
v 0.7419354915618896 0.8936170339584351 0.0
v 0.7419354915618896 0.8617020845413208 0.0
v 0.7419354915618896 0.8297872543334961 0.0
v 0.7419354915618896 0.7978723049163818 0.0
v 0.7419354915618896 0.7659574747085571 0.0
v 0.7419354915618896 0.7340425252914429 0.0
v 0.7419354915618896 0.7021276354789734 0.0
v 0.7419354915618896 0.6702127456665039 0.0
v 0.7419354915618896 0.6382978558540344 0.0
v 0.7419354915618896 0.6063829660415649 0.0
v 0.7419354915618896 0.5744680762290955 0.0
v 0.7419354915618896 0.542553186416626 0.0
v 0.7419354915618896 0.5106382966041565 0.0
v 0.7419354915618896 0.478723406791687 0.0
v 0.7419354915618896 0.44680851697921753 0.0
v 0.7419354915618896 0.41489362716674805 0.0
v 0.7419354915618896 0.38297873735427856 0.0
v 0.7419354915618896 0.3510638177394867 0.0
v 0.7419354915618896 0.3191489279270172 0.0
v 0.7419354915618896 0.28723403811454773 0.0
v 0.7419354915618896 0.25531914830207825 0.0
v 0.7419354915618896 0.22340425848960876 0.0
v 0.7419354915618896 0.19148936867713928 0.0
v 0.7419354915618896 0.1595744639635086 0.0
v 0.7419354915618896 0.12765957415103912 0.0
v 0.7419354915618896 0.09574468433856964 0.0
v 0.7419354915618896 0.06382978707551956 0.0
v 0.7419354915618896 0.03191489353775978 0.0
v 0.7419354915618896 0.0 0.0
v 0.7096774578094482 1.5 0.0
v 0.7096774578094482 1.4680850505828857 0.0
v 0.7096774578094482 1.436170220375061 0.0
v 0.7096774578094482 1.4042553901672363 0.0
v 0.7096774578094482 1.372340440750122 0.0
v 0.7096774578094482 1.3404254913330078 0.0
v 0.7096774578094482 1.308510661125183 0.0
v 0.7096774578094482 1.2765958309173584 0.0
v 0.7096774578094482 1.2446808815002441 0.0
v 0.7096774578094482 1.2127659320831299 0.0
v 0.7096774578094482 1.1808511018753052 0.0
v 0.7096774578094482 1.1489362716674805 0.0
v 0.7096774578094482 1.1170213222503662 0.0
v 0.7096774578094482 1.085106372833252 0.0
v 0.7096774578094482 1.0531915426254272 0.0
v 0.7096774578094482 1.0212767124176025 0.0
v 0.7096774578094482 0.9893617630004883 0.0
v 0.7096774578094482 0.957446813583374 0.0
v 0.7096774578094482 0.9255318641662598 0.0
v 0.7096774578094482 0.8936170339584351 0.0
v 0.7096774578094482 0.8617020845413208 0.0
v 0.7096774578094482 0.8297872543334961 0.0
v 0.7096774578094482 0.7978723049163818 0.0
v 0.7096774578094482 0.7659574747085571 0.0
v 0.7096774578094482 0.7340425252914429 0.0
v 0.7096774578094482 0.7021276354789734 0.0
v 0.7096774578094482 0.6702127456665039 0.0
v 0.7096774578094482 0.6382978558540344 0.0
v 0.7096774578094482 0.6063829660415649 0.0
v 0.7096774578094482 0.5744680762290955 0.0
v 0.7096774578094482 0.542553186416626 0.0
v 0.7096774578094482 0.5106382966041565 0.0
v 0.7096774578094482 0.478723406791687 0.0
v 0.7096774578094482 0.44680851697921753 0.0
v 0.7096774578094482 0.41489362716674805 0.0
v 0.7096774578094482 0.38297873735427856 0.0
v 0.7096774578094482 0.3510638177394867 0.0
v 0.7096774578094482 0.3191489279270172 0.0
v 0.7096774578094482 0.28723403811454773 0.0
v 0.7096774578094482 0.25531914830207825 0.0
v 0.7096774578094482 0.22340425848960876 0.0
v 0.7096774578094482 0.19148936867713928 0.0
v 0.7096774578094482 0.1595744639635086 0.0
v 0.7096774578094482 0.12765957415103912 0.0
v 0.7096774578094482 0.09574468433856964 0.0
v 0.7096774578094482 0.06382978707551956 0.0
v 0.7096774578094482 0.03191489353775978 0.0
v 0.7096774578094482 0.0 0.0
v 0.6774193644523621 1.5 0.0
v 0.6774193644523621 1.4680850505828857 0.0
v 0.6774193644523621 1.436170220375061 0.0
v 0.6774193644523621 1.4042553901672363 0.0
v 0.6774193644523621 1.372340440750122 0.0
v 0.6774193644523621 1.3404254913330078 0.0
v 0.6774193644523621 1.308510661125183 0.0
v 0.6774193644523621 1.2765958309173584 0.0
v 0.6774193644523621 1.2446808815002441 0.0
v 0.6774193644523621 1.2127659320831299 0.0
v 0.6774193644523621 1.1808511018753052 0.0
v 0.6774193644523621 1.1489362716674805 0.0
v 0.6774193644523621 1.1170213222503662 0.0
v 0.6774193644523621 1.085106372833252 0.0
v 0.6774193644523621 1.0531915426254272 0.0
v 0.6774193644523621 1.0212767124176025 0.0
v 0.6774193644523621 0.9893617630004883 0.0
v 0.6774193644523621 0.957446813583374 0.0
v 0.6774193644523621 0.9255318641662598 0.0
v 0.6774193644523621 0.8936170339584351 0.0
v 0.6774193644523621 0.8617020845413208 0.0
v 0.6774193644523621 0.8297872543334961 0.0
v 0.6774193644523621 0.7978723049163818 0.0
v 0.6774193644523621 0.7659574747085571 0.0
v 0.6774193644523621 0.7340425252914429 0.0
v 0.6774193644523621 0.7021276354789734 0.0
v 0.6774193644523621 0.6702127456665039 0.0
v 0.6774193644523621 0.6382978558540344 0.0
v 0.6774193644523621 0.6063829660415649 0.0
v 0.6774193644523621 0.5744680762290955 0.0
v 0.6774193644523621 0.542553186416626 0.0
v 0.6774193644523621 0.5106382966041565 0.0
v 0.6774193644523621 0.478723406791687 0.0
v 0.6774193644523621 0.44680851697921753 0.0
v 0.6774193644523621 0.41489362716674805 0.0
v 0.6774193644523621 0.38297873735427856 0.0
v 0.6774193644523621 0.3510638177394867 0.0
v 0.6774193644523621 0.3191489279270172 0.0
v 0.6774193644523621 0.28723403811454773 0.0
v 0.6774193644523621 0.25531914830207825 0.0
v 0.6774193644523621 0.22340425848960876 0.0
v 0.6774193644523621 0.19148936867713928 0.0
v 0.6774193644523621 0.1595744639635086 0.0
v 0.6774193644523621 0.12765957415103912 0.0
v 0.6774193644523621 0.09574468433856964 0.0
v 0.6774193644523621 0.06382978707551956 0.0
v 0.6774193644523621 0.03191489353775978 0.0
v 0.6774193644523621 0.0 0.0
v 0.6451612710952759 1.5 0.0
v 0.6451612710952759 1.4680850505828857 0.0
v 0.6451612710952759 1.436170220375061 0.0
v 0.6451612710952759 1.4042553901672363 0.0
v 0.6451612710952759 1.372340440750122 0.0
v 0.6451612710952759 1.3404254913330078 0.0
v 0.6451612710952759 1.308510661125183 0.0
v 0.6451612710952759 1.2765958309173584 0.0
v 0.6451612710952759 1.2446808815002441 0.0
v 0.6451612710952759 1.2127659320831299 0.0
v 0.6451612710952759 1.1808511018753052 0.0
v 0.6451612710952759 1.1489362716674805 0.0
v 0.6451612710952759 1.1170213222503662 0.0
v 0.6451612710952759 1.085106372833252 0.0
v 0.6451612710952759 1.0531915426254272 0.0
v 0.6451612710952759 1.0212767124176025 0.0
v 0.6451612710952759 0.9893617630004883 0.0
v 0.6451612710952759 0.957446813583374 0.0
v 0.6451612710952759 0.9255318641662598 0.0
v 0.6451612710952759 0.8936170339584351 0.0
v 0.6451612710952759 0.8617020845413208 0.0
v 0.6451612710952759 0.8297872543334961 0.0
v 0.6451612710952759 0.7978723049163818 0.0
v 0.6451612710952759 0.7659574747085571 0.0
v 0.6451612710952759 0.7340425252914429 0.0
v 0.6451612710952759 0.7021276354789734 0.0
v 0.6451612710952759 0.6702127456665039 0.0
v 0.6451612710952759 0.6382978558540344 0.0
v 0.6451612710952759 0.6063829660415649 0.0
v 0.6451612710952759 0.5744680762290955 0.0
v 0.6451612710952759 0.542553186416626 0.0
v 0.6451612710952759 0.5106382966041565 0.0
v 0.6451612710952759 0.478723406791687 0.0
v 0.6451612710952759 0.44680851697921753 0.0
v 0.6451612710952759 0.41489362716674805 0.0
v 0.6451612710952759 0.38297873735427856 0.0
v 0.6451612710952759 0.3510638177394867 0.0
v 0.6451612710952759 0.3191489279270172 0.0
v 0.6451612710952759 0.28723403811454773 0.0
v 0.6451612710952759 0.25531914830207825 0.0
v 0.6451612710952759 0.22340425848960876 0.0
v 0.6451612710952759 0.19148936867713928 0.0
v 0.6451612710952759 0.1595744639635086 0.0
v 0.6451612710952759 0.12765957415103912 0.0
v 0.6451612710952759 0.09574468433856964 0.0
v 0.6451612710952759 0.06382978707551956 0.0
v 0.6451612710952759 0.03191489353775978 0.0
v 0.6451612710952759 0.0 0.0
v 0.6129032373428345 1.5 0.0
v 0.6129032373428345 1.4680850505828857 0.0
v 0.6129032373428345 1.436170220375061 0.0
v 0.6129032373428345 1.4042553901672363 0.0
v 0.6129032373428345 1.372340440750122 0.0
v 0.6129032373428345 1.3404254913330078 0.0
v 0.6129032373428345 1.308510661125183 0.0
v 0.6129032373428345 1.2765958309173584 0.0
v 0.6129032373428345 1.2446808815002441 0.0
v 0.6129032373428345 1.2127659320831299 0.0
v 0.6129032373428345 1.1808511018753052 0.0
v 0.6129032373428345 1.1489362716674805 0.0
v 0.6129032373428345 1.1170213222503662 0.0
v 0.6129032373428345 1.085106372833252 0.0
v 0.6129032373428345 1.0531915426254272 0.0
v 0.6129032373428345 1.0212767124176025 0.0
v 0.6129032373428345 0.9893617630004883 0.0
v 0.6129032373428345 0.957446813583374 0.0
v 0.6129032373428345 0.9255318641662598 0.0
v 0.6129032373428345 0.8936170339584351 0.0
v 0.6129032373428345 0.8617020845413208 0.0
v 0.6129032373428345 0.8297872543334961 0.0
v 0.6129032373428345 0.7978723049163818 0.0
v 0.6129032373428345 0.7659574747085571 0.0
v 0.6129032373428345 0.7340425252914429 0.0
v 0.6129032373428345 0.7021276354789734 0.0
v 0.6129032373428345 0.6702127456665039 0.0
v 0.6129032373428345 0.6382978558540344 0.0
v 0.6129032373428345 0.6063829660415649 0.0
v 0.6129032373428345 0.5744680762290955 0.0
v 0.6129032373428345 0.542553186416626 0.0
v 0.6129032373428345 0.5106382966041565 0.0
v 0.6129032373428345 0.478723406791687 0.0
v 0.6129032373428345 0.44680851697921753 0.0
v 0.6129032373428345 0.41489362716674805 0.0
v 0.6129032373428345 0.38297873735427856 0.0
v 0.6129032373428345 0.3510638177394867 0.0
v 0.6129032373428345 0.3191489279270172 0.0
v 0.6129032373428345 0.28723403811454773 0.0
v 0.6129032373428345 0.25531914830207825 0.0
v 0.6129032373428345 0.22340425848960876 0.0
v 0.6129032373428345 0.19148936867713928 0.0
v 0.6129032373428345 0.1595744639635086 0.0
v 0.6129032373428345 0.12765957415103912 0.0
v 0.6129032373428345 0.09574468433856964 0.0
v 0.6129032373428345 0.06382978707551956 0.0
v 0.6129032373428345 0.03191489353775978 0.0
v 0.6129032373428345 0.0 0.0
v 0.5806452035903931 1.5 0.0
v 0.5806452035903931 1.4680850505828857 0.0
v 0.5806452035903931 1.436170220375061 0.0
v 0.5806452035903931 1.4042553901672363 0.0
v 0.5806452035903931 1.372340440750122 0.0
v 0.5806452035903931 1.3404254913330078 0.0
v 0.5806452035903931 1.308510661125183 0.0
v 0.5806452035903931 1.2765958309173584 0.0
v 0.5806452035903931 1.2446808815002441 0.0
v 0.5806452035903931 1.2127659320831299 0.0
v 0.5806452035903931 1.1808511018753052 0.0
v 0.5806452035903931 1.1489362716674805 0.0
v 0.5806452035903931 1.1170213222503662 0.0
v 0.5806452035903931 1.085106372833252 0.0
v 0.5806452035903931 1.0531915426254272 0.0
v 0.5806452035903931 1.0212767124176025 0.0
v 0.5806452035903931 0.9893617630004883 0.0
v 0.5806452035903931 0.957446813583374 0.0
v 0.5806452035903931 0.9255318641662598 0.0
v 0.5806452035903931 0.8936170339584351 0.0
v 0.5806452035903931 0.8617020845413208 0.0
v 0.5806452035903931 0.8297872543334961 0.0
v 0.5806452035903931 0.7978723049163818 0.0
v 0.5806452035903931 0.7659574747085571 0.0
v 0.5806452035903931 0.7340425252914429 0.0
v 0.5806452035903931 0.7021276354789734 0.0
v 0.5806452035903931 0.6702127456665039 0.0
v 0.5806452035903931 0.6382978558540344 0.0
v 0.5806452035903931 0.6063829660415649 0.0
v 0.5806452035903931 0.5744680762290955 0.0
v 0.5806452035903931 0.542553186416626 0.0
v 0.5806452035903931 0.5106382966041565 0.0
v 0.5806452035903931 0.478723406791687 0.0
v 0.5806452035903931 0.44680851697921753 0.0
v 0.5806452035903931 0.41489362716674805 0.0
v 0.5806452035903931 0.38297873735427856 0.0
v 0.5806452035903931 0.3510638177394867 0.0
v 0.5806452035903931 0.3191489279270172 0.0
v 0.5806452035903931 0.28723403811454773 0.0
v 0.5806452035903931 0.25531914830207825 0.0
v 0.5806452035903931 0.22340425848960876 0.0
v 0.5806452035903931 0.19148936867713928 0.0
v 0.5806452035903931 0.1595744639635086 0.0
v 0.5806452035903931 0.12765957415103912 0.0
v 0.5806452035903931 0.09574468433856964 0.0
v 0.5806452035903931 0.06382978707551956 0.0
v 0.5806452035903931 0.03191489353775978 0.0
v 0.5806452035903931 0.0 0.0
v 0.5483871102333069 1.5 0.0
v 0.5483871102333069 1.4680850505828857 0.0
v 0.5483871102333069 1.436170220375061 0.0
v 0.5483871102333069 1.4042553901672363 0.0
v 0.5483871102333069 1.372340440750122 0.0
v 0.5483871102333069 1.3404254913330078 0.0
v 0.5483871102333069 1.308510661125183 0.0
v 0.5483871102333069 1.2765958309173584 0.0
v 0.5483871102333069 1.2446808815002441 0.0
v 0.5483871102333069 1.2127659320831299 0.0
v 0.5483871102333069 1.1808511018753052 0.0
v 0.5483871102333069 1.1489362716674805 0.0
v 0.5483871102333069 1.1170213222503662 0.0
v 0.5483871102333069 1.085106372833252 0.0
v 0.5483871102333069 1.0531915426254272 0.0
v 0.5483871102333069 1.0212767124176025 0.0
v 0.5483871102333069 0.9893617630004883 0.0
v 0.5483871102333069 0.957446813583374 0.0
v 0.5483871102333069 0.9255318641662598 0.0
v 0.5483871102333069 0.8936170339584351 0.0
v 0.5483871102333069 0.8617020845413208 0.0
v 0.5483871102333069 0.8297872543334961 0.0
v 0.5483871102333069 0.7978723049163818 0.0
v 0.5483871102333069 0.7659574747085571 0.0
v 0.5483871102333069 0.7340425252914429 0.0
v 0.5483871102333069 0.7021276354789734 0.0
v 0.5483871102333069 0.6702127456665039 0.0
v 0.5483871102333069 0.6382978558540344 0.0
v 0.5483871102333069 0.6063829660415649 0.0
v 0.5483871102333069 0.5744680762290955 0.0
v 0.5483871102333069 0.542553186416626 0.0
v 0.5483871102333069 0.5106382966041565 0.0
v 0.5483871102333069 0.478723406791687 0.0
v 0.5483871102333069 0.44680851697921753 0.0
v 0.5483871102333069 0.41489362716674805 0.0
v 0.5483871102333069 0.38297873735427856 0.0
v 0.5483871102333069 0.3510638177394867 0.0
v 0.5483871102333069 0.3191489279270172 0.0
v 0.5483871102333069 0.28723403811454773 0.0
v 0.5483871102333069 0.25531914830207825 0.0
v 0.5483871102333069 0.22340425848960876 0.0
v 0.5483871102333069 0.19148936867713928 0.0
v 0.5483871102333069 0.1595744639635086 0.0
v 0.5483871102333069 0.12765957415103912 0.0
v 0.5483871102333069 0.09574468433856964 0.0
v 0.5483871102333069 0.06382978707551956 0.0
v 0.5483871102333069 0.03191489353775978 0.0
v 0.5483871102333069 0.0 0.0
v 0.5161290168762207 1.5 0.0
v 0.5161290168762207 1.4680850505828857 0.0
v 0.5161290168762207 1.436170220375061 0.0
v 0.5161290168762207 1.4042553901672363 0.0
v 0.5161290168762207 1.372340440750122 0.0
v 0.5161290168762207 1.3404254913330078 0.0
v 0.5161290168762207 1.308510661125183 0.0
v 0.5161290168762207 1.2765958309173584 0.0
v 0.5161290168762207 1.2446808815002441 0.0
v 0.5161290168762207 1.2127659320831299 0.0
v 0.5161290168762207 1.1808511018753052 0.0
v 0.5161290168762207 1.1489362716674805 0.0
v 0.5161290168762207 1.1170213222503662 0.0
v 0.5161290168762207 1.085106372833252 0.0
v 0.5161290168762207 1.0531915426254272 0.0
v 0.5161290168762207 1.0212767124176025 0.0
v 0.5161290168762207 0.9893617630004883 0.0
v 0.5161290168762207 0.957446813583374 0.0
v 0.5161290168762207 0.9255318641662598 0.0
v 0.5161290168762207 0.8936170339584351 0.0
v 0.5161290168762207 0.8617020845413208 0.0
v 0.5161290168762207 0.8297872543334961 0.0
v 0.5161290168762207 0.7978723049163818 0.0
v 0.5161290168762207 0.7659574747085571 0.0
v 0.5161290168762207 0.7340425252914429 0.0
v 0.5161290168762207 0.7021276354789734 0.0
v 0.5161290168762207 0.6702127456665039 0.0
v 0.5161290168762207 0.6382978558540344 0.0
v 0.5161290168762207 0.6063829660415649 0.0
v 0.5161290168762207 0.5744680762290955 0.0
v 0.5161290168762207 0.542553186416626 0.0
v 0.5161290168762207 0.5106382966041565 0.0
v 0.5161290168762207 0.478723406791687 0.0
v 0.5161290168762207 0.44680851697921753 0.0
v 0.5161290168762207 0.41489362716674805 0.0
v 0.5161290168762207 0.38297873735427856 0.0
v 0.5161290168762207 0.3510638177394867 0.0
v 0.5161290168762207 0.3191489279270172 0.0
v 0.5161290168762207 0.28723403811454773 0.0
v 0.5161290168762207 0.25531914830207825 0.0
v 0.5161290168762207 0.22340425848960876 0.0
v 0.5161290168762207 0.19148936867713928 0.0
v 0.5161290168762207 0.1595744639635086 0.0
v 0.5161290168762207 0.12765957415103912 0.0
v 0.5161290168762207 0.09574468433856964 0.0
v 0.5161290168762207 0.06382978707551956 0.0
v 0.5161290168762207 0.03191489353775978 0.0
v 0.5161290168762207 0.0 0.0
v 0.4838709533214569 1.5 0.0
v 0.4838709533214569 1.4680850505828857 0.0
v 0.4838709533214569 1.436170220375061 0.0
v 0.4838709533214569 1.4042553901672363 0.0
v 0.4838709533214569 1.372340440750122 0.0
v 0.4838709533214569 1.3404254913330078 0.0
v 0.4838709533214569 1.308510661125183 0.0
v 0.4838709533214569 1.2765958309173584 0.0
v 0.4838709533214569 1.2446808815002441 0.0
v 0.4838709533214569 1.2127659320831299 0.0
v 0.4838709533214569 1.1808511018753052 0.0
v 0.4838709533214569 1.1489362716674805 0.0
v 0.4838709533214569 1.1170213222503662 0.0
v 0.4838709533214569 1.085106372833252 0.0
v 0.4838709533214569 1.0531915426254272 0.0
v 0.4838709533214569 1.0212767124176025 0.0
v 0.4838709533214569 0.9893617630004883 0.0
v 0.4838709533214569 0.957446813583374 0.0
v 0.4838709533214569 0.9255318641662598 0.0
v 0.4838709533214569 0.8936170339584351 0.0
v 0.4838709533214569 0.8617020845413208 0.0
v 0.4838709533214569 0.8297872543334961 0.0
v 0.4838709533214569 0.7978723049163818 0.0
v 0.4838709533214569 0.7659574747085571 0.0
v 0.4838709533214569 0.7340425252914429 0.0
v 0.4838709533214569 0.7021276354789734 0.0
v 0.4838709533214569 0.6702127456665039 0.0
v 0.4838709533214569 0.6382978558540344 0.0
v 0.4838709533214569 0.6063829660415649 0.0
v 0.4838709533214569 0.5744680762290955 0.0
v 0.4838709533214569 0.542553186416626 0.0
v 0.4838709533214569 0.5106382966041565 0.0
v 0.4838709533214569 0.478723406791687 0.0
v 0.4838709533214569 0.44680851697921753 0.0
v 0.4838709533214569 0.41489362716674805 0.0
v 0.4838709533214569 0.38297873735427856 0.0
v 0.4838709533214569 0.3510638177394867 0.0
v 0.4838709533214569 0.3191489279270172 0.0
v 0.4838709533214569 0.28723403811454773 0.0
v 0.4838709533214569 0.25531914830207825 0.0
v 0.4838709533214569 0.22340425848960876 0.0
v 0.4838709533214569 0.19148936867713928 0.0
v 0.4838709533214569 0.1595744639635086 0.0
v 0.4838709533214569 0.12765957415103912 0.0
v 0.4838709533214569 0.09574468433856964 0.0
v 0.4838709533214569 0.06382978707551956 0.0
v 0.4838709533214569 0.03191489353775978 0.0
v 0.4838709533214569 0.0 0.0
v 0.4516128897666931 1.5 0.0
v 0.4516128897666931 1.4680850505828857 0.0
v 0.4516128897666931 1.436170220375061 0.0
v 0.4516128897666931 1.4042553901672363 0.0
v 0.4516128897666931 1.372340440750122 0.0
v 0.4516128897666931 1.3404254913330078 0.0
v 0.4516128897666931 1.308510661125183 0.0
v 0.4516128897666931 1.2765958309173584 0.0
v 0.4516128897666931 1.2446808815002441 0.0
v 0.4516128897666931 1.2127659320831299 0.0
v 0.4516128897666931 1.1808511018753052 0.0
v 0.4516128897666931 1.1489362716674805 0.0
v 0.4516128897666931 1.1170213222503662 0.0
v 0.4516128897666931 1.085106372833252 0.0
v 0.4516128897666931 1.0531915426254272 0.0
v 0.4516128897666931 1.0212767124176025 0.0
v 0.4516128897666931 0.9893617630004883 0.0
v 0.4516128897666931 0.957446813583374 0.0
v 0.4516128897666931 0.9255318641662598 0.0
v 0.4516128897666931 0.8936170339584351 0.0
v 0.4516128897666931 0.8617020845413208 0.0
v 0.4516128897666931 0.8297872543334961 0.0
v 0.4516128897666931 0.7978723049163818 0.0
v 0.4516128897666931 0.7659574747085571 0.0
v 0.4516128897666931 0.7340425252914429 0.0
v 0.4516128897666931 0.7021276354789734 0.0
v 0.4516128897666931 0.6702127456665039 0.0
v 0.4516128897666931 0.6382978558540344 0.0
v 0.4516128897666931 0.6063829660415649 0.0
v 0.4516128897666931 0.5744680762290955 0.0
v 0.4516128897666931 0.542553186416626 0.0
v 0.4516128897666931 0.5106382966041565 0.0
v 0.4516128897666931 0.478723406791687 0.0
v 0.4516128897666931 0.44680851697921753 0.0
v 0.4516128897666931 0.41489362716674805 0.0
v 0.4516128897666931 0.38297873735427856 0.0
v 0.4516128897666931 0.3510638177394867 0.0
v 0.4516128897666931 0.3191489279270172 0.0
v 0.4516128897666931 0.28723403811454773 0.0
v 0.4516128897666931 0.25531914830207825 0.0
v 0.4516128897666931 0.22340425848960876 0.0
v 0.4516128897666931 0.19148936867713928 0.0
v 0.4516128897666931 0.1595744639635086 0.0
v 0.4516128897666931 0.12765957415103912 0.0
v 0.4516128897666931 0.09574468433856964 0.0
v 0.4516128897666931 0.06382978707551956 0.0
v 0.4516128897666931 0.03191489353775978 0.0
v 0.4516128897666931 0.0 0.0
v 0.4193548262119293 1.5 0.0
v 0.4193548262119293 1.4680850505828857 0.0
v 0.4193548262119293 1.436170220375061 0.0
v 0.4193548262119293 1.4042553901672363 0.0
v 0.4193548262119293 1.372340440750122 0.0
v 0.4193548262119293 1.3404254913330078 0.0
v 0.4193548262119293 1.308510661125183 0.0
v 0.4193548262119293 1.2765958309173584 0.0
v 0.4193548262119293 1.2446808815002441 0.0
v 0.4193548262119293 1.2127659320831299 0.0
v 0.4193548262119293 1.1808511018753052 0.0
v 0.4193548262119293 1.1489362716674805 0.0
v 0.4193548262119293 1.1170213222503662 0.0
v 0.4193548262119293 1.085106372833252 0.0
v 0.4193548262119293 1.0531915426254272 0.0
v 0.4193548262119293 1.0212767124176025 0.0
v 0.4193548262119293 0.9893617630004883 0.0
v 0.4193548262119293 0.957446813583374 0.0
v 0.4193548262119293 0.9255318641662598 0.0
v 0.4193548262119293 0.8936170339584351 0.0
v 0.4193548262119293 0.8617020845413208 0.0
v 0.4193548262119293 0.8297872543334961 0.0
v 0.4193548262119293 0.7978723049163818 0.0
v 0.4193548262119293 0.7659574747085571 0.0
v 0.4193548262119293 0.7340425252914429 0.0
v 0.4193548262119293 0.7021276354789734 0.0
v 0.4193548262119293 0.6702127456665039 0.0
v 0.4193548262119293 0.6382978558540344 0.0
v 0.4193548262119293 0.6063829660415649 0.0
v 0.4193548262119293 0.5744680762290955 0.0
v 0.4193548262119293 0.542553186416626 0.0
v 0.4193548262119293 0.5106382966041565 0.0
v 0.4193548262119293 0.478723406791687 0.0
v 0.4193548262119293 0.44680851697921753 0.0
v 0.4193548262119293 0.41489362716674805 0.0
v 0.4193548262119293 0.38297873735427856 0.0
v 0.4193548262119293 0.3510638177394867 0.0
v 0.4193548262119293 0.3191489279270172 0.0
v 0.4193548262119293 0.28723403811454773 0.0
v 0.4193548262119293 0.25531914830207825 0.0
v 0.4193548262119293 0.22340425848960876 0.0
v 0.4193548262119293 0.19148936867713928 0.0
v 0.4193548262119293 0.1595744639635086 0.0
v 0.4193548262119293 0.12765957415103912 0.0
v 0.4193548262119293 0.09574468433856964 0.0
v 0.4193548262119293 0.06382978707551956 0.0
v 0.4193548262119293 0.03191489353775978 0.0
v 0.4193548262119293 0.0 0.0
v 0.3870967626571655 1.5 0.0
v 0.3870967626571655 1.4680850505828857 0.0
v 0.3870967626571655 1.436170220375061 0.0
v 0.3870967626571655 1.4042553901672363 0.0
v 0.3870967626571655 1.372340440750122 0.0
v 0.3870967626571655 1.3404254913330078 0.0
v 0.3870967626571655 1.308510661125183 0.0
v 0.3870967626571655 1.2765958309173584 0.0
v 0.3870967626571655 1.2446808815002441 0.0
v 0.3870967626571655 1.2127659320831299 0.0
v 0.3870967626571655 1.1808511018753052 0.0
v 0.3870967626571655 1.1489362716674805 0.0
v 0.3870967626571655 1.1170213222503662 0.0
v 0.3870967626571655 1.085106372833252 0.0
v 0.3870967626571655 1.0531915426254272 0.0
v 0.3870967626571655 1.0212767124176025 0.0
v 0.3870967626571655 0.9893617630004883 0.0
v 0.3870967626571655 0.957446813583374 0.0
v 0.3870967626571655 0.9255318641662598 0.0
v 0.3870967626571655 0.8936170339584351 0.0
v 0.3870967626571655 0.8617020845413208 0.0
v 0.3870967626571655 0.8297872543334961 0.0
v 0.3870967626571655 0.7978723049163818 0.0
v 0.3870967626571655 0.7659574747085571 0.0
v 0.3870967626571655 0.7340425252914429 0.0
v 0.3870967626571655 0.7021276354789734 0.0
v 0.3870967626571655 0.6702127456665039 0.0
v 0.3870967626571655 0.6382978558540344 0.0
v 0.3870967626571655 0.6063829660415649 0.0
v 0.3870967626571655 0.5744680762290955 0.0
v 0.3870967626571655 0.542553186416626 0.0
v 0.3870967626571655 0.5106382966041565 0.0
v 0.3870967626571655 0.478723406791687 0.0
v 0.3870967626571655 0.44680851697921753 0.0
v 0.3870967626571655 0.41489362716674805 0.0
v 0.3870967626571655 0.38297873735427856 0.0
v 0.3870967626571655 0.3510638177394867 0.0
v 0.3870967626571655 0.3191489279270172 0.0
v 0.3870967626571655 0.28723403811454773 0.0
v 0.3870967626571655 0.25531914830207825 0.0
v 0.3870967626571655 0.22340425848960876 0.0
v 0.3870967626571655 0.19148936867713928 0.0
v 0.3870967626571655 0.1595744639635086 0.0
v 0.3870967626571655 0.12765957415103912 0.0
v 0.3870967626571655 0.09574468433856964 0.0
v 0.3870967626571655 0.06382978707551956 0.0
v 0.3870967626571655 0.03191489353775978 0.0
v 0.3870967626571655 0.0 0.0
v 0.35483869910240173 1.5 0.0
v 0.35483869910240173 1.4680850505828857 0.0
v 0.35483869910240173 1.436170220375061 0.0
v 0.35483869910240173 1.4042553901672363 0.0
v 0.35483869910240173 1.372340440750122 0.0
v 0.35483869910240173 1.3404254913330078 0.0
v 0.35483869910240173 1.308510661125183 0.0
v 0.35483869910240173 1.2765958309173584 0.0
v 0.35483869910240173 1.2446808815002441 0.0
v 0.35483869910240173 1.2127659320831299 0.0
v 0.35483869910240173 1.1808511018753052 0.0
v 0.35483869910240173 1.1489362716674805 0.0
v 0.35483869910240173 1.1170213222503662 0.0
v 0.35483869910240173 1.085106372833252 0.0
v 0.35483869910240173 1.0531915426254272 0.0
v 0.35483869910240173 1.0212767124176025 0.0
v 0.35483869910240173 0.9893617630004883 0.0
v 0.35483869910240173 0.957446813583374 0.0
v 0.35483869910240173 0.9255318641662598 0.0
v 0.35483869910240173 0.8936170339584351 0.0
v 0.35483869910240173 0.8617020845413208 0.0
v 0.35483869910240173 0.8297872543334961 0.0
v 0.35483869910240173 0.7978723049163818 0.0
v 0.35483869910240173 0.7659574747085571 0.0
v 0.35483869910240173 0.7340425252914429 0.0
v 0.35483869910240173 0.7021276354789734 0.0
v 0.35483869910240173 0.6702127456665039 0.0
v 0.35483869910240173 0.6382978558540344 0.0
v 0.35483869910240173 0.6063829660415649 0.0
v 0.35483869910240173 0.5744680762290955 0.0
v 0.35483869910240173 0.542553186416626 0.0
v 0.35483869910240173 0.5106382966041565 0.0
v 0.35483869910240173 0.478723406791687 0.0
v 0.35483869910240173 0.44680851697921753 0.0
v 0.35483869910240173 0.41489362716674805 0.0
v 0.35483869910240173 0.38297873735427856 0.0
v 0.35483869910240173 0.3510638177394867 0.0
v 0.35483869910240173 0.3191489279270172 0.0
v 0.35483869910240173 0.28723403811454773 0.0
v 0.35483869910240173 0.25531914830207825 0.0
v 0.35483869910240173 0.22340425848960876 0.0
v 0.35483869910240173 0.19148936867713928 0.0
v 0.35483869910240173 0.1595744639635086 0.0
v 0.35483869910240173 0.12765957415103912 0.0
v 0.35483869910240173 0.09574468433856964 0.0
v 0.35483869910240173 0.06382978707551956 0.0
v 0.35483869910240173 0.03191489353775978 0.0
v 0.35483869910240173 0.0 0.0
v 0.32258063554763794 1.5 0.0
v 0.32258063554763794 1.4680850505828857 0.0
v 0.32258063554763794 1.436170220375061 0.0
v 0.32258063554763794 1.4042553901672363 0.0
v 0.32258063554763794 1.372340440750122 0.0
v 0.32258063554763794 1.3404254913330078 0.0
v 0.32258063554763794 1.308510661125183 0.0
v 0.32258063554763794 1.2765958309173584 0.0
v 0.32258063554763794 1.2446808815002441 0.0
v 0.32258063554763794 1.2127659320831299 0.0
v 0.32258063554763794 1.1808511018753052 0.0
v 0.32258063554763794 1.1489362716674805 0.0
v 0.32258063554763794 1.1170213222503662 0.0
v 0.32258063554763794 1.085106372833252 0.0
v 0.32258063554763794 1.0531915426254272 0.0
v 0.32258063554763794 1.0212767124176025 0.0
v 0.32258063554763794 0.9893617630004883 0.0
v 0.32258063554763794 0.957446813583374 0.0
v 0.32258063554763794 0.9255318641662598 0.0
v 0.32258063554763794 0.8936170339584351 0.0
v 0.32258063554763794 0.8617020845413208 0.0
v 0.32258063554763794 0.8297872543334961 0.0
v 0.32258063554763794 0.7978723049163818 0.0
v 0.32258063554763794 0.7659574747085571 0.0
v 0.32258063554763794 0.7340425252914429 0.0
v 0.32258063554763794 0.7021276354789734 0.0
v 0.32258063554763794 0.6702127456665039 0.0
v 0.32258063554763794 0.6382978558540344 0.0
v 0.32258063554763794 0.6063829660415649 0.0
v 0.32258063554763794 0.5744680762290955 0.0
v 0.32258063554763794 0.542553186416626 0.0
v 0.32258063554763794 0.5106382966041565 0.0
v 0.32258063554763794 0.478723406791687 0.0
v 0.32258063554763794 0.44680851697921753 0.0
v 0.32258063554763794 0.41489362716674805 0.0
v 0.32258063554763794 0.38297873735427856 0.0
v 0.32258063554763794 0.3510638177394867 0.0
v 0.32258063554763794 0.3191489279270172 0.0
v 0.32258063554763794 0.28723403811454773 0.0
v 0.32258063554763794 0.25531914830207825 0.0
v 0.32258063554763794 0.22340425848960876 0.0
v 0.32258063554763794 0.19148936867713928 0.0
v 0.32258063554763794 0.1595744639635086 0.0
v 0.32258063554763794 0.12765957415103912 0.0
v 0.32258063554763794 0.09574468433856964 0.0
v 0.32258063554763794 0.06382978707551956 0.0
v 0.32258063554763794 0.03191489353775978 0.0
v 0.32258063554763794 0.0 0.0
v 0.29032257199287415 1.5 0.0
v 0.29032257199287415 1.4680850505828857 0.0
v 0.29032257199287415 1.436170220375061 0.0
v 0.29032257199287415 1.4042553901672363 0.0
v 0.29032257199287415 1.372340440750122 0.0
v 0.29032257199287415 1.3404254913330078 0.0
v 0.29032257199287415 1.308510661125183 0.0
v 0.29032257199287415 1.2765958309173584 0.0
v 0.29032257199287415 1.2446808815002441 0.0
v 0.29032257199287415 1.2127659320831299 0.0
v 0.29032257199287415 1.1808511018753052 0.0
v 0.29032257199287415 1.1489362716674805 0.0
v 0.29032257199287415 1.1170213222503662 0.0
v 0.29032257199287415 1.085106372833252 0.0
v 0.29032257199287415 1.0531915426254272 0.0
v 0.29032257199287415 1.0212767124176025 0.0
v 0.29032257199287415 0.9893617630004883 0.0
v 0.29032257199287415 0.957446813583374 0.0
v 0.29032257199287415 0.9255318641662598 0.0
v 0.29032257199287415 0.8936170339584351 0.0
v 0.29032257199287415 0.8617020845413208 0.0
v 0.29032257199287415 0.8297872543334961 0.0
v 0.29032257199287415 0.7978723049163818 0.0
v 0.29032257199287415 0.7659574747085571 0.0
v 0.29032257199287415 0.7340425252914429 0.0
v 0.29032257199287415 0.7021276354789734 0.0
v 0.29032257199287415 0.6702127456665039 0.0
v 0.29032257199287415 0.6382978558540344 0.0
v 0.29032257199287415 0.6063829660415649 0.0
v 0.29032257199287415 0.5744680762290955 0.0
v 0.29032257199287415 0.542553186416626 0.0
v 0.29032257199287415 0.5106382966041565 0.0
v 0.29032257199287415 0.478723406791687 0.0
v 0.29032257199287415 0.44680851697921753 0.0
v 0.29032257199287415 0.41489362716674805 0.0
v 0.29032257199287415 0.38297873735427856 0.0
v 0.29032257199287415 0.3510638177394867 0.0
v 0.29032257199287415 0.3191489279270172 0.0
v 0.29032257199287415 0.28723403811454773 0.0
v 0.29032257199287415 0.25531914830207825 0.0
v 0.29032257199287415 0.22340425848960876 0.0
v 0.29032257199287415 0.19148936867713928 0.0
v 0.29032257199287415 0.1595744639635086 0.0
v 0.29032257199287415 0.12765957415103912 0.0
v 0.29032257199287415 0.09574468433856964 0.0
v 0.29032257199287415 0.06382978707551956 0.0
v 0.29032257199287415 0.03191489353775978 0.0
v 0.29032257199287415 0.0 0.0
v 0.25806450843811035 1.5 0.0
v 0.25806450843811035 1.4680850505828857 0.0
v 0.25806450843811035 1.436170220375061 0.0
v 0.25806450843811035 1.4042553901672363 0.0
v 0.25806450843811035 1.372340440750122 0.0
v 0.25806450843811035 1.3404254913330078 0.0
v 0.25806450843811035 1.308510661125183 0.0
v 0.25806450843811035 1.2765958309173584 0.0
v 0.25806450843811035 1.2446808815002441 0.0
v 0.25806450843811035 1.2127659320831299 0.0
v 0.25806450843811035 1.1808511018753052 0.0
v 0.25806450843811035 1.1489362716674805 0.0
v 0.25806450843811035 1.1170213222503662 0.0
v 0.25806450843811035 1.085106372833252 0.0
v 0.25806450843811035 1.0531915426254272 0.0
v 0.25806450843811035 1.0212767124176025 0.0
v 0.25806450843811035 0.9893617630004883 0.0
v 0.25806450843811035 0.957446813583374 0.0
v 0.25806450843811035 0.9255318641662598 0.0
v 0.25806450843811035 0.8936170339584351 0.0
v 0.25806450843811035 0.8617020845413208 0.0
v 0.25806450843811035 0.8297872543334961 0.0
v 0.25806450843811035 0.7978723049163818 0.0
v 0.25806450843811035 0.7659574747085571 0.0
v 0.25806450843811035 0.7340425252914429 0.0
v 0.25806450843811035 0.7021276354789734 0.0
v 0.25806450843811035 0.6702127456665039 0.0
v 0.25806450843811035 0.6382978558540344 0.0
v 0.25806450843811035 0.6063829660415649 0.0
v 0.25806450843811035 0.5744680762290955 0.0
v 0.25806450843811035 0.542553186416626 0.0
v 0.25806450843811035 0.5106382966041565 0.0
v 0.25806450843811035 0.478723406791687 0.0
v 0.25806450843811035 0.44680851697921753 0.0
v 0.25806450843811035 0.41489362716674805 0.0
v 0.25806450843811035 0.38297873735427856 0.0
v 0.25806450843811035 0.3510638177394867 0.0
v 0.25806450843811035 0.3191489279270172 0.0
v 0.25806450843811035 0.28723403811454773 0.0
v 0.25806450843811035 0.25531914830207825 0.0
v 0.25806450843811035 0.22340425848960876 0.0
v 0.25806450843811035 0.19148936867713928 0.0
v 0.25806450843811035 0.1595744639635086 0.0
v 0.25806450843811035 0.12765957415103912 0.0
v 0.25806450843811035 0.09574468433856964 0.0
v 0.25806450843811035 0.06382978707551956 0.0
v 0.25806450843811035 0.03191489353775978 0.0
v 0.25806450843811035 0.0 0.0
v 0.22580644488334656 1.5 0.0
v 0.22580644488334656 1.4680850505828857 0.0
v 0.22580644488334656 1.436170220375061 0.0
v 0.22580644488334656 1.4042553901672363 0.0
v 0.22580644488334656 1.372340440750122 0.0
v 0.22580644488334656 1.3404254913330078 0.0
v 0.22580644488334656 1.308510661125183 0.0
v 0.22580644488334656 1.2765958309173584 0.0
v 0.22580644488334656 1.2446808815002441 0.0
v 0.22580644488334656 1.2127659320831299 0.0
v 0.22580644488334656 1.1808511018753052 0.0
v 0.22580644488334656 1.1489362716674805 0.0
v 0.22580644488334656 1.1170213222503662 0.0
v 0.22580644488334656 1.085106372833252 0.0
v 0.22580644488334656 1.0531915426254272 0.0
v 0.22580644488334656 1.0212767124176025 0.0
v 0.22580644488334656 0.9893617630004883 0.0
v 0.22580644488334656 0.957446813583374 0.0
v 0.22580644488334656 0.9255318641662598 0.0
v 0.22580644488334656 0.8936170339584351 0.0
v 0.22580644488334656 0.8617020845413208 0.0
v 0.22580644488334656 0.8297872543334961 0.0
v 0.22580644488334656 0.7978723049163818 0.0
v 0.22580644488334656 0.7659574747085571 0.0
v 0.22580644488334656 0.7340425252914429 0.0
v 0.22580644488334656 0.7021276354789734 0.0
v 0.22580644488334656 0.6702127456665039 0.0
v 0.22580644488334656 0.6382978558540344 0.0
v 0.22580644488334656 0.6063829660415649 0.0
v 0.22580644488334656 0.5744680762290955 0.0
v 0.22580644488334656 0.542553186416626 0.0
v 0.22580644488334656 0.5106382966041565 0.0
v 0.22580644488334656 0.478723406791687 0.0
v 0.22580644488334656 0.44680851697921753 0.0
v 0.22580644488334656 0.41489362716674805 0.0
v 0.22580644488334656 0.38297873735427856 0.0
v 0.22580644488334656 0.3510638177394867 0.0
v 0.22580644488334656 0.3191489279270172 0.0
v 0.22580644488334656 0.28723403811454773 0.0
v 0.22580644488334656 0.25531914830207825 0.0
v 0.22580644488334656 0.22340425848960876 0.0
v 0.22580644488334656 0.19148936867713928 0.0
v 0.22580644488334656 0.1595744639635086 0.0
v 0.22580644488334656 0.12765957415103912 0.0
v 0.22580644488334656 0.09574468433856964 0.0
v 0.22580644488334656 0.06382978707551956 0.0
v 0.22580644488334656 0.03191489353775978 0.0
v 0.22580644488334656 0.0 0.0
v 0.19354838132858276 1.5 0.0
v 0.19354838132858276 1.4680850505828857 0.0
v 0.19354838132858276 1.436170220375061 0.0
v 0.19354838132858276 1.4042553901672363 0.0
v 0.19354838132858276 1.372340440750122 0.0
v 0.19354838132858276 1.3404254913330078 0.0
v 0.19354838132858276 1.308510661125183 0.0
v 0.19354838132858276 1.2765958309173584 0.0
v 0.19354838132858276 1.2446808815002441 0.0
v 0.19354838132858276 1.2127659320831299 0.0
v 0.19354838132858276 1.1808511018753052 0.0
v 0.19354838132858276 1.1489362716674805 0.0
v 0.19354838132858276 1.1170213222503662 0.0
v 0.19354838132858276 1.085106372833252 0.0
v 0.19354838132858276 1.0531915426254272 0.0
v 0.19354838132858276 1.0212767124176025 0.0
v 0.19354838132858276 0.9893617630004883 0.0
v 0.19354838132858276 0.957446813583374 0.0
v 0.19354838132858276 0.9255318641662598 0.0
v 0.19354838132858276 0.8936170339584351 0.0
v 0.19354838132858276 0.8617020845413208 0.0
v 0.19354838132858276 0.8297872543334961 0.0
v 0.19354838132858276 0.7978723049163818 0.0
v 0.19354838132858276 0.7659574747085571 0.0
v 0.19354838132858276 0.7340425252914429 0.0
v 0.19354838132858276 0.7021276354789734 0.0
v 0.19354838132858276 0.6702127456665039 0.0
v 0.19354838132858276 0.6382978558540344 0.0
v 0.19354838132858276 0.6063829660415649 0.0
v 0.19354838132858276 0.5744680762290955 0.0
v 0.19354838132858276 0.542553186416626 0.0
v 0.19354838132858276 0.5106382966041565 0.0
v 0.19354838132858276 0.478723406791687 0.0
v 0.19354838132858276 0.44680851697921753 0.0
v 0.19354838132858276 0.41489362716674805 0.0
v 0.19354838132858276 0.38297873735427856 0.0
v 0.19354838132858276 0.3510638177394867 0.0
v 0.19354838132858276 0.3191489279270172 0.0
v 0.19354838132858276 0.28723403811454773 0.0
v 0.19354838132858276 0.25531914830207825 0.0
v 0.19354838132858276 0.22340425848960876 0.0
v 0.19354838132858276 0.19148936867713928 0.0
v 0.19354838132858276 0.1595744639635086 0.0
v 0.19354838132858276 0.12765957415103912 0.0
v 0.19354838132858276 0.09574468433856964 0.0
v 0.19354838132858276 0.06382978707551956 0.0
v 0.19354838132858276 0.03191489353775978 0.0
v 0.19354838132858276 0.0 0.0
v 0.16129031777381897 1.5 0.0
v 0.16129031777381897 1.4680850505828857 0.0
v 0.16129031777381897 1.436170220375061 0.0
v 0.16129031777381897 1.4042553901672363 0.0
v 0.16129031777381897 1.372340440750122 0.0
v 0.16129031777381897 1.3404254913330078 0.0
v 0.16129031777381897 1.308510661125183 0.0
v 0.16129031777381897 1.2765958309173584 0.0
v 0.16129031777381897 1.2446808815002441 0.0
v 0.16129031777381897 1.2127659320831299 0.0
v 0.16129031777381897 1.1808511018753052 0.0
v 0.16129031777381897 1.1489362716674805 0.0
v 0.16129031777381897 1.1170213222503662 0.0
v 0.16129031777381897 1.085106372833252 0.0
v 0.16129031777381897 1.0531915426254272 0.0
v 0.16129031777381897 1.0212767124176025 0.0
v 0.16129031777381897 0.9893617630004883 0.0
v 0.16129031777381897 0.957446813583374 0.0
v 0.16129031777381897 0.9255318641662598 0.0
v 0.16129031777381897 0.8936170339584351 0.0
v 0.16129031777381897 0.8617020845413208 0.0
v 0.16129031777381897 0.8297872543334961 0.0
v 0.16129031777381897 0.7978723049163818 0.0
v 0.16129031777381897 0.7659574747085571 0.0
v 0.16129031777381897 0.7340425252914429 0.0
v 0.16129031777381897 0.7021276354789734 0.0
v 0.16129031777381897 0.6702127456665039 0.0
v 0.16129031777381897 0.6382978558540344 0.0
v 0.16129031777381897 0.6063829660415649 0.0
v 0.16129031777381897 0.5744680762290955 0.0
v 0.16129031777381897 0.542553186416626 0.0
v 0.16129031777381897 0.5106382966041565 0.0
v 0.16129031777381897 0.478723406791687 0.0
v 0.16129031777381897 0.44680851697921753 0.0
v 0.16129031777381897 0.41489362716674805 0.0
v 0.16129031777381897 0.38297873735427856 0.0
v 0.16129031777381897 0.3510638177394867 0.0
v 0.16129031777381897 0.3191489279270172 0.0
v 0.16129031777381897 0.28723403811454773 0.0
v 0.16129031777381897 0.25531914830207825 0.0
v 0.16129031777381897 0.22340425848960876 0.0
v 0.16129031777381897 0.19148936867713928 0.0
v 0.16129031777381897 0.1595744639635086 0.0
v 0.16129031777381897 0.12765957415103912 0.0
v 0.16129031777381897 0.09574468433856964 0.0
v 0.16129031777381897 0.06382978707551956 0.0
v 0.16129031777381897 0.03191489353775978 0.0
v 0.16129031777381897 0.0 0.0
v 0.12903225421905518 1.5 0.0
v 0.12903225421905518 1.4680850505828857 0.0
v 0.12903225421905518 1.436170220375061 0.0
v 0.12903225421905518 1.4042553901672363 0.0
v 0.12903225421905518 1.372340440750122 0.0
v 0.12903225421905518 1.3404254913330078 0.0
v 0.12903225421905518 1.308510661125183 0.0
v 0.12903225421905518 1.2765958309173584 0.0
v 0.12903225421905518 1.2446808815002441 0.0
v 0.12903225421905518 1.2127659320831299 0.0
v 0.12903225421905518 1.1808511018753052 0.0
v 0.12903225421905518 1.1489362716674805 0.0
v 0.12903225421905518 1.1170213222503662 0.0
v 0.12903225421905518 1.085106372833252 0.0
v 0.12903225421905518 1.0531915426254272 0.0
v 0.12903225421905518 1.0212767124176025 0.0
v 0.12903225421905518 0.9893617630004883 0.0
v 0.12903225421905518 0.957446813583374 0.0
v 0.12903225421905518 0.9255318641662598 0.0
v 0.12903225421905518 0.8936170339584351 0.0
v 0.12903225421905518 0.8617020845413208 0.0
v 0.12903225421905518 0.8297872543334961 0.0
v 0.12903225421905518 0.7978723049163818 0.0
v 0.12903225421905518 0.7659574747085571 0.0
v 0.12903225421905518 0.7340425252914429 0.0
v 0.12903225421905518 0.7021276354789734 0.0
v 0.12903225421905518 0.6702127456665039 0.0
v 0.12903225421905518 0.6382978558540344 0.0
v 0.12903225421905518 0.6063829660415649 0.0
v 0.12903225421905518 0.5744680762290955 0.0
v 0.12903225421905518 0.542553186416626 0.0
v 0.12903225421905518 0.5106382966041565 0.0
v 0.12903225421905518 0.478723406791687 0.0
v 0.12903225421905518 0.44680851697921753 0.0
v 0.12903225421905518 0.41489362716674805 0.0
v 0.12903225421905518 0.38297873735427856 0.0
v 0.12903225421905518 0.3510638177394867 0.0
v 0.12903225421905518 0.3191489279270172 0.0
v 0.12903225421905518 0.28723403811454773 0.0
v 0.12903225421905518 0.25531914830207825 0.0
v 0.12903225421905518 0.22340425848960876 0.0
v 0.12903225421905518 0.19148936867713928 0.0
v 0.12903225421905518 0.1595744639635086 0.0
v 0.12903225421905518 0.12765957415103912 0.0
v 0.12903225421905518 0.09574468433856964 0.0
v 0.12903225421905518 0.06382978707551956 0.0
v 0.12903225421905518 0.03191489353775978 0.0
v 0.12903225421905518 0.0 0.0
v 0.09677419066429138 1.5 0.0
v 0.09677419066429138 1.4680850505828857 0.0
v 0.09677419066429138 1.436170220375061 0.0
v 0.09677419066429138 1.4042553901672363 0.0
v 0.09677419066429138 1.372340440750122 0.0
v 0.09677419066429138 1.3404254913330078 0.0
v 0.09677419066429138 1.308510661125183 0.0
v 0.09677419066429138 1.2765958309173584 0.0
v 0.09677419066429138 1.2446808815002441 0.0
v 0.09677419066429138 1.2127659320831299 0.0
v 0.09677419066429138 1.1808511018753052 0.0
v 0.09677419066429138 1.1489362716674805 0.0
v 0.09677419066429138 1.1170213222503662 0.0
v 0.09677419066429138 1.085106372833252 0.0
v 0.09677419066429138 1.0531915426254272 0.0
v 0.09677419066429138 1.0212767124176025 0.0
v 0.09677419066429138 0.9893617630004883 0.0
v 0.09677419066429138 0.957446813583374 0.0
v 0.09677419066429138 0.9255318641662598 0.0
v 0.09677419066429138 0.8936170339584351 0.0
v 0.09677419066429138 0.8617020845413208 0.0
v 0.09677419066429138 0.8297872543334961 0.0
v 0.09677419066429138 0.7978723049163818 0.0
v 0.09677419066429138 0.7659574747085571 0.0
v 0.09677419066429138 0.7340425252914429 0.0
v 0.09677419066429138 0.7021276354789734 0.0
v 0.09677419066429138 0.6702127456665039 0.0
v 0.09677419066429138 0.6382978558540344 0.0
v 0.09677419066429138 0.6063829660415649 0.0
v 0.09677419066429138 0.5744680762290955 0.0
v 0.09677419066429138 0.542553186416626 0.0
v 0.09677419066429138 0.5106382966041565 0.0
v 0.09677419066429138 0.478723406791687 0.0
v 0.09677419066429138 0.44680851697921753 0.0
v 0.09677419066429138 0.41489362716674805 0.0
v 0.09677419066429138 0.38297873735427856 0.0
v 0.09677419066429138 0.3510638177394867 0.0
v 0.09677419066429138 0.3191489279270172 0.0
v 0.09677419066429138 0.28723403811454773 0.0
v 0.09677419066429138 0.25531914830207825 0.0
v 0.09677419066429138 0.22340425848960876 0.0
v 0.09677419066429138 0.19148936867713928 0.0
v 0.09677419066429138 0.1595744639635086 0.0
v 0.09677419066429138 0.12765957415103912 0.0
v 0.09677419066429138 0.09574468433856964 0.0
v 0.09677419066429138 0.06382978707551956 0.0
v 0.09677419066429138 0.03191489353775978 0.0
v 0.09677419066429138 0.0 0.0
v 0.06451612710952759 1.5 0.0
v 0.06451612710952759 1.4680850505828857 0.0
v 0.06451612710952759 1.436170220375061 0.0
v 0.06451612710952759 1.4042553901672363 0.0
v 0.06451612710952759 1.372340440750122 0.0
v 0.06451612710952759 1.3404254913330078 0.0
v 0.06451612710952759 1.308510661125183 0.0
v 0.06451612710952759 1.2765958309173584 0.0
v 0.06451612710952759 1.2446808815002441 0.0
v 0.06451612710952759 1.2127659320831299 0.0
v 0.06451612710952759 1.1808511018753052 0.0
v 0.06451612710952759 1.1489362716674805 0.0
v 0.06451612710952759 1.1170213222503662 0.0
v 0.06451612710952759 1.085106372833252 0.0
v 0.06451612710952759 1.0531915426254272 0.0
v 0.06451612710952759 1.0212767124176025 0.0
v 0.06451612710952759 0.9893617630004883 0.0
v 0.06451612710952759 0.957446813583374 0.0
v 0.06451612710952759 0.9255318641662598 0.0
v 0.06451612710952759 0.8936170339584351 0.0
v 0.06451612710952759 0.8617020845413208 0.0
v 0.06451612710952759 0.8297872543334961 0.0
v 0.06451612710952759 0.7978723049163818 0.0
v 0.06451612710952759 0.7659574747085571 0.0
v 0.06451612710952759 0.7340425252914429 0.0
v 0.06451612710952759 0.7021276354789734 0.0
v 0.06451612710952759 0.6702127456665039 0.0
v 0.06451612710952759 0.6382978558540344 0.0
v 0.06451612710952759 0.6063829660415649 0.0
v 0.06451612710952759 0.5744680762290955 0.0
v 0.06451612710952759 0.542553186416626 0.0
v 0.06451612710952759 0.5106382966041565 0.0
v 0.06451612710952759 0.478723406791687 0.0
v 0.06451612710952759 0.44680851697921753 0.0
v 0.06451612710952759 0.41489362716674805 0.0
v 0.06451612710952759 0.38297873735427856 0.0
v 0.06451612710952759 0.3510638177394867 0.0
v 0.06451612710952759 0.3191489279270172 0.0
v 0.06451612710952759 0.28723403811454773 0.0
v 0.06451612710952759 0.25531914830207825 0.0
v 0.06451612710952759 0.22340425848960876 0.0
v 0.06451612710952759 0.19148936867713928 0.0
v 0.06451612710952759 0.1595744639635086 0.0
v 0.06451612710952759 0.12765957415103912 0.0
v 0.06451612710952759 0.09574468433856964 0.0
v 0.06451612710952759 0.06382978707551956 0.0
v 0.06451612710952759 0.03191489353775978 0.0
v 0.06451612710952759 0.0 0.0
v 0.032258063554763794 1.5 0.0
v 0.032258063554763794 1.4680850505828857 0.0
v 0.032258063554763794 1.436170220375061 0.0
v 0.032258063554763794 1.4042553901672363 0.0
v 0.032258063554763794 1.372340440750122 0.0
v 0.032258063554763794 1.3404254913330078 0.0
v 0.032258063554763794 1.308510661125183 0.0
v 0.032258063554763794 1.2765958309173584 0.0
v 0.032258063554763794 1.2446808815002441 0.0
v 0.032258063554763794 1.2127659320831299 0.0
v 0.032258063554763794 1.1808511018753052 0.0
v 0.032258063554763794 1.1489362716674805 0.0
v 0.032258063554763794 1.1170213222503662 0.0
v 0.032258063554763794 1.085106372833252 0.0
v 0.032258063554763794 1.0531915426254272 0.0
v 0.032258063554763794 1.0212767124176025 0.0
v 0.032258063554763794 0.9893617630004883 0.0
v 0.032258063554763794 0.957446813583374 0.0
v 0.032258063554763794 0.9255318641662598 0.0
v 0.032258063554763794 0.8936170339584351 0.0
v 0.032258063554763794 0.8617020845413208 0.0
v 0.032258063554763794 0.8297872543334961 0.0
v 0.032258063554763794 0.7978723049163818 0.0
v 0.032258063554763794 0.7659574747085571 0.0
v 0.032258063554763794 0.7340425252914429 0.0
v 0.032258063554763794 0.7021276354789734 0.0
v 0.032258063554763794 0.6702127456665039 0.0
v 0.032258063554763794 0.6382978558540344 0.0
v 0.032258063554763794 0.6063829660415649 0.0
v 0.032258063554763794 0.5744680762290955 0.0
v 0.032258063554763794 0.542553186416626 0.0
v 0.032258063554763794 0.5106382966041565 0.0
v 0.032258063554763794 0.478723406791687 0.0
v 0.032258063554763794 0.44680851697921753 0.0
v 0.032258063554763794 0.41489362716674805 0.0
v 0.032258063554763794 0.38297873735427856 0.0
v 0.032258063554763794 0.3510638177394867 0.0
v 0.032258063554763794 0.3191489279270172 0.0
v 0.032258063554763794 0.28723403811454773 0.0
v 0.032258063554763794 0.25531914830207825 0.0
v 0.032258063554763794 0.22340425848960876 0.0
v 0.032258063554763794 0.19148936867713928 0.0
v 0.032258063554763794 0.1595744639635086 0.0
v 0.032258063554763794 0.12765957415103912 0.0
v 0.032258063554763794 0.09574468433856964 0.0
v 0.032258063554763794 0.06382978707551956 0.0
v 0.032258063554763794 0.03191489353775978 0.0
v 0.032258063554763794 0.0 0.0
v 0.0 1.5 0.0
v 0.0 1.4680850505828857 0.0
v 0.0 1.436170220375061 0.0
v 0.0 1.4042553901672363 0.0
v 0.0 1.372340440750122 0.0
v 0.0 1.3404254913330078 0.0
v 0.0 1.308510661125183 0.0
v 0.0 1.2765958309173584 0.0
v 0.0 1.2446808815002441 0.0
v 0.0 1.2127659320831299 0.0
v 0.0 1.1808511018753052 0.0
v 0.0 1.1489362716674805 0.0
v 0.0 1.1170213222503662 0.0
v 0.0 1.085106372833252 0.0
v 0.0 1.0531915426254272 0.0
v 0.0 1.0212767124176025 0.0
v 0.0 0.9893617630004883 0.0
v 0.0 0.957446813583374 0.0
v 0.0 0.9255318641662598 0.0
v 0.0 0.8936170339584351 0.0
v 0.0 0.8617020845413208 0.0
v 0.0 0.8297872543334961 0.0
v 0.0 0.7978723049163818 0.0
v 0.0 0.7659574747085571 0.0
v 0.0 0.7340425252914429 0.0
v 0.0 0.7021276354789734 0.0
v 0.0 0.6702127456665039 0.0
v 0.0 0.6382978558540344 0.0
v 0.0 0.6063829660415649 0.0
v 0.0 0.5744680762290955 0.0
v 0.0 0.542553186416626 0.0
v 0.0 0.5106382966041565 0.0
v 0.0 0.478723406791687 0.0
v 0.0 0.44680851697921753 0.0
v 0.0 0.41489362716674805 0.0
v 0.0 0.38297873735427856 0.0
v 0.0 0.3510638177394867 0.0
v 0.0 0.3191489279270172 0.0
v 0.0 0.28723403811454773 0.0
v 0.0 0.25531914830207825 0.0
v 0.0 0.22340425848960876 0.0
v 0.0 0.19148936867713928 0.0
v 0.0 0.1595744639635086 0.0
v 0.0 0.12765957415103912 0.0
v 0.0 0.09574468433856964 0.0
v 0.0 0.06382978707551956 0.0
v 0.0 0.03191489353775978 0.0
v 0.0 0.0 0.0
vt 1.0 1.0
vt 1.0 0.978723406791687
vt 1.0 0.957446813583374
vt 1.0 0.936170220375061
vt 1.0 0.914893627166748
vt 1.0 0.8936170339584351
vt 1.0 0.8723404407501221
vt 1.0 0.8510638475418091
vt 1.0 0.8297872543334961
vt 1.0 0.8085106611251831
vt 1.0 0.7872340679168701
vt 1.0 0.7659574747085571
vt 1.0 0.7446808815002441
vt 1.0 0.7234042882919312
vt 1.0 0.7021276950836182
vt 1.0 0.6808511018753052
vt 1.0 0.6595745086669922
vt 1.0 0.6382978558540344
vt 1.0 0.6170212626457214
vt 1.0 0.5957446694374084
vt 1.0 0.5744680762290955
vt 1.0 0.5531914830207825
vt 1.0 0.5319148898124695
vt 1.0 0.5106382966041565
vt 1.0 0.4893616735935211
vt 1.0 0.46808508038520813
vt 1.0 0.44680848717689514
vt 1.0 0.42553189396858215
vt 1.0 0.40425530076026917
vt 1.0 0.3829787075519562
vt 1.0 0.3617021143436432
vt 1.0 0.3404255211353302
vt 1.0 0.3191489279270172
vt 1.0 0.2978723347187042
vt 1.0 0.27659574151039124
vt 1.0 0.25531914830207825
vt 1.0 0.23404254019260406
vt 1.0 0.21276594698429108
vt 1.0 0.1914893537759781
vt 1.0 0.1702127605676651
vt 1.0 0.1489361673593521
vt 1.0 0.12765957415103912
vt 1.0 0.10638297349214554
vt 1.0 0.08510638028383255
vt 1.0 0.06382978707551956
vt 1.0 0.042553190141916275
vt 1.0 0.021276595070958138
vt 1.0 0.0
vt 0.9677419662475586 1.0
vt 0.9677419662475586 0.978723406791687
vt 0.9677419662475586 0.957446813583374
vt 0.9677419662475586 0.936170220375061
vt 0.9677419662475586 0.914893627166748
vt 0.9677419662475586 0.8936170339584351
vt 0.9677419662475586 0.8723404407501221
vt 0.9677419662475586 0.8510638475418091
vt 0.9677419662475586 0.8297872543334961
vt 0.9677419662475586 0.8085106611251831
vt 0.9677419662475586 0.7872340679168701
vt 0.9677419662475586 0.7659574747085571
vt 0.9677419662475586 0.7446808815002441
vt 0.9677419662475586 0.7234042882919312
vt 0.9677419662475586 0.7021276950836182
vt 0.9677419662475586 0.6808511018753052
vt 0.9677419662475586 0.6595745086669922
vt 0.9677419662475586 0.6382978558540344
vt 0.9677419662475586 0.6170212626457214
vt 0.9677419662475586 0.5957446694374084
vt 0.9677419662475586 0.5744680762290955
vt 0.9677419662475586 0.5531914830207825
vt 0.9677419662475586 0.5319148898124695
vt 0.9677419662475586 0.5106382966041565
vt 0.9677419662475586 0.4893616735935211
vt 0.9677419662475586 0.46808508038520813
vt 0.9677419662475586 0.44680848717689514
vt 0.9677419662475586 0.42553189396858215
vt 0.9677419662475586 0.40425530076026917
vt 0.9677419662475586 0.3829787075519562
vt 0.9677419662475586 0.3617021143436432
vt 0.9677419662475586 0.3404255211353302
vt 0.9677419662475586 0.3191489279270172
vt 0.9677419662475586 0.2978723347187042
vt 0.9677419662475586 0.27659574151039124
vt 0.9677419662475586 0.25531914830207825
vt 0.9677419662475586 0.23404254019260406
vt 0.9677419662475586 0.21276594698429108
vt 0.9677419662475586 0.1914893537759781
vt 0.9677419662475586 0.1702127605676651
vt 0.9677419662475586 0.1489361673593521
vt 0.9677419662475586 0.12765957415103912
vt 0.9677419662475586 0.10638297349214554
vt 0.9677419662475586 0.08510638028383255
vt 0.9677419662475586 0.06382978707551956
vt 0.9677419662475586 0.042553190141916275
vt 0.9677419662475586 0.021276595070958138
vt 0.9677419662475586 0.0
vt 0.9354838728904724 1.0
vt 0.9354838728904724 0.978723406791687
vt 0.9354838728904724 0.957446813583374
vt 0.9354838728904724 0.936170220375061
vt 0.9354838728904724 0.914893627166748
vt 0.9354838728904724 0.8936170339584351
vt 0.9354838728904724 0.8723404407501221
vt 0.9354838728904724 0.8510638475418091
vt 0.9354838728904724 0.8297872543334961
vt 0.9354838728904724 0.8085106611251831
vt 0.9354838728904724 0.7872340679168701
vt 0.9354838728904724 0.7659574747085571
vt 0.9354838728904724 0.7446808815002441
vt 0.9354838728904724 0.7234042882919312
vt 0.9354838728904724 0.7021276950836182
vt 0.9354838728904724 0.6808511018753052
vt 0.9354838728904724 0.6595745086669922
vt 0.9354838728904724 0.6382978558540344
vt 0.9354838728904724 0.6170212626457214
vt 0.9354838728904724 0.5957446694374084
vt 0.9354838728904724 0.5744680762290955
vt 0.9354838728904724 0.5531914830207825
vt 0.9354838728904724 0.5319148898124695
vt 0.9354838728904724 0.5106382966041565
vt 0.9354838728904724 0.4893616735935211
vt 0.9354838728904724 0.46808508038520813
vt 0.9354838728904724 0.44680848717689514
vt 0.9354838728904724 0.42553189396858215
vt 0.9354838728904724 0.40425530076026917
vt 0.9354838728904724 0.3829787075519562
vt 0.9354838728904724 0.3617021143436432
vt 0.9354838728904724 0.3404255211353302
vt 0.9354838728904724 0.3191489279270172
vt 0.9354838728904724 0.2978723347187042
vt 0.9354838728904724 0.27659574151039124
vt 0.9354838728904724 0.25531914830207825
vt 0.9354838728904724 0.23404254019260406
vt 0.9354838728904724 0.21276594698429108
vt 0.9354838728904724 0.1914893537759781
vt 0.9354838728904724 0.1702127605676651
vt 0.9354838728904724 0.1489361673593521
vt 0.9354838728904724 0.12765957415103912
vt 0.9354838728904724 0.10638297349214554
vt 0.9354838728904724 0.08510638028383255
vt 0.9354838728904724 0.06382978707551956
vt 0.9354838728904724 0.042553190141916275
vt 0.9354838728904724 0.021276595070958138
vt 0.9354838728904724 0.0
vt 0.9032257795333862 1.0
vt 0.9032257795333862 0.978723406791687
vt 0.9032257795333862 0.957446813583374
vt 0.9032257795333862 0.936170220375061
vt 0.9032257795333862 0.914893627166748
vt 0.9032257795333862 0.8936170339584351
vt 0.9032257795333862 0.8723404407501221
vt 0.9032257795333862 0.8510638475418091
vt 0.9032257795333862 0.8297872543334961
vt 0.9032257795333862 0.8085106611251831
vt 0.9032257795333862 0.7872340679168701
vt 0.9032257795333862 0.7659574747085571
vt 0.9032257795333862 0.7446808815002441
vt 0.9032257795333862 0.7234042882919312
vt 0.9032257795333862 0.7021276950836182
vt 0.9032257795333862 0.6808511018753052
vt 0.9032257795333862 0.6595745086669922
vt 0.9032257795333862 0.6382978558540344
vt 0.9032257795333862 0.6170212626457214
vt 0.9032257795333862 0.5957446694374084
vt 0.9032257795333862 0.5744680762290955
vt 0.9032257795333862 0.5531914830207825
vt 0.9032257795333862 0.5319148898124695
vt 0.9032257795333862 0.5106382966041565
vt 0.9032257795333862 0.4893616735935211
vt 0.9032257795333862 0.46808508038520813
vt 0.9032257795333862 0.44680848717689514
vt 0.9032257795333862 0.42553189396858215
vt 0.9032257795333862 0.40425530076026917
vt 0.9032257795333862 0.3829787075519562
vt 0.9032257795333862 0.3617021143436432
vt 0.9032257795333862 0.3404255211353302
vt 0.9032257795333862 0.3191489279270172
vt 0.9032257795333862 0.2978723347187042
vt 0.9032257795333862 0.27659574151039124
vt 0.9032257795333862 0.25531914830207825
vt 0.9032257795333862 0.23404254019260406
vt 0.9032257795333862 0.21276594698429108
vt 0.9032257795333862 0.1914893537759781
vt 0.9032257795333862 0.1702127605676651
vt 0.9032257795333862 0.1489361673593521
vt 0.9032257795333862 0.12765957415103912
vt 0.9032257795333862 0.10638297349214554
vt 0.9032257795333862 0.08510638028383255
vt 0.9032257795333862 0.06382978707551956
vt 0.9032257795333862 0.042553190141916275
vt 0.9032257795333862 0.021276595070958138
vt 0.9032257795333862 0.0
vt 0.8709677457809448 1.0
vt 0.8709677457809448 0.978723406791687
vt 0.8709677457809448 0.957446813583374
vt 0.8709677457809448 0.936170220375061
vt 0.8709677457809448 0.914893627166748
vt 0.8709677457809448 0.8936170339584351
vt 0.8709677457809448 0.8723404407501221
vt 0.8709677457809448 0.8510638475418091
vt 0.8709677457809448 0.8297872543334961
vt 0.8709677457809448 0.8085106611251831
vt 0.8709677457809448 0.7872340679168701
vt 0.8709677457809448 0.7659574747085571
vt 0.8709677457809448 0.7446808815002441
vt 0.8709677457809448 0.7234042882919312
vt 0.8709677457809448 0.7021276950836182
vt 0.8709677457809448 0.6808511018753052
vt 0.8709677457809448 0.6595745086669922
vt 0.8709677457809448 0.6382978558540344
vt 0.8709677457809448 0.6170212626457214
vt 0.8709677457809448 0.5957446694374084
vt 0.8709677457809448 0.5744680762290955
vt 0.8709677457809448 0.5531914830207825
vt 0.8709677457809448 0.5319148898124695
vt 0.8709677457809448 0.5106382966041565
vt 0.8709677457809448 0.4893616735935211
vt 0.8709677457809448 0.46808508038520813
vt 0.8709677457809448 0.44680848717689514
vt 0.8709677457809448 0.42553189396858215
vt 0.8709677457809448 0.40425530076026917
vt 0.8709677457809448 0.3829787075519562
vt 0.8709677457809448 0.3617021143436432
vt 0.8709677457809448 0.3404255211353302
vt 0.8709677457809448 0.3191489279270172
vt 0.8709677457809448 0.2978723347187042
vt 0.8709677457809448 0.27659574151039124
vt 0.8709677457809448 0.25531914830207825
vt 0.8709677457809448 0.23404254019260406
vt 0.8709677457809448 0.21276594698429108
vt 0.8709677457809448 0.1914893537759781
vt 0.8709677457809448 0.1702127605676651
vt 0.8709677457809448 0.1489361673593521
vt 0.8709677457809448 0.12765957415103912
vt 0.8709677457809448 0.10638297349214554
vt 0.8709677457809448 0.08510638028383255
vt 0.8709677457809448 0.06382978707551956
vt 0.8709677457809448 0.042553190141916275
vt 0.8709677457809448 0.021276595070958138
vt 0.8709677457809448 0.0
vt 0.8387097120285034 1.0
vt 0.8387097120285034 0.978723406791687
vt 0.8387097120285034 0.957446813583374
vt 0.8387097120285034 0.936170220375061
vt 0.8387097120285034 0.914893627166748
vt 0.8387097120285034 0.8936170339584351
vt 0.8387097120285034 0.8723404407501221
vt 0.8387097120285034 0.8510638475418091
vt 0.8387097120285034 0.8297872543334961
vt 0.8387097120285034 0.8085106611251831
vt 0.8387097120285034 0.7872340679168701
vt 0.8387097120285034 0.7659574747085571
vt 0.8387097120285034 0.7446808815002441
vt 0.8387097120285034 0.7234042882919312
vt 0.8387097120285034 0.7021276950836182
vt 0.8387097120285034 0.6808511018753052
vt 0.8387097120285034 0.6595745086669922
vt 0.8387097120285034 0.6382978558540344
vt 0.8387097120285034 0.6170212626457214
vt 0.8387097120285034 0.5957446694374084
vt 0.8387097120285034 0.5744680762290955
vt 0.8387097120285034 0.5531914830207825
vt 0.8387097120285034 0.5319148898124695
vt 0.8387097120285034 0.5106382966041565
vt 0.8387097120285034 0.4893616735935211
vt 0.8387097120285034 0.46808508038520813
vt 0.8387097120285034 0.44680848717689514
vt 0.8387097120285034 0.42553189396858215
vt 0.8387097120285034 0.40425530076026917
vt 0.8387097120285034 0.3829787075519562
vt 0.8387097120285034 0.3617021143436432
vt 0.8387097120285034 0.3404255211353302
vt 0.8387097120285034 0.3191489279270172
vt 0.8387097120285034 0.2978723347187042
vt 0.8387097120285034 0.27659574151039124
vt 0.8387097120285034 0.25531914830207825
vt 0.8387097120285034 0.23404254019260406
vt 0.8387097120285034 0.21276594698429108
vt 0.8387097120285034 0.1914893537759781
vt 0.8387097120285034 0.1702127605676651
vt 0.8387097120285034 0.1489361673593521
vt 0.8387097120285034 0.12765957415103912
vt 0.8387097120285034 0.10638297349214554
vt 0.8387097120285034 0.08510638028383255
vt 0.8387097120285034 0.06382978707551956
vt 0.8387097120285034 0.042553190141916275
vt 0.8387097120285034 0.021276595070958138
vt 0.8387097120285034 0.0
vt 0.8064516186714172 1.0
vt 0.8064516186714172 0.978723406791687
vt 0.8064516186714172 0.957446813583374
vt 0.8064516186714172 0.936170220375061
vt 0.8064516186714172 0.914893627166748
vt 0.8064516186714172 0.8936170339584351
vt 0.8064516186714172 0.8723404407501221
vt 0.8064516186714172 0.8510638475418091
vt 0.8064516186714172 0.8297872543334961
vt 0.8064516186714172 0.8085106611251831
vt 0.8064516186714172 0.7872340679168701
vt 0.8064516186714172 0.7659574747085571
vt 0.8064516186714172 0.7446808815002441
vt 0.8064516186714172 0.7234042882919312
vt 0.8064516186714172 0.7021276950836182
vt 0.8064516186714172 0.6808511018753052
vt 0.8064516186714172 0.6595745086669922
vt 0.8064516186714172 0.6382978558540344
vt 0.8064516186714172 0.6170212626457214
vt 0.8064516186714172 0.5957446694374084
vt 0.8064516186714172 0.5744680762290955
vt 0.8064516186714172 0.5531914830207825
vt 0.8064516186714172 0.5319148898124695
vt 0.8064516186714172 0.5106382966041565
vt 0.8064516186714172 0.4893616735935211
vt 0.8064516186714172 0.46808508038520813
vt 0.8064516186714172 0.44680848717689514
vt 0.8064516186714172 0.42553189396858215
vt 0.8064516186714172 0.40425530076026917
vt 0.8064516186714172 0.3829787075519562
vt 0.8064516186714172 0.3617021143436432
vt 0.8064516186714172 0.3404255211353302
vt 0.8064516186714172 0.3191489279270172
vt 0.8064516186714172 0.2978723347187042
vt 0.8064516186714172 0.27659574151039124
vt 0.8064516186714172 0.25531914830207825
vt 0.8064516186714172 0.23404254019260406
vt 0.8064516186714172 0.21276594698429108
vt 0.8064516186714172 0.1914893537759781
vt 0.8064516186714172 0.1702127605676651
vt 0.8064516186714172 0.1489361673593521
vt 0.8064516186714172 0.12765957415103912
vt 0.8064516186714172 0.10638297349214554
vt 0.8064516186714172 0.08510638028383255
vt 0.8064516186714172 0.06382978707551956
vt 0.8064516186714172 0.042553190141916275
vt 0.8064516186714172 0.021276595070958138
vt 0.8064516186714172 0.0
vt 0.774193525314331 1.0
vt 0.774193525314331 0.978723406791687
vt 0.774193525314331 0.957446813583374
vt 0.774193525314331 0.936170220375061
vt 0.774193525314331 0.914893627166748
vt 0.774193525314331 0.8936170339584351
vt 0.774193525314331 0.8723404407501221
vt 0.774193525314331 0.8510638475418091
vt 0.774193525314331 0.8297872543334961
vt 0.774193525314331 0.8085106611251831
vt 0.774193525314331 0.7872340679168701
vt 0.774193525314331 0.7659574747085571
vt 0.774193525314331 0.7446808815002441
vt 0.774193525314331 0.7234042882919312
vt 0.774193525314331 0.7021276950836182
vt 0.774193525314331 0.6808511018753052
vt 0.774193525314331 0.6595745086669922
vt 0.774193525314331 0.6382978558540344
vt 0.774193525314331 0.6170212626457214
vt 0.774193525314331 0.5957446694374084
vt 0.774193525314331 0.5744680762290955
vt 0.774193525314331 0.5531914830207825
vt 0.774193525314331 0.5319148898124695
vt 0.774193525314331 0.5106382966041565
vt 0.774193525314331 0.4893616735935211
vt 0.774193525314331 0.46808508038520813
vt 0.774193525314331 0.44680848717689514
vt 0.774193525314331 0.42553189396858215
vt 0.774193525314331 0.40425530076026917
vt 0.774193525314331 0.3829787075519562
vt 0.774193525314331 0.3617021143436432
vt 0.774193525314331 0.3404255211353302
vt 0.774193525314331 0.3191489279270172
vt 0.774193525314331 0.2978723347187042
vt 0.774193525314331 0.27659574151039124
vt 0.774193525314331 0.25531914830207825
vt 0.774193525314331 0.23404254019260406
vt 0.774193525314331 0.21276594698429108
vt 0.774193525314331 0.1914893537759781
vt 0.774193525314331 0.1702127605676651
vt 0.774193525314331 0.1489361673593521
vt 0.774193525314331 0.12765957415103912
vt 0.774193525314331 0.10638297349214554
vt 0.774193525314331 0.08510638028383255
vt 0.774193525314331 0.06382978707551956
vt 0.774193525314331 0.042553190141916275
vt 0.774193525314331 0.021276595070958138
vt 0.774193525314331 0.0
vt 0.7419354915618896 1.0
vt 0.7419354915618896 0.978723406791687
vt 0.7419354915618896 0.957446813583374
vt 0.7419354915618896 0.936170220375061
vt 0.7419354915618896 0.914893627166748
vt 0.7419354915618896 0.8936170339584351
vt 0.7419354915618896 0.8723404407501221
vt 0.7419354915618896 0.8510638475418091
vt 0.7419354915618896 0.8297872543334961
vt 0.7419354915618896 0.8085106611251831
vt 0.7419354915618896 0.7872340679168701
vt 0.7419354915618896 0.7659574747085571
vt 0.7419354915618896 0.7446808815002441
vt 0.7419354915618896 0.7234042882919312
vt 0.7419354915618896 0.7021276950836182
vt 0.7419354915618896 0.6808511018753052
vt 0.7419354915618896 0.6595745086669922
vt 0.7419354915618896 0.6382978558540344
vt 0.7419354915618896 0.6170212626457214
vt 0.7419354915618896 0.5957446694374084
vt 0.7419354915618896 0.5744680762290955
vt 0.7419354915618896 0.5531914830207825
vt 0.7419354915618896 0.5319148898124695
vt 0.7419354915618896 0.5106382966041565
vt 0.7419354915618896 0.4893616735935211
vt 0.7419354915618896 0.46808508038520813
vt 0.7419354915618896 0.44680848717689514
vt 0.7419354915618896 0.42553189396858215
vt 0.7419354915618896 0.40425530076026917
vt 0.7419354915618896 0.3829787075519562
vt 0.7419354915618896 0.3617021143436432
vt 0.7419354915618896 0.3404255211353302
vt 0.7419354915618896 0.3191489279270172
vt 0.7419354915618896 0.2978723347187042
vt 0.7419354915618896 0.27659574151039124
vt 0.7419354915618896 0.25531914830207825
vt 0.7419354915618896 0.23404254019260406
vt 0.7419354915618896 0.21276594698429108
vt 0.7419354915618896 0.1914893537759781
vt 0.7419354915618896 0.1702127605676651
vt 0.7419354915618896 0.1489361673593521
vt 0.7419354915618896 0.12765957415103912
vt 0.7419354915618896 0.10638297349214554
vt 0.7419354915618896 0.08510638028383255
vt 0.7419354915618896 0.06382978707551956
vt 0.7419354915618896 0.042553190141916275
vt 0.7419354915618896 0.021276595070958138
vt 0.7419354915618896 0.0
vt 0.7096774578094482 1.0
vt 0.7096774578094482 0.978723406791687
vt 0.7096774578094482 0.957446813583374
vt 0.7096774578094482 0.936170220375061
vt 0.7096774578094482 0.914893627166748
vt 0.7096774578094482 0.8936170339584351
vt 0.7096774578094482 0.8723404407501221
vt 0.7096774578094482 0.8510638475418091
vt 0.7096774578094482 0.8297872543334961
vt 0.7096774578094482 0.8085106611251831
vt 0.7096774578094482 0.7872340679168701
vt 0.7096774578094482 0.7659574747085571
vt 0.7096774578094482 0.7446808815002441
vt 0.7096774578094482 0.7234042882919312
vt 0.7096774578094482 0.7021276950836182
vt 0.7096774578094482 0.6808511018753052
vt 0.7096774578094482 0.6595745086669922
vt 0.7096774578094482 0.6382978558540344
vt 0.7096774578094482 0.6170212626457214
vt 0.7096774578094482 0.5957446694374084
vt 0.7096774578094482 0.5744680762290955
vt 0.7096774578094482 0.5531914830207825
vt 0.7096774578094482 0.5319148898124695
vt 0.7096774578094482 0.5106382966041565
vt 0.7096774578094482 0.4893616735935211
vt 0.7096774578094482 0.46808508038520813
vt 0.7096774578094482 0.44680848717689514
vt 0.7096774578094482 0.42553189396858215
vt 0.7096774578094482 0.40425530076026917
vt 0.7096774578094482 0.3829787075519562
vt 0.7096774578094482 0.3617021143436432
vt 0.7096774578094482 0.3404255211353302
vt 0.7096774578094482 0.3191489279270172
vt 0.7096774578094482 0.2978723347187042
vt 0.7096774578094482 0.27659574151039124
vt 0.7096774578094482 0.25531914830207825
vt 0.7096774578094482 0.23404254019260406
vt 0.7096774578094482 0.21276594698429108
vt 0.7096774578094482 0.1914893537759781
vt 0.7096774578094482 0.1702127605676651
vt 0.7096774578094482 0.1489361673593521
vt 0.7096774578094482 0.12765957415103912
vt 0.7096774578094482 0.10638297349214554
vt 0.7096774578094482 0.08510638028383255
vt 0.7096774578094482 0.06382978707551956
vt 0.7096774578094482 0.042553190141916275
vt 0.7096774578094482 0.021276595070958138
vt 0.7096774578094482 0.0
vt 0.6774193644523621 1.0
vt 0.6774193644523621 0.978723406791687
vt 0.6774193644523621 0.957446813583374
vt 0.6774193644523621 0.936170220375061
vt 0.6774193644523621 0.914893627166748
vt 0.6774193644523621 0.8936170339584351
vt 0.6774193644523621 0.8723404407501221
vt 0.6774193644523621 0.8510638475418091
vt 0.6774193644523621 0.8297872543334961
vt 0.6774193644523621 0.8085106611251831
vt 0.6774193644523621 0.7872340679168701
vt 0.6774193644523621 0.7659574747085571
vt 0.6774193644523621 0.7446808815002441
vt 0.6774193644523621 0.7234042882919312
vt 0.6774193644523621 0.7021276950836182
vt 0.6774193644523621 0.6808511018753052
vt 0.6774193644523621 0.6595745086669922
vt 0.6774193644523621 0.6382978558540344
vt 0.6774193644523621 0.6170212626457214
vt 0.6774193644523621 0.5957446694374084
vt 0.6774193644523621 0.5744680762290955
vt 0.6774193644523621 0.5531914830207825
vt 0.6774193644523621 0.5319148898124695
vt 0.6774193644523621 0.5106382966041565
vt 0.6774193644523621 0.4893616735935211
vt 0.6774193644523621 0.46808508038520813
vt 0.6774193644523621 0.44680848717689514
vt 0.6774193644523621 0.42553189396858215
vt 0.6774193644523621 0.40425530076026917
vt 0.6774193644523621 0.3829787075519562
vt 0.6774193644523621 0.3617021143436432
vt 0.6774193644523621 0.3404255211353302
vt 0.6774193644523621 0.3191489279270172
vt 0.6774193644523621 0.2978723347187042
vt 0.6774193644523621 0.27659574151039124
vt 0.6774193644523621 0.25531914830207825
vt 0.6774193644523621 0.23404254019260406
vt 0.6774193644523621 0.21276594698429108
vt 0.6774193644523621 0.1914893537759781
vt 0.6774193644523621 0.1702127605676651
vt 0.6774193644523621 0.1489361673593521
vt 0.6774193644523621 0.12765957415103912
vt 0.6774193644523621 0.10638297349214554
vt 0.6774193644523621 0.08510638028383255
vt 0.6774193644523621 0.06382978707551956
vt 0.6774193644523621 0.042553190141916275
vt 0.6774193644523621 0.021276595070958138
vt 0.6774193644523621 0.0
vt 0.6451612710952759 1.0
vt 0.6451612710952759 0.978723406791687
vt 0.6451612710952759 0.957446813583374
vt 0.6451612710952759 0.936170220375061
vt 0.6451612710952759 0.914893627166748
vt 0.6451612710952759 0.8936170339584351
vt 0.6451612710952759 0.8723404407501221
vt 0.6451612710952759 0.8510638475418091
vt 0.6451612710952759 0.8297872543334961
vt 0.6451612710952759 0.8085106611251831
vt 0.6451612710952759 0.7872340679168701
vt 0.6451612710952759 0.7659574747085571
vt 0.6451612710952759 0.7446808815002441
vt 0.6451612710952759 0.7234042882919312
vt 0.6451612710952759 0.7021276950836182
vt 0.6451612710952759 0.6808511018753052
vt 0.6451612710952759 0.6595745086669922
vt 0.6451612710952759 0.6382978558540344
vt 0.6451612710952759 0.6170212626457214
vt 0.6451612710952759 0.5957446694374084
vt 0.6451612710952759 0.5744680762290955
vt 0.6451612710952759 0.5531914830207825
vt 0.6451612710952759 0.5319148898124695
vt 0.6451612710952759 0.5106382966041565
vt 0.6451612710952759 0.4893616735935211
vt 0.6451612710952759 0.46808508038520813
vt 0.6451612710952759 0.44680848717689514
vt 0.6451612710952759 0.42553189396858215
vt 0.6451612710952759 0.40425530076026917
vt 0.6451612710952759 0.3829787075519562
vt 0.6451612710952759 0.3617021143436432
vt 0.6451612710952759 0.3404255211353302
vt 0.6451612710952759 0.3191489279270172
vt 0.6451612710952759 0.2978723347187042
vt 0.6451612710952759 0.27659574151039124
vt 0.6451612710952759 0.25531914830207825
vt 0.6451612710952759 0.23404254019260406
vt 0.6451612710952759 0.21276594698429108
vt 0.6451612710952759 0.1914893537759781
vt 0.6451612710952759 0.1702127605676651
vt 0.6451612710952759 0.1489361673593521
vt 0.6451612710952759 0.12765957415103912
vt 0.6451612710952759 0.10638297349214554
vt 0.6451612710952759 0.08510638028383255
vt 0.6451612710952759 0.06382978707551956
vt 0.6451612710952759 0.042553190141916275
vt 0.6451612710952759 0.021276595070958138
vt 0.6451612710952759 0.0
vt 0.6129032373428345 1.0
vt 0.6129032373428345 0.978723406791687
vt 0.6129032373428345 0.957446813583374
vt 0.6129032373428345 0.936170220375061
vt 0.6129032373428345 0.914893627166748
vt 0.6129032373428345 0.8936170339584351
vt 0.6129032373428345 0.8723404407501221
vt 0.6129032373428345 0.8510638475418091
vt 0.6129032373428345 0.8297872543334961
vt 0.6129032373428345 0.8085106611251831
vt 0.6129032373428345 0.7872340679168701
vt 0.6129032373428345 0.7659574747085571
vt 0.6129032373428345 0.7446808815002441
vt 0.6129032373428345 0.7234042882919312
vt 0.6129032373428345 0.7021276950836182
vt 0.6129032373428345 0.6808511018753052
vt 0.6129032373428345 0.6595745086669922
vt 0.6129032373428345 0.6382978558540344
vt 0.6129032373428345 0.6170212626457214
vt 0.6129032373428345 0.5957446694374084
vt 0.6129032373428345 0.5744680762290955
vt 0.6129032373428345 0.5531914830207825
vt 0.6129032373428345 0.5319148898124695
vt 0.6129032373428345 0.5106382966041565
vt 0.6129032373428345 0.4893616735935211
vt 0.6129032373428345 0.46808508038520813
vt 0.6129032373428345 0.44680848717689514
vt 0.6129032373428345 0.42553189396858215
vt 0.6129032373428345 0.40425530076026917
vt 0.6129032373428345 0.3829787075519562
vt 0.6129032373428345 0.3617021143436432
vt 0.6129032373428345 0.3404255211353302
vt 0.6129032373428345 0.3191489279270172
vt 0.6129032373428345 0.2978723347187042
vt 0.6129032373428345 0.27659574151039124
vt 0.6129032373428345 0.25531914830207825
vt 0.6129032373428345 0.23404254019260406
vt 0.6129032373428345 0.21276594698429108
vt 0.6129032373428345 0.1914893537759781
vt 0.6129032373428345 0.1702127605676651
vt 0.6129032373428345 0.1489361673593521
vt 0.6129032373428345 0.12765957415103912
vt 0.6129032373428345 0.10638297349214554
vt 0.6129032373428345 0.08510638028383255
vt 0.6129032373428345 0.06382978707551956
vt 0.6129032373428345 0.042553190141916275
vt 0.6129032373428345 0.021276595070958138
vt 0.6129032373428345 0.0
vt 0.5806452035903931 1.0
vt 0.5806452035903931 0.978723406791687
vt 0.5806452035903931 0.957446813583374
vt 0.5806452035903931 0.936170220375061
vt 0.5806452035903931 0.914893627166748
vt 0.5806452035903931 0.8936170339584351
vt 0.5806452035903931 0.8723404407501221
vt 0.5806452035903931 0.8510638475418091
vt 0.5806452035903931 0.8297872543334961
vt 0.5806452035903931 0.8085106611251831
vt 0.5806452035903931 0.7872340679168701
vt 0.5806452035903931 0.7659574747085571
vt 0.5806452035903931 0.7446808815002441
vt 0.5806452035903931 0.7234042882919312
vt 0.5806452035903931 0.7021276950836182
vt 0.5806452035903931 0.6808511018753052
vt 0.5806452035903931 0.6595745086669922
vt 0.5806452035903931 0.6382978558540344
vt 0.5806452035903931 0.6170212626457214
vt 0.5806452035903931 0.5957446694374084
vt 0.5806452035903931 0.5744680762290955
vt 0.5806452035903931 0.5531914830207825
vt 0.5806452035903931 0.5319148898124695
vt 0.5806452035903931 0.5106382966041565
vt 0.5806452035903931 0.4893616735935211
vt 0.5806452035903931 0.46808508038520813
vt 0.5806452035903931 0.44680848717689514
vt 0.5806452035903931 0.42553189396858215
vt 0.5806452035903931 0.40425530076026917
vt 0.5806452035903931 0.3829787075519562
vt 0.5806452035903931 0.3617021143436432
vt 0.5806452035903931 0.3404255211353302
vt 0.5806452035903931 0.3191489279270172
vt 0.5806452035903931 0.2978723347187042
vt 0.5806452035903931 0.27659574151039124
vt 0.5806452035903931 0.25531914830207825
vt 0.5806452035903931 0.23404254019260406
vt 0.5806452035903931 0.21276594698429108
vt 0.5806452035903931 0.1914893537759781
vt 0.5806452035903931 0.1702127605676651
vt 0.5806452035903931 0.1489361673593521
vt 0.5806452035903931 0.12765957415103912
vt 0.5806452035903931 0.10638297349214554
vt 0.5806452035903931 0.08510638028383255
vt 0.5806452035903931 0.06382978707551956
vt 0.5806452035903931 0.042553190141916275
vt 0.5806452035903931 0.021276595070958138
vt 0.5806452035903931 0.0
vt 0.5483871102333069 1.0
vt 0.5483871102333069 0.978723406791687
vt 0.5483871102333069 0.957446813583374
vt 0.5483871102333069 0.936170220375061
vt 0.5483871102333069 0.914893627166748
vt 0.5483871102333069 0.8936170339584351
vt 0.5483871102333069 0.8723404407501221
vt 0.5483871102333069 0.8510638475418091
vt 0.5483871102333069 0.8297872543334961
vt 0.5483871102333069 0.8085106611251831
vt 0.5483871102333069 0.7872340679168701
vt 0.5483871102333069 0.7659574747085571
vt 0.5483871102333069 0.7446808815002441
vt 0.5483871102333069 0.7234042882919312
vt 0.5483871102333069 0.7021276950836182
vt 0.5483871102333069 0.6808511018753052
vt 0.5483871102333069 0.6595745086669922
vt 0.5483871102333069 0.6382978558540344
vt 0.5483871102333069 0.6170212626457214
vt 0.5483871102333069 0.5957446694374084
vt 0.5483871102333069 0.5744680762290955
vt 0.5483871102333069 0.5531914830207825
vt 0.5483871102333069 0.5319148898124695
vt 0.5483871102333069 0.5106382966041565
vt 0.5483871102333069 0.4893616735935211
vt 0.5483871102333069 0.46808508038520813
vt 0.5483871102333069 0.44680848717689514
vt 0.5483871102333069 0.42553189396858215
vt 0.5483871102333069 0.40425530076026917
vt 0.5483871102333069 0.3829787075519562
vt 0.5483871102333069 0.3617021143436432
vt 0.5483871102333069 0.3404255211353302
vt 0.5483871102333069 0.3191489279270172
vt 0.5483871102333069 0.2978723347187042
vt 0.5483871102333069 0.27659574151039124
vt 0.5483871102333069 0.25531914830207825
vt 0.5483871102333069 0.23404254019260406
vt 0.5483871102333069 0.21276594698429108
vt 0.5483871102333069 0.1914893537759781
vt 0.5483871102333069 0.1702127605676651
vt 0.5483871102333069 0.1489361673593521
vt 0.5483871102333069 0.12765957415103912
vt 0.5483871102333069 0.10638297349214554
vt 0.5483871102333069 0.08510638028383255
vt 0.5483871102333069 0.06382978707551956
vt 0.5483871102333069 0.042553190141916275
vt 0.5483871102333069 0.021276595070958138
vt 0.5483871102333069 0.0
vt 0.5161290168762207 1.0
vt 0.5161290168762207 0.978723406791687
vt 0.5161290168762207 0.957446813583374
vt 0.5161290168762207 0.936170220375061
vt 0.5161290168762207 0.914893627166748
vt 0.5161290168762207 0.8936170339584351
vt 0.5161290168762207 0.8723404407501221
vt 0.5161290168762207 0.8510638475418091
vt 0.5161290168762207 0.8297872543334961
vt 0.5161290168762207 0.8085106611251831
vt 0.5161290168762207 0.7872340679168701
vt 0.5161290168762207 0.7659574747085571
vt 0.5161290168762207 0.7446808815002441
vt 0.5161290168762207 0.7234042882919312
vt 0.5161290168762207 0.7021276950836182
vt 0.5161290168762207 0.6808511018753052
vt 0.5161290168762207 0.6595745086669922
vt 0.5161290168762207 0.6382978558540344
vt 0.5161290168762207 0.6170212626457214
vt 0.5161290168762207 0.5957446694374084
vt 0.5161290168762207 0.5744680762290955
vt 0.5161290168762207 0.5531914830207825
vt 0.5161290168762207 0.5319148898124695
vt 0.5161290168762207 0.5106382966041565
vt 0.5161290168762207 0.4893616735935211
vt 0.5161290168762207 0.46808508038520813
vt 0.5161290168762207 0.44680848717689514
vt 0.5161290168762207 0.42553189396858215
vt 0.5161290168762207 0.40425530076026917
vt 0.5161290168762207 0.3829787075519562
vt 0.5161290168762207 0.3617021143436432
vt 0.5161290168762207 0.3404255211353302
vt 0.5161290168762207 0.3191489279270172
vt 0.5161290168762207 0.2978723347187042
vt 0.5161290168762207 0.27659574151039124
vt 0.5161290168762207 0.25531914830207825
vt 0.5161290168762207 0.23404254019260406
vt 0.5161290168762207 0.21276594698429108
vt 0.5161290168762207 0.1914893537759781
vt 0.5161290168762207 0.1702127605676651
vt 0.5161290168762207 0.1489361673593521
vt 0.5161290168762207 0.12765957415103912
vt 0.5161290168762207 0.10638297349214554
vt 0.5161290168762207 0.08510638028383255
vt 0.5161290168762207 0.06382978707551956
vt 0.5161290168762207 0.042553190141916275
vt 0.5161290168762207 0.021276595070958138
vt 0.5161290168762207 0.0
vt 0.4838709533214569 1.0
vt 0.4838709533214569 0.978723406791687
vt 0.4838709533214569 0.957446813583374
vt 0.4838709533214569 0.936170220375061
vt 0.4838709533214569 0.914893627166748
vt 0.4838709533214569 0.8936170339584351
vt 0.4838709533214569 0.8723404407501221
vt 0.4838709533214569 0.8510638475418091
vt 0.4838709533214569 0.8297872543334961
vt 0.4838709533214569 0.8085106611251831
vt 0.4838709533214569 0.7872340679168701
vt 0.4838709533214569 0.7659574747085571
vt 0.4838709533214569 0.7446808815002441
vt 0.4838709533214569 0.7234042882919312
vt 0.4838709533214569 0.7021276950836182
vt 0.4838709533214569 0.6808511018753052
vt 0.4838709533214569 0.6595745086669922
vt 0.4838709533214569 0.6382978558540344
vt 0.4838709533214569 0.6170212626457214
vt 0.4838709533214569 0.5957446694374084
vt 0.4838709533214569 0.5744680762290955
vt 0.4838709533214569 0.5531914830207825
vt 0.4838709533214569 0.5319148898124695
vt 0.4838709533214569 0.5106382966041565
vt 0.4838709533214569 0.4893616735935211
vt 0.4838709533214569 0.46808508038520813
vt 0.4838709533214569 0.44680848717689514
vt 0.4838709533214569 0.42553189396858215
vt 0.4838709533214569 0.40425530076026917
vt 0.4838709533214569 0.3829787075519562
vt 0.4838709533214569 0.3617021143436432
vt 0.4838709533214569 0.3404255211353302
vt 0.4838709533214569 0.3191489279270172
vt 0.4838709533214569 0.2978723347187042
vt 0.4838709533214569 0.27659574151039124
vt 0.4838709533214569 0.25531914830207825
vt 0.4838709533214569 0.23404254019260406
vt 0.4838709533214569 0.21276594698429108
vt 0.4838709533214569 0.1914893537759781
vt 0.4838709533214569 0.1702127605676651
vt 0.4838709533214569 0.1489361673593521
vt 0.4838709533214569 0.12765957415103912
vt 0.4838709533214569 0.10638297349214554
vt 0.4838709533214569 0.08510638028383255
vt 0.4838709533214569 0.06382978707551956
vt 0.4838709533214569 0.042553190141916275
vt 0.4838709533214569 0.021276595070958138
vt 0.4838709533214569 0.0
vt 0.4516128897666931 1.0
vt 0.4516128897666931 0.978723406791687
vt 0.4516128897666931 0.957446813583374
vt 0.4516128897666931 0.936170220375061
vt 0.4516128897666931 0.914893627166748
vt 0.4516128897666931 0.8936170339584351
vt 0.4516128897666931 0.8723404407501221
vt 0.4516128897666931 0.8510638475418091
vt 0.4516128897666931 0.8297872543334961
vt 0.4516128897666931 0.8085106611251831
vt 0.4516128897666931 0.7872340679168701
vt 0.4516128897666931 0.7659574747085571
vt 0.4516128897666931 0.7446808815002441
vt 0.4516128897666931 0.7234042882919312
vt 0.4516128897666931 0.7021276950836182
vt 0.4516128897666931 0.6808511018753052
vt 0.4516128897666931 0.6595745086669922
vt 0.4516128897666931 0.6382978558540344
vt 0.4516128897666931 0.6170212626457214
vt 0.4516128897666931 0.5957446694374084
vt 0.4516128897666931 0.5744680762290955
vt 0.4516128897666931 0.5531914830207825
vt 0.4516128897666931 0.5319148898124695
vt 0.4516128897666931 0.5106382966041565
vt 0.4516128897666931 0.4893616735935211
vt 0.4516128897666931 0.46808508038520813
vt 0.4516128897666931 0.44680848717689514
vt 0.4516128897666931 0.42553189396858215
vt 0.4516128897666931 0.40425530076026917
vt 0.4516128897666931 0.3829787075519562
vt 0.4516128897666931 0.3617021143436432
vt 0.4516128897666931 0.3404255211353302
vt 0.4516128897666931 0.3191489279270172
vt 0.4516128897666931 0.2978723347187042
vt 0.4516128897666931 0.27659574151039124
vt 0.4516128897666931 0.25531914830207825
vt 0.4516128897666931 0.23404254019260406
vt 0.4516128897666931 0.21276594698429108
vt 0.4516128897666931 0.1914893537759781
vt 0.4516128897666931 0.1702127605676651
vt 0.4516128897666931 0.1489361673593521
vt 0.4516128897666931 0.12765957415103912
vt 0.4516128897666931 0.10638297349214554
vt 0.4516128897666931 0.08510638028383255
vt 0.4516128897666931 0.06382978707551956
vt 0.4516128897666931 0.042553190141916275
vt 0.4516128897666931 0.021276595070958138
vt 0.4516128897666931 0.0
vt 0.4193548262119293 1.0
vt 0.4193548262119293 0.978723406791687
vt 0.4193548262119293 0.957446813583374
vt 0.4193548262119293 0.936170220375061
vt 0.4193548262119293 0.914893627166748
vt 0.4193548262119293 0.8936170339584351
vt 0.4193548262119293 0.8723404407501221
vt 0.4193548262119293 0.8510638475418091
vt 0.4193548262119293 0.8297872543334961
vt 0.4193548262119293 0.8085106611251831
vt 0.4193548262119293 0.7872340679168701
vt 0.4193548262119293 0.7659574747085571
vt 0.4193548262119293 0.7446808815002441
vt 0.4193548262119293 0.7234042882919312
vt 0.4193548262119293 0.7021276950836182
vt 0.4193548262119293 0.6808511018753052
vt 0.4193548262119293 0.6595745086669922
vt 0.4193548262119293 0.6382978558540344
vt 0.4193548262119293 0.6170212626457214
vt 0.4193548262119293 0.5957446694374084
vt 0.4193548262119293 0.5744680762290955
vt 0.4193548262119293 0.5531914830207825
vt 0.4193548262119293 0.5319148898124695
vt 0.4193548262119293 0.5106382966041565
vt 0.4193548262119293 0.4893616735935211
vt 0.4193548262119293 0.46808508038520813
vt 0.4193548262119293 0.44680848717689514
vt 0.4193548262119293 0.42553189396858215
vt 0.4193548262119293 0.40425530076026917
vt 0.4193548262119293 0.3829787075519562
vt 0.4193548262119293 0.3617021143436432
vt 0.4193548262119293 0.3404255211353302
vt 0.4193548262119293 0.3191489279270172
vt 0.4193548262119293 0.2978723347187042
vt 0.4193548262119293 0.27659574151039124
vt 0.4193548262119293 0.25531914830207825
vt 0.4193548262119293 0.23404254019260406
vt 0.4193548262119293 0.21276594698429108
vt 0.4193548262119293 0.1914893537759781
vt 0.4193548262119293 0.1702127605676651
vt 0.4193548262119293 0.1489361673593521
vt 0.4193548262119293 0.12765957415103912
vt 0.4193548262119293 0.10638297349214554
vt 0.4193548262119293 0.08510638028383255
vt 0.4193548262119293 0.06382978707551956
vt 0.4193548262119293 0.042553190141916275
vt 0.4193548262119293 0.021276595070958138
vt 0.4193548262119293 0.0
vt 0.3870967626571655 1.0
vt 0.3870967626571655 0.978723406791687
vt 0.3870967626571655 0.957446813583374
vt 0.3870967626571655 0.936170220375061
vt 0.3870967626571655 0.914893627166748
vt 0.3870967626571655 0.8936170339584351
vt 0.3870967626571655 0.8723404407501221
vt 0.3870967626571655 0.8510638475418091
vt 0.3870967626571655 0.8297872543334961
vt 0.3870967626571655 0.8085106611251831
vt 0.3870967626571655 0.7872340679168701
vt 0.3870967626571655 0.7659574747085571
vt 0.3870967626571655 0.7446808815002441
vt 0.3870967626571655 0.7234042882919312
vt 0.3870967626571655 0.7021276950836182
vt 0.3870967626571655 0.6808511018753052
vt 0.3870967626571655 0.6595745086669922
vt 0.3870967626571655 0.6382978558540344
vt 0.3870967626571655 0.6170212626457214
vt 0.3870967626571655 0.5957446694374084
vt 0.3870967626571655 0.5744680762290955
vt 0.3870967626571655 0.5531914830207825
vt 0.3870967626571655 0.5319148898124695
vt 0.3870967626571655 0.5106382966041565
vt 0.3870967626571655 0.4893616735935211
vt 0.3870967626571655 0.46808508038520813
vt 0.3870967626571655 0.44680848717689514
vt 0.3870967626571655 0.42553189396858215
vt 0.3870967626571655 0.40425530076026917
vt 0.3870967626571655 0.3829787075519562
vt 0.3870967626571655 0.3617021143436432
vt 0.3870967626571655 0.3404255211353302
vt 0.3870967626571655 0.3191489279270172
vt 0.3870967626571655 0.2978723347187042
vt 0.3870967626571655 0.27659574151039124
vt 0.3870967626571655 0.25531914830207825
vt 0.3870967626571655 0.23404254019260406
vt 0.3870967626571655 0.21276594698429108
vt 0.3870967626571655 0.1914893537759781
vt 0.3870967626571655 0.1702127605676651
vt 0.3870967626571655 0.1489361673593521
vt 0.3870967626571655 0.12765957415103912
vt 0.3870967626571655 0.10638297349214554
vt 0.3870967626571655 0.08510638028383255
vt 0.3870967626571655 0.06382978707551956
vt 0.3870967626571655 0.042553190141916275
vt 0.3870967626571655 0.021276595070958138
vt 0.3870967626571655 0.0
vt 0.35483869910240173 1.0
vt 0.35483869910240173 0.978723406791687
vt 0.35483869910240173 0.957446813583374
vt 0.35483869910240173 0.936170220375061
vt 0.35483869910240173 0.914893627166748
vt 0.35483869910240173 0.8936170339584351
vt 0.35483869910240173 0.8723404407501221
vt 0.35483869910240173 0.8510638475418091
vt 0.35483869910240173 0.8297872543334961
vt 0.35483869910240173 0.8085106611251831
vt 0.35483869910240173 0.7872340679168701
vt 0.35483869910240173 0.7659574747085571
vt 0.35483869910240173 0.7446808815002441
vt 0.35483869910240173 0.7234042882919312
vt 0.35483869910240173 0.7021276950836182
vt 0.35483869910240173 0.6808511018753052
vt 0.35483869910240173 0.6595745086669922
vt 0.35483869910240173 0.6382978558540344
vt 0.35483869910240173 0.6170212626457214
vt 0.35483869910240173 0.5957446694374084
vt 0.35483869910240173 0.5744680762290955
vt 0.35483869910240173 0.5531914830207825
vt 0.35483869910240173 0.5319148898124695
vt 0.35483869910240173 0.5106382966041565
vt 0.35483869910240173 0.4893616735935211
vt 0.35483869910240173 0.46808508038520813
vt 0.35483869910240173 0.44680848717689514
vt 0.35483869910240173 0.42553189396858215
vt 0.35483869910240173 0.40425530076026917
vt 0.35483869910240173 0.3829787075519562
vt 0.35483869910240173 0.3617021143436432
vt 0.35483869910240173 0.3404255211353302
vt 0.35483869910240173 0.3191489279270172
vt 0.35483869910240173 0.2978723347187042
vt 0.35483869910240173 0.27659574151039124
vt 0.35483869910240173 0.25531914830207825
vt 0.35483869910240173 0.23404254019260406
vt 0.35483869910240173 0.21276594698429108
vt 0.35483869910240173 0.1914893537759781
vt 0.35483869910240173 0.1702127605676651
vt 0.35483869910240173 0.1489361673593521
vt 0.35483869910240173 0.12765957415103912
vt 0.35483869910240173 0.10638297349214554
vt 0.35483869910240173 0.08510638028383255
vt 0.35483869910240173 0.06382978707551956
vt 0.35483869910240173 0.042553190141916275
vt 0.35483869910240173 0.021276595070958138
vt 0.35483869910240173 0.0
vt 0.32258063554763794 1.0
vt 0.32258063554763794 0.978723406791687
vt 0.32258063554763794 0.957446813583374
vt 0.32258063554763794 0.936170220375061
vt 0.32258063554763794 0.914893627166748
vt 0.32258063554763794 0.8936170339584351
vt 0.32258063554763794 0.8723404407501221
vt 0.32258063554763794 0.8510638475418091
vt 0.32258063554763794 0.8297872543334961
vt 0.32258063554763794 0.8085106611251831
vt 0.32258063554763794 0.7872340679168701
vt 0.32258063554763794 0.7659574747085571
vt 0.32258063554763794 0.7446808815002441
vt 0.32258063554763794 0.7234042882919312
vt 0.32258063554763794 0.7021276950836182
vt 0.32258063554763794 0.6808511018753052
vt 0.32258063554763794 0.6595745086669922
vt 0.32258063554763794 0.6382978558540344
vt 0.32258063554763794 0.6170212626457214
vt 0.32258063554763794 0.5957446694374084
vt 0.32258063554763794 0.5744680762290955
vt 0.32258063554763794 0.5531914830207825
vt 0.32258063554763794 0.5319148898124695
vt 0.32258063554763794 0.5106382966041565
vt 0.32258063554763794 0.4893616735935211
vt 0.32258063554763794 0.46808508038520813
vt 0.32258063554763794 0.44680848717689514
vt 0.32258063554763794 0.42553189396858215
vt 0.32258063554763794 0.40425530076026917
vt 0.32258063554763794 0.3829787075519562
vt 0.32258063554763794 0.3617021143436432
vt 0.32258063554763794 0.3404255211353302
vt 0.32258063554763794 0.3191489279270172
vt 0.32258063554763794 0.2978723347187042
vt 0.32258063554763794 0.27659574151039124
vt 0.32258063554763794 0.25531914830207825
vt 0.32258063554763794 0.23404254019260406
vt 0.32258063554763794 0.21276594698429108
vt 0.32258063554763794 0.1914893537759781
vt 0.32258063554763794 0.1702127605676651
vt 0.32258063554763794 0.1489361673593521
vt 0.32258063554763794 0.12765957415103912
vt 0.32258063554763794 0.10638297349214554
vt 0.32258063554763794 0.08510638028383255
vt 0.32258063554763794 0.06382978707551956
vt 0.32258063554763794 0.042553190141916275
vt 0.32258063554763794 0.021276595070958138
vt 0.32258063554763794 0.0
vt 0.29032257199287415 1.0
vt 0.29032257199287415 0.978723406791687
vt 0.29032257199287415 0.957446813583374
vt 0.29032257199287415 0.936170220375061
vt 0.29032257199287415 0.914893627166748
vt 0.29032257199287415 0.8936170339584351
vt 0.29032257199287415 0.8723404407501221
vt 0.29032257199287415 0.8510638475418091
vt 0.29032257199287415 0.8297872543334961
vt 0.29032257199287415 0.8085106611251831
vt 0.29032257199287415 0.7872340679168701
vt 0.29032257199287415 0.7659574747085571
vt 0.29032257199287415 0.7446808815002441
vt 0.29032257199287415 0.7234042882919312
vt 0.29032257199287415 0.7021276950836182
vt 0.29032257199287415 0.6808511018753052
vt 0.29032257199287415 0.6595745086669922
vt 0.29032257199287415 0.6382978558540344
vt 0.29032257199287415 0.6170212626457214
vt 0.29032257199287415 0.5957446694374084
vt 0.29032257199287415 0.5744680762290955
vt 0.29032257199287415 0.5531914830207825
vt 0.29032257199287415 0.5319148898124695
vt 0.29032257199287415 0.5106382966041565
vt 0.29032257199287415 0.4893616735935211
vt 0.29032257199287415 0.46808508038520813
vt 0.29032257199287415 0.44680848717689514
vt 0.29032257199287415 0.42553189396858215
vt 0.29032257199287415 0.40425530076026917
vt 0.29032257199287415 0.3829787075519562
vt 0.29032257199287415 0.3617021143436432
vt 0.29032257199287415 0.3404255211353302
vt 0.29032257199287415 0.3191489279270172
vt 0.29032257199287415 0.2978723347187042
vt 0.29032257199287415 0.27659574151039124
vt 0.29032257199287415 0.25531914830207825
vt 0.29032257199287415 0.23404254019260406
vt 0.29032257199287415 0.21276594698429108
vt 0.29032257199287415 0.1914893537759781
vt 0.29032257199287415 0.1702127605676651
vt 0.29032257199287415 0.1489361673593521
vt 0.29032257199287415 0.12765957415103912
vt 0.29032257199287415 0.10638297349214554
vt 0.29032257199287415 0.08510638028383255
vt 0.29032257199287415 0.06382978707551956
vt 0.29032257199287415 0.042553190141916275
vt 0.29032257199287415 0.021276595070958138
vt 0.29032257199287415 0.0
vt 0.25806450843811035 1.0
vt 0.25806450843811035 0.978723406791687
vt 0.25806450843811035 0.957446813583374
vt 0.25806450843811035 0.936170220375061
vt 0.25806450843811035 0.914893627166748
vt 0.25806450843811035 0.8936170339584351
vt 0.25806450843811035 0.8723404407501221
vt 0.25806450843811035 0.8510638475418091
vt 0.25806450843811035 0.8297872543334961
vt 0.25806450843811035 0.8085106611251831
vt 0.25806450843811035 0.7872340679168701
vt 0.25806450843811035 0.7659574747085571
vt 0.25806450843811035 0.7446808815002441
vt 0.25806450843811035 0.7234042882919312
vt 0.25806450843811035 0.7021276950836182
vt 0.25806450843811035 0.6808511018753052
vt 0.25806450843811035 0.6595745086669922
vt 0.25806450843811035 0.6382978558540344
vt 0.25806450843811035 0.6170212626457214
vt 0.25806450843811035 0.5957446694374084
vt 0.25806450843811035 0.5744680762290955
vt 0.25806450843811035 0.5531914830207825
vt 0.25806450843811035 0.5319148898124695
vt 0.25806450843811035 0.5106382966041565
vt 0.25806450843811035 0.4893616735935211
vt 0.25806450843811035 0.46808508038520813
vt 0.25806450843811035 0.44680848717689514
vt 0.25806450843811035 0.42553189396858215
vt 0.25806450843811035 0.40425530076026917
vt 0.25806450843811035 0.3829787075519562
vt 0.25806450843811035 0.3617021143436432
vt 0.25806450843811035 0.3404255211353302
vt 0.25806450843811035 0.3191489279270172
vt 0.25806450843811035 0.2978723347187042
vt 0.25806450843811035 0.27659574151039124
vt 0.25806450843811035 0.25531914830207825
vt 0.25806450843811035 0.23404254019260406
vt 0.25806450843811035 0.21276594698429108
vt 0.25806450843811035 0.1914893537759781
vt 0.25806450843811035 0.1702127605676651
vt 0.25806450843811035 0.1489361673593521
vt 0.25806450843811035 0.12765957415103912
vt 0.25806450843811035 0.10638297349214554
vt 0.25806450843811035 0.08510638028383255
vt 0.25806450843811035 0.06382978707551956
vt 0.25806450843811035 0.042553190141916275
vt 0.25806450843811035 0.021276595070958138
vt 0.25806450843811035 0.0
vt 0.22580644488334656 1.0
vt 0.22580644488334656 0.978723406791687
vt 0.22580644488334656 0.957446813583374
vt 0.22580644488334656 0.936170220375061
vt 0.22580644488334656 0.914893627166748
vt 0.22580644488334656 0.8936170339584351
vt 0.22580644488334656 0.8723404407501221
vt 0.22580644488334656 0.8510638475418091
vt 0.22580644488334656 0.8297872543334961
vt 0.22580644488334656 0.8085106611251831
vt 0.22580644488334656 0.7872340679168701
vt 0.22580644488334656 0.7659574747085571
vt 0.22580644488334656 0.7446808815002441
vt 0.22580644488334656 0.7234042882919312
vt 0.22580644488334656 0.7021276950836182
vt 0.22580644488334656 0.6808511018753052
vt 0.22580644488334656 0.6595745086669922
vt 0.22580644488334656 0.6382978558540344
vt 0.22580644488334656 0.6170212626457214
vt 0.22580644488334656 0.5957446694374084
vt 0.22580644488334656 0.5744680762290955
vt 0.22580644488334656 0.5531914830207825
vt 0.22580644488334656 0.5319148898124695
vt 0.22580644488334656 0.5106382966041565
vt 0.22580644488334656 0.4893616735935211
vt 0.22580644488334656 0.46808508038520813
vt 0.22580644488334656 0.44680848717689514
vt 0.22580644488334656 0.42553189396858215
vt 0.22580644488334656 0.40425530076026917
vt 0.22580644488334656 0.3829787075519562
vt 0.22580644488334656 0.3617021143436432
vt 0.22580644488334656 0.3404255211353302
vt 0.22580644488334656 0.3191489279270172
vt 0.22580644488334656 0.2978723347187042
vt 0.22580644488334656 0.27659574151039124
vt 0.22580644488334656 0.25531914830207825
vt 0.22580644488334656 0.23404254019260406
vt 0.22580644488334656 0.21276594698429108
vt 0.22580644488334656 0.1914893537759781
vt 0.22580644488334656 0.1702127605676651
vt 0.22580644488334656 0.1489361673593521
vt 0.22580644488334656 0.12765957415103912
vt 0.22580644488334656 0.10638297349214554
vt 0.22580644488334656 0.08510638028383255
vt 0.22580644488334656 0.06382978707551956
vt 0.22580644488334656 0.042553190141916275
vt 0.22580644488334656 0.021276595070958138
vt 0.22580644488334656 0.0
vt 0.19354838132858276 1.0
vt 0.19354838132858276 0.978723406791687
vt 0.19354838132858276 0.957446813583374
vt 0.19354838132858276 0.936170220375061
vt 0.19354838132858276 0.914893627166748
vt 0.19354838132858276 0.8936170339584351
vt 0.19354838132858276 0.8723404407501221
vt 0.19354838132858276 0.8510638475418091
vt 0.19354838132858276 0.8297872543334961
vt 0.19354838132858276 0.8085106611251831
vt 0.19354838132858276 0.7872340679168701
vt 0.19354838132858276 0.7659574747085571
vt 0.19354838132858276 0.7446808815002441
vt 0.19354838132858276 0.7234042882919312
vt 0.19354838132858276 0.7021276950836182
vt 0.19354838132858276 0.6808511018753052
vt 0.19354838132858276 0.6595745086669922
vt 0.19354838132858276 0.6382978558540344
vt 0.19354838132858276 0.6170212626457214
vt 0.19354838132858276 0.5957446694374084
vt 0.19354838132858276 0.5744680762290955
vt 0.19354838132858276 0.5531914830207825
vt 0.19354838132858276 0.5319148898124695
vt 0.19354838132858276 0.5106382966041565
vt 0.19354838132858276 0.4893616735935211
vt 0.19354838132858276 0.46808508038520813
vt 0.19354838132858276 0.44680848717689514
vt 0.19354838132858276 0.42553189396858215
vt 0.19354838132858276 0.40425530076026917
vt 0.19354838132858276 0.3829787075519562
vt 0.19354838132858276 0.3617021143436432
vt 0.19354838132858276 0.3404255211353302
vt 0.19354838132858276 0.3191489279270172
vt 0.19354838132858276 0.2978723347187042
vt 0.19354838132858276 0.27659574151039124
vt 0.19354838132858276 0.25531914830207825
vt 0.19354838132858276 0.23404254019260406
vt 0.19354838132858276 0.21276594698429108
vt 0.19354838132858276 0.1914893537759781
vt 0.19354838132858276 0.1702127605676651
vt 0.19354838132858276 0.1489361673593521
vt 0.19354838132858276 0.12765957415103912
vt 0.19354838132858276 0.10638297349214554
vt 0.19354838132858276 0.08510638028383255
vt 0.19354838132858276 0.06382978707551956
vt 0.19354838132858276 0.042553190141916275
vt 0.19354838132858276 0.021276595070958138
vt 0.19354838132858276 0.0
vt 0.16129031777381897 1.0
vt 0.16129031777381897 0.978723406791687
vt 0.16129031777381897 0.957446813583374
vt 0.16129031777381897 0.936170220375061
vt 0.16129031777381897 0.914893627166748
vt 0.16129031777381897 0.8936170339584351
vt 0.16129031777381897 0.8723404407501221
vt 0.16129031777381897 0.8510638475418091
vt 0.16129031777381897 0.8297872543334961
vt 0.16129031777381897 0.8085106611251831
vt 0.16129031777381897 0.7872340679168701
vt 0.16129031777381897 0.7659574747085571
vt 0.16129031777381897 0.7446808815002441
vt 0.16129031777381897 0.7234042882919312
vt 0.16129031777381897 0.7021276950836182
vt 0.16129031777381897 0.6808511018753052
vt 0.16129031777381897 0.6595745086669922
vt 0.16129031777381897 0.6382978558540344
vt 0.16129031777381897 0.6170212626457214
vt 0.16129031777381897 0.5957446694374084
vt 0.16129031777381897 0.5744680762290955
vt 0.16129031777381897 0.5531914830207825
vt 0.16129031777381897 0.5319148898124695
vt 0.16129031777381897 0.5106382966041565
vt 0.16129031777381897 0.4893616735935211
vt 0.16129031777381897 0.46808508038520813
vt 0.16129031777381897 0.44680848717689514
vt 0.16129031777381897 0.42553189396858215
vt 0.16129031777381897 0.40425530076026917
vt 0.16129031777381897 0.3829787075519562
vt 0.16129031777381897 0.3617021143436432
vt 0.16129031777381897 0.3404255211353302
vt 0.16129031777381897 0.3191489279270172
vt 0.16129031777381897 0.2978723347187042
vt 0.16129031777381897 0.27659574151039124
vt 0.16129031777381897 0.25531914830207825
vt 0.16129031777381897 0.23404254019260406
vt 0.16129031777381897 0.21276594698429108
vt 0.16129031777381897 0.1914893537759781
vt 0.16129031777381897 0.1702127605676651
vt 0.16129031777381897 0.1489361673593521
vt 0.16129031777381897 0.12765957415103912
vt 0.16129031777381897 0.10638297349214554
vt 0.16129031777381897 0.08510638028383255
vt 0.16129031777381897 0.06382978707551956
vt 0.16129031777381897 0.042553190141916275
vt 0.16129031777381897 0.021276595070958138
vt 0.16129031777381897 0.0
vt 0.12903225421905518 1.0
vt 0.12903225421905518 0.978723406791687
vt 0.12903225421905518 0.957446813583374
vt 0.12903225421905518 0.936170220375061
vt 0.12903225421905518 0.914893627166748
vt 0.12903225421905518 0.8936170339584351
vt 0.12903225421905518 0.8723404407501221
vt 0.12903225421905518 0.8510638475418091
vt 0.12903225421905518 0.8297872543334961
vt 0.12903225421905518 0.8085106611251831
vt 0.12903225421905518 0.7872340679168701
vt 0.12903225421905518 0.7659574747085571
vt 0.12903225421905518 0.7446808815002441
vt 0.12903225421905518 0.7234042882919312
vt 0.12903225421905518 0.7021276950836182
vt 0.12903225421905518 0.6808511018753052
vt 0.12903225421905518 0.6595745086669922
vt 0.12903225421905518 0.6382978558540344
vt 0.12903225421905518 0.6170212626457214
vt 0.12903225421905518 0.5957446694374084
vt 0.12903225421905518 0.5744680762290955
vt 0.12903225421905518 0.5531914830207825
vt 0.12903225421905518 0.5319148898124695
vt 0.12903225421905518 0.5106382966041565
vt 0.12903225421905518 0.4893616735935211
vt 0.12903225421905518 0.46808508038520813
vt 0.12903225421905518 0.44680848717689514
vt 0.12903225421905518 0.42553189396858215
vt 0.12903225421905518 0.40425530076026917
vt 0.12903225421905518 0.3829787075519562
vt 0.12903225421905518 0.3617021143436432
vt 0.12903225421905518 0.3404255211353302
vt 0.12903225421905518 0.3191489279270172
vt 0.12903225421905518 0.2978723347187042
vt 0.12903225421905518 0.27659574151039124
vt 0.12903225421905518 0.25531914830207825
vt 0.12903225421905518 0.23404254019260406
vt 0.12903225421905518 0.21276594698429108
vt 0.12903225421905518 0.1914893537759781
vt 0.12903225421905518 0.1702127605676651
vt 0.12903225421905518 0.1489361673593521
vt 0.12903225421905518 0.12765957415103912
vt 0.12903225421905518 0.10638297349214554
vt 0.12903225421905518 0.08510638028383255
vt 0.12903225421905518 0.06382978707551956
vt 0.12903225421905518 0.042553190141916275
vt 0.12903225421905518 0.021276595070958138
vt 0.12903225421905518 0.0
vt 0.09677419066429138 1.0
vt 0.09677419066429138 0.978723406791687
vt 0.09677419066429138 0.957446813583374
vt 0.09677419066429138 0.936170220375061
vt 0.09677419066429138 0.914893627166748
vt 0.09677419066429138 0.8936170339584351
vt 0.09677419066429138 0.8723404407501221
vt 0.09677419066429138 0.8510638475418091
vt 0.09677419066429138 0.8297872543334961
vt 0.09677419066429138 0.8085106611251831
vt 0.09677419066429138 0.7872340679168701
vt 0.09677419066429138 0.7659574747085571
vt 0.09677419066429138 0.7446808815002441
vt 0.09677419066429138 0.7234042882919312
vt 0.09677419066429138 0.7021276950836182
vt 0.09677419066429138 0.6808511018753052
vt 0.09677419066429138 0.6595745086669922
vt 0.09677419066429138 0.6382978558540344
vt 0.09677419066429138 0.6170212626457214
vt 0.09677419066429138 0.5957446694374084
vt 0.09677419066429138 0.5744680762290955
vt 0.09677419066429138 0.5531914830207825
vt 0.09677419066429138 0.5319148898124695
vt 0.09677419066429138 0.5106382966041565
vt 0.09677419066429138 0.4893616735935211
vt 0.09677419066429138 0.46808508038520813
vt 0.09677419066429138 0.44680848717689514
vt 0.09677419066429138 0.42553189396858215
vt 0.09677419066429138 0.40425530076026917
vt 0.09677419066429138 0.3829787075519562
vt 0.09677419066429138 0.3617021143436432
vt 0.09677419066429138 0.3404255211353302
vt 0.09677419066429138 0.3191489279270172
vt 0.09677419066429138 0.2978723347187042
vt 0.09677419066429138 0.27659574151039124
vt 0.09677419066429138 0.25531914830207825
vt 0.09677419066429138 0.23404254019260406
vt 0.09677419066429138 0.21276594698429108
vt 0.09677419066429138 0.1914893537759781
vt 0.09677419066429138 0.1702127605676651
vt 0.09677419066429138 0.1489361673593521
vt 0.09677419066429138 0.12765957415103912
vt 0.09677419066429138 0.10638297349214554
vt 0.09677419066429138 0.08510638028383255
vt 0.09677419066429138 0.06382978707551956
vt 0.09677419066429138 0.042553190141916275
vt 0.09677419066429138 0.021276595070958138
vt 0.09677419066429138 0.0
vt 0.06451612710952759 1.0
vt 0.06451612710952759 0.978723406791687
vt 0.06451612710952759 0.957446813583374
vt 0.06451612710952759 0.936170220375061
vt 0.06451612710952759 0.914893627166748
vt 0.06451612710952759 0.8936170339584351
vt 0.06451612710952759 0.8723404407501221
vt 0.06451612710952759 0.8510638475418091
vt 0.06451612710952759 0.8297872543334961
vt 0.06451612710952759 0.8085106611251831
vt 0.06451612710952759 0.7872340679168701
vt 0.06451612710952759 0.7659574747085571
vt 0.06451612710952759 0.7446808815002441
vt 0.06451612710952759 0.7234042882919312
vt 0.06451612710952759 0.7021276950836182
vt 0.06451612710952759 0.6808511018753052
vt 0.06451612710952759 0.6595745086669922
vt 0.06451612710952759 0.6382978558540344
vt 0.06451612710952759 0.6170212626457214
vt 0.06451612710952759 0.5957446694374084
vt 0.06451612710952759 0.5744680762290955
vt 0.06451612710952759 0.5531914830207825
vt 0.06451612710952759 0.5319148898124695
vt 0.06451612710952759 0.5106382966041565
vt 0.06451612710952759 0.4893616735935211
vt 0.06451612710952759 0.46808508038520813
vt 0.06451612710952759 0.44680848717689514
vt 0.06451612710952759 0.42553189396858215
vt 0.06451612710952759 0.40425530076026917
vt 0.06451612710952759 0.3829787075519562
vt 0.06451612710952759 0.3617021143436432
vt 0.06451612710952759 0.3404255211353302
vt 0.06451612710952759 0.3191489279270172
vt 0.06451612710952759 0.2978723347187042
vt 0.06451612710952759 0.27659574151039124
vt 0.06451612710952759 0.25531914830207825
vt 0.06451612710952759 0.23404254019260406
vt 0.06451612710952759 0.21276594698429108
vt 0.06451612710952759 0.1914893537759781
vt 0.06451612710952759 0.1702127605676651
vt 0.06451612710952759 0.1489361673593521
vt 0.06451612710952759 0.12765957415103912
vt 0.06451612710952759 0.10638297349214554
vt 0.06451612710952759 0.08510638028383255
vt 0.06451612710952759 0.06382978707551956
vt 0.06451612710952759 0.042553190141916275
vt 0.06451612710952759 0.021276595070958138
vt 0.06451612710952759 0.0
vt 0.032258063554763794 1.0
vt 0.032258063554763794 0.978723406791687
vt 0.032258063554763794 0.957446813583374
vt 0.032258063554763794 0.936170220375061
vt 0.032258063554763794 0.914893627166748
vt 0.032258063554763794 0.8936170339584351
vt 0.032258063554763794 0.8723404407501221
vt 0.032258063554763794 0.8510638475418091
vt 0.032258063554763794 0.8297872543334961
vt 0.032258063554763794 0.8085106611251831
vt 0.032258063554763794 0.7872340679168701
vt 0.032258063554763794 0.7659574747085571
vt 0.032258063554763794 0.7446808815002441
vt 0.032258063554763794 0.7234042882919312
vt 0.032258063554763794 0.7021276950836182
vt 0.032258063554763794 0.6808511018753052
vt 0.032258063554763794 0.6595745086669922
vt 0.032258063554763794 0.6382978558540344
vt 0.032258063554763794 0.6170212626457214
vt 0.032258063554763794 0.5957446694374084
vt 0.032258063554763794 0.5744680762290955
vt 0.032258063554763794 0.5531914830207825
vt 0.032258063554763794 0.5319148898124695
vt 0.032258063554763794 0.5106382966041565
vt 0.032258063554763794 0.4893616735935211
vt 0.032258063554763794 0.46808508038520813
vt 0.032258063554763794 0.44680848717689514
vt 0.032258063554763794 0.42553189396858215
vt 0.032258063554763794 0.40425530076026917
vt 0.032258063554763794 0.3829787075519562
vt 0.032258063554763794 0.3617021143436432
vt 0.032258063554763794 0.3404255211353302
vt 0.032258063554763794 0.3191489279270172
vt 0.032258063554763794 0.2978723347187042
vt 0.032258063554763794 0.27659574151039124
vt 0.032258063554763794 0.25531914830207825
vt 0.032258063554763794 0.23404254019260406
vt 0.032258063554763794 0.21276594698429108
vt 0.032258063554763794 0.1914893537759781
vt 0.032258063554763794 0.1702127605676651
vt 0.032258063554763794 0.1489361673593521
vt 0.032258063554763794 0.12765957415103912
vt 0.032258063554763794 0.10638297349214554
vt 0.032258063554763794 0.08510638028383255
vt 0.032258063554763794 0.06382978707551956
vt 0.032258063554763794 0.042553190141916275
vt 0.032258063554763794 0.021276595070958138
vt 0.032258063554763794 0.0
vt 0.0 1.0
vt 0.0 0.978723406791687
vt 0.0 0.957446813583374
vt 0.0 0.936170220375061
vt 0.0 0.914893627166748
vt 0.0 0.8936170339584351
vt 0.0 0.8723404407501221
vt 0.0 0.8510638475418091
vt 0.0 0.8297872543334961
vt 0.0 0.8085106611251831
vt 0.0 0.7872340679168701
vt 0.0 0.7659574747085571
vt 0.0 0.7446808815002441
vt 0.0 0.7234042882919312
vt 0.0 0.7021276950836182
vt 0.0 0.6808511018753052
vt 0.0 0.6595745086669922
vt 0.0 0.6382978558540344
vt 0.0 0.6170212626457214
vt 0.0 0.5957446694374084
vt 0.0 0.5744680762290955
vt 0.0 0.5531914830207825
vt 0.0 0.5319148898124695
vt 0.0 0.5106382966041565
vt 0.0 0.4893616735935211
vt 0.0 0.46808508038520813
vt 0.0 0.44680848717689514
vt 0.0 0.42553189396858215
vt 0.0 0.40425530076026917
vt 0.0 0.3829787075519562
vt 0.0 0.3617021143436432
vt 0.0 0.3404255211353302
vt 0.0 0.3191489279270172
vt 0.0 0.2978723347187042
vt 0.0 0.27659574151039124
vt 0.0 0.25531914830207825
vt 0.0 0.23404254019260406
vt 0.0 0.21276594698429108
vt 0.0 0.1914893537759781
vt 0.0 0.1702127605676651
vt 0.0 0.1489361673593521
vt 0.0 0.12765957415103912
vt 0.0 0.10638297349214554
vt 0.0 0.08510638028383255
vt 0.0 0.06382978707551956
vt 0.0 0.042553190141916275
vt 0.0 0.021276595070958138
vt 0.0 0.0
f 1/1 49/49 50/50 2/2
f 2/2 50/50 51/51 3/3
f 3/3 51/51 52/52 4/4
f 4/4 52/52 53/53 5/5
f 5/5 53/53 54/54 6/6
f 6/6 54/54 55/55 7/7
f 7/7 55/55 56/56 8/8
f 8/8 56/56 57/57 9/9
f 9/9 57/57 58/58 10/10
f 10/10 58/58 59/59 11/11
f 11/11 59/59 60/60 12/12
f 12/12 60/60 61/61 13/13
f 13/13 61/61 62/62 14/14
f 14/14 62/62 63/63 15/15
f 15/15 63/63 64/64 16/16
f 16/16 64/64 65/65 17/17
f 17/17 65/65 66/66 18/18
f 18/18 66/66 67/67 19/19
f 19/19 67/67 68/68 20/20
f 20/20 68/68 69/69 21/21
f 21/21 69/69 70/70 22/22
f 22/22 70/70 71/71 23/23
f 23/23 71/71 72/72 24/24
f 24/24 72/72 73/73 25/25
f 25/25 73/73 74/74 26/26
f 26/26 74/74 75/75 27/27
f 27/27 75/75 76/76 28/28
f 28/28 76/76 77/77 29/29
f 29/29 77/77 78/78 30/30
f 30/30 78/78 79/79 31/31
f 31/31 79/79 80/80 32/32
f 32/32 80/80 81/81 33/33
f 33/33 81/81 82/82 34/34
f 34/34 82/82 83/83 35/35
f 35/35 83/83 84/84 36/36
f 36/36 84/84 85/85 37/37
f 37/37 85/85 86/86 38/38
f 38/38 86/86 87/87 39/39
f 39/39 87/87 88/88 40/40
f 40/40 88/88 89/89 41/41
f 41/41 89/89 90/90 42/42
f 42/42 90/90 91/91 43/43
f 43/43 91/91 92/92 44/44
f 44/44 92/92 93/93 45/45
f 45/45 93/93 94/94 46/46
f 46/46 94/94 95/95 47/47
f 47/47 95/95 96/96 48/48
f 49/49 97/97 98/98 50/50
f 50/50 98/98 99/99 51/51
f 51/51 99/99 100/100 52/52
f 52/52 100/100 101/101 53/53
f 53/53 101/101 102/102 54/54
f 54/54 102/102 103/103 55/55
f 55/55 103/103 104/104 56/56
f 56/56 104/104 105/105 57/57
f 57/57 105/105 106/106 58/58
f 58/58 106/106 107/107 59/59
f 59/59 107/107 108/108 60/60
f 60/60 108/108 109/109 61/61
f 61/61 109/109 110/110 62/62
f 62/62 110/110 111/111 63/63
f 63/63 111/111 112/112 64/64
f 64/64 112/112 113/113 65/65
f 65/65 113/113 114/114 66/66
f 66/66 114/114 115/115 67/67
f 67/67 115/115 116/116 68/68
f 68/68 116/116 117/117 69/69
f 69/69 117/117 118/118 70/70
f 70/70 118/118 119/119 71/71
f 71/71 119/119 120/120 72/72
f 72/72 120/120 121/121 73/73
f 73/73 121/121 122/122 74/74
f 74/74 122/122 123/123 75/75
f 75/75 123/123 124/124 76/76
f 76/76 124/124 125/125 77/77
f 77/77 125/125 126/126 78/78
f 78/78 126/126 127/127 79/79
f 79/79 127/127 128/128 80/80
f 80/80 128/128 129/129 81/81
f 81/81 129/129 130/130 82/82
f 82/82 130/130 131/131 83/83
f 83/83 131/131 132/132 84/84
f 84/84 132/132 133/133 85/85
f 85/85 133/133 134/134 86/86
f 86/86 134/134 135/135 87/87
f 87/87 135/135 136/136 88/88
f 88/88 136/136 137/137 89/89
f 89/89 137/137 138/138 90/90
f 90/90 138/138 139/139 91/91
f 91/91 139/139 140/140 92/92
f 92/92 140/140 141/141 93/93
f 93/93 141/141 142/142 94/94
f 94/94 142/142 143/143 95/95
f 95/95 143/143 144/144 96/96
f 97/97 145/145 146/146 98/98
f 98/98 146/146 147/147 99/99
f 99/99 147/147 148/148 100/100
f 100/100 148/148 149/149 101/101
f 101/101 149/149 150/150 102/102
f 102/102 150/150 151/151 103/103
f 103/103 151/151 152/152 104/104
f 104/104 152/152 153/153 105/105
f 105/105 153/153 154/154 106/106
f 106/106 154/154 155/155 107/107
f 107/107 155/155 156/156 108/108
f 108/108 156/156 157/157 109/109
f 109/109 157/157 158/158 110/110
f 110/110 158/158 159/159 111/111
f 111/111 159/159 160/160 112/112
f 112/112 160/160 161/161 113/113
f 113/113 161/161 162/162 114/114
f 114/114 162/162 163/163 115/115
f 115/115 163/163 164/164 116/116
f 116/116 164/164 165/165 117/117
f 117/117 165/165 166/166 118/118
f 118/118 166/166 167/167 119/119
f 119/119 167/167 168/168 120/120
f 120/120 168/168 169/169 121/121
f 121/121 169/169 170/170 122/122
f 122/122 170/170 171/171 123/123
f 123/123 171/171 172/172 124/124
f 124/124 172/172 173/173 125/125
f 125/125 173/173 174/174 126/126
f 126/126 174/174 175/175 127/127
f 127/127 175/175 176/176 128/128
f 128/128 176/176 177/177 129/129
f 129/129 177/177 178/178 130/130
f 130/130 178/178 179/179 131/131
f 131/131 179/179 180/180 132/132
f 132/132 180/180 181/181 133/133
f 133/133 181/181 182/182 134/134
f 134/134 182/182 183/183 135/135
f 135/135 183/183 184/184 136/136
f 136/136 184/184 185/185 137/137
f 137/137 185/185 186/186 138/138
f 138/138 186/186 187/187 139/139
f 139/139 187/187 188/188 140/140
f 140/140 188/188 189/189 141/141
f 141/141 189/189 190/190 142/142
f 142/142 190/190 191/191 143/143
f 143/143 191/191 192/192 144/144
f 145/145 193/193 194/194 146/146
f 146/146 194/194 195/195 147/147
f 147/147 195/195 196/196 148/148
f 148/148 196/196 197/197 149/149
f 149/149 197/197 198/198 150/150
f 150/150 198/198 199/199 151/151
f 151/151 199/199 200/200 152/152
f 152/152 200/200 201/201 153/153
f 153/153 201/201 202/202 154/154
f 154/154 202/202 203/203 155/155
f 155/155 203/203 204/204 156/156
f 156/156 204/204 205/205 157/157
f 157/157 205/205 206/206 158/158
f 158/158 206/206 207/207 159/159
f 159/159 207/207 208/208 160/160
f 160/160 208/208 209/209 161/161
f 161/161 209/209 210/210 162/162
f 162/162 210/210 211/211 163/163
f 163/163 211/211 212/212 164/164
f 164/164 212/212 213/213 165/165
f 165/165 213/213 214/214 166/166
f 166/166 214/214 215/215 167/167
f 167/167 215/215 216/216 168/168
f 168/168 216/216 217/217 169/169
f 169/169 217/217 218/218 170/170
f 170/170 218/218 219/219 171/171
f 171/171 219/219 220/220 172/172
f 172/172 220/220 221/221 173/173
f 173/173 221/221 222/222 174/174
f 174/174 222/222 223/223 175/175
f 175/175 223/223 224/224 176/176
f 176/176 224/224 225/225 177/177
f 177/177 225/225 226/226 178/178
f 178/178 226/226 227/227 179/179
f 179/179 227/227 228/228 180/180
f 180/180 228/228 229/229 181/181
f 181/181 229/229 230/230 182/182
f 182/182 230/230 231/231 183/183
f 183/183 231/231 232/232 184/184
f 184/184 232/232 233/233 185/185
f 185/185 233/233 234/234 186/186
f 186/186 234/234 235/235 187/187
f 187/187 235/235 236/236 188/188
f 188/188 236/236 237/237 189/189
f 189/189 237/237 238/238 190/190
f 190/190 238/238 239/239 191/191
f 191/191 239/239 240/240 192/192
f 193/193 241/241 242/242 194/194
f 194/194 242/242 243/243 195/195
f 195/195 243/243 244/244 196/196
f 196/196 244/244 245/245 197/197
f 197/197 245/245 246/246 198/198
f 198/198 246/246 247/247 199/199
f 199/199 247/247 248/248 200/200
f 200/200 248/248 249/249 201/201
f 201/201 249/249 250/250 202/202
f 202/202 250/250 251/251 203/203
f 203/203 251/251 252/252 204/204
f 204/204 252/252 253/253 205/205
f 205/205 253/253 254/254 206/206
f 206/206 254/254 255/255 207/207
f 207/207 255/255 256/256 208/208
f 208/208 256/256 257/257 209/209
f 209/209 257/257 258/258 210/210
f 210/210 258/258 259/259 211/211
f 211/211 259/259 260/260 212/212
f 212/212 260/260 261/261 213/213
f 213/213 261/261 262/262 214/214
f 214/214 262/262 263/263 215/215
f 215/215 263/263 264/264 216/216
f 216/216 264/264 265/265 217/217
f 217/217 265/265 266/266 218/218
f 218/218 266/266 267/267 219/219
f 219/219 267/267 268/268 220/220
f 220/220 268/268 269/269 221/221
f 221/221 269/269 270/270 222/222
f 222/222 270/270 271/271 223/223
f 223/223 271/271 272/272 224/224
f 224/224 272/272 273/273 225/225
f 225/225 273/273 274/274 226/226
f 226/226 274/274 275/275 227/227
f 227/227 275/275 276/276 228/228
f 228/228 276/276 277/277 229/229
f 229/229 277/277 278/278 230/230
f 230/230 278/278 279/279 231/231
f 231/231 279/279 280/280 232/232
f 232/232 280/280 281/281 233/233
f 233/233 281/281 282/282 234/234
f 234/234 282/282 283/283 235/235
f 235/235 283/283 284/284 236/236
f 236/236 284/284 285/285 237/237
f 237/237 285/285 286/286 238/238
f 238/238 286/286 287/287 239/239
f 239/239 287/287 288/288 240/240
f 241/241 289/289 290/290 242/242
f 242/242 290/290 291/291 243/243
f 243/243 291/291 292/292 244/244
f 244/244 292/292 293/293 245/245
f 245/245 293/293 294/294 246/246
f 246/246 294/294 295/295 247/247
f 247/247 295/295 296/296 248/248
f 248/248 296/296 297/297 249/249
f 249/249 297/297 298/298 250/250
f 250/250 298/298 299/299 251/251
f 251/251 299/299 300/300 252/252
f 252/252 300/300 301/301 253/253
f 253/253 301/301 302/302 254/254
f 254/254 302/302 303/303 255/255
f 255/255 303/303 304/304 256/256
f 256/256 304/304 305/305 257/257
f 257/257 305/305 306/306 258/258
f 258/258 306/306 307/307 259/259
f 259/259 307/307 308/308 260/260
f 260/260 308/308 309/309 261/261
f 261/261 309/309 310/310 262/262
f 262/262 310/310 311/311 263/263
f 263/263 311/311 312/312 264/264
f 264/264 312/312 313/313 265/265
f 265/265 313/313 314/314 266/266
f 266/266 314/314 315/315 267/267
f 267/267 315/315 316/316 268/268
f 268/268 316/316 317/317 269/269
f 269/269 317/317 318/318 270/270
f 270/270 318/318 319/319 271/271
f 271/271 319/319 320/320 272/272
f 272/272 320/320 321/321 273/273
f 273/273 321/321 322/322 274/274
f 274/274 322/322 323/323 275/275
f 275/275 323/323 324/324 276/276
f 276/276 324/324 325/325 277/277
f 277/277 325/325 326/326 278/278
f 278/278 326/326 327/327 279/279
f 279/279 327/327 328/328 280/280
f 280/280 328/328 329/329 281/281
f 281/281 329/329 330/330 282/282
f 282/282 330/330 331/331 283/283
f 283/283 331/331 332/332 284/284
f 284/284 332/332 333/333 285/285
f 285/285 333/333 334/334 286/286
f 286/286 334/334 335/335 287/287
f 287/287 335/335 336/336 288/288
f 289/289 337/337 338/338 290/290
f 290/290 338/338 339/339 291/291
f 291/291 339/339 340/340 292/292
f 292/292 340/340 341/341 293/293
f 293/293 341/341 342/342 294/294
f 294/294 342/342 343/343 295/295
f 295/295 343/343 344/344 296/296
f 296/296 344/344 345/345 297/297
f 297/297 345/345 346/346 298/298
f 298/298 346/346 347/347 299/299
f 299/299 347/347 348/348 300/300
f 300/300 348/348 349/349 301/301
f 301/301 349/349 350/350 302/302
f 302/302 350/350 351/351 303/303
f 303/303 351/351 352/352 304/304
f 304/304 352/352 353/353 305/305
f 305/305 353/353 354/354 306/306
f 306/306 354/354 355/355 307/307
f 307/307 355/355 356/356 308/308
f 308/308 356/356 357/357 309/309
f 309/309 357/357 358/358 310/310
f 310/310 358/358 359/359 311/311
f 311/311 359/359 360/360 312/312
f 312/312 360/360 361/361 313/313
f 313/313 361/361 362/362 314/314
f 314/314 362/362 363/363 315/315
f 315/315 363/363 364/364 316/316
f 316/316 364/364 365/365 317/317
f 317/317 365/365 366/366 318/318
f 318/318 366/366 367/367 319/319
f 319/319 367/367 368/368 320/320
f 320/320 368/368 369/369 321/321
f 321/321 369/369 370/370 322/322
f 322/322 370/370 371/371 323/323
f 323/323 371/371 372/372 324/324
f 324/324 372/372 373/373 325/325
f 325/325 373/373 374/374 326/326
f 326/326 374/374 375/375 327/327
f 327/327 375/375 376/376 328/328
f 328/328 376/376 377/377 329/329
f 329/329 377/377 378/378 330/330
f 330/330 378/378 379/379 331/331
f 331/331 379/379 380/380 332/332
f 332/332 380/380 381/381 333/333
f 333/333 381/381 382/382 334/334
f 334/334 382/382 383/383 335/335
f 335/335 383/383 384/384 336/336
f 337/337 385/385 386/386 338/338
f 338/338 386/386 387/387 339/339
f 339/339 387/387 388/388 340/340
f 340/340 388/388 389/389 341/341
f 341/341 389/389 390/390 342/342
f 342/342 390/390 391/391 343/343
f 343/343 391/391 392/392 344/344
f 344/344 392/392 393/393 345/345
f 345/345 393/393 394/394 346/346
f 346/346 394/394 395/395 347/347
f 347/347 395/395 396/396 348/348
f 348/348 396/396 397/397 349/349
f 349/349 397/397 398/398 350/350
f 350/350 398/398 399/399 351/351
f 351/351 399/399 400/400 352/352
f 352/352 400/400 401/401 353/353
f 353/353 401/401 402/402 354/354
f 354/354 402/402 403/403 355/355
f 355/355 403/403 404/404 356/356
f 356/356 404/404 405/405 357/357
f 357/357 405/405 406/406 358/358
f 358/358 406/406 407/407 359/359
f 359/359 407/407 408/408 360/360
f 360/360 408/408 409/409 361/361
f 361/361 409/409 410/410 362/362
f 362/362 410/410 411/411 363/363
f 363/363 411/411 412/412 364/364
f 364/364 412/412 413/413 365/365
f 365/365 413/413 414/414 366/366
f 366/366 414/414 415/415 367/367
f 367/367 415/415 416/416 368/368
f 368/368 416/416 417/417 369/369
f 369/369 417/417 418/418 370/370
f 370/370 418/418 419/419 371/371
f 371/371 419/419 420/420 372/372
f 372/372 420/420 421/421 373/373
f 373/373 421/421 422/422 374/374
f 374/374 422/422 423/423 375/375
f 375/375 423/423 424/424 376/376
f 376/376 424/424 425/425 377/377
f 377/377 425/425 426/426 378/378
f 378/378 426/426 427/427 379/379
f 379/379 427/427 428/428 380/380
f 380/380 428/428 429/429 381/381
f 381/381 429/429 430/430 382/382
f 382/382 430/430 431/431 383/383
f 383/383 431/431 432/432 384/384
f 385/385 433/433 434/434 386/386
f 386/386 434/434 435/435 387/387
f 387/387 435/435 436/436 388/388
f 388/388 436/436 437/437 389/389
f 389/389 437/437 438/438 390/390
f 390/390 438/438 439/439 391/391
f 391/391 439/439 440/440 392/392
f 392/392 440/440 441/441 393/393
f 393/393 441/441 442/442 394/394
f 394/394 442/442 443/443 395/395
f 395/395 443/443 444/444 396/396
f 396/396 444/444 445/445 397/397
f 397/397 445/445 446/446 398/398
f 398/398 446/446 447/447 399/399
f 399/399 447/447 448/448 400/400
f 400/400 448/448 449/449 401/401
f 401/401 449/449 450/450 402/402
f 402/402 450/450 451/451 403/403
f 403/403 451/451 452/452 404/404
f 404/404 452/452 453/453 405/405
f 405/405 453/453 454/454 406/406
f 406/406 454/454 455/455 407/407
f 407/407 455/455 456/456 408/408
f 408/408 456/456 457/457 409/409
f 409/409 457/457 458/458 410/410
f 410/410 458/458 459/459 411/411
f 411/411 459/459 460/460 412/412
f 412/412 460/460 461/461 413/413
f 413/413 461/461 462/462 414/414
f 414/414 462/462 463/463 415/415
f 415/415 463/463 464/464 416/416
f 416/416 464/464 465/465 417/417
f 417/417 465/465 466/466 418/418
f 418/418 466/466 467/467 419/419
f 419/419 467/467 468/468 420/420
f 420/420 468/468 469/469 421/421
f 421/421 469/469 470/470 422/422
f 422/422 470/470 471/471 423/423
f 423/423 471/471 472/472 424/424
f 424/424 472/472 473/473 425/425
f 425/425 473/473 474/474 426/426
f 426/426 474/474 475/475 427/427
f 427/427 475/475 476/476 428/428
f 428/428 476/476 477/477 429/429
f 429/429 477/477 478/478 430/430
f 430/430 478/478 479/479 431/431
f 431/431 479/479 480/480 432/432
f 433/433 481/481 482/482 434/434
f 434/434 482/482 483/483 435/435
f 435/435 483/483 484/484 436/436
f 436/436 484/484 485/485 437/437
f 437/437 485/485 486/486 438/438
f 438/438 486/486 487/487 439/439
f 439/439 487/487 488/488 440/440
f 440/440 488/488 489/489 441/441
f 441/441 489/489 490/490 442/442
f 442/442 490/490 491/491 443/443
f 443/443 491/491 492/492 444/444
f 444/444 492/492 493/493 445/445
f 445/445 493/493 494/494 446/446
f 446/446 494/494 495/495 447/447
f 447/447 495/495 496/496 448/448
f 448/448 496/496 497/497 449/449
f 449/449 497/497 498/498 450/450
f 450/450 498/498 499/499 451/451
f 451/451 499/499 500/500 452/452
f 452/452 500/500 501/501 453/453
f 453/453 501/501 502/502 454/454
f 454/454 502/502 503/503 455/455
f 455/455 503/503 504/504 456/456
f 456/456 504/504 505/505 457/457
f 457/457 505/505 506/506 458/458
f 458/458 506/506 507/507 459/459
f 459/459 507/507 508/508 460/460
f 460/460 508/508 509/509 461/461
f 461/461 509/509 510/510 462/462
f 462/462 510/510 511/511 463/463
f 463/463 511/511 512/512 464/464
f 464/464 512/512 513/513 465/465
f 465/465 513/513 514/514 466/466
f 466/466 514/514 515/515 467/467
f 467/467 515/515 516/516 468/468
f 468/468 516/516 517/517 469/469
f 469/469 517/517 518/518 470/470
f 470/470 518/518 519/519 471/471
f 471/471 519/519 520/520 472/472
f 472/472 520/520 521/521 473/473
f 473/473 521/521 522/522 474/474
f 474/474 522/522 523/523 475/475
f 475/475 523/523 524/524 476/476
f 476/476 524/524 525/525 477/477
f 477/477 525/525 526/526 478/478
f 478/478 526/526 527/527 479/479
f 479/479 527/527 528/528 480/480
f 481/481 529/529 530/530 482/482
f 482/482 530/530 531/531 483/483
f 483/483 531/531 532/532 484/484
f 484/484 532/532 533/533 485/485
f 485/485 533/533 534/534 486/486
f 486/486 534/534 535/535 487/487
f 487/487 535/535 536/536 488/488
f 488/488 536/536 537/537 489/489
f 489/489 537/537 538/538 490/490
f 490/490 538/538 539/539 491/491
f 491/491 539/539 540/540 492/492
f 492/492 540/540 541/541 493/493
f 493/493 541/541 542/542 494/494
f 494/494 542/542 543/543 495/495
f 495/495 543/543 544/544 496/496
f 496/496 544/544 545/545 497/497
f 497/497 545/545 546/546 498/498
f 498/498 546/546 547/547 499/499
f 499/499 547/547 548/548 500/500
f 500/500 548/548 549/549 501/501
f 501/501 549/549 550/550 502/502
f 502/502 550/550 551/551 503/503
f 503/503 551/551 552/552 504/504
f 504/504 552/552 553/553 505/505
f 505/505 553/553 554/554 506/506
f 506/506 554/554 555/555 507/507
f 507/507 555/555 556/556 508/508
f 508/508 556/556 557/557 509/509
f 509/509 557/557 558/558 510/510
f 510/510 558/558 559/559 511/511
f 511/511 559/559 560/560 512/512
f 512/512 560/560 561/561 513/513
f 513/513 561/561 562/562 514/514
f 514/514 562/562 563/563 515/515
f 515/515 563/563 564/564 516/516
f 516/516 564/564 565/565 517/517
f 517/517 565/565 566/566 518/518
f 518/518 566/566 567/567 519/519
f 519/519 567/567 568/568 520/520
f 520/520 568/568 569/569 521/521
f 521/521 569/569 570/570 522/522
f 522/522 570/570 571/571 523/523
f 523/523 571/571 572/572 524/524
f 524/524 572/572 573/573 525/525
f 525/525 573/573 574/574 526/526
f 526/526 574/574 575/575 527/527
f 527/527 575/575 576/576 528/528
f 529/529 577/577 578/578 530/530
f 530/530 578/578 579/579 531/531
f 531/531 579/579 580/580 532/532
f 532/532 580/580 581/581 533/533
f 533/533 581/581 582/582 534/534
f 534/534 582/582 583/583 535/535
f 535/535 583/583 584/584 536/536
f 536/536 584/584 585/585 537/537
f 537/537 585/585 586/586 538/538
f 538/538 586/586 587/587 539/539
f 539/539 587/587 588/588 540/540
f 540/540 588/588 589/589 541/541
f 541/541 589/589 590/590 542/542
f 542/542 590/590 591/591 543/543
f 543/543 591/591 592/592 544/544
f 544/544 592/592 593/593 545/545
f 545/545 593/593 594/594 546/546
f 546/546 594/594 595/595 547/547
f 547/547 595/595 596/596 548/548
f 548/548 596/596 597/597 549/549
f 549/549 597/597 598/598 550/550
f 550/550 598/598 599/599 551/551
f 551/551 599/599 600/600 552/552
f 552/552 600/600 601/601 553/553
f 553/553 601/601 602/602 554/554
f 554/554 602/602 603/603 555/555
f 555/555 603/603 604/604 556/556
f 556/556 604/604 605/605 557/557
f 557/557 605/605 606/606 558/558
f 558/558 606/606 607/607 559/559
f 559/559 607/607 608/608 560/560
f 560/560 608/608 609/609 561/561
f 561/561 609/609 610/610 562/562
f 562/562 610/610 611/611 563/563
f 563/563 611/611 612/612 564/564
f 564/564 612/612 613/613 565/565
f 565/565 613/613 614/614 566/566
f 566/566 614/614 615/615 567/567
f 567/567 615/615 616/616 568/568
f 568/568 616/616 617/617 569/569
f 569/569 617/617 618/618 570/570
f 570/570 618/618 619/619 571/571
f 571/571 619/619 620/620 572/572
f 572/572 620/620 621/621 573/573
f 573/573 621/621 622/622 574/574
f 574/574 622/622 623/623 575/575
f 575/575 623/623 624/624 576/576
f 577/577 625/625 626/626 578/578
f 578/578 626/626 627/627 579/579
f 579/579 627/627 628/628 580/580
f 580/580 628/628 629/629 581/581
f 581/581 629/629 630/630 582/582
f 582/582 630/630 631/631 583/583
f 583/583 631/631 632/632 584/584
f 584/584 632/632 633/633 585/585
f 585/585 633/633 634/634 586/586
f 586/586 634/634 635/635 587/587
f 587/587 635/635 636/636 588/588
f 588/588 636/636 637/637 589/589
f 589/589 637/637 638/638 590/590
f 590/590 638/638 639/639 591/591
f 591/591 639/639 640/640 592/592
f 592/592 640/640 641/641 593/593
f 593/593 641/641 642/642 594/594
f 594/594 642/642 643/643 595/595
f 595/595 643/643 644/644 596/596
f 596/596 644/644 645/645 597/597
f 597/597 645/645 646/646 598/598
f 598/598 646/646 647/647 599/599
f 599/599 647/647 648/648 600/600
f 600/600 648/648 649/649 601/601
f 601/601 649/649 650/650 602/602
f 602/602 650/650 651/651 603/603
f 603/603 651/651 652/652 604/604
f 604/604 652/652 653/653 605/605
f 605/605 653/653 654/654 606/606
f 606/606 654/654 655/655 607/607
f 607/607 655/655 656/656 608/608
f 608/608 656/656 657/657 609/609
f 609/609 657/657 658/658 610/610
f 610/610 658/658 659/659 611/611
f 611/611 659/659 660/660 612/612
f 612/612 660/660 661/661 613/613
f 613/613 661/661 662/662 614/614
f 614/614 662/662 663/663 615/615
f 615/615 663/663 664/664 616/616
f 616/616 664/664 665/665 617/617
f 617/617 665/665 666/666 618/618
f 618/618 666/666 667/667 619/619
f 619/619 667/667 668/668 620/620
f 620/620 668/668 669/669 621/621
f 621/621 669/669 670/670 622/622
f 622/622 670/670 671/671 623/623
f 623/623 671/671 672/672 624/624
f 625/625 673/673 674/674 626/626
f 626/626 674/674 675/675 627/627
f 627/627 675/675 676/676 628/628
f 628/628 676/676 677/677 629/629
f 629/629 677/677 678/678 630/630
f 630/630 678/678 679/679 631/631
f 631/631 679/679 680/680 632/632
f 632/632 680/680 681/681 633/633
f 633/633 681/681 682/682 634/634
f 634/634 682/682 683/683 635/635
f 635/635 683/683 684/684 636/636
f 636/636 684/684 685/685 637/637
f 637/637 685/685 686/686 638/638
f 638/638 686/686 687/687 639/639
f 639/639 687/687 688/688 640/640
f 640/640 688/688 689/689 641/641
f 641/641 689/689 690/690 642/642
f 642/642 690/690 691/691 643/643
f 643/643 691/691 692/692 644/644
f 644/644 692/692 693/693 645/645
f 645/645 693/693 694/694 646/646
f 646/646 694/694 695/695 647/647
f 647/647 695/695 696/696 648/648
f 648/648 696/696 697/697 649/649
f 649/649 697/697 698/698 650/650
f 650/650 698/698 699/699 651/651
f 651/651 699/699 700/700 652/652
f 652/652 700/700 701/701 653/653
f 653/653 701/701 702/702 654/654
f 654/654 702/702 703/703 655/655
f 655/655 703/703 704/704 656/656
f 656/656 704/704 705/705 657/657
f 657/657 705/705 706/706 658/658
f 658/658 706/706 707/707 659/659
f 659/659 707/707 708/708 660/660
f 660/660 708/708 709/709 661/661
f 661/661 709/709 710/710 662/662
f 662/662 710/710 711/711 663/663
f 663/663 711/711 712/712 664/664
f 664/664 712/712 713/713 665/665
f 665/665 713/713 714/714 666/666
f 666/666 714/714 715/715 667/667
f 667/667 715/715 716/716 668/668
f 668/668 716/716 717/717 669/669
f 669/669 717/717 718/718 670/670
f 670/670 718/718 719/719 671/671
f 671/671 719/719 720/720 672/672
f 673/673 721/721 722/722 674/674
f 674/674 722/722 723/723 675/675
f 675/675 723/723 724/724 676/676
f 676/676 724/724 725/725 677/677
f 677/677 725/725 726/726 678/678
f 678/678 726/726 727/727 679/679
f 679/679 727/727 728/728 680/680
f 680/680 728/728 729/729 681/681
f 681/681 729/729 730/730 682/682
f 682/682 730/730 731/731 683/683
f 683/683 731/731 732/732 684/684
f 684/684 732/732 733/733 685/685
f 685/685 733/733 734/734 686/686
f 686/686 734/734 735/735 687/687
f 687/687 735/735 736/736 688/688
f 688/688 736/736 737/737 689/689
f 689/689 737/737 738/738 690/690
f 690/690 738/738 739/739 691/691
f 691/691 739/739 740/740 692/692
f 692/692 740/740 741/741 693/693
f 693/693 741/741 742/742 694/694
f 694/694 742/742 743/743 695/695
f 695/695 743/743 744/744 696/696
f 696/696 744/744 745/745 697/697
f 697/697 745/745 746/746 698/698
f 698/698 746/746 747/747 699/699
f 699/699 747/747 748/748 700/700
f 700/700 748/748 749/749 701/701
f 701/701 749/749 750/750 702/702
f 702/702 750/750 751/751 703/703
f 703/703 751/751 752/752 704/704
f 704/704 752/752 753/753 705/705
f 705/705 753/753 754/754 706/706
f 706/706 754/754 755/755 707/707
f 707/707 755/755 756/756 708/708
f 708/708 756/756 757/757 709/709
f 709/709 757/757 758/758 710/710
f 710/710 758/758 759/759 711/711
f 711/711 759/759 760/760 712/712
f 712/712 760/760 761/761 713/713
f 713/713 761/761 762/762 714/714
f 714/714 762/762 763/763 715/715
f 715/715 763/763 764/764 716/716
f 716/716 764/764 765/765 717/717
f 717/717 765/765 766/766 718/718
f 718/718 766/766 767/767 719/719
f 719/719 767/767 768/768 720/720
f 721/721 769/769 770/770 722/722
f 722/722 770/770 771/771 723/723
f 723/723 771/771 772/772 724/724
f 724/724 772/772 773/773 725/725
f 725/725 773/773 774/774 726/726
f 726/726 774/774 775/775 727/727
f 727/727 775/775 776/776 728/728
f 728/728 776/776 777/777 729/729
f 729/729 777/777 778/778 730/730
f 730/730 778/778 779/779 731/731
f 731/731 779/779 780/780 732/732
f 732/732 780/780 781/781 733/733
f 733/733 781/781 782/782 734/734
f 734/734 782/782 783/783 735/735
f 735/735 783/783 784/784 736/736
f 736/736 784/784 785/785 737/737
f 737/737 785/785 786/786 738/738
f 738/738 786/786 787/787 739/739
f 739/739 787/787 788/788 740/740
f 740/740 788/788 789/789 741/741
f 741/741 789/789 790/790 742/742
f 742/742 790/790 791/791 743/743
f 743/743 791/791 792/792 744/744
f 744/744 792/792 793/793 745/745
f 745/745 793/793 794/794 746/746
f 746/746 794/794 795/795 747/747
f 747/747 795/795 796/796 748/748
f 748/748 796/796 797/797 749/749
f 749/749 797/797 798/798 750/750
f 750/750 798/798 799/799 751/751
f 751/751 799/799 800/800 752/752
f 752/752 800/800 801/801 753/753
f 753/753 801/801 802/802 754/754
f 754/754 802/802 803/803 755/755
f 755/755 803/803 804/804 756/756
f 756/756 804/804 805/805 757/757
f 757/757 805/805 806/806 758/758
f 758/758 806/806 807/807 759/759
f 759/759 807/807 808/808 760/760
f 760/760 808/808 809/809 761/761
f 761/761 809/809 810/810 762/762
f 762/762 810/810 811/811 763/763
f 763/763 811/811 812/812 764/764
f 764/764 812/812 813/813 765/765
f 765/765 813/813 814/814 766/766
f 766/766 814/814 815/815 767/767
f 767/767 815/815 816/816 768/768
f 769/769 817/817 818/818 770/770
f 770/770 818/818 819/819 771/771
f 771/771 819/819 820/820 772/772
f 772/772 820/820 821/821 773/773
f 773/773 821/821 822/822 774/774
f 774/774 822/822 823/823 775/775
f 775/775 823/823 824/824 776/776
f 776/776 824/824 825/825 777/777
f 777/777 825/825 826/826 778/778
f 778/778 826/826 827/827 779/779
f 779/779 827/827 828/828 780/780
f 780/780 828/828 829/829 781/781
f 781/781 829/829 830/830 782/782
f 782/782 830/830 831/831 783/783
f 783/783 831/831 832/832 784/784
f 784/784 832/832 833/833 785/785
f 785/785 833/833 834/834 786/786
f 786/786 834/834 835/835 787/787
f 787/787 835/835 836/836 788/788
f 788/788 836/836 837/837 789/789
f 789/789 837/837 838/838 790/790
f 790/790 838/838 839/839 791/791
f 791/791 839/839 840/840 792/792
f 792/792 840/840 841/841 793/793
f 793/793 841/841 842/842 794/794
f 794/794 842/842 843/843 795/795
f 795/795 843/843 844/844 796/796
f 796/796 844/844 845/845 797/797
f 797/797 845/845 846/846 798/798
f 798/798 846/846 847/847 799/799
f 799/799 847/847 848/848 800/800
f 800/800 848/848 849/849 801/801
f 801/801 849/849 850/850 802/802
f 802/802 850/850 851/851 803/803
f 803/803 851/851 852/852 804/804
f 804/804 852/852 853/853 805/805
f 805/805 853/853 854/854 806/806
f 806/806 854/854 855/855 807/807
f 807/807 855/855 856/856 808/808
f 808/808 856/856 857/857 809/809
f 809/809 857/857 858/858 810/810
f 810/810 858/858 859/859 811/811
f 811/811 859/859 860/860 812/812
f 812/812 860/860 861/861 813/813
f 813/813 861/861 862/862 814/814
f 814/814 862/862 863/863 815/815
f 815/815 863/863 864/864 816/816
f 817/817 865/865 866/866 818/818
f 818/818 866/866 867/867 819/819
f 819/819 867/867 868/868 820/820
f 820/820 868/868 869/869 821/821
f 821/821 869/869 870/870 822/822
f 822/822 870/870 871/871 823/823
f 823/823 871/871 872/872 824/824
f 824/824 872/872 873/873 825/825
f 825/825 873/873 874/874 826/826
f 826/826 874/874 875/875 827/827
f 827/827 875/875 876/876 828/828
f 828/828 876/876 877/877 829/829
f 829/829 877/877 878/878 830/830
f 830/830 878/878 879/879 831/831
f 831/831 879/879 880/880 832/832
f 832/832 880/880 881/881 833/833
f 833/833 881/881 882/882 834/834
f 834/834 882/882 883/883 835/835
f 835/835 883/883 884/884 836/836
f 836/836 884/884 885/885 837/837
f 837/837 885/885 886/886 838/838
f 838/838 886/886 887/887 839/839
f 839/839 887/887 888/888 840/840
f 840/840 888/888 889/889 841/841
f 841/841 889/889 890/890 842/842
f 842/842 890/890 891/891 843/843
f 843/843 891/891 892/892 844/844
f 844/844 892/892 893/893 845/845
f 845/845 893/893 894/894 846/846
f 846/846 894/894 895/895 847/847
f 847/847 895/895 896/896 848/848
f 848/848 896/896 897/897 849/849
f 849/849 897/897 898/898 850/850
f 850/850 898/898 899/899 851/851
f 851/851 899/899 900/900 852/852
f 852/852 900/900 901/901 853/853
f 853/853 901/901 902/902 854/854
f 854/854 902/902 903/903 855/855
f 855/855 903/903 904/904 856/856
f 856/856 904/904 905/905 857/857
f 857/857 905/905 906/906 858/858
f 858/858 906/906 907/907 859/859
f 859/859 907/907 908/908 860/860
f 860/860 908/908 909/909 861/861
f 861/861 909/909 910/910 862/862
f 862/862 910/910 911/911 863/863
f 863/863 911/911 912/912 864/864
f 865/865 913/913 914/914 866/866
f 866/866 914/914 915/915 867/867
f 867/867 915/915 916/916 868/868
f 868/868 916/916 917/917 869/869
f 869/869 917/917 918/918 870/870
f 870/870 918/918 919/919 871/871
f 871/871 919/919 920/920 872/872
f 872/872 920/920 921/921 873/873
f 873/873 921/921 922/922 874/874
f 874/874 922/922 923/923 875/875
f 875/875 923/923 924/924 876/876
f 876/876 924/924 925/925 877/877
f 877/877 925/925 926/926 878/878
f 878/878 926/926 927/927 879/879
f 879/879 927/927 928/928 880/880
f 880/880 928/928 929/929 881/881
f 881/881 929/929 930/930 882/882
f 882/882 930/930 931/931 883/883
f 883/883 931/931 932/932 884/884
f 884/884 932/932 933/933 885/885
f 885/885 933/933 934/934 886/886
f 886/886 934/934 935/935 887/887
f 887/887 935/935 936/936 888/888
f 888/888 936/936 937/937 889/889
f 889/889 937/937 938/938 890/890
f 890/890 938/938 939/939 891/891
f 891/891 939/939 940/940 892/892
f 892/892 940/940 941/941 893/893
f 893/893 941/941 942/942 894/894
f 894/894 942/942 943/943 895/895
f 895/895 943/943 944/944 896/896
f 896/896 944/944 945/945 897/897
f 897/897 945/945 946/946 898/898
f 898/898 946/946 947/947 899/899
f 899/899 947/947 948/948 900/900
f 900/900 948/948 949/949 901/901
f 901/901 949/949 950/950 902/902
f 902/902 950/950 951/951 903/903
f 903/903 951/951 952/952 904/904
f 904/904 952/952 953/953 905/905
f 905/905 953/953 954/954 906/906
f 906/906 954/954 955/955 907/907
f 907/907 955/955 956/956 908/908
f 908/908 956/956 957/957 909/909
f 909/909 957/957 958/958 910/910
f 910/910 958/958 959/959 911/911
f 911/911 959/959 960/960 912/912
f 913/913 961/961 962/962 914/914
f 914/914 962/962 963/963 915/915
f 915/915 963/963 964/964 916/916
f 916/916 964/964 965/965 917/917
f 917/917 965/965 966/966 918/918
f 918/918 966/966 967/967 919/919
f 919/919 967/967 968/968 920/920
f 920/920 968/968 969/969 921/921
f 921/921 969/969 970/970 922/922
f 922/922 970/970 971/971 923/923
f 923/923 971/971 972/972 924/924
f 924/924 972/972 973/973 925/925
f 925/925 973/973 974/974 926/926
f 926/926 974/974 975/975 927/927
f 927/927 975/975 976/976 928/928
f 928/928 976/976 977/977 929/929
f 929/929 977/977 978/978 930/930
f 930/930 978/978 979/979 931/931
f 931/931 979/979 980/980 932/932
f 932/932 980/980 981/981 933/933
f 933/933 981/981 982/982 934/934
f 934/934 982/982 983/983 935/935
f 935/935 983/983 984/984 936/936
f 936/936 984/984 985/985 937/937
f 937/937 985/985 986/986 938/938
f 938/938 986/986 987/987 939/939
f 939/939 987/987 988/988 940/940
f 940/940 988/988 989/989 941/941
f 941/941 989/989 990/990 942/942
f 942/942 990/990 991/991 943/943
f 943/943 991/991 992/992 944/944
f 944/944 992/992 993/993 945/945
f 945/945 993/993 994/994 946/946
f 946/946 994/994 995/995 947/947
f 947/947 995/995 996/996 948/948
f 948/948 996/996 997/997 949/949
f 949/949 997/997 998/998 950/950
f 950/950 998/998 999/999 951/951
f 951/951 999/999 1000/1000 952/952
f 952/952 1000/1000 1001/1001 953/953
f 953/953 1001/1001 1002/1002 954/954
f 954/954 1002/1002 1003/1003 955/955
f 955/955 1003/1003 1004/1004 956/956
f 956/956 1004/1004 1005/1005 957/957
f 957/957 1005/1005 1006/1006 958/958
f 958/958 1006/1006 1007/1007 959/959
f 959/959 1007/1007 1008/1008 960/960
f 961/961 1009/1009 1010/1010 962/962
f 962/962 1010/1010 1011/1011 963/963
f 963/963 1011/1011 1012/1012 964/964
f 964/964 1012/1012 1013/1013 965/965
f 965/965 1013/1013 1014/1014 966/966
f 966/966 1014/1014 1015/1015 967/967
f 967/967 1015/1015 1016/1016 968/968
f 968/968 1016/1016 1017/1017 969/969
f 969/969 1017/1017 1018/1018 970/970
f 970/970 1018/1018 1019/1019 971/971
f 971/971 1019/1019 1020/1020 972/972
f 972/972 1020/1020 1021/1021 973/973
f 973/973 1021/1021 1022/1022 974/974
f 974/974 1022/1022 1023/1023 975/975
f 975/975 1023/1023 1024/1024 976/976
f 976/976 1024/1024 1025/1025 977/977
f 977/977 1025/1025 1026/1026 978/978
f 978/978 1026/1026 1027/1027 979/979
f 979/979 1027/1027 1028/1028 980/980
f 980/980 1028/1028 1029/1029 981/981
f 981/981 1029/1029 1030/1030 982/982
f 982/982 1030/1030 1031/1031 983/983
f 983/983 1031/1031 1032/1032 984/984
f 984/984 1032/1032 1033/1033 985/985
f 985/985 1033/1033 1034/1034 986/986
f 986/986 1034/1034 1035/1035 987/987
f 987/987 1035/1035 1036/1036 988/988
f 988/988 1036/1036 1037/1037 989/989
f 989/989 1037/1037 1038/1038 990/990
f 990/990 1038/1038 1039/1039 991/991
f 991/991 1039/1039 1040/1040 992/992
f 992/992 1040/1040 1041/1041 993/993
f 993/993 1041/1041 1042/1042 994/994
f 994/994 1042/1042 1043/1043 995/995
f 995/995 1043/1043 1044/1044 996/996
f 996/996 1044/1044 1045/1045 997/997
f 997/997 1045/1045 1046/1046 998/998
f 998/998 1046/1046 1047/1047 999/999
f 999/999 1047/1047 1048/1048 1000/1000
f 1000/1000 1048/1048 1049/1049 1001/1001
f 1001/1001 1049/1049 1050/1050 1002/1002
f 1002/1002 1050/1050 1051/1051 1003/1003
f 1003/1003 1051/1051 1052/1052 1004/1004
f 1004/1004 1052/1052 1053/1053 1005/1005
f 1005/1005 1053/1053 1054/1054 1006/1006
f 1006/1006 1054/1054 1055/1055 1007/1007
f 1007/1007 1055/1055 1056/1056 1008/1008
f 1009/1009 1057/1057 1058/1058 1010/1010
f 1010/1010 1058/1058 1059/1059 1011/1011
f 1011/1011 1059/1059 1060/1060 1012/1012
f 1012/1012 1060/1060 1061/1061 1013/1013
f 1013/1013 1061/1061 1062/1062 1014/1014
f 1014/1014 1062/1062 1063/1063 1015/1015
f 1015/1015 1063/1063 1064/1064 1016/1016
f 1016/1016 1064/1064 1065/1065 1017/1017
f 1017/1017 1065/1065 1066/1066 1018/1018
f 1018/1018 1066/1066 1067/1067 1019/1019
f 1019/1019 1067/1067 1068/1068 1020/1020
f 1020/1020 1068/1068 1069/1069 1021/1021
f 1021/1021 1069/1069 1070/1070 1022/1022
f 1022/1022 1070/1070 1071/1071 1023/1023
f 1023/1023 1071/1071 1072/1072 1024/1024
f 1024/1024 1072/1072 1073/1073 1025/1025
f 1025/1025 1073/1073 1074/1074 1026/1026
f 1026/1026 1074/1074 1075/1075 1027/1027
f 1027/1027 1075/1075 1076/1076 1028/1028
f 1028/1028 1076/1076 1077/1077 1029/1029
f 1029/1029 1077/1077 1078/1078 1030/1030
f 1030/1030 1078/1078 1079/1079 1031/1031
f 1031/1031 1079/1079 1080/1080 1032/1032
f 1032/1032 1080/1080 1081/1081 1033/1033
f 1033/1033 1081/1081 1082/1082 1034/1034
f 1034/1034 1082/1082 1083/1083 1035/1035
f 1035/1035 1083/1083 1084/1084 1036/1036
f 1036/1036 1084/1084 1085/1085 1037/1037
f 1037/1037 1085/1085 1086/1086 1038/1038
f 1038/1038 1086/1086 1087/1087 1039/1039
f 1039/1039 1087/1087 1088/1088 1040/1040
f 1040/1040 1088/1088 1089/1089 1041/1041
f 1041/1041 1089/1089 1090/1090 1042/1042
f 1042/1042 1090/1090 1091/1091 1043/1043
f 1043/1043 1091/1091 1092/1092 1044/1044
f 1044/1044 1092/1092 1093/1093 1045/1045
f 1045/1045 1093/1093 1094/1094 1046/1046
f 1046/1046 1094/1094 1095/1095 1047/1047
f 1047/1047 1095/1095 1096/1096 1048/1048
f 1048/1048 1096/1096 1097/1097 1049/1049
f 1049/1049 1097/1097 1098/1098 1050/1050
f 1050/1050 1098/1098 1099/1099 1051/1051
f 1051/1051 1099/1099 1100/1100 1052/1052
f 1052/1052 1100/1100 1101/1101 1053/1053
f 1053/1053 1101/1101 1102/1102 1054/1054
f 1054/1054 1102/1102 1103/1103 1055/1055
f 1055/1055 1103/1103 1104/1104 1056/1056
f 1057/1057 1105/1105 1106/1106 1058/1058
f 1058/1058 1106/1106 1107/1107 1059/1059
f 1059/1059 1107/1107 1108/1108 1060/1060
f 1060/1060 1108/1108 1109/1109 1061/1061
f 1061/1061 1109/1109 1110/1110 1062/1062
f 1062/1062 1110/1110 1111/1111 1063/1063
f 1063/1063 1111/1111 1112/1112 1064/1064
f 1064/1064 1112/1112 1113/1113 1065/1065
f 1065/1065 1113/1113 1114/1114 1066/1066
f 1066/1066 1114/1114 1115/1115 1067/1067
f 1067/1067 1115/1115 1116/1116 1068/1068
f 1068/1068 1116/1116 1117/1117 1069/1069
f 1069/1069 1117/1117 1118/1118 1070/1070
f 1070/1070 1118/1118 1119/1119 1071/1071
f 1071/1071 1119/1119 1120/1120 1072/1072
f 1072/1072 1120/1120 1121/1121 1073/1073
f 1073/1073 1121/1121 1122/1122 1074/1074
f 1074/1074 1122/1122 1123/1123 1075/1075
f 1075/1075 1123/1123 1124/1124 1076/1076
f 1076/1076 1124/1124 1125/1125 1077/1077
f 1077/1077 1125/1125 1126/1126 1078/1078
f 1078/1078 1126/1126 1127/1127 1079/1079
f 1079/1079 1127/1127 1128/1128 1080/1080
f 1080/1080 1128/1128 1129/1129 1081/1081
f 1081/1081 1129/1129 1130/1130 1082/1082
f 1082/1082 1130/1130 1131/1131 1083/1083
f 1083/1083 1131/1131 1132/1132 1084/1084
f 1084/1084 1132/1132 1133/1133 1085/1085
f 1085/1085 1133/1133 1134/1134 1086/1086
f 1086/1086 1134/1134 1135/1135 1087/1087
f 1087/1087 1135/1135 1136/1136 1088/1088
f 1088/1088 1136/1136 1137/1137 1089/1089
f 1089/1089 1137/1137 1138/1138 1090/1090
f 1090/1090 1138/1138 1139/1139 1091/1091
f 1091/1091 1139/1139 1140/1140 1092/1092
f 1092/1092 1140/1140 1141/1141 1093/1093
f 1093/1093 1141/1141 1142/1142 1094/1094
f 1094/1094 1142/1142 1143/1143 1095/1095
f 1095/1095 1143/1143 1144/1144 1096/1096
f 1096/1096 1144/1144 1145/1145 1097/1097
f 1097/1097 1145/1145 1146/1146 1098/1098
f 1098/1098 1146/1146 1147/1147 1099/1099
f 1099/1099 1147/1147 1148/1148 1100/1100
f 1100/1100 1148/1148 1149/1149 1101/1101
f 1101/1101 1149/1149 1150/1150 1102/1102
f 1102/1102 1150/1150 1151/1151 1103/1103
f 1103/1103 1151/1151 1152/1152 1104/1104
f 1105/1105 1153/1153 1154/1154 1106/1106
f 1106/1106 1154/1154 1155/1155 1107/1107
f 1107/1107 1155/1155 1156/1156 1108/1108
f 1108/1108 1156/1156 1157/1157 1109/1109
f 1109/1109 1157/1157 1158/1158 1110/1110
f 1110/1110 1158/1158 1159/1159 1111/1111
f 1111/1111 1159/1159 1160/1160 1112/1112
f 1112/1112 1160/1160 1161/1161 1113/1113
f 1113/1113 1161/1161 1162/1162 1114/1114
f 1114/1114 1162/1162 1163/1163 1115/1115
f 1115/1115 1163/1163 1164/1164 1116/1116
f 1116/1116 1164/1164 1165/1165 1117/1117
f 1117/1117 1165/1165 1166/1166 1118/1118
f 1118/1118 1166/1166 1167/1167 1119/1119
f 1119/1119 1167/1167 1168/1168 1120/1120
f 1120/1120 1168/1168 1169/1169 1121/1121
f 1121/1121 1169/1169 1170/1170 1122/1122
f 1122/1122 1170/1170 1171/1171 1123/1123
f 1123/1123 1171/1171 1172/1172 1124/1124
f 1124/1124 1172/1172 1173/1173 1125/1125
f 1125/1125 1173/1173 1174/1174 1126/1126
f 1126/1126 1174/1174 1175/1175 1127/1127
f 1127/1127 1175/1175 1176/1176 1128/1128
f 1128/1128 1176/1176 1177/1177 1129/1129
f 1129/1129 1177/1177 1178/1178 1130/1130
f 1130/1130 1178/1178 1179/1179 1131/1131
f 1131/1131 1179/1179 1180/1180 1132/1132
f 1132/1132 1180/1180 1181/1181 1133/1133
f 1133/1133 1181/1181 1182/1182 1134/1134
f 1134/1134 1182/1182 1183/1183 1135/1135
f 1135/1135 1183/1183 1184/1184 1136/1136
f 1136/1136 1184/1184 1185/1185 1137/1137
f 1137/1137 1185/1185 1186/1186 1138/1138
f 1138/1138 1186/1186 1187/1187 1139/1139
f 1139/1139 1187/1187 1188/1188 1140/1140
f 1140/1140 1188/1188 1189/1189 1141/1141
f 1141/1141 1189/1189 1190/1190 1142/1142
f 1142/1142 1190/1190 1191/1191 1143/1143
f 1143/1143 1191/1191 1192/1192 1144/1144
f 1144/1144 1192/1192 1193/1193 1145/1145
f 1145/1145 1193/1193 1194/1194 1146/1146
f 1146/1146 1194/1194 1195/1195 1147/1147
f 1147/1147 1195/1195 1196/1196 1148/1148
f 1148/1148 1196/1196 1197/1197 1149/1149
f 1149/1149 1197/1197 1198/1198 1150/1150
f 1150/1150 1198/1198 1199/1199 1151/1151
f 1151/1151 1199/1199 1200/1200 1152/1152
f 1153/1153 1201/1201 1202/1202 1154/1154
f 1154/1154 1202/1202 1203/1203 1155/1155
f 1155/1155 1203/1203 1204/1204 1156/1156
f 1156/1156 1204/1204 1205/1205 1157/1157
f 1157/1157 1205/1205 1206/1206 1158/1158
f 1158/1158 1206/1206 1207/1207 1159/1159
f 1159/1159 1207/1207 1208/1208 1160/1160
f 1160/1160 1208/1208 1209/1209 1161/1161
f 1161/1161 1209/1209 1210/1210 1162/1162
f 1162/1162 1210/1210 1211/1211 1163/1163
f 1163/1163 1211/1211 1212/1212 1164/1164
f 1164/1164 1212/1212 1213/1213 1165/1165
f 1165/1165 1213/1213 1214/1214 1166/1166
f 1166/1166 1214/1214 1215/1215 1167/1167
f 1167/1167 1215/1215 1216/1216 1168/1168
f 1168/1168 1216/1216 1217/1217 1169/1169
f 1169/1169 1217/1217 1218/1218 1170/1170
f 1170/1170 1218/1218 1219/1219 1171/1171
f 1171/1171 1219/1219 1220/1220 1172/1172
f 1172/1172 1220/1220 1221/1221 1173/1173
f 1173/1173 1221/1221 1222/1222 1174/1174
f 1174/1174 1222/1222 1223/1223 1175/1175
f 1175/1175 1223/1223 1224/1224 1176/1176
f 1176/1176 1224/1224 1225/1225 1177/1177
f 1177/1177 1225/1225 1226/1226 1178/1178
f 1178/1178 1226/1226 1227/1227 1179/1179
f 1179/1179 1227/1227 1228/1228 1180/1180
f 1180/1180 1228/1228 1229/1229 1181/1181
f 1181/1181 1229/1229 1230/1230 1182/1182
f 1182/1182 1230/1230 1231/1231 1183/1183
f 1183/1183 1231/1231 1232/1232 1184/1184
f 1184/1184 1232/1232 1233/1233 1185/1185
f 1185/1185 1233/1233 1234/1234 1186/1186
f 1186/1186 1234/1234 1235/1235 1187/1187
f 1187/1187 1235/1235 1236/1236 1188/1188
f 1188/1188 1236/1236 1237/1237 1189/1189
f 1189/1189 1237/1237 1238/1238 1190/1190
f 1190/1190 1238/1238 1239/1239 1191/1191
f 1191/1191 1239/1239 1240/1240 1192/1192
f 1192/1192 1240/1240 1241/1241 1193/1193
f 1193/1193 1241/1241 1242/1242 1194/1194
f 1194/1194 1242/1242 1243/1243 1195/1195
f 1195/1195 1243/1243 1244/1244 1196/1196
f 1196/1196 1244/1244 1245/1245 1197/1197
f 1197/1197 1245/1245 1246/1246 1198/1198
f 1198/1198 1246/1246 1247/1247 1199/1199
f 1199/1199 1247/1247 1248/1248 1200/1200
f 1201/1201 1249/1249 1250/1250 1202/1202
f 1202/1202 1250/1250 1251/1251 1203/1203
f 1203/1203 1251/1251 1252/1252 1204/1204
f 1204/1204 1252/1252 1253/1253 1205/1205
f 1205/1205 1253/1253 1254/1254 1206/1206
f 1206/1206 1254/1254 1255/1255 1207/1207
f 1207/1207 1255/1255 1256/1256 1208/1208
f 1208/1208 1256/1256 1257/1257 1209/1209
f 1209/1209 1257/1257 1258/1258 1210/1210
f 1210/1210 1258/1258 1259/1259 1211/1211
f 1211/1211 1259/1259 1260/1260 1212/1212
f 1212/1212 1260/1260 1261/1261 1213/1213
f 1213/1213 1261/1261 1262/1262 1214/1214
f 1214/1214 1262/1262 1263/1263 1215/1215
f 1215/1215 1263/1263 1264/1264 1216/1216
f 1216/1216 1264/1264 1265/1265 1217/1217
f 1217/1217 1265/1265 1266/1266 1218/1218
f 1218/1218 1266/1266 1267/1267 1219/1219
f 1219/1219 1267/1267 1268/1268 1220/1220
f 1220/1220 1268/1268 1269/1269 1221/1221
f 1221/1221 1269/1269 1270/1270 1222/1222
f 1222/1222 1270/1270 1271/1271 1223/1223
f 1223/1223 1271/1271 1272/1272 1224/1224
f 1224/1224 1272/1272 1273/1273 1225/1225
f 1225/1225 1273/1273 1274/1274 1226/1226
f 1226/1226 1274/1274 1275/1275 1227/1227
f 1227/1227 1275/1275 1276/1276 1228/1228
f 1228/1228 1276/1276 1277/1277 1229/1229
f 1229/1229 1277/1277 1278/1278 1230/1230
f 1230/1230 1278/1278 1279/1279 1231/1231
f 1231/1231 1279/1279 1280/1280 1232/1232
f 1232/1232 1280/1280 1281/1281 1233/1233
f 1233/1233 1281/1281 1282/1282 1234/1234
f 1234/1234 1282/1282 1283/1283 1235/1235
f 1235/1235 1283/1283 1284/1284 1236/1236
f 1236/1236 1284/1284 1285/1285 1237/1237
f 1237/1237 1285/1285 1286/1286 1238/1238
f 1238/1238 1286/1286 1287/1287 1239/1239
f 1239/1239 1287/1287 1288/1288 1240/1240
f 1240/1240 1288/1288 1289/1289 1241/1241
f 1241/1241 1289/1289 1290/1290 1242/1242
f 1242/1242 1290/1290 1291/1291 1243/1243
f 1243/1243 1291/1291 1292/1292 1244/1244
f 1244/1244 1292/1292 1293/1293 1245/1245
f 1245/1245 1293/1293 1294/1294 1246/1246
f 1246/1246 1294/1294 1295/1295 1247/1247
f 1247/1247 1295/1295 1296/1296 1248/1248
f 1249/1249 1297/1297 1298/1298 1250/1250
f 1250/1250 1298/1298 1299/1299 1251/1251
f 1251/1251 1299/1299 1300/1300 1252/1252
f 1252/1252 1300/1300 1301/1301 1253/1253
f 1253/1253 1301/1301 1302/1302 1254/1254
f 1254/1254 1302/1302 1303/1303 1255/1255
f 1255/1255 1303/1303 1304/1304 1256/1256
f 1256/1256 1304/1304 1305/1305 1257/1257
f 1257/1257 1305/1305 1306/1306 1258/1258
f 1258/1258 1306/1306 1307/1307 1259/1259
f 1259/1259 1307/1307 1308/1308 1260/1260
f 1260/1260 1308/1308 1309/1309 1261/1261
f 1261/1261 1309/1309 1310/1310 1262/1262
f 1262/1262 1310/1310 1311/1311 1263/1263
f 1263/1263 1311/1311 1312/1312 1264/1264
f 1264/1264 1312/1312 1313/1313 1265/1265
f 1265/1265 1313/1313 1314/1314 1266/1266
f 1266/1266 1314/1314 1315/1315 1267/1267
f 1267/1267 1315/1315 1316/1316 1268/1268
f 1268/1268 1316/1316 1317/1317 1269/1269
f 1269/1269 1317/1317 1318/1318 1270/1270
f 1270/1270 1318/1318 1319/1319 1271/1271
f 1271/1271 1319/1319 1320/1320 1272/1272
f 1272/1272 1320/1320 1321/1321 1273/1273
f 1273/1273 1321/1321 1322/1322 1274/1274
f 1274/1274 1322/1322 1323/1323 1275/1275
f 1275/1275 1323/1323 1324/1324 1276/1276
f 1276/1276 1324/1324 1325/1325 1277/1277
f 1277/1277 1325/1325 1326/1326 1278/1278
f 1278/1278 1326/1326 1327/1327 1279/1279
f 1279/1279 1327/1327 1328/1328 1280/1280
f 1280/1280 1328/1328 1329/1329 1281/1281
f 1281/1281 1329/1329 1330/1330 1282/1282
f 1282/1282 1330/1330 1331/1331 1283/1283
f 1283/1283 1331/1331 1332/1332 1284/1284
f 1284/1284 1332/1332 1333/1333 1285/1285
f 1285/1285 1333/1333 1334/1334 1286/1286
f 1286/1286 1334/1334 1335/1335 1287/1287
f 1287/1287 1335/1335 1336/1336 1288/1288
f 1288/1288 1336/1336 1337/1337 1289/1289
f 1289/1289 1337/1337 1338/1338 1290/1290
f 1290/1290 1338/1338 1339/1339 1291/1291
f 1291/1291 1339/1339 1340/1340 1292/1292
f 1292/1292 1340/1340 1341/1341 1293/1293
f 1293/1293 1341/1341 1342/1342 1294/1294
f 1294/1294 1342/1342 1343/1343 1295/1295
f 1295/1295 1343/1343 1344/1344 1296/1296
f 1297/1297 1345/1345 1346/1346 1298/1298
f 1298/1298 1346/1346 1347/1347 1299/1299
f 1299/1299 1347/1347 1348/1348 1300/1300
f 1300/1300 1348/1348 1349/1349 1301/1301
f 1301/1301 1349/1349 1350/1350 1302/1302
f 1302/1302 1350/1350 1351/1351 1303/1303
f 1303/1303 1351/1351 1352/1352 1304/1304
f 1304/1304 1352/1352 1353/1353 1305/1305
f 1305/1305 1353/1353 1354/1354 1306/1306
f 1306/1306 1354/1354 1355/1355 1307/1307
f 1307/1307 1355/1355 1356/1356 1308/1308
f 1308/1308 1356/1356 1357/1357 1309/1309
f 1309/1309 1357/1357 1358/1358 1310/1310
f 1310/1310 1358/1358 1359/1359 1311/1311
f 1311/1311 1359/1359 1360/1360 1312/1312
f 1312/1312 1360/1360 1361/1361 1313/1313
f 1313/1313 1361/1361 1362/1362 1314/1314
f 1314/1314 1362/1362 1363/1363 1315/1315
f 1315/1315 1363/1363 1364/1364 1316/1316
f 1316/1316 1364/1364 1365/1365 1317/1317
f 1317/1317 1365/1365 1366/1366 1318/1318
f 1318/1318 1366/1366 1367/1367 1319/1319
f 1319/1319 1367/1367 1368/1368 1320/1320
f 1320/1320 1368/1368 1369/1369 1321/1321
f 1321/1321 1369/1369 1370/1370 1322/1322
f 1322/1322 1370/1370 1371/1371 1323/1323
f 1323/1323 1371/1371 1372/1372 1324/1324
f 1324/1324 1372/1372 1373/1373 1325/1325
f 1325/1325 1373/1373 1374/1374 1326/1326
f 1326/1326 1374/1374 1375/1375 1327/1327
f 1327/1327 1375/1375 1376/1376 1328/1328
f 1328/1328 1376/1376 1377/1377 1329/1329
f 1329/1329 1377/1377 1378/1378 1330/1330
f 1330/1330 1378/1378 1379/1379 1331/1331
f 1331/1331 1379/1379 1380/1380 1332/1332
f 1332/1332 1380/1380 1381/1381 1333/1333
f 1333/1333 1381/1381 1382/1382 1334/1334
f 1334/1334 1382/1382 1383/1383 1335/1335
f 1335/1335 1383/1383 1384/1384 1336/1336
f 1336/1336 1384/1384 1385/1385 1337/1337
f 1337/1337 1385/1385 1386/1386 1338/1338
f 1338/1338 1386/1386 1387/1387 1339/1339
f 1339/1339 1387/1387 1388/1388 1340/1340
f 1340/1340 1388/1388 1389/1389 1341/1341
f 1341/1341 1389/1389 1390/1390 1342/1342
f 1342/1342 1390/1390 1391/1391 1343/1343
f 1343/1343 1391/1391 1392/1392 1344/1344
f 1345/1345 1393/1393 1394/1394 1346/1346
f 1346/1346 1394/1394 1395/1395 1347/1347
f 1347/1347 1395/1395 1396/1396 1348/1348
f 1348/1348 1396/1396 1397/1397 1349/1349
f 1349/1349 1397/1397 1398/1398 1350/1350
f 1350/1350 1398/1398 1399/1399 1351/1351
f 1351/1351 1399/1399 1400/1400 1352/1352
f 1352/1352 1400/1400 1401/1401 1353/1353
f 1353/1353 1401/1401 1402/1402 1354/1354
f 1354/1354 1402/1402 1403/1403 1355/1355
f 1355/1355 1403/1403 1404/1404 1356/1356
f 1356/1356 1404/1404 1405/1405 1357/1357
f 1357/1357 1405/1405 1406/1406 1358/1358
f 1358/1358 1406/1406 1407/1407 1359/1359
f 1359/1359 1407/1407 1408/1408 1360/1360
f 1360/1360 1408/1408 1409/1409 1361/1361
f 1361/1361 1409/1409 1410/1410 1362/1362
f 1362/1362 1410/1410 1411/1411 1363/1363
f 1363/1363 1411/1411 1412/1412 1364/1364
f 1364/1364 1412/1412 1413/1413 1365/1365
f 1365/1365 1413/1413 1414/1414 1366/1366
f 1366/1366 1414/1414 1415/1415 1367/1367
f 1367/1367 1415/1415 1416/1416 1368/1368
f 1368/1368 1416/1416 1417/1417 1369/1369
f 1369/1369 1417/1417 1418/1418 1370/1370
f 1370/1370 1418/1418 1419/1419 1371/1371
f 1371/1371 1419/1419 1420/1420 1372/1372
f 1372/1372 1420/1420 1421/1421 1373/1373
f 1373/1373 1421/1421 1422/1422 1374/1374
f 1374/1374 1422/1422 1423/1423 1375/1375
f 1375/1375 1423/1423 1424/1424 1376/1376
f 1376/1376 1424/1424 1425/1425 1377/1377
f 1377/1377 1425/1425 1426/1426 1378/1378
f 1378/1378 1426/1426 1427/1427 1379/1379
f 1379/1379 1427/1427 1428/1428 1380/1380
f 1380/1380 1428/1428 1429/1429 1381/1381
f 1381/1381 1429/1429 1430/1430 1382/1382
f 1382/1382 1430/1430 1431/1431 1383/1383
f 1383/1383 1431/1431 1432/1432 1384/1384
f 1384/1384 1432/1432 1433/1433 1385/1385
f 1385/1385 1433/1433 1434/1434 1386/1386
f 1386/1386 1434/1434 1435/1435 1387/1387
f 1387/1387 1435/1435 1436/1436 1388/1388
f 1388/1388 1436/1436 1437/1437 1389/1389
f 1389/1389 1437/1437 1438/1438 1390/1390
f 1390/1390 1438/1438 1439/1439 1391/1391
f 1391/1391 1439/1439 1440/1440 1392/1392
f 1393/1393 1441/1441 1442/1442 1394/1394
f 1394/1394 1442/1442 1443/1443 1395/1395
f 1395/1395 1443/1443 1444/1444 1396/1396
f 1396/1396 1444/1444 1445/1445 1397/1397
f 1397/1397 1445/1445 1446/1446 1398/1398
f 1398/1398 1446/1446 1447/1447 1399/1399
f 1399/1399 1447/1447 1448/1448 1400/1400
f 1400/1400 1448/1448 1449/1449 1401/1401
f 1401/1401 1449/1449 1450/1450 1402/1402
f 1402/1402 1450/1450 1451/1451 1403/1403
f 1403/1403 1451/1451 1452/1452 1404/1404
f 1404/1404 1452/1452 1453/1453 1405/1405
f 1405/1405 1453/1453 1454/1454 1406/1406
f 1406/1406 1454/1454 1455/1455 1407/1407
f 1407/1407 1455/1455 1456/1456 1408/1408
f 1408/1408 1456/1456 1457/1457 1409/1409
f 1409/1409 1457/1457 1458/1458 1410/1410
f 1410/1410 1458/1458 1459/1459 1411/1411
f 1411/1411 1459/1459 1460/1460 1412/1412
f 1412/1412 1460/1460 1461/1461 1413/1413
f 1413/1413 1461/1461 1462/1462 1414/1414
f 1414/1414 1462/1462 1463/1463 1415/1415
f 1415/1415 1463/1463 1464/1464 1416/1416
f 1416/1416 1464/1464 1465/1465 1417/1417
f 1417/1417 1465/1465 1466/1466 1418/1418
f 1418/1418 1466/1466 1467/1467 1419/1419
f 1419/1419 1467/1467 1468/1468 1420/1420
f 1420/1420 1468/1468 1469/1469 1421/1421
f 1421/1421 1469/1469 1470/1470 1422/1422
f 1422/1422 1470/1470 1471/1471 1423/1423
f 1423/1423 1471/1471 1472/1472 1424/1424
f 1424/1424 1472/1472 1473/1473 1425/1425
f 1425/1425 1473/1473 1474/1474 1426/1426
f 1426/1426 1474/1474 1475/1475 1427/1427
f 1427/1427 1475/1475 1476/1476 1428/1428
f 1428/1428 1476/1476 1477/1477 1429/1429
f 1429/1429 1477/1477 1478/1478 1430/1430
f 1430/1430 1478/1478 1479/1479 1431/1431
f 1431/1431 1479/1479 1480/1480 1432/1432
f 1432/1432 1480/1480 1481/1481 1433/1433
f 1433/1433 1481/1481 1482/1482 1434/1434
f 1434/1434 1482/1482 1483/1483 1435/1435
f 1435/1435 1483/1483 1484/1484 1436/1436
f 1436/1436 1484/1484 1485/1485 1437/1437
f 1437/1437 1485/1485 1486/1486 1438/1438
f 1438/1438 1486/1486 1487/1487 1439/1439
f 1439/1439 1487/1487 1488/1488 1440/1440
f 1441/1441 1489/1489 1490/1490 1442/1442
f 1442/1442 1490/1490 1491/1491 1443/1443
f 1443/1443 1491/1491 1492/1492 1444/1444
f 1444/1444 1492/1492 1493/1493 1445/1445
f 1445/1445 1493/1493 1494/1494 1446/1446
f 1446/1446 1494/1494 1495/1495 1447/1447
f 1447/1447 1495/1495 1496/1496 1448/1448
f 1448/1448 1496/1496 1497/1497 1449/1449
f 1449/1449 1497/1497 1498/1498 1450/1450
f 1450/1450 1498/1498 1499/1499 1451/1451
f 1451/1451 1499/1499 1500/1500 1452/1452
f 1452/1452 1500/1500 1501/1501 1453/1453
f 1453/1453 1501/1501 1502/1502 1454/1454
f 1454/1454 1502/1502 1503/1503 1455/1455
f 1455/1455 1503/1503 1504/1504 1456/1456
f 1456/1456 1504/1504 1505/1505 1457/1457
f 1457/1457 1505/1505 1506/1506 1458/1458
f 1458/1458 1506/1506 1507/1507 1459/1459
f 1459/1459 1507/1507 1508/1508 1460/1460
f 1460/1460 1508/1508 1509/1509 1461/1461
f 1461/1461 1509/1509 1510/1510 1462/1462
f 1462/1462 1510/1510 1511/1511 1463/1463
f 1463/1463 1511/1511 1512/1512 1464/1464
f 1464/1464 1512/1512 1513/1513 1465/1465
f 1465/1465 1513/1513 1514/1514 1466/1466
f 1466/1466 1514/1514 1515/1515 1467/1467
f 1467/1467 1515/1515 1516/1516 1468/1468
f 1468/1468 1516/1516 1517/1517 1469/1469
f 1469/1469 1517/1517 1518/1518 1470/1470
f 1470/1470 1518/1518 1519/1519 1471/1471
f 1471/1471 1519/1519 1520/1520 1472/1472
f 1472/1472 1520/1520 1521/1521 1473/1473
f 1473/1473 1521/1521 1522/1522 1474/1474
f 1474/1474 1522/1522 1523/1523 1475/1475
f 1475/1475 1523/1523 1524/1524 1476/1476
f 1476/1476 1524/1524 1525/1525 1477/1477
f 1477/1477 1525/1525 1526/1526 1478/1478
f 1478/1478 1526/1526 1527/1527 1479/1479
f 1479/1479 1527/1527 1528/1528 1480/1480
f 1480/1480 1528/1528 1529/1529 1481/1481
f 1481/1481 1529/1529 1530/1530 1482/1482
f 1482/1482 1530/1530 1531/1531 1483/1483
f 1483/1483 1531/1531 1532/1532 1484/1484
f 1484/1484 1532/1532 1533/1533 1485/1485
f 1485/1485 1533/1533 1534/1534 1486/1486
f 1486/1486 1534/1534 1535/1535 1487/1487
f 1487/1487 1535/1535 1536/1536 1488/1488
