v 1.0 1.0 0.0
v 1.0 0.9666666388511658 0.0
v 1.0 0.9333333373069763 0.0
v 1.0 0.8999999761581421 0.0
v 1.0 0.8666666746139526 0.0
v 1.0 0.8333333134651184 0.0
v 1.0 0.800000011920929 0.0
v 1.0 0.7666666507720947 0.0
v 1.0 0.7333333492279053 0.0
v 1.0 0.699999988079071 0.0
v 1.0 0.6666666269302368 0.0
v 1.0 0.6333333253860474 0.0
v 1.0 0.5999999642372131 0.0
v 1.0 0.5666666626930237 0.0
v 1.0 0.5333333015441895 0.0
v 1.0 0.5 0.0
v 1.0 0.46666669845581055 0.0
v 1.0 0.4333333671092987 0.0
v 1.0 0.40000003576278687 0.0
v 1.0 0.36666667461395264 0.0
v 1.0 0.3333333432674408 0.0
v 1.0 0.30000001192092896 0.0
v 1.0 0.2666666805744171 0.0
v 1.0 0.23333334922790527 0.0
v 1.0 0.20000001788139343 0.0
v 1.0 0.1666666716337204 0.0
v 1.0 0.13333334028720856 0.0
v 1.0 0.10000000894069672 0.0
v 1.0 0.06666667014360428 0.0
v 1.0 0.03333333507180214 0.0
v 1.0 0.0 0.0
v 0.9666666388511658 1.0 0.0
v 0.9666666388511658 0.9666666388511658 0.0
v 0.9666666388511658 0.9333333373069763 0.0
v 0.9666666388511658 0.8999999761581421 0.0
v 0.9666666388511658 0.8666666746139526 0.0
v 0.9666666388511658 0.8333333134651184 0.0
v 0.9666666388511658 0.800000011920929 0.0
v 0.9666666388511658 0.7666666507720947 0.0
v 0.9666666388511658 0.7333333492279053 0.0
v 0.9666666388511658 0.699999988079071 0.0
v 0.9666666388511658 0.6666666269302368 0.0
v 0.9666666388511658 0.6333333253860474 0.0
v 0.9666666388511658 0.5999999642372131 0.0
v 0.9666666388511658 0.5666666626930237 0.0
v 0.9666666388511658 0.5333333015441895 0.0
v 0.9666666388511658 0.5 0.0
v 0.9666666388511658 0.46666669845581055 0.0
v 0.9666666388511658 0.4333333671092987 0.0
v 0.9666666388511658 0.40000003576278687 0.0
v 0.9666666388511658 0.36666667461395264 0.0
v 0.9666666388511658 0.3333333432674408 0.0
v 0.9666666388511658 0.30000001192092896 0.0
v 0.9666666388511658 0.2666666805744171 0.0
v 0.9666666388511658 0.23333334922790527 0.0
v 0.9666666388511658 0.20000001788139343 0.0
v 0.9666666388511658 0.1666666716337204 0.0
v 0.9666666388511658 0.13333334028720856 0.0
v 0.9666666388511658 0.10000000894069672 0.0
v 0.9666666388511658 0.06666667014360428 0.0
v 0.9666666388511658 0.03333333507180214 0.0
v 0.9666666388511658 0.0 0.0
v 0.9333333373069763 1.0 0.0
v 0.9333333373069763 0.9666666388511658 0.0
v 0.9333333373069763 0.9333333373069763 0.0
v 0.9333333373069763 0.8999999761581421 0.0
v 0.9333333373069763 0.8666666746139526 0.0
v 0.9333333373069763 0.8333333134651184 0.0
v 0.9333333373069763 0.800000011920929 0.0
v 0.9333333373069763 0.7666666507720947 0.0
v 0.9333333373069763 0.7333333492279053 0.0
v 0.9333333373069763 0.699999988079071 0.0
v 0.9333333373069763 0.6666666269302368 0.0
v 0.9333333373069763 0.6333333253860474 0.0
v 0.9333333373069763 0.5999999642372131 0.0
v 0.9333333373069763 0.5666666626930237 0.0
v 0.9333333373069763 0.5333333015441895 0.0
v 0.9333333373069763 0.5 0.0
v 0.9333333373069763 0.46666669845581055 0.0
v 0.9333333373069763 0.4333333671092987 0.0
v 0.9333333373069763 0.40000003576278687 0.0
v 0.9333333373069763 0.36666667461395264 0.0
v 0.9333333373069763 0.3333333432674408 0.0
v 0.9333333373069763 0.30000001192092896 0.0
v 0.9333333373069763 0.2666666805744171 0.0
v 0.9333333373069763 0.23333334922790527 0.0
v 0.9333333373069763 0.20000001788139343 0.0
v 0.9333333373069763 0.1666666716337204 0.0
v 0.9333333373069763 0.13333334028720856 0.0
v 0.9333333373069763 0.10000000894069672 0.0
v 0.9333333373069763 0.06666667014360428 0.0
v 0.9333333373069763 0.03333333507180214 0.0
v 0.9333333373069763 0.0 0.0
v 0.8999999761581421 1.0 0.0
v 0.8999999761581421 0.9666666388511658 0.0
v 0.8999999761581421 0.9333333373069763 0.0
v 0.8999999761581421 0.8999999761581421 0.0
v 0.8999999761581421 0.8666666746139526 0.0
v 0.8999999761581421 0.8333333134651184 0.0
v 0.8999999761581421 0.800000011920929 0.0
v 0.8999999761581421 0.7666666507720947 0.0
v 0.8999999761581421 0.7333333492279053 0.0
v 0.8999999761581421 0.699999988079071 0.0
v 0.8999999761581421 0.6666666269302368 0.0
v 0.8999999761581421 0.6333333253860474 0.0
v 0.8999999761581421 0.5999999642372131 0.0
v 0.8999999761581421 0.5666666626930237 0.0
v 0.8999999761581421 0.5333333015441895 0.0
v 0.8999999761581421 0.5 0.0
v 0.8999999761581421 0.46666669845581055 0.0
v 0.8999999761581421 0.4333333671092987 0.0
v 0.8999999761581421 0.40000003576278687 0.0
v 0.8999999761581421 0.36666667461395264 0.0
v 0.8999999761581421 0.3333333432674408 0.0
v 0.8999999761581421 0.30000001192092896 0.0
v 0.8999999761581421 0.2666666805744171 0.0
v 0.8999999761581421 0.23333334922790527 0.0
v 0.8999999761581421 0.20000001788139343 0.0
v 0.8999999761581421 0.1666666716337204 0.0
v 0.8999999761581421 0.13333334028720856 0.0
v 0.8999999761581421 0.10000000894069672 0.0
v 0.8999999761581421 0.06666667014360428 0.0
v 0.8999999761581421 0.03333333507180214 0.0
v 0.8999999761581421 0.0 0.0
v 0.8666666746139526 1.0 0.0
v 0.8666666746139526 0.9666666388511658 0.0
v 0.8666666746139526 0.9333333373069763 0.0
v 0.8666666746139526 0.8999999761581421 0.0
v 0.8666666746139526 0.8666666746139526 0.0
v 0.8666666746139526 0.8333333134651184 0.0
v 0.8666666746139526 0.800000011920929 0.0
v 0.8666666746139526 0.7666666507720947 0.0
v 0.8666666746139526 0.7333333492279053 0.0
v 0.8666666746139526 0.699999988079071 0.0
v 0.8666666746139526 0.6666666269302368 0.0
v 0.8666666746139526 0.6333333253860474 0.0
v 0.8666666746139526 0.5999999642372131 0.0
v 0.8666666746139526 0.5666666626930237 0.0
v 0.8666666746139526 0.5333333015441895 0.0
v 0.8666666746139526 0.5 0.0
v 0.8666666746139526 0.46666669845581055 0.0
v 0.8666666746139526 0.4333333671092987 0.0
v 0.8666666746139526 0.40000003576278687 0.0
v 0.8666666746139526 0.36666667461395264 0.0
v 0.8666666746139526 0.3333333432674408 0.0
v 0.8666666746139526 0.30000001192092896 0.0
v 0.8666666746139526 0.2666666805744171 0.0
v 0.8666666746139526 0.23333334922790527 0.0
v 0.8666666746139526 0.20000001788139343 0.0
v 0.8666666746139526 0.1666666716337204 0.0
v 0.8666666746139526 0.13333334028720856 0.0
v 0.8666666746139526 0.10000000894069672 0.0
v 0.8666666746139526 0.06666667014360428 0.0
v 0.8666666746139526 0.03333333507180214 0.0
v 0.8666666746139526 0.0 0.0
v 0.8333333134651184 1.0 0.0
v 0.8333333134651184 0.9666666388511658 0.0
v 0.8333333134651184 0.9333333373069763 0.0
v 0.8333333134651184 0.8999999761581421 0.0
v 0.8333333134651184 0.8666666746139526 0.0
v 0.8333333134651184 0.8333333134651184 0.0
v 0.8333333134651184 0.800000011920929 0.0
v 0.8333333134651184 0.7666666507720947 0.0
v 0.8333333134651184 0.7333333492279053 0.0
v 0.8333333134651184 0.699999988079071 0.0
v 0.8333333134651184 0.6666666269302368 0.0
v 0.8333333134651184 0.6333333253860474 0.0
v 0.8333333134651184 0.5999999642372131 0.0
v 0.8333333134651184 0.5666666626930237 0.0
v 0.8333333134651184 0.5333333015441895 0.0
v 0.8333333134651184 0.5 0.0
v 0.8333333134651184 0.46666669845581055 0.0
v 0.8333333134651184 0.4333333671092987 0.0
v 0.8333333134651184 0.40000003576278687 0.0
v 0.8333333134651184 0.36666667461395264 0.0
v 0.8333333134651184 0.3333333432674408 0.0
v 0.8333333134651184 0.30000001192092896 0.0
v 0.8333333134651184 0.2666666805744171 0.0
v 0.8333333134651184 0.23333334922790527 0.0
v 0.8333333134651184 0.20000001788139343 0.0
v 0.8333333134651184 0.1666666716337204 0.0
v 0.8333333134651184 0.13333334028720856 0.0
v 0.8333333134651184 0.10000000894069672 0.0
v 0.8333333134651184 0.06666667014360428 0.0
v 0.8333333134651184 0.03333333507180214 0.0
v 0.8333333134651184 0.0 0.0
v 0.800000011920929 1.0 0.0
v 0.800000011920929 0.9666666388511658 0.0
v 0.800000011920929 0.9333333373069763 0.0
v 0.800000011920929 0.8999999761581421 0.0
v 0.800000011920929 0.8666666746139526 0.0
v 0.800000011920929 0.8333333134651184 0.0
v 0.800000011920929 0.800000011920929 0.0
v 0.800000011920929 0.7666666507720947 0.0
v 0.800000011920929 0.7333333492279053 0.0
v 0.800000011920929 0.699999988079071 0.0
v 0.800000011920929 0.6666666269302368 0.0
v 0.800000011920929 0.6333333253860474 0.0
v 0.800000011920929 0.5999999642372131 0.0
v 0.800000011920929 0.5666666626930237 0.0
v 0.800000011920929 0.5333333015441895 0.0
v 0.800000011920929 0.5 0.0
v 0.800000011920929 0.46666669845581055 0.0
v 0.800000011920929 0.4333333671092987 0.0
v 0.800000011920929 0.40000003576278687 0.0
v 0.800000011920929 0.36666667461395264 0.0
v 0.800000011920929 0.3333333432674408 0.0
v 0.800000011920929 0.30000001192092896 0.0
v 0.800000011920929 0.2666666805744171 0.0
v 0.800000011920929 0.23333334922790527 0.0
v 0.800000011920929 0.20000001788139343 0.0
v 0.800000011920929 0.1666666716337204 0.0
v 0.800000011920929 0.13333334028720856 0.0
v 0.800000011920929 0.10000000894069672 0.0
v 0.800000011920929 0.06666667014360428 0.0
v 0.800000011920929 0.03333333507180214 0.0
v 0.800000011920929 0.0 0.0
v 0.7666666507720947 1.0 0.0
v 0.7666666507720947 0.9666666388511658 0.0
v 0.7666666507720947 0.9333333373069763 0.0
v 0.7666666507720947 0.8999999761581421 0.0
v 0.7666666507720947 0.8666666746139526 0.0
v 0.7666666507720947 0.8333333134651184 0.0
v 0.7666666507720947 0.800000011920929 0.0
v 0.7666666507720947 0.7666666507720947 0.0
v 0.7666666507720947 0.7333333492279053 0.0
v 0.7666666507720947 0.699999988079071 0.0
v 0.7666666507720947 0.6666666269302368 0.0
v 0.7666666507720947 0.6333333253860474 0.0
v 0.7666666507720947 0.5999999642372131 0.0
v 0.7666666507720947 0.5666666626930237 0.0
v 0.7666666507720947 0.5333333015441895 0.0
v 0.7666666507720947 0.5 0.0
v 0.7666666507720947 0.46666669845581055 0.0
v 0.7666666507720947 0.4333333671092987 0.0
v 0.7666666507720947 0.40000003576278687 0.0
v 0.7666666507720947 0.36666667461395264 0.0
v 0.7666666507720947 0.3333333432674408 0.0
v 0.7666666507720947 0.30000001192092896 0.0
v 0.7666666507720947 0.2666666805744171 0.0
v 0.7666666507720947 0.23333334922790527 0.0
v 0.7666666507720947 0.20000001788139343 0.0
v 0.7666666507720947 0.1666666716337204 0.0
v 0.7666666507720947 0.13333334028720856 0.0
v 0.7666666507720947 0.10000000894069672 0.0
v 0.7666666507720947 0.06666667014360428 0.0
v 0.7666666507720947 0.03333333507180214 0.0
v 0.7666666507720947 0.0 0.0
v 0.7333333492279053 1.0 0.0
v 0.7333333492279053 0.9666666388511658 0.0
v 0.7333333492279053 0.9333333373069763 0.0
v 0.7333333492279053 0.8999999761581421 0.0
v 0.7333333492279053 0.8666666746139526 0.0
v 0.7333333492279053 0.8333333134651184 0.0
v 0.7333333492279053 0.800000011920929 0.0
v 0.7333333492279053 0.7666666507720947 0.0
v 0.7333333492279053 0.7333333492279053 0.0
v 0.7333333492279053 0.699999988079071 0.0
v 0.7333333492279053 0.6666666269302368 0.0
v 0.7333333492279053 0.6333333253860474 0.0
v 0.7333333492279053 0.5999999642372131 0.0
v 0.7333333492279053 0.5666666626930237 0.0
v 0.7333333492279053 0.5333333015441895 0.0
v 0.7333333492279053 0.5 0.0
v 0.7333333492279053 0.46666669845581055 0.0
v 0.7333333492279053 0.4333333671092987 0.0
v 0.7333333492279053 0.40000003576278687 0.0
v 0.7333333492279053 0.36666667461395264 0.0
v 0.7333333492279053 0.3333333432674408 0.0
v 0.7333333492279053 0.30000001192092896 0.0
v 0.7333333492279053 0.2666666805744171 0.0
v 0.7333333492279053 0.23333334922790527 0.0
v 0.7333333492279053 0.20000001788139343 0.0
v 0.7333333492279053 0.1666666716337204 0.0
v 0.7333333492279053 0.13333334028720856 0.0
v 0.7333333492279053 0.10000000894069672 0.0
v 0.7333333492279053 0.06666667014360428 0.0
v 0.7333333492279053 0.03333333507180214 0.0
v 0.7333333492279053 0.0 0.0
v 0.699999988079071 1.0 0.0
v 0.699999988079071 0.9666666388511658 0.0
v 0.699999988079071 0.9333333373069763 0.0
v 0.699999988079071 0.8999999761581421 0.0
v 0.699999988079071 0.8666666746139526 0.0
v 0.699999988079071 0.8333333134651184 0.0
v 0.699999988079071 0.800000011920929 0.0
v 0.699999988079071 0.7666666507720947 0.0
v 0.699999988079071 0.7333333492279053 0.0
v 0.699999988079071 0.699999988079071 0.0
v 0.699999988079071 0.6666666269302368 0.0
v 0.699999988079071 0.6333333253860474 0.0
v 0.699999988079071 0.5999999642372131 0.0
v 0.699999988079071 0.5666666626930237 0.0
v 0.699999988079071 0.5333333015441895 0.0
v 0.699999988079071 0.5 0.0
v 0.699999988079071 0.46666669845581055 0.0
v 0.699999988079071 0.4333333671092987 0.0
v 0.699999988079071 0.40000003576278687 0.0
v 0.699999988079071 0.36666667461395264 0.0
v 0.699999988079071 0.3333333432674408 0.0
v 0.699999988079071 0.30000001192092896 0.0
v 0.699999988079071 0.2666666805744171 0.0
v 0.699999988079071 0.23333334922790527 0.0
v 0.699999988079071 0.20000001788139343 0.0
v 0.699999988079071 0.1666666716337204 0.0
v 0.699999988079071 0.13333334028720856 0.0
v 0.699999988079071 0.10000000894069672 0.0
v 0.699999988079071 0.06666667014360428 0.0
v 0.699999988079071 0.03333333507180214 0.0
v 0.699999988079071 0.0 0.0
v 0.6666666269302368 1.0 0.0
v 0.6666666269302368 0.9666666388511658 0.0
v 0.6666666269302368 0.9333333373069763 0.0
v 0.6666666269302368 0.8999999761581421 0.0
v 0.6666666269302368 0.8666666746139526 0.0
v 0.6666666269302368 0.8333333134651184 0.0
v 0.6666666269302368 0.800000011920929 0.0
v 0.6666666269302368 0.7666666507720947 0.0
v 0.6666666269302368 0.7333333492279053 0.0
v 0.6666666269302368 0.699999988079071 0.0
v 0.6666666269302368 0.6666666269302368 0.0
v 0.6666666269302368 0.6333333253860474 0.0
v 0.6666666269302368 0.5999999642372131 0.0
v 0.6666666269302368 0.5666666626930237 0.0
v 0.6666666269302368 0.5333333015441895 0.0
v 0.6666666269302368 0.5 0.0
v 0.6666666269302368 0.46666669845581055 0.0
v 0.6666666269302368 0.4333333671092987 0.0
v 0.6666666269302368 0.40000003576278687 0.0
v 0.6666666269302368 0.36666667461395264 0.0
v 0.6666666269302368 0.3333333432674408 0.0
v 0.6666666269302368 0.30000001192092896 0.0
v 0.6666666269302368 0.2666666805744171 0.0
v 0.6666666269302368 0.23333334922790527 0.0
v 0.6666666269302368 0.20000001788139343 0.0
v 0.6666666269302368 0.1666666716337204 0.0
v 0.6666666269302368 0.13333334028720856 0.0
v 0.6666666269302368 0.10000000894069672 0.0
v 0.6666666269302368 0.06666667014360428 0.0
v 0.6666666269302368 0.03333333507180214 0.0
v 0.6666666269302368 0.0 0.0
v 0.6333333253860474 1.0 0.0
v 0.6333333253860474 0.9666666388511658 0.0
v 0.6333333253860474 0.9333333373069763 0.0
v 0.6333333253860474 0.8999999761581421 0.0
v 0.6333333253860474 0.8666666746139526 0.0
v 0.6333333253860474 0.8333333134651184 0.0
v 0.6333333253860474 0.800000011920929 0.0
v 0.6333333253860474 0.7666666507720947 0.0
v 0.6333333253860474 0.7333333492279053 0.0
v 0.6333333253860474 0.699999988079071 0.0
v 0.6333333253860474 0.6666666269302368 0.0
v 0.6333333253860474 0.6333333253860474 0.0
v 0.6333333253860474 0.5999999642372131 0.0
v 0.6333333253860474 0.5666666626930237 0.0
v 0.6333333253860474 0.5333333015441895 0.0
v 0.6333333253860474 0.5 0.0
v 0.6333333253860474 0.46666669845581055 0.0
v 0.6333333253860474 0.4333333671092987 0.0
v 0.6333333253860474 0.40000003576278687 0.0
v 0.6333333253860474 0.36666667461395264 0.0
v 0.6333333253860474 0.3333333432674408 0.0
v 0.6333333253860474 0.30000001192092896 0.0
v 0.6333333253860474 0.2666666805744171 0.0
v 0.6333333253860474 0.23333334922790527 0.0
v 0.6333333253860474 0.20000001788139343 0.0
v 0.6333333253860474 0.1666666716337204 0.0
v 0.6333333253860474 0.13333334028720856 0.0
v 0.6333333253860474 0.10000000894069672 0.0
v 0.6333333253860474 0.06666667014360428 0.0
v 0.6333333253860474 0.03333333507180214 0.0
v 0.6333333253860474 0.0 0.0
v 0.5999999642372131 1.0 0.0
v 0.5999999642372131 0.9666666388511658 0.0
v 0.5999999642372131 0.9333333373069763 0.0
v 0.5999999642372131 0.8999999761581421 0.0
v 0.5999999642372131 0.8666666746139526 0.0
v 0.5999999642372131 0.8333333134651184 0.0
v 0.5999999642372131 0.800000011920929 0.0
v 0.5999999642372131 0.7666666507720947 0.0
v 0.5999999642372131 0.7333333492279053 0.0
v 0.5999999642372131 0.699999988079071 0.0
v 0.5999999642372131 0.6666666269302368 0.0
v 0.5999999642372131 0.6333333253860474 0.0
v 0.5999999642372131 0.5999999642372131 0.0
v 0.5999999642372131 0.5666666626930237 0.0
v 0.5999999642372131 0.5333333015441895 0.0
v 0.5999999642372131 0.5 0.0
v 0.5999999642372131 0.46666669845581055 0.0
v 0.5999999642372131 0.4333333671092987 0.0
v 0.5999999642372131 0.40000003576278687 0.0
v 0.5999999642372131 0.36666667461395264 0.0
v 0.5999999642372131 0.3333333432674408 0.0
v 0.5999999642372131 0.30000001192092896 0.0
v 0.5999999642372131 0.2666666805744171 0.0
v 0.5999999642372131 0.23333334922790527 0.0
v 0.5999999642372131 0.20000001788139343 0.0
v 0.5999999642372131 0.1666666716337204 0.0
v 0.5999999642372131 0.13333334028720856 0.0
v 0.5999999642372131 0.10000000894069672 0.0
v 0.5999999642372131 0.06666667014360428 0.0
v 0.5999999642372131 0.03333333507180214 0.0
v 0.5999999642372131 0.0 0.0
v 0.5666666626930237 1.0 0.0
v 0.5666666626930237 0.9666666388511658 0.0
v 0.5666666626930237 0.9333333373069763 0.0
v 0.5666666626930237 0.8999999761581421 0.0
v 0.5666666626930237 0.8666666746139526 0.0
v 0.5666666626930237 0.8333333134651184 0.0
v 0.5666666626930237 0.800000011920929 0.0
v 0.5666666626930237 0.7666666507720947 0.0
v 0.5666666626930237 0.7333333492279053 0.0
v 0.5666666626930237 0.699999988079071 0.0
v 0.5666666626930237 0.6666666269302368 0.0
v 0.5666666626930237 0.6333333253860474 0.0
v 0.5666666626930237 0.5999999642372131 0.0
v 0.5666666626930237 0.5666666626930237 0.0
v 0.5666666626930237 0.5333333015441895 0.0
v 0.5666666626930237 0.5 0.0
v 0.5666666626930237 0.46666669845581055 0.0
v 0.5666666626930237 0.4333333671092987 0.0
v 0.5666666626930237 0.40000003576278687 0.0
v 0.5666666626930237 0.36666667461395264 0.0
v 0.5666666626930237 0.3333333432674408 0.0
v 0.5666666626930237 0.30000001192092896 0.0
v 0.5666666626930237 0.2666666805744171 0.0
v 0.5666666626930237 0.23333334922790527 0.0
v 0.5666666626930237 0.20000001788139343 0.0
v 0.5666666626930237 0.1666666716337204 0.0
v 0.5666666626930237 0.13333334028720856 0.0
v 0.5666666626930237 0.10000000894069672 0.0
v 0.5666666626930237 0.06666667014360428 0.0
v 0.5666666626930237 0.03333333507180214 0.0
v 0.5666666626930237 0.0 0.0
v 0.5333333015441895 1.0 0.0
v 0.5333333015441895 0.9666666388511658 0.0
v 0.5333333015441895 0.9333333373069763 0.0
v 0.5333333015441895 0.8999999761581421 0.0
v 0.5333333015441895 0.8666666746139526 0.0
v 0.5333333015441895 0.8333333134651184 0.0
v 0.5333333015441895 0.800000011920929 0.0
v 0.5333333015441895 0.7666666507720947 0.0
v 0.5333333015441895 0.7333333492279053 0.0
v 0.5333333015441895 0.699999988079071 0.0
v 0.5333333015441895 0.6666666269302368 0.0
v 0.5333333015441895 0.6333333253860474 0.0
v 0.5333333015441895 0.5999999642372131 0.0
v 0.5333333015441895 0.5666666626930237 0.0
v 0.5333333015441895 0.5333333015441895 0.0
v 0.5333333015441895 0.5 0.0
v 0.5333333015441895 0.46666669845581055 0.0
v 0.5333333015441895 0.4333333671092987 0.0
v 0.5333333015441895 0.40000003576278687 0.0
v 0.5333333015441895 0.36666667461395264 0.0
v 0.5333333015441895 0.3333333432674408 0.0
v 0.5333333015441895 0.30000001192092896 0.0
v 0.5333333015441895 0.2666666805744171 0.0
v 0.5333333015441895 0.23333334922790527 0.0
v 0.5333333015441895 0.20000001788139343 0.0
v 0.5333333015441895 0.1666666716337204 0.0
v 0.5333333015441895 0.13333334028720856 0.0
v 0.5333333015441895 0.10000000894069672 0.0
v 0.5333333015441895 0.06666667014360428 0.0
v 0.5333333015441895 0.03333333507180214 0.0
v 0.5333333015441895 0.0 0.0
v 0.5 1.0 0.0
v 0.5 0.9666666388511658 0.0
v 0.5 0.9333333373069763 0.0
v 0.5 0.8999999761581421 0.0
v 0.5 0.8666666746139526 0.0
v 0.5 0.8333333134651184 0.0
v 0.5 0.800000011920929 0.0
v 0.5 0.7666666507720947 0.0
v 0.5 0.7333333492279053 0.0
v 0.5 0.699999988079071 0.0
v 0.5 0.6666666269302368 0.0
v 0.5 0.6333333253860474 0.0
v 0.5 0.5999999642372131 0.0
v 0.5 0.5666666626930237 0.0
v 0.5 0.5333333015441895 0.0
v 0.5 0.5 0.0
v 0.5 0.46666669845581055 0.0
v 0.5 0.4333333671092987 0.0
v 0.5 0.40000003576278687 0.0
v 0.5 0.36666667461395264 0.0
v 0.5 0.3333333432674408 0.0
v 0.5 0.30000001192092896 0.0
v 0.5 0.2666666805744171 0.0
v 0.5 0.23333334922790527 0.0
v 0.5 0.20000001788139343 0.0
v 0.5 0.1666666716337204 0.0
v 0.5 0.13333334028720856 0.0
v 0.5 0.10000000894069672 0.0
v 0.5 0.06666667014360428 0.0
v 0.5 0.03333333507180214 0.0
v 0.5 0.0 0.0
v 0.46666669845581055 1.0 0.0
v 0.46666669845581055 0.9666666388511658 0.0
v 0.46666669845581055 0.9333333373069763 0.0
v 0.46666669845581055 0.8999999761581421 0.0
v 0.46666669845581055 0.8666666746139526 0.0
v 0.46666669845581055 0.8333333134651184 0.0
v 0.46666669845581055 0.800000011920929 0.0
v 0.46666669845581055 0.7666666507720947 0.0
v 0.46666669845581055 0.7333333492279053 0.0
v 0.46666669845581055 0.699999988079071 0.0
v 0.46666669845581055 0.6666666269302368 0.0
v 0.46666669845581055 0.6333333253860474 0.0
v 0.46666669845581055 0.5999999642372131 0.0
v 0.46666669845581055 0.5666666626930237 0.0
v 0.46666669845581055 0.5333333015441895 0.0
v 0.46666669845581055 0.5 0.0
v 0.46666669845581055 0.46666669845581055 0.0
v 0.46666669845581055 0.4333333671092987 0.0
v 0.46666669845581055 0.40000003576278687 0.0
v 0.46666669845581055 0.36666667461395264 0.0
v 0.46666669845581055 0.3333333432674408 0.0
v 0.46666669845581055 0.30000001192092896 0.0
v 0.46666669845581055 0.2666666805744171 0.0
v 0.46666669845581055 0.23333334922790527 0.0
v 0.46666669845581055 0.20000001788139343 0.0
v 0.46666669845581055 0.1666666716337204 0.0
v 0.46666669845581055 0.13333334028720856 0.0
v 0.46666669845581055 0.10000000894069672 0.0
v 0.46666669845581055 0.06666667014360428 0.0
v 0.46666669845581055 0.03333333507180214 0.0
v 0.46666669845581055 0.0 0.0
v 0.4333333671092987 1.0 0.0
v 0.4333333671092987 0.9666666388511658 0.0
v 0.4333333671092987 0.9333333373069763 0.0
v 0.4333333671092987 0.8999999761581421 0.0
v 0.4333333671092987 0.8666666746139526 0.0
v 0.4333333671092987 0.8333333134651184 0.0
v 0.4333333671092987 0.800000011920929 0.0
v 0.4333333671092987 0.7666666507720947 0.0
v 0.4333333671092987 0.7333333492279053 0.0
v 0.4333333671092987 0.699999988079071 0.0
v 0.4333333671092987 0.6666666269302368 0.0
v 0.4333333671092987 0.6333333253860474 0.0
v 0.4333333671092987 0.5999999642372131 0.0
v 0.4333333671092987 0.5666666626930237 0.0
v 0.4333333671092987 0.5333333015441895 0.0
v 0.4333333671092987 0.5 0.0
v 0.4333333671092987 0.46666669845581055 0.0
v 0.4333333671092987 0.4333333671092987 0.0
v 0.4333333671092987 0.40000003576278687 0.0
v 0.4333333671092987 0.36666667461395264 0.0
v 0.4333333671092987 0.3333333432674408 0.0
v 0.4333333671092987 0.30000001192092896 0.0
v 0.4333333671092987 0.2666666805744171 0.0
v 0.4333333671092987 0.23333334922790527 0.0
v 0.4333333671092987 0.20000001788139343 0.0
v 0.4333333671092987 0.1666666716337204 0.0
v 0.4333333671092987 0.13333334028720856 0.0
v 0.4333333671092987 0.10000000894069672 0.0
v 0.4333333671092987 0.06666667014360428 0.0
v 0.4333333671092987 0.03333333507180214 0.0
v 0.4333333671092987 0.0 0.0
v 0.40000003576278687 1.0 0.0
v 0.40000003576278687 0.9666666388511658 0.0
v 0.40000003576278687 0.9333333373069763 0.0
v 0.40000003576278687 0.8999999761581421 0.0
v 0.40000003576278687 0.8666666746139526 0.0
v 0.40000003576278687 0.8333333134651184 0.0
v 0.40000003576278687 0.800000011920929 0.0
v 0.40000003576278687 0.7666666507720947 0.0
v 0.40000003576278687 0.7333333492279053 0.0
v 0.40000003576278687 0.699999988079071 0.0
v 0.40000003576278687 0.6666666269302368 0.0
v 0.40000003576278687 0.6333333253860474 0.0
v 0.40000003576278687 0.5999999642372131 0.0
v 0.40000003576278687 0.5666666626930237 0.0
v 0.40000003576278687 0.5333333015441895 0.0
v 0.40000003576278687 0.5 0.0
v 0.40000003576278687 0.46666669845581055 0.0
v 0.40000003576278687 0.4333333671092987 0.0
v 0.40000003576278687 0.40000003576278687 0.0
v 0.40000003576278687 0.36666667461395264 0.0
v 0.40000003576278687 0.3333333432674408 0.0
v 0.40000003576278687 0.30000001192092896 0.0
v 0.40000003576278687 0.2666666805744171 0.0
v 0.40000003576278687 0.23333334922790527 0.0
v 0.40000003576278687 0.20000001788139343 0.0
v 0.40000003576278687 0.1666666716337204 0.0
v 0.40000003576278687 0.13333334028720856 0.0
v 0.40000003576278687 0.10000000894069672 0.0
v 0.40000003576278687 0.06666667014360428 0.0
v 0.40000003576278687 0.03333333507180214 0.0
v 0.40000003576278687 0.0 0.0
v 0.36666667461395264 1.0 0.0
v 0.36666667461395264 0.9666666388511658 0.0
v 0.36666667461395264 0.9333333373069763 0.0
v 0.36666667461395264 0.8999999761581421 0.0
v 0.36666667461395264 0.8666666746139526 0.0
v 0.36666667461395264 0.8333333134651184 0.0
v 0.36666667461395264 0.800000011920929 0.0
v 0.36666667461395264 0.7666666507720947 0.0
v 0.36666667461395264 0.7333333492279053 0.0
v 0.36666667461395264 0.699999988079071 0.0
v 0.36666667461395264 0.6666666269302368 0.0
v 0.36666667461395264 0.6333333253860474 0.0
v 0.36666667461395264 0.5999999642372131 0.0
v 0.36666667461395264 0.5666666626930237 0.0
v 0.36666667461395264 0.5333333015441895 0.0
v 0.36666667461395264 0.5 0.0
v 0.36666667461395264 0.46666669845581055 0.0
v 0.36666667461395264 0.4333333671092987 0.0
v 0.36666667461395264 0.40000003576278687 0.0
v 0.36666667461395264 0.36666667461395264 0.0
v 0.36666667461395264 0.3333333432674408 0.0
v 0.36666667461395264 0.30000001192092896 0.0
v 0.36666667461395264 0.2666666805744171 0.0
v 0.36666667461395264 0.23333334922790527 0.0
v 0.36666667461395264 0.20000001788139343 0.0
v 0.36666667461395264 0.1666666716337204 0.0
v 0.36666667461395264 0.13333334028720856 0.0
v 0.36666667461395264 0.10000000894069672 0.0
v 0.36666667461395264 0.06666667014360428 0.0
v 0.36666667461395264 0.03333333507180214 0.0
v 0.36666667461395264 0.0 0.0
v 0.3333333432674408 1.0 0.0
v 0.3333333432674408 0.9666666388511658 0.0
v 0.3333333432674408 0.9333333373069763 0.0
v 0.3333333432674408 0.8999999761581421 0.0
v 0.3333333432674408 0.8666666746139526 0.0
v 0.3333333432674408 0.8333333134651184 0.0
v 0.3333333432674408 0.800000011920929 0.0
v 0.3333333432674408 0.7666666507720947 0.0
v 0.3333333432674408 0.7333333492279053 0.0
v 0.3333333432674408 0.699999988079071 0.0
v 0.3333333432674408 0.6666666269302368 0.0
v 0.3333333432674408 0.6333333253860474 0.0
v 0.3333333432674408 0.5999999642372131 0.0
v 0.3333333432674408 0.5666666626930237 0.0
v 0.3333333432674408 0.5333333015441895 0.0
v 0.3333333432674408 0.5 0.0
v 0.3333333432674408 0.46666669845581055 0.0
v 0.3333333432674408 0.4333333671092987 0.0
v 0.3333333432674408 0.40000003576278687 0.0
v 0.3333333432674408 0.36666667461395264 0.0
v 0.3333333432674408 0.3333333432674408 0.0
v 0.3333333432674408 0.30000001192092896 0.0
v 0.3333333432674408 0.2666666805744171 0.0
v 0.3333333432674408 0.23333334922790527 0.0
v 0.3333333432674408 0.20000001788139343 0.0
v 0.3333333432674408 0.1666666716337204 0.0
v 0.3333333432674408 0.13333334028720856 0.0
v 0.3333333432674408 0.10000000894069672 0.0
v 0.3333333432674408 0.06666667014360428 0.0
v 0.3333333432674408 0.03333333507180214 0.0
v 0.3333333432674408 0.0 0.0
v 0.30000001192092896 1.0 0.0
v 0.30000001192092896 0.9666666388511658 0.0
v 0.30000001192092896 0.9333333373069763 0.0
v 0.30000001192092896 0.8999999761581421 0.0
v 0.30000001192092896 0.8666666746139526 0.0
v 0.30000001192092896 0.8333333134651184 0.0
v 0.30000001192092896 0.800000011920929 0.0
v 0.30000001192092896 0.7666666507720947 0.0
v 0.30000001192092896 0.7333333492279053 0.0
v 0.30000001192092896 0.699999988079071 0.0
v 0.30000001192092896 0.6666666269302368 0.0
v 0.30000001192092896 0.6333333253860474 0.0
v 0.30000001192092896 0.5999999642372131 0.0
v 0.30000001192092896 0.5666666626930237 0.0
v 0.30000001192092896 0.5333333015441895 0.0
v 0.30000001192092896 0.5 0.0
v 0.30000001192092896 0.46666669845581055 0.0
v 0.30000001192092896 0.4333333671092987 0.0
v 0.30000001192092896 0.40000003576278687 0.0
v 0.30000001192092896 0.36666667461395264 0.0
v 0.30000001192092896 0.3333333432674408 0.0
v 0.30000001192092896 0.30000001192092896 0.0
v 0.30000001192092896 0.2666666805744171 0.0
v 0.30000001192092896 0.23333334922790527 0.0
v 0.30000001192092896 0.20000001788139343 0.0
v 0.30000001192092896 0.1666666716337204 0.0
v 0.30000001192092896 0.13333334028720856 0.0
v 0.30000001192092896 0.10000000894069672 0.0
v 0.30000001192092896 0.06666667014360428 0.0
v 0.30000001192092896 0.03333333507180214 0.0
v 0.30000001192092896 0.0 0.0
v 0.2666666805744171 1.0 0.0
v 0.2666666805744171 0.9666666388511658 0.0
v 0.2666666805744171 0.9333333373069763 0.0
v 0.2666666805744171 0.8999999761581421 0.0
v 0.2666666805744171 0.8666666746139526 0.0
v 0.2666666805744171 0.8333333134651184 0.0
v 0.2666666805744171 0.800000011920929 0.0
v 0.2666666805744171 0.7666666507720947 0.0
v 0.2666666805744171 0.7333333492279053 0.0
v 0.2666666805744171 0.699999988079071 0.0
v 0.2666666805744171 0.6666666269302368 0.0
v 0.2666666805744171 0.6333333253860474 0.0
v 0.2666666805744171 0.5999999642372131 0.0
v 0.2666666805744171 0.5666666626930237 0.0
v 0.2666666805744171 0.5333333015441895 0.0
v 0.2666666805744171 0.5 0.0
v 0.2666666805744171 0.46666669845581055 0.0
v 0.2666666805744171 0.4333333671092987 0.0
v 0.2666666805744171 0.40000003576278687 0.0
v 0.2666666805744171 0.36666667461395264 0.0
v 0.2666666805744171 0.3333333432674408 0.0
v 0.2666666805744171 0.30000001192092896 0.0
v 0.2666666805744171 0.2666666805744171 0.0
v 0.2666666805744171 0.23333334922790527 0.0
v 0.2666666805744171 0.20000001788139343 0.0
v 0.2666666805744171 0.1666666716337204 0.0
v 0.2666666805744171 0.13333334028720856 0.0
v 0.2666666805744171 0.10000000894069672 0.0
v 0.2666666805744171 0.06666667014360428 0.0
v 0.2666666805744171 0.03333333507180214 0.0
v 0.2666666805744171 0.0 0.0
v 0.23333334922790527 1.0 0.0
v 0.23333334922790527 0.9666666388511658 0.0
v 0.23333334922790527 0.9333333373069763 0.0
v 0.23333334922790527 0.8999999761581421 0.0
v 0.23333334922790527 0.8666666746139526 0.0
v 0.23333334922790527 0.8333333134651184 0.0
v 0.23333334922790527 0.800000011920929 0.0
v 0.23333334922790527 0.7666666507720947 0.0
v 0.23333334922790527 0.7333333492279053 0.0
v 0.23333334922790527 0.699999988079071 0.0
v 0.23333334922790527 0.6666666269302368 0.0
v 0.23333334922790527 0.6333333253860474 0.0
v 0.23333334922790527 0.5999999642372131 0.0
v 0.23333334922790527 0.5666666626930237 0.0
v 0.23333334922790527 0.5333333015441895 0.0
v 0.23333334922790527 0.5 0.0
v 0.23333334922790527 0.46666669845581055 0.0
v 0.23333334922790527 0.4333333671092987 0.0
v 0.23333334922790527 0.40000003576278687 0.0
v 0.23333334922790527 0.36666667461395264 0.0
v 0.23333334922790527 0.3333333432674408 0.0
v 0.23333334922790527 0.30000001192092896 0.0
v 0.23333334922790527 0.2666666805744171 0.0
v 0.23333334922790527 0.23333334922790527 0.0
v 0.23333334922790527 0.20000001788139343 0.0
v 0.23333334922790527 0.1666666716337204 0.0
v 0.23333334922790527 0.13333334028720856 0.0
v 0.23333334922790527 0.10000000894069672 0.0
v 0.23333334922790527 0.06666667014360428 0.0
v 0.23333334922790527 0.03333333507180214 0.0
v 0.23333334922790527 0.0 0.0
v 0.20000001788139343 1.0 0.0
v 0.20000001788139343 0.9666666388511658 0.0
v 0.20000001788139343 0.9333333373069763 0.0
v 0.20000001788139343 0.8999999761581421 0.0
v 0.20000001788139343 0.8666666746139526 0.0
v 0.20000001788139343 0.8333333134651184 0.0
v 0.20000001788139343 0.800000011920929 0.0
v 0.20000001788139343 0.7666666507720947 0.0
v 0.20000001788139343 0.7333333492279053 0.0
v 0.20000001788139343 0.699999988079071 0.0
v 0.20000001788139343 0.6666666269302368 0.0
v 0.20000001788139343 0.6333333253860474 0.0
v 0.20000001788139343 0.5999999642372131 0.0
v 0.20000001788139343 0.5666666626930237 0.0
v 0.20000001788139343 0.5333333015441895 0.0
v 0.20000001788139343 0.5 0.0
v 0.20000001788139343 0.46666669845581055 0.0
v 0.20000001788139343 0.4333333671092987 0.0
v 0.20000001788139343 0.40000003576278687 0.0
v 0.20000001788139343 0.36666667461395264 0.0
v 0.20000001788139343 0.3333333432674408 0.0
v 0.20000001788139343 0.30000001192092896 0.0
v 0.20000001788139343 0.2666666805744171 0.0
v 0.20000001788139343 0.23333334922790527 0.0
v 0.20000001788139343 0.20000001788139343 0.0
v 0.20000001788139343 0.1666666716337204 0.0
v 0.20000001788139343 0.13333334028720856 0.0
v 0.20000001788139343 0.10000000894069672 0.0
v 0.20000001788139343 0.06666667014360428 0.0
v 0.20000001788139343 0.03333333507180214 0.0
v 0.20000001788139343 0.0 0.0
v 0.1666666716337204 1.0 0.0
v 0.1666666716337204 0.9666666388511658 0.0
v 0.1666666716337204 0.9333333373069763 0.0
v 0.1666666716337204 0.8999999761581421 0.0
v 0.1666666716337204 0.8666666746139526 0.0
v 0.1666666716337204 0.8333333134651184 0.0
v 0.1666666716337204 0.800000011920929 0.0
v 0.1666666716337204 0.7666666507720947 0.0
v 0.1666666716337204 0.7333333492279053 0.0
v 0.1666666716337204 0.699999988079071 0.0
v 0.1666666716337204 0.6666666269302368 0.0
v 0.1666666716337204 0.6333333253860474 0.0
v 0.1666666716337204 0.5999999642372131 0.0
v 0.1666666716337204 0.5666666626930237 0.0
v 0.1666666716337204 0.5333333015441895 0.0
v 0.1666666716337204 0.5 0.0
v 0.1666666716337204 0.46666669845581055 0.0
v 0.1666666716337204 0.4333333671092987 0.0
v 0.1666666716337204 0.40000003576278687 0.0
v 0.1666666716337204 0.36666667461395264 0.0
v 0.1666666716337204 0.3333333432674408 0.0
v 0.1666666716337204 0.30000001192092896 0.0
v 0.1666666716337204 0.2666666805744171 0.0
v 0.1666666716337204 0.23333334922790527 0.0
v 0.1666666716337204 0.20000001788139343 0.0
v 0.1666666716337204 0.1666666716337204 0.0
v 0.1666666716337204 0.13333334028720856 0.0
v 0.1666666716337204 0.10000000894069672 0.0
v 0.1666666716337204 0.06666667014360428 0.0
v 0.1666666716337204 0.03333333507180214 0.0
v 0.1666666716337204 0.0 0.0
v 0.13333334028720856 1.0 0.0
v 0.13333334028720856 0.9666666388511658 0.0
v 0.13333334028720856 0.9333333373069763 0.0
v 0.13333334028720856 0.8999999761581421 0.0
v 0.13333334028720856 0.8666666746139526 0.0
v 0.13333334028720856 0.8333333134651184 0.0
v 0.13333334028720856 0.800000011920929 0.0
v 0.13333334028720856 0.7666666507720947 0.0
v 0.13333334028720856 0.7333333492279053 0.0
v 0.13333334028720856 0.699999988079071 0.0
v 0.13333334028720856 0.6666666269302368 0.0
v 0.13333334028720856 0.6333333253860474 0.0
v 0.13333334028720856 0.5999999642372131 0.0
v 0.13333334028720856 0.5666666626930237 0.0
v 0.13333334028720856 0.5333333015441895 0.0
v 0.13333334028720856 0.5 0.0
v 0.13333334028720856 0.46666669845581055 0.0
v 0.13333334028720856 0.4333333671092987 0.0
v 0.13333334028720856 0.40000003576278687 0.0
v 0.13333334028720856 0.36666667461395264 0.0
v 0.13333334028720856 0.3333333432674408 0.0
v 0.13333334028720856 0.30000001192092896 0.0
v 0.13333334028720856 0.2666666805744171 0.0
v 0.13333334028720856 0.23333334922790527 0.0
v 0.13333334028720856 0.20000001788139343 0.0
v 0.13333334028720856 0.1666666716337204 0.0
v 0.13333334028720856 0.13333334028720856 0.0
v 0.13333334028720856 0.10000000894069672 0.0
v 0.13333334028720856 0.06666667014360428 0.0
v 0.13333334028720856 0.03333333507180214 0.0
v 0.13333334028720856 0.0 0.0
v 0.10000000894069672 1.0 0.0
v 0.10000000894069672 0.9666666388511658 0.0
v 0.10000000894069672 0.9333333373069763 0.0
v 0.10000000894069672 0.8999999761581421 0.0
v 0.10000000894069672 0.8666666746139526 0.0
v 0.10000000894069672 0.8333333134651184 0.0
v 0.10000000894069672 0.800000011920929 0.0
v 0.10000000894069672 0.7666666507720947 0.0
v 0.10000000894069672 0.7333333492279053 0.0
v 0.10000000894069672 0.699999988079071 0.0
v 0.10000000894069672 0.6666666269302368 0.0
v 0.10000000894069672 0.6333333253860474 0.0
v 0.10000000894069672 0.5999999642372131 0.0
v 0.10000000894069672 0.5666666626930237 0.0
v 0.10000000894069672 0.5333333015441895 0.0
v 0.10000000894069672 0.5 0.0
v 0.10000000894069672 0.46666669845581055 0.0
v 0.10000000894069672 0.4333333671092987 0.0
v 0.10000000894069672 0.40000003576278687 0.0
v 0.10000000894069672 0.36666667461395264 0.0
v 0.10000000894069672 0.3333333432674408 0.0
v 0.10000000894069672 0.30000001192092896 0.0
v 0.10000000894069672 0.2666666805744171 0.0
v 0.10000000894069672 0.23333334922790527 0.0
v 0.10000000894069672 0.20000001788139343 0.0
v 0.10000000894069672 0.1666666716337204 0.0
v 0.10000000894069672 0.13333334028720856 0.0
v 0.10000000894069672 0.10000000894069672 0.0
v 0.10000000894069672 0.06666667014360428 0.0
v 0.10000000894069672 0.03333333507180214 0.0
v 0.10000000894069672 0.0 0.0
v 0.06666667014360428 1.0 0.0
v 0.06666667014360428 0.9666666388511658 0.0
v 0.06666667014360428 0.9333333373069763 0.0
v 0.06666667014360428 0.8999999761581421 0.0
v 0.06666667014360428 0.8666666746139526 0.0
v 0.06666667014360428 0.8333333134651184 0.0
v 0.06666667014360428 0.800000011920929 0.0
v 0.06666667014360428 0.7666666507720947 0.0
v 0.06666667014360428 0.7333333492279053 0.0
v 0.06666667014360428 0.699999988079071 0.0
v 0.06666667014360428 0.6666666269302368 0.0
v 0.06666667014360428 0.6333333253860474 0.0
v 0.06666667014360428 0.5999999642372131 0.0
v 0.06666667014360428 0.5666666626930237 0.0
v 0.06666667014360428 0.5333333015441895 0.0
v 0.06666667014360428 0.5 0.0
v 0.06666667014360428 0.46666669845581055 0.0
v 0.06666667014360428 0.4333333671092987 0.0
v 0.06666667014360428 0.40000003576278687 0.0
v 0.06666667014360428 0.36666667461395264 0.0
v 0.06666667014360428 0.3333333432674408 0.0
v 0.06666667014360428 0.30000001192092896 0.0
v 0.06666667014360428 0.2666666805744171 0.0
v 0.06666667014360428 0.23333334922790527 0.0
v 0.06666667014360428 0.20000001788139343 0.0
v 0.06666667014360428 0.1666666716337204 0.0
v 0.06666667014360428 0.13333334028720856 0.0
v 0.06666667014360428 0.10000000894069672 0.0
v 0.06666667014360428 0.06666667014360428 0.0
v 0.06666667014360428 0.03333333507180214 0.0
v 0.06666667014360428 0.0 0.0
v 0.03333333507180214 1.0 0.0
v 0.03333333507180214 0.9666666388511658 0.0
v 0.03333333507180214 0.9333333373069763 0.0
v 0.03333333507180214 0.8999999761581421 0.0
v 0.03333333507180214 0.8666666746139526 0.0
v 0.03333333507180214 0.8333333134651184 0.0
v 0.03333333507180214 0.800000011920929 0.0
v 0.03333333507180214 0.7666666507720947 0.0
v 0.03333333507180214 0.7333333492279053 0.0
v 0.03333333507180214 0.699999988079071 0.0
v 0.03333333507180214 0.6666666269302368 0.0
v 0.03333333507180214 0.6333333253860474 0.0
v 0.03333333507180214 0.5999999642372131 0.0
v 0.03333333507180214 0.5666666626930237 0.0
v 0.03333333507180214 0.5333333015441895 0.0
v 0.03333333507180214 0.5 0.0
v 0.03333333507180214 0.46666669845581055 0.0
v 0.03333333507180214 0.4333333671092987 0.0
v 0.03333333507180214 0.40000003576278687 0.0
v 0.03333333507180214 0.36666667461395264 0.0
v 0.03333333507180214 0.3333333432674408 0.0
v 0.03333333507180214 0.30000001192092896 0.0
v 0.03333333507180214 0.2666666805744171 0.0
v 0.03333333507180214 0.23333334922790527 0.0
v 0.03333333507180214 0.20000001788139343 0.0
v 0.03333333507180214 0.1666666716337204 0.0
v 0.03333333507180214 0.13333334028720856 0.0
v 0.03333333507180214 0.10000000894069672 0.0
v 0.03333333507180214 0.06666667014360428 0.0
v 0.03333333507180214 0.03333333507180214 0.0
v 0.03333333507180214 0.0 0.0
v 0.0 1.0 0.0
v 0.0 0.9666666388511658 0.0
v 0.0 0.9333333373069763 0.0
v 0.0 0.8999999761581421 0.0
v 0.0 0.8666666746139526 0.0
v 0.0 0.8333333134651184 0.0
v 0.0 0.800000011920929 0.0
v 0.0 0.7666666507720947 0.0
v 0.0 0.7333333492279053 0.0
v 0.0 0.699999988079071 0.0
v 0.0 0.6666666269302368 0.0
v 0.0 0.6333333253860474 0.0
v 0.0 0.5999999642372131 0.0
v 0.0 0.5666666626930237 0.0
v 0.0 0.5333333015441895 0.0
v 0.0 0.5 0.0
v 0.0 0.46666669845581055 0.0
v 0.0 0.4333333671092987 0.0
v 0.0 0.40000003576278687 0.0
v 0.0 0.36666667461395264 0.0
v 0.0 0.3333333432674408 0.0
v 0.0 0.30000001192092896 0.0
v 0.0 0.2666666805744171 0.0
v 0.0 0.23333334922790527 0.0
v 0.0 0.20000001788139343 0.0
v 0.0 0.1666666716337204 0.0
v 0.0 0.13333334028720856 0.0
v 0.0 0.10000000894069672 0.0
v 0.0 0.06666667014360428 0.0
v 0.0 0.03333333507180214 0.0
v 0.0 0.0 0.0
vt 1.0 1.0
vt 1.0 0.9666666388511658
vt 1.0 0.9333333373069763
vt 1.0 0.8999999761581421
vt 1.0 0.8666666746139526
vt 1.0 0.8333333134651184
vt 1.0 0.800000011920929
vt 1.0 0.7666666507720947
vt 1.0 0.7333333492279053
vt 1.0 0.699999988079071
vt 1.0 0.6666666269302368
vt 1.0 0.6333333253860474
vt 1.0 0.5999999642372131
vt 1.0 0.5666666626930237
vt 1.0 0.5333333015441895
vt 1.0 0.5
vt 1.0 0.46666669845581055
vt 1.0 0.4333333671092987
vt 1.0 0.40000003576278687
vt 1.0 0.36666667461395264
vt 1.0 0.3333333432674408
vt 1.0 0.30000001192092896
vt 1.0 0.2666666805744171
vt 1.0 0.23333334922790527
vt 1.0 0.20000001788139343
vt 1.0 0.1666666716337204
vt 1.0 0.13333334028720856
vt 1.0 0.10000000894069672
vt 1.0 0.06666667014360428
vt 1.0 0.03333333507180214
vt 1.0 0.0
vt 0.9666666388511658 1.0
vt 0.9666666388511658 0.9666666388511658
vt 0.9666666388511658 0.9333333373069763
vt 0.9666666388511658 0.8999999761581421
vt 0.9666666388511658 0.8666666746139526
vt 0.9666666388511658 0.8333333134651184
vt 0.9666666388511658 0.800000011920929
vt 0.9666666388511658 0.7666666507720947
vt 0.9666666388511658 0.7333333492279053
vt 0.9666666388511658 0.699999988079071
vt 0.9666666388511658 0.6666666269302368
vt 0.9666666388511658 0.6333333253860474
vt 0.9666666388511658 0.5999999642372131
vt 0.9666666388511658 0.5666666626930237
vt 0.9666666388511658 0.5333333015441895
vt 0.9666666388511658 0.5
vt 0.9666666388511658 0.46666669845581055
vt 0.9666666388511658 0.4333333671092987
vt 0.9666666388511658 0.40000003576278687
vt 0.9666666388511658 0.36666667461395264
vt 0.9666666388511658 0.3333333432674408
vt 0.9666666388511658 0.30000001192092896
vt 0.9666666388511658 0.2666666805744171
vt 0.9666666388511658 0.23333334922790527
vt 0.9666666388511658 0.20000001788139343
vt 0.9666666388511658 0.1666666716337204
vt 0.9666666388511658 0.13333334028720856
vt 0.9666666388511658 0.10000000894069672
vt 0.9666666388511658 0.06666667014360428
vt 0.9666666388511658 0.03333333507180214
vt 0.9666666388511658 0.0
vt 0.9333333373069763 1.0
vt 0.9333333373069763 0.9666666388511658
vt 0.9333333373069763 0.9333333373069763
vt 0.9333333373069763 0.8999999761581421
vt 0.9333333373069763 0.8666666746139526
vt 0.9333333373069763 0.8333333134651184
vt 0.9333333373069763 0.800000011920929
vt 0.9333333373069763 0.7666666507720947
vt 0.9333333373069763 0.7333333492279053
vt 0.9333333373069763 0.699999988079071
vt 0.9333333373069763 0.6666666269302368
vt 0.9333333373069763 0.6333333253860474
vt 0.9333333373069763 0.5999999642372131
vt 0.9333333373069763 0.5666666626930237
vt 0.9333333373069763 0.5333333015441895
vt 0.9333333373069763 0.5
vt 0.9333333373069763 0.46666669845581055
vt 0.9333333373069763 0.4333333671092987
vt 0.9333333373069763 0.40000003576278687
vt 0.9333333373069763 0.36666667461395264
vt 0.9333333373069763 0.3333333432674408
vt 0.9333333373069763 0.30000001192092896
vt 0.9333333373069763 0.2666666805744171
vt 0.9333333373069763 0.23333334922790527
vt 0.9333333373069763 0.20000001788139343
vt 0.9333333373069763 0.1666666716337204
vt 0.9333333373069763 0.13333334028720856
vt 0.9333333373069763 0.10000000894069672
vt 0.9333333373069763 0.06666667014360428
vt 0.9333333373069763 0.03333333507180214
vt 0.9333333373069763 0.0
vt 0.8999999761581421 1.0
vt 0.8999999761581421 0.9666666388511658
vt 0.8999999761581421 0.9333333373069763
vt 0.8999999761581421 0.8999999761581421
vt 0.8999999761581421 0.8666666746139526
vt 0.8999999761581421 0.8333333134651184
vt 0.8999999761581421 0.800000011920929
vt 0.8999999761581421 0.7666666507720947
vt 0.8999999761581421 0.7333333492279053
vt 0.8999999761581421 0.699999988079071
vt 0.8999999761581421 0.6666666269302368
vt 0.8999999761581421 0.6333333253860474
vt 0.8999999761581421 0.5999999642372131
vt 0.8999999761581421 0.5666666626930237
vt 0.8999999761581421 0.5333333015441895
vt 0.8999999761581421 0.5
vt 0.8999999761581421 0.46666669845581055
vt 0.8999999761581421 0.4333333671092987
vt 0.8999999761581421 0.40000003576278687
vt 0.8999999761581421 0.36666667461395264
vt 0.8999999761581421 0.3333333432674408
vt 0.8999999761581421 0.30000001192092896
vt 0.8999999761581421 0.2666666805744171
vt 0.8999999761581421 0.23333334922790527
vt 0.8999999761581421 0.20000001788139343
vt 0.8999999761581421 0.1666666716337204
vt 0.8999999761581421 0.13333334028720856
vt 0.8999999761581421 0.10000000894069672
vt 0.8999999761581421 0.06666667014360428
vt 0.8999999761581421 0.03333333507180214
vt 0.8999999761581421 0.0
vt 0.8666666746139526 1.0
vt 0.8666666746139526 0.9666666388511658
vt 0.8666666746139526 0.9333333373069763
vt 0.8666666746139526 0.8999999761581421
vt 0.8666666746139526 0.8666666746139526
vt 0.8666666746139526 0.8333333134651184
vt 0.8666666746139526 0.800000011920929
vt 0.8666666746139526 0.7666666507720947
vt 0.8666666746139526 0.7333333492279053
vt 0.8666666746139526 0.699999988079071
vt 0.8666666746139526 0.6666666269302368
vt 0.8666666746139526 0.6333333253860474
vt 0.8666666746139526 0.5999999642372131
vt 0.8666666746139526 0.5666666626930237
vt 0.8666666746139526 0.5333333015441895
vt 0.8666666746139526 0.5
vt 0.8666666746139526 0.46666669845581055
vt 0.8666666746139526 0.4333333671092987
vt 0.8666666746139526 0.40000003576278687
vt 0.8666666746139526 0.36666667461395264
vt 0.8666666746139526 0.3333333432674408
vt 0.8666666746139526 0.30000001192092896
vt 0.8666666746139526 0.2666666805744171
vt 0.8666666746139526 0.23333334922790527
vt 0.8666666746139526 0.20000001788139343
vt 0.8666666746139526 0.1666666716337204
vt 0.8666666746139526 0.13333334028720856
vt 0.8666666746139526 0.10000000894069672
vt 0.8666666746139526 0.06666667014360428
vt 0.8666666746139526 0.03333333507180214
vt 0.8666666746139526 0.0
vt 0.8333333134651184 1.0
vt 0.8333333134651184 0.9666666388511658
vt 0.8333333134651184 0.9333333373069763
vt 0.8333333134651184 0.8999999761581421
vt 0.8333333134651184 0.8666666746139526
vt 0.8333333134651184 0.8333333134651184
vt 0.8333333134651184 0.800000011920929
vt 0.8333333134651184 0.7666666507720947
vt 0.8333333134651184 0.7333333492279053
vt 0.8333333134651184 0.699999988079071
vt 0.8333333134651184 0.6666666269302368
vt 0.8333333134651184 0.6333333253860474
vt 0.8333333134651184 0.5999999642372131
vt 0.8333333134651184 0.5666666626930237
vt 0.8333333134651184 0.5333333015441895
vt 0.8333333134651184 0.5
vt 0.8333333134651184 0.46666669845581055
vt 0.8333333134651184 0.4333333671092987
vt 0.8333333134651184 0.40000003576278687
vt 0.8333333134651184 0.36666667461395264
vt 0.8333333134651184 0.3333333432674408
vt 0.8333333134651184 0.30000001192092896
vt 0.8333333134651184 0.2666666805744171
vt 0.8333333134651184 0.23333334922790527
vt 0.8333333134651184 0.20000001788139343
vt 0.8333333134651184 0.1666666716337204
vt 0.8333333134651184 0.13333334028720856
vt 0.8333333134651184 0.10000000894069672
vt 0.8333333134651184 0.06666667014360428
vt 0.8333333134651184 0.03333333507180214
vt 0.8333333134651184 0.0
vt 0.800000011920929 1.0
vt 0.800000011920929 0.9666666388511658
vt 0.800000011920929 0.9333333373069763
vt 0.800000011920929 0.8999999761581421
vt 0.800000011920929 0.8666666746139526
vt 0.800000011920929 0.8333333134651184
vt 0.800000011920929 0.800000011920929
vt 0.800000011920929 0.7666666507720947
vt 0.800000011920929 0.7333333492279053
vt 0.800000011920929 0.699999988079071
vt 0.800000011920929 0.6666666269302368
vt 0.800000011920929 0.6333333253860474
vt 0.800000011920929 0.5999999642372131
vt 0.800000011920929 0.5666666626930237
vt 0.800000011920929 0.5333333015441895
vt 0.800000011920929 0.5
vt 0.800000011920929 0.46666669845581055
vt 0.800000011920929 0.4333333671092987
vt 0.800000011920929 0.40000003576278687
vt 0.800000011920929 0.36666667461395264
vt 0.800000011920929 0.3333333432674408
vt 0.800000011920929 0.30000001192092896
vt 0.800000011920929 0.2666666805744171
vt 0.800000011920929 0.23333334922790527
vt 0.800000011920929 0.20000001788139343
vt 0.800000011920929 0.1666666716337204
vt 0.800000011920929 0.13333334028720856
vt 0.800000011920929 0.10000000894069672
vt 0.800000011920929 0.06666667014360428
vt 0.800000011920929 0.03333333507180214
vt 0.800000011920929 0.0
vt 0.7666666507720947 1.0
vt 0.7666666507720947 0.9666666388511658
vt 0.7666666507720947 0.9333333373069763
vt 0.7666666507720947 0.8999999761581421
vt 0.7666666507720947 0.8666666746139526
vt 0.7666666507720947 0.8333333134651184
vt 0.7666666507720947 0.800000011920929
vt 0.7666666507720947 0.7666666507720947
vt 0.7666666507720947 0.7333333492279053
vt 0.7666666507720947 0.699999988079071
vt 0.7666666507720947 0.6666666269302368
vt 0.7666666507720947 0.6333333253860474
vt 0.7666666507720947 0.5999999642372131
vt 0.7666666507720947 0.5666666626930237
vt 0.7666666507720947 0.5333333015441895
vt 0.7666666507720947 0.5
vt 0.7666666507720947 0.46666669845581055
vt 0.7666666507720947 0.4333333671092987
vt 0.7666666507720947 0.40000003576278687
vt 0.7666666507720947 0.36666667461395264
vt 0.7666666507720947 0.3333333432674408
vt 0.7666666507720947 0.30000001192092896
vt 0.7666666507720947 0.2666666805744171
vt 0.7666666507720947 0.23333334922790527
vt 0.7666666507720947 0.20000001788139343
vt 0.7666666507720947 0.1666666716337204
vt 0.7666666507720947 0.13333334028720856
vt 0.7666666507720947 0.10000000894069672
vt 0.7666666507720947 0.06666667014360428
vt 0.7666666507720947 0.03333333507180214
vt 0.7666666507720947 0.0
vt 0.7333333492279053 1.0
vt 0.7333333492279053 0.9666666388511658
vt 0.7333333492279053 0.9333333373069763
vt 0.7333333492279053 0.8999999761581421
vt 0.7333333492279053 0.8666666746139526
vt 0.7333333492279053 0.8333333134651184
vt 0.7333333492279053 0.800000011920929
vt 0.7333333492279053 0.7666666507720947
vt 0.7333333492279053 0.7333333492279053
vt 0.7333333492279053 0.699999988079071
vt 0.7333333492279053 0.6666666269302368
vt 0.7333333492279053 0.6333333253860474
vt 0.7333333492279053 0.5999999642372131
vt 0.7333333492279053 0.5666666626930237
vt 0.7333333492279053 0.5333333015441895
vt 0.7333333492279053 0.5
vt 0.7333333492279053 0.46666669845581055
vt 0.7333333492279053 0.4333333671092987
vt 0.7333333492279053 0.40000003576278687
vt 0.7333333492279053 0.36666667461395264
vt 0.7333333492279053 0.3333333432674408
vt 0.7333333492279053 0.30000001192092896
vt 0.7333333492279053 0.2666666805744171
vt 0.7333333492279053 0.23333334922790527
vt 0.7333333492279053 0.20000001788139343
vt 0.7333333492279053 0.1666666716337204
vt 0.7333333492279053 0.13333334028720856
vt 0.7333333492279053 0.10000000894069672
vt 0.7333333492279053 0.06666667014360428
vt 0.7333333492279053 0.03333333507180214
vt 0.7333333492279053 0.0
vt 0.699999988079071 1.0
vt 0.699999988079071 0.9666666388511658
vt 0.699999988079071 0.9333333373069763
vt 0.699999988079071 0.8999999761581421
vt 0.699999988079071 0.8666666746139526
vt 0.699999988079071 0.8333333134651184
vt 0.699999988079071 0.800000011920929
vt 0.699999988079071 0.7666666507720947
vt 0.699999988079071 0.7333333492279053
vt 0.699999988079071 0.699999988079071
vt 0.699999988079071 0.6666666269302368
vt 0.699999988079071 0.6333333253860474
vt 0.699999988079071 0.5999999642372131
vt 0.699999988079071 0.5666666626930237
vt 0.699999988079071 0.5333333015441895
vt 0.699999988079071 0.5
vt 0.699999988079071 0.46666669845581055
vt 0.699999988079071 0.4333333671092987
vt 0.699999988079071 0.40000003576278687
vt 0.699999988079071 0.36666667461395264
vt 0.699999988079071 0.3333333432674408
vt 0.699999988079071 0.30000001192092896
vt 0.699999988079071 0.2666666805744171
vt 0.699999988079071 0.23333334922790527
vt 0.699999988079071 0.20000001788139343
vt 0.699999988079071 0.1666666716337204
vt 0.699999988079071 0.13333334028720856
vt 0.699999988079071 0.10000000894069672
vt 0.699999988079071 0.06666667014360428
vt 0.699999988079071 0.03333333507180214
vt 0.699999988079071 0.0
vt 0.6666666269302368 1.0
vt 0.6666666269302368 0.9666666388511658
vt 0.6666666269302368 0.9333333373069763
vt 0.6666666269302368 0.8999999761581421
vt 0.6666666269302368 0.8666666746139526
vt 0.6666666269302368 0.8333333134651184
vt 0.6666666269302368 0.800000011920929
vt 0.6666666269302368 0.7666666507720947
vt 0.6666666269302368 0.7333333492279053
vt 0.6666666269302368 0.699999988079071
vt 0.6666666269302368 0.6666666269302368
vt 0.6666666269302368 0.6333333253860474
vt 0.6666666269302368 0.5999999642372131
vt 0.6666666269302368 0.5666666626930237
vt 0.6666666269302368 0.5333333015441895
vt 0.6666666269302368 0.5
vt 0.6666666269302368 0.46666669845581055
vt 0.6666666269302368 0.4333333671092987
vt 0.6666666269302368 0.40000003576278687
vt 0.6666666269302368 0.36666667461395264
vt 0.6666666269302368 0.3333333432674408
vt 0.6666666269302368 0.30000001192092896
vt 0.6666666269302368 0.2666666805744171
vt 0.6666666269302368 0.23333334922790527
vt 0.6666666269302368 0.20000001788139343
vt 0.6666666269302368 0.1666666716337204
vt 0.6666666269302368 0.13333334028720856
vt 0.6666666269302368 0.10000000894069672
vt 0.6666666269302368 0.06666667014360428
vt 0.6666666269302368 0.03333333507180214
vt 0.6666666269302368 0.0
vt 0.6333333253860474 1.0
vt 0.6333333253860474 0.9666666388511658
vt 0.6333333253860474 0.9333333373069763
vt 0.6333333253860474 0.8999999761581421
vt 0.6333333253860474 0.8666666746139526
vt 0.6333333253860474 0.8333333134651184
vt 0.6333333253860474 0.800000011920929
vt 0.6333333253860474 0.7666666507720947
vt 0.6333333253860474 0.7333333492279053
vt 0.6333333253860474 0.699999988079071
vt 0.6333333253860474 0.6666666269302368
vt 0.6333333253860474 0.6333333253860474
vt 0.6333333253860474 0.5999999642372131
vt 0.6333333253860474 0.5666666626930237
vt 0.6333333253860474 0.5333333015441895
vt 0.6333333253860474 0.5
vt 0.6333333253860474 0.46666669845581055
vt 0.6333333253860474 0.4333333671092987
vt 0.6333333253860474 0.40000003576278687
vt 0.6333333253860474 0.36666667461395264
vt 0.6333333253860474 0.3333333432674408
vt 0.6333333253860474 0.30000001192092896
vt 0.6333333253860474 0.2666666805744171
vt 0.6333333253860474 0.23333334922790527
vt 0.6333333253860474 0.20000001788139343
vt 0.6333333253860474 0.1666666716337204
vt 0.6333333253860474 0.13333334028720856
vt 0.6333333253860474 0.10000000894069672
vt 0.6333333253860474 0.06666667014360428
vt 0.6333333253860474 0.03333333507180214
vt 0.6333333253860474 0.0
vt 0.5999999642372131 1.0
vt 0.5999999642372131 0.9666666388511658
vt 0.5999999642372131 0.9333333373069763
vt 0.5999999642372131 0.8999999761581421
vt 0.5999999642372131 0.8666666746139526
vt 0.5999999642372131 0.8333333134651184
vt 0.5999999642372131 0.800000011920929
vt 0.5999999642372131 0.7666666507720947
vt 0.5999999642372131 0.7333333492279053
vt 0.5999999642372131 0.699999988079071
vt 0.5999999642372131 0.6666666269302368
vt 0.5999999642372131 0.6333333253860474
vt 0.5999999642372131 0.5999999642372131
vt 0.5999999642372131 0.5666666626930237
vt 0.5999999642372131 0.5333333015441895
vt 0.5999999642372131 0.5
vt 0.5999999642372131 0.46666669845581055
vt 0.5999999642372131 0.4333333671092987
vt 0.5999999642372131 0.40000003576278687
vt 0.5999999642372131 0.36666667461395264
vt 0.5999999642372131 0.3333333432674408
vt 0.5999999642372131 0.30000001192092896
vt 0.5999999642372131 0.2666666805744171
vt 0.5999999642372131 0.23333334922790527
vt 0.5999999642372131 0.20000001788139343
vt 0.5999999642372131 0.1666666716337204
vt 0.5999999642372131 0.13333334028720856
vt 0.5999999642372131 0.10000000894069672
vt 0.5999999642372131 0.06666667014360428
vt 0.5999999642372131 0.03333333507180214
vt 0.5999999642372131 0.0
vt 0.5666666626930237 1.0
vt 0.5666666626930237 0.9666666388511658
vt 0.5666666626930237 0.9333333373069763
vt 0.5666666626930237 0.8999999761581421
vt 0.5666666626930237 0.8666666746139526
vt 0.5666666626930237 0.8333333134651184
vt 0.5666666626930237 0.800000011920929
vt 0.5666666626930237 0.7666666507720947
vt 0.5666666626930237 0.7333333492279053
vt 0.5666666626930237 0.699999988079071
vt 0.5666666626930237 0.6666666269302368
vt 0.5666666626930237 0.6333333253860474
vt 0.5666666626930237 0.5999999642372131
vt 0.5666666626930237 0.5666666626930237
vt 0.5666666626930237 0.5333333015441895
vt 0.5666666626930237 0.5
vt 0.5666666626930237 0.46666669845581055
vt 0.5666666626930237 0.4333333671092987
vt 0.5666666626930237 0.40000003576278687
vt 0.5666666626930237 0.36666667461395264
vt 0.5666666626930237 0.3333333432674408
vt 0.5666666626930237 0.30000001192092896
vt 0.5666666626930237 0.2666666805744171
vt 0.5666666626930237 0.23333334922790527
vt 0.5666666626930237 0.20000001788139343
vt 0.5666666626930237 0.1666666716337204
vt 0.5666666626930237 0.13333334028720856
vt 0.5666666626930237 0.10000000894069672
vt 0.5666666626930237 0.06666667014360428
vt 0.5666666626930237 0.03333333507180214
vt 0.5666666626930237 0.0
vt 0.5333333015441895 1.0
vt 0.5333333015441895 0.9666666388511658
vt 0.5333333015441895 0.9333333373069763
vt 0.5333333015441895 0.8999999761581421
vt 0.5333333015441895 0.8666666746139526
vt 0.5333333015441895 0.8333333134651184
vt 0.5333333015441895 0.800000011920929
vt 0.5333333015441895 0.7666666507720947
vt 0.5333333015441895 0.7333333492279053
vt 0.5333333015441895 0.699999988079071
vt 0.5333333015441895 0.6666666269302368
vt 0.5333333015441895 0.6333333253860474
vt 0.5333333015441895 0.5999999642372131
vt 0.5333333015441895 0.5666666626930237
vt 0.5333333015441895 0.5333333015441895
vt 0.5333333015441895 0.5
vt 0.5333333015441895 0.46666669845581055
vt 0.5333333015441895 0.4333333671092987
vt 0.5333333015441895 0.40000003576278687
vt 0.5333333015441895 0.36666667461395264
vt 0.5333333015441895 0.3333333432674408
vt 0.5333333015441895 0.30000001192092896
vt 0.5333333015441895 0.2666666805744171
vt 0.5333333015441895 0.23333334922790527
vt 0.5333333015441895 0.20000001788139343
vt 0.5333333015441895 0.1666666716337204
vt 0.5333333015441895 0.13333334028720856
vt 0.5333333015441895 0.10000000894069672
vt 0.5333333015441895 0.06666667014360428
vt 0.5333333015441895 0.03333333507180214
vt 0.5333333015441895 0.0
vt 0.5 1.0
vt 0.5 0.9666666388511658
vt 0.5 0.9333333373069763
vt 0.5 0.8999999761581421
vt 0.5 0.8666666746139526
vt 0.5 0.8333333134651184
vt 0.5 0.800000011920929
vt 0.5 0.7666666507720947
vt 0.5 0.7333333492279053
vt 0.5 0.699999988079071
vt 0.5 0.6666666269302368
vt 0.5 0.6333333253860474
vt 0.5 0.5999999642372131
vt 0.5 0.5666666626930237
vt 0.5 0.5333333015441895
vt 0.5 0.5
vt 0.5 0.46666669845581055
vt 0.5 0.4333333671092987
vt 0.5 0.40000003576278687
vt 0.5 0.36666667461395264
vt 0.5 0.3333333432674408
vt 0.5 0.30000001192092896
vt 0.5 0.2666666805744171
vt 0.5 0.23333334922790527
vt 0.5 0.20000001788139343
vt 0.5 0.1666666716337204
vt 0.5 0.13333334028720856
vt 0.5 0.10000000894069672
vt 0.5 0.06666667014360428
vt 0.5 0.03333333507180214
vt 0.5 0.0
vt 0.46666669845581055 1.0
vt 0.46666669845581055 0.9666666388511658
vt 0.46666669845581055 0.9333333373069763
vt 0.46666669845581055 0.8999999761581421
vt 0.46666669845581055 0.8666666746139526
vt 0.46666669845581055 0.8333333134651184
vt 0.46666669845581055 0.800000011920929
vt 0.46666669845581055 0.7666666507720947
vt 0.46666669845581055 0.7333333492279053
vt 0.46666669845581055 0.699999988079071
vt 0.46666669845581055 0.6666666269302368
vt 0.46666669845581055 0.6333333253860474
vt 0.46666669845581055 0.5999999642372131
vt 0.46666669845581055 0.5666666626930237
vt 0.46666669845581055 0.5333333015441895
vt 0.46666669845581055 0.5
vt 0.46666669845581055 0.46666669845581055
vt 0.46666669845581055 0.4333333671092987
vt 0.46666669845581055 0.40000003576278687
vt 0.46666669845581055 0.36666667461395264
vt 0.46666669845581055 0.3333333432674408
vt 0.46666669845581055 0.30000001192092896
vt 0.46666669845581055 0.2666666805744171
vt 0.46666669845581055 0.23333334922790527
vt 0.46666669845581055 0.20000001788139343
vt 0.46666669845581055 0.1666666716337204
vt 0.46666669845581055 0.13333334028720856
vt 0.46666669845581055 0.10000000894069672
vt 0.46666669845581055 0.06666667014360428
vt 0.46666669845581055 0.03333333507180214
vt 0.46666669845581055 0.0
vt 0.4333333671092987 1.0
vt 0.4333333671092987 0.9666666388511658
vt 0.4333333671092987 0.9333333373069763
vt 0.4333333671092987 0.8999999761581421
vt 0.4333333671092987 0.8666666746139526
vt 0.4333333671092987 0.8333333134651184
vt 0.4333333671092987 0.800000011920929
vt 0.4333333671092987 0.7666666507720947
vt 0.4333333671092987 0.7333333492279053
vt 0.4333333671092987 0.699999988079071
vt 0.4333333671092987 0.6666666269302368
vt 0.4333333671092987 0.6333333253860474
vt 0.4333333671092987 0.5999999642372131
vt 0.4333333671092987 0.5666666626930237
vt 0.4333333671092987 0.5333333015441895
vt 0.4333333671092987 0.5
vt 0.4333333671092987 0.46666669845581055
vt 0.4333333671092987 0.4333333671092987
vt 0.4333333671092987 0.40000003576278687
vt 0.4333333671092987 0.36666667461395264
vt 0.4333333671092987 0.3333333432674408
vt 0.4333333671092987 0.30000001192092896
vt 0.4333333671092987 0.2666666805744171
vt 0.4333333671092987 0.23333334922790527
vt 0.4333333671092987 0.20000001788139343
vt 0.4333333671092987 0.1666666716337204
vt 0.4333333671092987 0.13333334028720856
vt 0.4333333671092987 0.10000000894069672
vt 0.4333333671092987 0.06666667014360428
vt 0.4333333671092987 0.03333333507180214
vt 0.4333333671092987 0.0
vt 0.40000003576278687 1.0
vt 0.40000003576278687 0.9666666388511658
vt 0.40000003576278687 0.9333333373069763
vt 0.40000003576278687 0.8999999761581421
vt 0.40000003576278687 0.8666666746139526
vt 0.40000003576278687 0.8333333134651184
vt 0.40000003576278687 0.800000011920929
vt 0.40000003576278687 0.7666666507720947
vt 0.40000003576278687 0.7333333492279053
vt 0.40000003576278687 0.699999988079071
vt 0.40000003576278687 0.6666666269302368
vt 0.40000003576278687 0.6333333253860474
vt 0.40000003576278687 0.5999999642372131
vt 0.40000003576278687 0.5666666626930237
vt 0.40000003576278687 0.5333333015441895
vt 0.40000003576278687 0.5
vt 0.40000003576278687 0.46666669845581055
vt 0.40000003576278687 0.4333333671092987
vt 0.40000003576278687 0.40000003576278687
vt 0.40000003576278687 0.36666667461395264
vt 0.40000003576278687 0.3333333432674408
vt 0.40000003576278687 0.30000001192092896
vt 0.40000003576278687 0.2666666805744171
vt 0.40000003576278687 0.23333334922790527
vt 0.40000003576278687 0.20000001788139343
vt 0.40000003576278687 0.1666666716337204
vt 0.40000003576278687 0.13333334028720856
vt 0.40000003576278687 0.10000000894069672
vt 0.40000003576278687 0.06666667014360428
vt 0.40000003576278687 0.03333333507180214
vt 0.40000003576278687 0.0
vt 0.36666667461395264 1.0
vt 0.36666667461395264 0.9666666388511658
vt 0.36666667461395264 0.9333333373069763
vt 0.36666667461395264 0.8999999761581421
vt 0.36666667461395264 0.8666666746139526
vt 0.36666667461395264 0.8333333134651184
vt 0.36666667461395264 0.800000011920929
vt 0.36666667461395264 0.7666666507720947
vt 0.36666667461395264 0.7333333492279053
vt 0.36666667461395264 0.699999988079071
vt 0.36666667461395264 0.6666666269302368
vt 0.36666667461395264 0.6333333253860474
vt 0.36666667461395264 0.5999999642372131
vt 0.36666667461395264 0.5666666626930237
vt 0.36666667461395264 0.5333333015441895
vt 0.36666667461395264 0.5
vt 0.36666667461395264 0.46666669845581055
vt 0.36666667461395264 0.4333333671092987
vt 0.36666667461395264 0.40000003576278687
vt 0.36666667461395264 0.36666667461395264
vt 0.36666667461395264 0.3333333432674408
vt 0.36666667461395264 0.30000001192092896
vt 0.36666667461395264 0.2666666805744171
vt 0.36666667461395264 0.23333334922790527
vt 0.36666667461395264 0.20000001788139343
vt 0.36666667461395264 0.1666666716337204
vt 0.36666667461395264 0.13333334028720856
vt 0.36666667461395264 0.10000000894069672
vt 0.36666667461395264 0.06666667014360428
vt 0.36666667461395264 0.03333333507180214
vt 0.36666667461395264 0.0
vt 0.3333333432674408 1.0
vt 0.3333333432674408 0.9666666388511658
vt 0.3333333432674408 0.9333333373069763
vt 0.3333333432674408 0.8999999761581421
vt 0.3333333432674408 0.8666666746139526
vt 0.3333333432674408 0.8333333134651184
vt 0.3333333432674408 0.800000011920929
vt 0.3333333432674408 0.7666666507720947
vt 0.3333333432674408 0.7333333492279053
vt 0.3333333432674408 0.699999988079071
vt 0.3333333432674408 0.6666666269302368
vt 0.3333333432674408 0.6333333253860474
vt 0.3333333432674408 0.5999999642372131
vt 0.3333333432674408 0.5666666626930237
vt 0.3333333432674408 0.5333333015441895
vt 0.3333333432674408 0.5
vt 0.3333333432674408 0.46666669845581055
vt 0.3333333432674408 0.4333333671092987
vt 0.3333333432674408 0.40000003576278687
vt 0.3333333432674408 0.36666667461395264
vt 0.3333333432674408 0.3333333432674408
vt 0.3333333432674408 0.30000001192092896
vt 0.3333333432674408 0.2666666805744171
vt 0.3333333432674408 0.23333334922790527
vt 0.3333333432674408 0.20000001788139343
vt 0.3333333432674408 0.1666666716337204
vt 0.3333333432674408 0.13333334028720856
vt 0.3333333432674408 0.10000000894069672
vt 0.3333333432674408 0.06666667014360428
vt 0.3333333432674408 0.03333333507180214
vt 0.3333333432674408 0.0
vt 0.30000001192092896 1.0
vt 0.30000001192092896 0.9666666388511658
vt 0.30000001192092896 0.9333333373069763
vt 0.30000001192092896 0.8999999761581421
vt 0.30000001192092896 0.8666666746139526
vt 0.30000001192092896 0.8333333134651184
vt 0.30000001192092896 0.800000011920929
vt 0.30000001192092896 0.7666666507720947
vt 0.30000001192092896 0.7333333492279053
vt 0.30000001192092896 0.699999988079071
vt 0.30000001192092896 0.6666666269302368
vt 0.30000001192092896 0.6333333253860474
vt 0.30000001192092896 0.5999999642372131
vt 0.30000001192092896 0.5666666626930237
vt 0.30000001192092896 0.5333333015441895
vt 0.30000001192092896 0.5
vt 0.30000001192092896 0.46666669845581055
vt 0.30000001192092896 0.4333333671092987
vt 0.30000001192092896 0.40000003576278687
vt 0.30000001192092896 0.36666667461395264
vt 0.30000001192092896 0.3333333432674408
vt 0.30000001192092896 0.30000001192092896
vt 0.30000001192092896 0.2666666805744171
vt 0.30000001192092896 0.23333334922790527
vt 0.30000001192092896 0.20000001788139343
vt 0.30000001192092896 0.1666666716337204
vt 0.30000001192092896 0.13333334028720856
vt 0.30000001192092896 0.10000000894069672
vt 0.30000001192092896 0.06666667014360428
vt 0.30000001192092896 0.03333333507180214
vt 0.30000001192092896 0.0
vt 0.2666666805744171 1.0
vt 0.2666666805744171 0.9666666388511658
vt 0.2666666805744171 0.9333333373069763
vt 0.2666666805744171 0.8999999761581421
vt 0.2666666805744171 0.8666666746139526
vt 0.2666666805744171 0.8333333134651184
vt 0.2666666805744171 0.800000011920929
vt 0.2666666805744171 0.7666666507720947
vt 0.2666666805744171 0.7333333492279053
vt 0.2666666805744171 0.699999988079071
vt 0.2666666805744171 0.6666666269302368
vt 0.2666666805744171 0.6333333253860474
vt 0.2666666805744171 0.5999999642372131
vt 0.2666666805744171 0.5666666626930237
vt 0.2666666805744171 0.5333333015441895
vt 0.2666666805744171 0.5
vt 0.2666666805744171 0.46666669845581055
vt 0.2666666805744171 0.4333333671092987
vt 0.2666666805744171 0.40000003576278687
vt 0.2666666805744171 0.36666667461395264
vt 0.2666666805744171 0.3333333432674408
vt 0.2666666805744171 0.30000001192092896
vt 0.2666666805744171 0.2666666805744171
vt 0.2666666805744171 0.23333334922790527
vt 0.2666666805744171 0.20000001788139343
vt 0.2666666805744171 0.1666666716337204
vt 0.2666666805744171 0.13333334028720856
vt 0.2666666805744171 0.10000000894069672
vt 0.2666666805744171 0.06666667014360428
vt 0.2666666805744171 0.03333333507180214
vt 0.2666666805744171 0.0
vt 0.23333334922790527 1.0
vt 0.23333334922790527 0.9666666388511658
vt 0.23333334922790527 0.9333333373069763
vt 0.23333334922790527 0.8999999761581421
vt 0.23333334922790527 0.8666666746139526
vt 0.23333334922790527 0.8333333134651184
vt 0.23333334922790527 0.800000011920929
vt 0.23333334922790527 0.7666666507720947
vt 0.23333334922790527 0.7333333492279053
vt 0.23333334922790527 0.699999988079071
vt 0.23333334922790527 0.6666666269302368
vt 0.23333334922790527 0.6333333253860474
vt 0.23333334922790527 0.5999999642372131
vt 0.23333334922790527 0.5666666626930237
vt 0.23333334922790527 0.5333333015441895
vt 0.23333334922790527 0.5
vt 0.23333334922790527 0.46666669845581055
vt 0.23333334922790527 0.4333333671092987
vt 0.23333334922790527 0.40000003576278687
vt 0.23333334922790527 0.36666667461395264
vt 0.23333334922790527 0.3333333432674408
vt 0.23333334922790527 0.30000001192092896
vt 0.23333334922790527 0.2666666805744171
vt 0.23333334922790527 0.23333334922790527
vt 0.23333334922790527 0.20000001788139343
vt 0.23333334922790527 0.1666666716337204
vt 0.23333334922790527 0.13333334028720856
vt 0.23333334922790527 0.10000000894069672
vt 0.23333334922790527 0.06666667014360428
vt 0.23333334922790527 0.03333333507180214
vt 0.23333334922790527 0.0
vt 0.20000001788139343 1.0
vt 0.20000001788139343 0.9666666388511658
vt 0.20000001788139343 0.9333333373069763
vt 0.20000001788139343 0.8999999761581421
vt 0.20000001788139343 0.8666666746139526
vt 0.20000001788139343 0.8333333134651184
vt 0.20000001788139343 0.800000011920929
vt 0.20000001788139343 0.7666666507720947
vt 0.20000001788139343 0.7333333492279053
vt 0.20000001788139343 0.699999988079071
vt 0.20000001788139343 0.6666666269302368
vt 0.20000001788139343 0.6333333253860474
vt 0.20000001788139343 0.5999999642372131
vt 0.20000001788139343 0.5666666626930237
vt 0.20000001788139343 0.5333333015441895
vt 0.20000001788139343 0.5
vt 0.20000001788139343 0.46666669845581055
vt 0.20000001788139343 0.4333333671092987
vt 0.20000001788139343 0.40000003576278687
vt 0.20000001788139343 0.36666667461395264
vt 0.20000001788139343 0.3333333432674408
vt 0.20000001788139343 0.30000001192092896
vt 0.20000001788139343 0.2666666805744171
vt 0.20000001788139343 0.23333334922790527
vt 0.20000001788139343 0.20000001788139343
vt 0.20000001788139343 0.1666666716337204
vt 0.20000001788139343 0.13333334028720856
vt 0.20000001788139343 0.10000000894069672
vt 0.20000001788139343 0.06666667014360428
vt 0.20000001788139343 0.03333333507180214
vt 0.20000001788139343 0.0
vt 0.1666666716337204 1.0
vt 0.1666666716337204 0.9666666388511658
vt 0.1666666716337204 0.9333333373069763
vt 0.1666666716337204 0.8999999761581421
vt 0.1666666716337204 0.8666666746139526
vt 0.1666666716337204 0.8333333134651184
vt 0.1666666716337204 0.800000011920929
vt 0.1666666716337204 0.7666666507720947
vt 0.1666666716337204 0.7333333492279053
vt 0.1666666716337204 0.699999988079071
vt 0.1666666716337204 0.6666666269302368
vt 0.1666666716337204 0.6333333253860474
vt 0.1666666716337204 0.5999999642372131
vt 0.1666666716337204 0.5666666626930237
vt 0.1666666716337204 0.5333333015441895
vt 0.1666666716337204 0.5
vt 0.1666666716337204 0.46666669845581055
vt 0.1666666716337204 0.4333333671092987
vt 0.1666666716337204 0.40000003576278687
vt 0.1666666716337204 0.36666667461395264
vt 0.1666666716337204 0.3333333432674408
vt 0.1666666716337204 0.30000001192092896
vt 0.1666666716337204 0.2666666805744171
vt 0.1666666716337204 0.23333334922790527
vt 0.1666666716337204 0.20000001788139343
vt 0.1666666716337204 0.1666666716337204
vt 0.1666666716337204 0.13333334028720856
vt 0.1666666716337204 0.10000000894069672
vt 0.1666666716337204 0.06666667014360428
vt 0.1666666716337204 0.03333333507180214
vt 0.1666666716337204 0.0
vt 0.13333334028720856 1.0
vt 0.13333334028720856 0.9666666388511658
vt 0.13333334028720856 0.9333333373069763
vt 0.13333334028720856 0.8999999761581421
vt 0.13333334028720856 0.8666666746139526
vt 0.13333334028720856 0.8333333134651184
vt 0.13333334028720856 0.800000011920929
vt 0.13333334028720856 0.7666666507720947
vt 0.13333334028720856 0.7333333492279053
vt 0.13333334028720856 0.699999988079071
vt 0.13333334028720856 0.6666666269302368
vt 0.13333334028720856 0.6333333253860474
vt 0.13333334028720856 0.5999999642372131
vt 0.13333334028720856 0.5666666626930237
vt 0.13333334028720856 0.5333333015441895
vt 0.13333334028720856 0.5
vt 0.13333334028720856 0.46666669845581055
vt 0.13333334028720856 0.4333333671092987
vt 0.13333334028720856 0.40000003576278687
vt 0.13333334028720856 0.36666667461395264
vt 0.13333334028720856 0.3333333432674408
vt 0.13333334028720856 0.30000001192092896
vt 0.13333334028720856 0.2666666805744171
vt 0.13333334028720856 0.23333334922790527
vt 0.13333334028720856 0.20000001788139343
vt 0.13333334028720856 0.1666666716337204
vt 0.13333334028720856 0.13333334028720856
vt 0.13333334028720856 0.10000000894069672
vt 0.13333334028720856 0.06666667014360428
vt 0.13333334028720856 0.03333333507180214
vt 0.13333334028720856 0.0
vt 0.10000000894069672 1.0
vt 0.10000000894069672 0.9666666388511658
vt 0.10000000894069672 0.9333333373069763
vt 0.10000000894069672 0.8999999761581421
vt 0.10000000894069672 0.8666666746139526
vt 0.10000000894069672 0.8333333134651184
vt 0.10000000894069672 0.800000011920929
vt 0.10000000894069672 0.7666666507720947
vt 0.10000000894069672 0.7333333492279053
vt 0.10000000894069672 0.699999988079071
vt 0.10000000894069672 0.6666666269302368
vt 0.10000000894069672 0.6333333253860474
vt 0.10000000894069672 0.5999999642372131
vt 0.10000000894069672 0.5666666626930237
vt 0.10000000894069672 0.5333333015441895
vt 0.10000000894069672 0.5
vt 0.10000000894069672 0.46666669845581055
vt 0.10000000894069672 0.4333333671092987
vt 0.10000000894069672 0.40000003576278687
vt 0.10000000894069672 0.36666667461395264
vt 0.10000000894069672 0.3333333432674408
vt 0.10000000894069672 0.30000001192092896
vt 0.10000000894069672 0.2666666805744171
vt 0.10000000894069672 0.23333334922790527
vt 0.10000000894069672 0.20000001788139343
vt 0.10000000894069672 0.1666666716337204
vt 0.10000000894069672 0.13333334028720856
vt 0.10000000894069672 0.10000000894069672
vt 0.10000000894069672 0.06666667014360428
vt 0.10000000894069672 0.03333333507180214
vt 0.10000000894069672 0.0
vt 0.06666667014360428 1.0
vt 0.06666667014360428 0.9666666388511658
vt 0.06666667014360428 0.9333333373069763
vt 0.06666667014360428 0.8999999761581421
vt 0.06666667014360428 0.8666666746139526
vt 0.06666667014360428 0.8333333134651184
vt 0.06666667014360428 0.800000011920929
vt 0.06666667014360428 0.7666666507720947
vt 0.06666667014360428 0.7333333492279053
vt 0.06666667014360428 0.699999988079071
vt 0.06666667014360428 0.6666666269302368
vt 0.06666667014360428 0.6333333253860474
vt 0.06666667014360428 0.5999999642372131
vt 0.06666667014360428 0.5666666626930237
vt 0.06666667014360428 0.5333333015441895
vt 0.06666667014360428 0.5
vt 0.06666667014360428 0.46666669845581055
vt 0.06666667014360428 0.4333333671092987
vt 0.06666667014360428 0.40000003576278687
vt 0.06666667014360428 0.36666667461395264
vt 0.06666667014360428 0.3333333432674408
vt 0.06666667014360428 0.30000001192092896
vt 0.06666667014360428 0.2666666805744171
vt 0.06666667014360428 0.23333334922790527
vt 0.06666667014360428 0.20000001788139343
vt 0.06666667014360428 0.1666666716337204
vt 0.06666667014360428 0.13333334028720856
vt 0.06666667014360428 0.10000000894069672
vt 0.06666667014360428 0.06666667014360428
vt 0.06666667014360428 0.03333333507180214
vt 0.06666667014360428 0.0
vt 0.03333333507180214 1.0
vt 0.03333333507180214 0.9666666388511658
vt 0.03333333507180214 0.9333333373069763
vt 0.03333333507180214 0.8999999761581421
vt 0.03333333507180214 0.8666666746139526
vt 0.03333333507180214 0.8333333134651184
vt 0.03333333507180214 0.800000011920929
vt 0.03333333507180214 0.7666666507720947
vt 0.03333333507180214 0.7333333492279053
vt 0.03333333507180214 0.699999988079071
vt 0.03333333507180214 0.6666666269302368
vt 0.03333333507180214 0.6333333253860474
vt 0.03333333507180214 0.5999999642372131
vt 0.03333333507180214 0.5666666626930237
vt 0.03333333507180214 0.5333333015441895
vt 0.03333333507180214 0.5
vt 0.03333333507180214 0.46666669845581055
vt 0.03333333507180214 0.4333333671092987
vt 0.03333333507180214 0.40000003576278687
vt 0.03333333507180214 0.36666667461395264
vt 0.03333333507180214 0.3333333432674408
vt 0.03333333507180214 0.30000001192092896
vt 0.03333333507180214 0.2666666805744171
vt 0.03333333507180214 0.23333334922790527
vt 0.03333333507180214 0.20000001788139343
vt 0.03333333507180214 0.1666666716337204
vt 0.03333333507180214 0.13333334028720856
vt 0.03333333507180214 0.10000000894069672
vt 0.03333333507180214 0.06666667014360428
vt 0.03333333507180214 0.03333333507180214
vt 0.03333333507180214 0.0
vt 0.0 1.0
vt 0.0 0.9666666388511658
vt 0.0 0.9333333373069763
vt 0.0 0.8999999761581421
vt 0.0 0.8666666746139526
vt 0.0 0.8333333134651184
vt 0.0 0.800000011920929
vt 0.0 0.7666666507720947
vt 0.0 0.7333333492279053
vt 0.0 0.699999988079071
vt 0.0 0.6666666269302368
vt 0.0 0.6333333253860474
vt 0.0 0.5999999642372131
vt 0.0 0.5666666626930237
vt 0.0 0.5333333015441895
vt 0.0 0.5
vt 0.0 0.46666669845581055
vt 0.0 0.4333333671092987
vt 0.0 0.40000003576278687
vt 0.0 0.36666667461395264
vt 0.0 0.3333333432674408
vt 0.0 0.30000001192092896
vt 0.0 0.2666666805744171
vt 0.0 0.23333334922790527
vt 0.0 0.20000001788139343
vt 0.0 0.1666666716337204
vt 0.0 0.13333334028720856
vt 0.0 0.10000000894069672
vt 0.0 0.06666667014360428
vt 0.0 0.03333333507180214
vt 0.0 0.0
f 1/1 32/32 33/33 2/2
f 2/2 33/33 34/34 3/3
f 3/3 34/34 35/35 4/4
f 4/4 35/35 36/36 5/5
f 5/5 36/36 37/37 6/6
f 6/6 37/37 38/38 7/7
f 7/7 38/38 39/39 8/8
f 8/8 39/39 40/40 9/9
f 9/9 40/40 41/41 10/10
f 10/10 41/41 42/42 11/11
f 11/11 42/42 43/43 12/12
f 12/12 43/43 44/44 13/13
f 13/13 44/44 45/45 14/14
f 14/14 45/45 46/46 15/15
f 15/15 46/46 47/47 16/16
f 16/16 47/47 48/48 17/17
f 17/17 48/48 49/49 18/18
f 18/18 49/49 50/50 19/19
f 19/19 50/50 51/51 20/20
f 20/20 51/51 52/52 21/21
f 21/21 52/52 53/53 22/22
f 22/22 53/53 54/54 23/23
f 23/23 54/54 55/55 24/24
f 24/24 55/55 56/56 25/25
f 25/25 56/56 57/57 26/26
f 26/26 57/57 58/58 27/27
f 27/27 58/58 59/59 28/28
f 28/28 59/59 60/60 29/29
f 29/29 60/60 61/61 30/30
f 30/30 61/61 62/62 31/31
f 32/32 63/63 64/64 33/33
f 33/33 64/64 65/65 34/34
f 34/34 65/65 66/66 35/35
f 35/35 66/66 67/67 36/36
f 36/36 67/67 68/68 37/37
f 37/37 68/68 69/69 38/38
f 38/38 69/69 70/70 39/39
f 39/39 70/70 71/71 40/40
f 40/40 71/71 72/72 41/41
f 41/41 72/72 73/73 42/42
f 42/42 73/73 74/74 43/43
f 43/43 74/74 75/75 44/44
f 44/44 75/75 76/76 45/45
f 45/45 76/76 77/77 46/46
f 46/46 77/77 78/78 47/47
f 47/47 78/78 79/79 48/48
f 48/48 79/79 80/80 49/49
f 49/49 80/80 81/81 50/50
f 50/50 81/81 82/82 51/51
f 51/51 82/82 83/83 52/52
f 52/52 83/83 84/84 53/53
f 53/53 84/84 85/85 54/54
f 54/54 85/85 86/86 55/55
f 55/55 86/86 87/87 56/56
f 56/56 87/87 88/88 57/57
f 57/57 88/88 89/89 58/58
f 58/58 89/89 90/90 59/59
f 59/59 90/90 91/91 60/60
f 60/60 91/91 92/92 61/61
f 61/61 92/92 93/93 62/62
f 63/63 94/94 95/95 64/64
f 64/64 95/95 96/96 65/65
f 65/65 96/96 97/97 66/66
f 66/66 97/97 98/98 67/67
f 67/67 98/98 99/99 68/68
f 68/68 99/99 100/100 69/69
f 69/69 100/100 101/101 70/70
f 70/70 101/101 102/102 71/71
f 71/71 102/102 103/103 72/72
f 72/72 103/103 104/104 73/73
f 73/73 104/104 105/105 74/74
f 74/74 105/105 106/106 75/75
f 75/75 106/106 107/107 76/76
f 76/76 107/107 108/108 77/77
f 77/77 108/108 109/109 78/78
f 78/78 109/109 110/110 79/79
f 79/79 110/110 111/111 80/80
f 80/80 111/111 112/112 81/81
f 81/81 112/112 113/113 82/82
f 82/82 113/113 114/114 83/83
f 83/83 114/114 115/115 84/84
f 84/84 115/115 116/116 85/85
f 85/85 116/116 117/117 86/86
f 86/86 117/117 118/118 87/87
f 87/87 118/118 119/119 88/88
f 88/88 119/119 120/120 89/89
f 89/89 120/120 121/121 90/90
f 90/90 121/121 122/122 91/91
f 91/91 122/122 123/123 92/92
f 92/92 123/123 124/124 93/93
f 94/94 125/125 126/126 95/95
f 95/95 126/126 127/127 96/96
f 96/96 127/127 128/128 97/97
f 97/97 128/128 129/129 98/98
f 98/98 129/129 130/130 99/99
f 99/99 130/130 131/131 100/100
f 100/100 131/131 132/132 101/101
f 101/101 132/132 133/133 102/102
f 102/102 133/133 134/134 103/103
f 103/103 134/134 135/135 104/104
f 104/104 135/135 136/136 105/105
f 105/105 136/136 137/137 106/106
f 106/106 137/137 138/138 107/107
f 107/107 138/138 139/139 108/108
f 108/108 139/139 140/140 109/109
f 109/109 140/140 141/141 110/110
f 110/110 141/141 142/142 111/111
f 111/111 142/142 143/143 112/112
f 112/112 143/143 144/144 113/113
f 113/113 144/144 145/145 114/114
f 114/114 145/145 146/146 115/115
f 115/115 146/146 147/147 116/116
f 116/116 147/147 148/148 117/117
f 117/117 148/148 149/149 118/118
f 118/118 149/149 150/150 119/119
f 119/119 150/150 151/151 120/120
f 120/120 151/151 152/152 121/121
f 121/121 152/152 153/153 122/122
f 122/122 153/153 154/154 123/123
f 123/123 154/154 155/155 124/124
f 125/125 156/156 157/157 126/126
f 126/126 157/157 158/158 127/127
f 127/127 158/158 159/159 128/128
f 128/128 159/159 160/160 129/129
f 129/129 160/160 161/161 130/130
f 130/130 161/161 162/162 131/131
f 131/131 162/162 163/163 132/132
f 132/132 163/163 164/164 133/133
f 133/133 164/164 165/165 134/134
f 134/134 165/165 166/166 135/135
f 135/135 166/166 167/167 136/136
f 136/136 167/167 168/168 137/137
f 137/137 168/168 169/169 138/138
f 138/138 169/169 170/170 139/139
f 139/139 170/170 171/171 140/140
f 140/140 171/171 172/172 141/141
f 141/141 172/172 173/173 142/142
f 142/142 173/173 174/174 143/143
f 143/143 174/174 175/175 144/144
f 144/144 175/175 176/176 145/145
f 145/145 176/176 177/177 146/146
f 146/146 177/177 178/178 147/147
f 147/147 178/178 179/179 148/148
f 148/148 179/179 180/180 149/149
f 149/149 180/180 181/181 150/150
f 150/150 181/181 182/182 151/151
f 151/151 182/182 183/183 152/152
f 152/152 183/183 184/184 153/153
f 153/153 184/184 185/185 154/154
f 154/154 185/185 186/186 155/155
f 156/156 187/187 188/188 157/157
f 157/157 188/188 189/189 158/158
f 158/158 189/189 190/190 159/159
f 159/159 190/190 191/191 160/160
f 160/160 191/191 192/192 161/161
f 161/161 192/192 193/193 162/162
f 162/162 193/193 194/194 163/163
f 163/163 194/194 195/195 164/164
f 164/164 195/195 196/196 165/165
f 165/165 196/196 197/197 166/166
f 166/166 197/197 198/198 167/167
f 167/167 198/198 199/199 168/168
f 168/168 199/199 200/200 169/169
f 169/169 200/200 201/201 170/170
f 170/170 201/201 202/202 171/171
f 171/171 202/202 203/203 172/172
f 172/172 203/203 204/204 173/173
f 173/173 204/204 205/205 174/174
f 174/174 205/205 206/206 175/175
f 175/175 206/206 207/207 176/176
f 176/176 207/207 208/208 177/177
f 177/177 208/208 209/209 178/178
f 178/178 209/209 210/210 179/179
f 179/179 210/210 211/211 180/180
f 180/180 211/211 212/212 181/181
f 181/181 212/212 213/213 182/182
f 182/182 213/213 214/214 183/183
f 183/183 214/214 215/215 184/184
f 184/184 215/215 216/216 185/185
f 185/185 216/216 217/217 186/186
f 187/187 218/218 219/219 188/188
f 188/188 219/219 220/220 189/189
f 189/189 220/220 221/221 190/190
f 190/190 221/221 222/222 191/191
f 191/191 222/222 223/223 192/192
f 192/192 223/223 224/224 193/193
f 193/193 224/224 225/225 194/194
f 194/194 225/225 226/226 195/195
f 195/195 226/226 227/227 196/196
f 196/196 227/227 228/228 197/197
f 197/197 228/228 229/229 198/198
f 198/198 229/229 230/230 199/199
f 199/199 230/230 231/231 200/200
f 200/200 231/231 232/232 201/201
f 201/201 232/232 233/233 202/202
f 202/202 233/233 234/234 203/203
f 203/203 234/234 235/235 204/204
f 204/204 235/235 236/236 205/205
f 205/205 236/236 237/237 206/206
f 206/206 237/237 238/238 207/207
f 207/207 238/238 239/239 208/208
f 208/208 239/239 240/240 209/209
f 209/209 240/240 241/241 210/210
f 210/210 241/241 242/242 211/211
f 211/211 242/242 243/243 212/212
f 212/212 243/243 244/244 213/213
f 213/213 244/244 245/245 214/214
f 214/214 245/245 246/246 215/215
f 215/215 246/246 247/247 216/216
f 216/216 247/247 248/248 217/217
f 218/218 249/249 250/250 219/219
f 219/219 250/250 251/251 220/220
f 220/220 251/251 252/252 221/221
f 221/221 252/252 253/253 222/222
f 222/222 253/253 254/254 223/223
f 223/223 254/254 255/255 224/224
f 224/224 255/255 256/256 225/225
f 225/225 256/256 257/257 226/226
f 226/226 257/257 258/258 227/227
f 227/227 258/258 259/259 228/228
f 228/228 259/259 260/260 229/229
f 229/229 260/260 261/261 230/230
f 230/230 261/261 262/262 231/231
f 231/231 262/262 263/263 232/232
f 232/232 263/263 264/264 233/233
f 233/233 264/264 265/265 234/234
f 234/234 265/265 266/266 235/235
f 235/235 266/266 267/267 236/236
f 236/236 267/267 268/268 237/237
f 237/237 268/268 269/269 238/238
f 238/238 269/269 270/270 239/239
f 239/239 270/270 271/271 240/240
f 240/240 271/271 272/272 241/241
f 241/241 272/272 273/273 242/242
f 242/242 273/273 274/274 243/243
f 243/243 274/274 275/275 244/244
f 244/244 275/275 276/276 245/245
f 245/245 276/276 277/277 246/246
f 246/246 277/277 278/278 247/247
f 247/247 278/278 279/279 248/248
f 249/249 280/280 281/281 250/250
f 250/250 281/281 282/282 251/251
f 251/251 282/282 283/283 252/252
f 252/252 283/283 284/284 253/253
f 253/253 284/284 285/285 254/254
f 254/254 285/285 286/286 255/255
f 255/255 286/286 287/287 256/256
f 256/256 287/287 288/288 257/257
f 257/257 288/288 289/289 258/258
f 258/258 289/289 290/290 259/259
f 259/259 290/290 291/291 260/260
f 260/260 291/291 292/292 261/261
f 261/261 292/292 293/293 262/262
f 262/262 293/293 294/294 263/263
f 263/263 294/294 295/295 264/264
f 264/264 295/295 296/296 265/265
f 265/265 296/296 297/297 266/266
f 266/266 297/297 298/298 267/267
f 267/267 298/298 299/299 268/268
f 268/268 299/299 300/300 269/269
f 269/269 300/300 301/301 270/270
f 270/270 301/301 302/302 271/271
f 271/271 302/302 303/303 272/272
f 272/272 303/303 304/304 273/273
f 273/273 304/304 305/305 274/274
f 274/274 305/305 306/306 275/275
f 275/275 306/306 307/307 276/276
f 276/276 307/307 308/308 277/277
f 277/277 308/308 309/309 278/278
f 278/278 309/309 310/310 279/279
f 280/280 311/311 312/312 281/281
f 281/281 312/312 313/313 282/282
f 282/282 313/313 314/314 283/283
f 283/283 314/314 315/315 284/284
f 284/284 315/315 316/316 285/285
f 285/285 316/316 317/317 286/286
f 286/286 317/317 318/318 287/287
f 287/287 318/318 319/319 288/288
f 288/288 319/319 320/320 289/289
f 289/289 320/320 321/321 290/290
f 290/290 321/321 322/322 291/291
f 291/291 322/322 323/323 292/292
f 292/292 323/323 324/324 293/293
f 293/293 324/324 325/325 294/294
f 294/294 325/325 326/326 295/295
f 295/295 326/326 327/327 296/296
f 296/296 327/327 328/328 297/297
f 297/297 328/328 329/329 298/298
f 298/298 329/329 330/330 299/299
f 299/299 330/330 331/331 300/300
f 300/300 331/331 332/332 301/301
f 301/301 332/332 333/333 302/302
f 302/302 333/333 334/334 303/303
f 303/303 334/334 335/335 304/304
f 304/304 335/335 336/336 305/305
f 305/305 336/336 337/337 306/306
f 306/306 337/337 338/338 307/307
f 307/307 338/338 339/339 308/308
f 308/308 339/339 340/340 309/309
f 309/309 340/340 341/341 310/310
f 311/311 342/342 343/343 312/312
f 312/312 343/343 344/344 313/313
f 313/313 344/344 345/345 314/314
f 314/314 345/345 346/346 315/315
f 315/315 346/346 347/347 316/316
f 316/316 347/347 348/348 317/317
f 317/317 348/348 349/349 318/318
f 318/318 349/349 350/350 319/319
f 319/319 350/350 351/351 320/320
f 320/320 351/351 352/352 321/321
f 321/321 352/352 353/353 322/322
f 322/322 353/353 354/354 323/323
f 323/323 354/354 355/355 324/324
f 324/324 355/355 356/356 325/325
f 325/325 356/356 357/357 326/326
f 326/326 357/357 358/358 327/327
f 327/327 358/358 359/359 328/328
f 328/328 359/359 360/360 329/329
f 329/329 360/360 361/361 330/330
f 330/330 361/361 362/362 331/331
f 331/331 362/362 363/363 332/332
f 332/332 363/363 364/364 333/333
f 333/333 364/364 365/365 334/334
f 334/334 365/365 366/366 335/335
f 335/335 366/366 367/367 336/336
f 336/336 367/367 368/368 337/337
f 337/337 368/368 369/369 338/338
f 338/338 369/369 370/370 339/339
f 339/339 370/370 371/371 340/340
f 340/340 371/371 372/372 341/341
f 342/342 373/373 374/374 343/343
f 343/343 374/374 375/375 344/344
f 344/344 375/375 376/376 345/345
f 345/345 376/376 377/377 346/346
f 346/346 377/377 378/378 347/347
f 347/347 378/378 379/379 348/348
f 348/348 379/379 380/380 349/349
f 349/349 380/380 381/381 350/350
f 350/350 381/381 382/382 351/351
f 351/351 382/382 383/383 352/352
f 352/352 383/383 384/384 353/353
f 353/353 384/384 385/385 354/354
f 354/354 385/385 386/386 355/355
f 355/355 386/386 387/387 356/356
f 356/356 387/387 388/388 357/357
f 357/357 388/388 389/389 358/358
f 358/358 389/389 390/390 359/359
f 359/359 390/390 391/391 360/360
f 360/360 391/391 392/392 361/361
f 361/361 392/392 393/393 362/362
f 362/362 393/393 394/394 363/363
f 363/363 394/394 395/395 364/364
f 364/364 395/395 396/396 365/365
f 365/365 396/396 397/397 366/366
f 366/366 397/397 398/398 367/367
f 367/367 398/398 399/399 368/368
f 368/368 399/399 400/400 369/369
f 369/369 400/400 401/401 370/370
f 370/370 401/401 402/402 371/371
f 371/371 402/402 403/403 372/372
f 373/373 404/404 405/405 374/374
f 374/374 405/405 406/406 375/375
f 375/375 406/406 407/407 376/376
f 376/376 407/407 408/408 377/377
f 377/377 408/408 409/409 378/378
f 378/378 409/409 410/410 379/379
f 379/379 410/410 411/411 380/380
f 380/380 411/411 412/412 381/381
f 381/381 412/412 413/413 382/382
f 382/382 413/413 414/414 383/383
f 383/383 414/414 415/415 384/384
f 384/384 415/415 416/416 385/385
f 385/385 416/416 417/417 386/386
f 386/386 417/417 418/418 387/387
f 387/387 418/418 419/419 388/388
f 388/388 419/419 420/420 389/389
f 389/389 420/420 421/421 390/390
f 390/390 421/421 422/422 391/391
f 391/391 422/422 423/423 392/392
f 392/392 423/423 424/424 393/393
f 393/393 424/424 425/425 394/394
f 394/394 425/425 426/426 395/395
f 395/395 426/426 427/427 396/396
f 396/396 427/427 428/428 397/397
f 397/397 428/428 429/429 398/398
f 398/398 429/429 430/430 399/399
f 399/399 430/430 431/431 400/400
f 400/400 431/431 432/432 401/401
f 401/401 432/432 433/433 402/402
f 402/402 433/433 434/434 403/403
f 404/404 435/435 436/436 405/405
f 405/405 436/436 437/437 406/406
f 406/406 437/437 438/438 407/407
f 407/407 438/438 439/439 408/408
f 408/408 439/439 440/440 409/409
f 409/409 440/440 441/441 410/410
f 410/410 441/441 442/442 411/411
f 411/411 442/442 443/443 412/412
f 412/412 443/443 444/444 413/413
f 413/413 444/444 445/445 414/414
f 414/414 445/445 446/446 415/415
f 415/415 446/446 447/447 416/416
f 416/416 447/447 448/448 417/417
f 417/417 448/448 449/449 418/418
f 418/418 449/449 450/450 419/419
f 419/419 450/450 451/451 420/420
f 420/420 451/451 452/452 421/421
f 421/421 452/452 453/453 422/422
f 422/422 453/453 454/454 423/423
f 423/423 454/454 455/455 424/424
f 424/424 455/455 456/456 425/425
f 425/425 456/456 457/457 426/426
f 426/426 457/457 458/458 427/427
f 427/427 458/458 459/459 428/428
f 428/428 459/459 460/460 429/429
f 429/429 460/460 461/461 430/430
f 430/430 461/461 462/462 431/431
f 431/431 462/462 463/463 432/432
f 432/432 463/463 464/464 433/433
f 433/433 464/464 465/465 434/434
f 435/435 466/466 467/467 436/436
f 436/436 467/467 468/468 437/437
f 437/437 468/468 469/469 438/438
f 438/438 469/469 470/470 439/439
f 439/439 470/470 471/471 440/440
f 440/440 471/471 472/472 441/441
f 441/441 472/472 473/473 442/442
f 442/442 473/473 474/474 443/443
f 443/443 474/474 475/475 444/444
f 444/444 475/475 476/476 445/445
f 445/445 476/476 477/477 446/446
f 446/446 477/477 478/478 447/447
f 447/447 478/478 479/479 448/448
f 448/448 479/479 480/480 449/449
f 449/449 480/480 481/481 450/450
f 450/450 481/481 482/482 451/451
f 451/451 482/482 483/483 452/452
f 452/452 483/483 484/484 453/453
f 453/453 484/484 485/485 454/454
f 454/454 485/485 486/486 455/455
f 455/455 486/486 487/487 456/456
f 456/456 487/487 488/488 457/457
f 457/457 488/488 489/489 458/458
f 458/458 489/489 490/490 459/459
f 459/459 490/490 491/491 460/460
f 460/460 491/491 492/492 461/461
f 461/461 492/492 493/493 462/462
f 462/462 493/493 494/494 463/463
f 463/463 494/494 495/495 464/464
f 464/464 495/495 496/496 465/465
f 466/466 497/497 498/498 467/467
f 467/467 498/498 499/499 468/468
f 468/468 499/499 500/500 469/469
f 469/469 500/500 501/501 470/470
f 470/470 501/501 502/502 471/471
f 471/471 502/502 503/503 472/472
f 472/472 503/503 504/504 473/473
f 473/473 504/504 505/505 474/474
f 474/474 505/505 506/506 475/475
f 475/475 506/506 507/507 476/476
f 476/476 507/507 508/508 477/477
f 477/477 508/508 509/509 478/478
f 478/478 509/509 510/510 479/479
f 479/479 510/510 511/511 480/480
f 480/480 511/511 512/512 481/481
f 481/481 512/512 513/513 482/482
f 482/482 513/513 514/514 483/483
f 483/483 514/514 515/515 484/484
f 484/484 515/515 516/516 485/485
f 485/485 516/516 517/517 486/486
f 486/486 517/517 518/518 487/487
f 487/487 518/518 519/519 488/488
f 488/488 519/519 520/520 489/489
f 489/489 520/520 521/521 490/490
f 490/490 521/521 522/522 491/491
f 491/491 522/522 523/523 492/492
f 492/492 523/523 524/524 493/493
f 493/493 524/524 525/525 494/494
f 494/494 525/525 526/526 495/495
f 495/495 526/526 527/527 496/496
f 497/497 528/528 529/529 498/498
f 498/498 529/529 530/530 499/499
f 499/499 530/530 531/531 500/500
f 500/500 531/531 532/532 501/501
f 501/501 532/532 533/533 502/502
f 502/502 533/533 534/534 503/503
f 503/503 534/534 535/535 504/504
f 504/504 535/535 536/536 505/505
f 505/505 536/536 537/537 506/506
f 506/506 537/537 538/538 507/507
f 507/507 538/538 539/539 508/508
f 508/508 539/539 540/540 509/509
f 509/509 540/540 541/541 510/510
f 510/510 541/541 542/542 511/511
f 511/511 542/542 543/543 512/512
f 512/512 543/543 544/544 513/513
f 513/513 544/544 545/545 514/514
f 514/514 545/545 546/546 515/515
f 515/515 546/546 547/547 516/516
f 516/516 547/547 548/548 517/517
f 517/517 548/548 549/549 518/518
f 518/518 549/549 550/550 519/519
f 519/519 550/550 551/551 520/520
f 520/520 551/551 552/552 521/521
f 521/521 552/552 553/553 522/522
f 522/522 553/553 554/554 523/523
f 523/523 554/554 555/555 524/524
f 524/524 555/555 556/556 525/525
f 525/525 556/556 557/557 526/526
f 526/526 557/557 558/558 527/527
f 528/528 559/559 560/560 529/529
f 529/529 560/560 561/561 530/530
f 530/530 561/561 562/562 531/531
f 531/531 562/562 563/563 532/532
f 532/532 563/563 564/564 533/533
f 533/533 564/564 565/565 534/534
f 534/534 565/565 566/566 535/535
f 535/535 566/566 567/567 536/536
f 536/536 567/567 568/568 537/537
f 537/537 568/568 569/569 538/538
f 538/538 569/569 570/570 539/539
f 539/539 570/570 571/571 540/540
f 540/540 571/571 572/572 541/541
f 541/541 572/572 573/573 542/542
f 542/542 573/573 574/574 543/543
f 543/543 574/574 575/575 544/544
f 544/544 575/575 576/576 545/545
f 545/545 576/576 577/577 546/546
f 546/546 577/577 578/578 547/547
f 547/547 578/578 579/579 548/548
f 548/548 579/579 580/580 549/549
f 549/549 580/580 581/581 550/550
f 550/550 581/581 582/582 551/551
f 551/551 582/582 583/583 552/552
f 552/552 583/583 584/584 553/553
f 553/553 584/584 585/585 554/554
f 554/554 585/585 586/586 555/555
f 555/555 586/586 587/587 556/556
f 556/556 587/587 588/588 557/557
f 557/557 588/588 589/589 558/558
f 559/559 590/590 591/591 560/560
f 560/560 591/591 592/592 561/561
f 561/561 592/592 593/593 562/562
f 562/562 593/593 594/594 563/563
f 563/563 594/594 595/595 564/564
f 564/564 595/595 596/596 565/565
f 565/565 596/596 597/597 566/566
f 566/566 597/597 598/598 567/567
f 567/567 598/598 599/599 568/568
f 568/568 599/599 600/600 569/569
f 569/569 600/600 601/601 570/570
f 570/570 601/601 602/602 571/571
f 571/571 602/602 603/603 572/572
f 572/572 603/603 604/604 573/573
f 573/573 604/604 605/605 574/574
f 574/574 605/605 606/606 575/575
f 575/575 606/606 607/607 576/576
f 576/576 607/607 608/608 577/577
f 577/577 608/608 609/609 578/578
f 578/578 609/609 610/610 579/579
f 579/579 610/610 611/611 580/580
f 580/580 611/611 612/612 581/581
f 581/581 612/612 613/613 582/582
f 582/582 613/613 614/614 583/583
f 583/583 614/614 615/615 584/584
f 584/584 615/615 616/616 585/585
f 585/585 616/616 617/617 586/586
f 586/586 617/617 618/618 587/587
f 587/587 618/618 619/619 588/588
f 588/588 619/619 620/620 589/589
f 590/590 621/621 622/622 591/591
f 591/591 622/622 623/623 592/592
f 592/592 623/623 624/624 593/593
f 593/593 624/624 625/625 594/594
f 594/594 625/625 626/626 595/595
f 595/595 626/626 627/627 596/596
f 596/596 627/627 628/628 597/597
f 597/597 628/628 629/629 598/598
f 598/598 629/629 630/630 599/599
f 599/599 630/630 631/631 600/600
f 600/600 631/631 632/632 601/601
f 601/601 632/632 633/633 602/602
f 602/602 633/633 634/634 603/603
f 603/603 634/634 635/635 604/604
f 604/604 635/635 636/636 605/605
f 605/605 636/636 637/637 606/606
f 606/606 637/637 638/638 607/607
f 607/607 638/638 639/639 608/608
f 608/608 639/639 640/640 609/609
f 609/609 640/640 641/641 610/610
f 610/610 641/641 642/642 611/611
f 611/611 642/642 643/643 612/612
f 612/612 643/643 644/644 613/613
f 613/613 644/644 645/645 614/614
f 614/614 645/645 646/646 615/615
f 615/615 646/646 647/647 616/616
f 616/616 647/647 648/648 617/617
f 617/617 648/648 649/649 618/618
f 618/618 649/649 650/650 619/619
f 619/619 650/650 651/651 620/620
f 621/621 652/652 653/653 622/622
f 622/622 653/653 654/654 623/623
f 623/623 654/654 655/655 624/624
f 624/624 655/655 656/656 625/625
f 625/625 656/656 657/657 626/626
f 626/626 657/657 658/658 627/627
f 627/627 658/658 659/659 628/628
f 628/628 659/659 660/660 629/629
f 629/629 660/660 661/661 630/630
f 630/630 661/661 662/662 631/631
f 631/631 662/662 663/663 632/632
f 632/632 663/663 664/664 633/633
f 633/633 664/664 665/665 634/634
f 634/634 665/665 666/666 635/635
f 635/635 666/666 667/667 636/636
f 636/636 667/667 668/668 637/637
f 637/637 668/668 669/669 638/638
f 638/638 669/669 670/670 639/639
f 639/639 670/670 671/671 640/640
f 640/640 671/671 672/672 641/641
f 641/641 672/672 673/673 642/642
f 642/642 673/673 674/674 643/643
f 643/643 674/674 675/675 644/644
f 644/644 675/675 676/676 645/645
f 645/645 676/676 677/677 646/646
f 646/646 677/677 678/678 647/647
f 647/647 678/678 679/679 648/648
f 648/648 679/679 680/680 649/649
f 649/649 680/680 681/681 650/650
f 650/650 681/681 682/682 651/651
f 652/652 683/683 684/684 653/653
f 653/653 684/684 685/685 654/654
f 654/654 685/685 686/686 655/655
f 655/655 686/686 687/687 656/656
f 656/656 687/687 688/688 657/657
f 657/657 688/688 689/689 658/658
f 658/658 689/689 690/690 659/659
f 659/659 690/690 691/691 660/660
f 660/660 691/691 692/692 661/661
f 661/661 692/692 693/693 662/662
f 662/662 693/693 694/694 663/663
f 663/663 694/694 695/695 664/664
f 664/664 695/695 696/696 665/665
f 665/665 696/696 697/697 666/666
f 666/666 697/697 698/698 667/667
f 667/667 698/698 699/699 668/668
f 668/668 699/699 700/700 669/669
f 669/669 700/700 701/701 670/670
f 670/670 701/701 702/702 671/671
f 671/671 702/702 703/703 672/672
f 672/672 703/703 704/704 673/673
f 673/673 704/704 705/705 674/674
f 674/674 705/705 706/706 675/675
f 675/675 706/706 707/707 676/676
f 676/676 707/707 708/708 677/677
f 677/677 708/708 709/709 678/678
f 678/678 709/709 710/710 679/679
f 679/679 710/710 711/711 680/680
f 680/680 711/711 712/712 681/681
f 681/681 712/712 713/713 682/682
f 683/683 714/714 715/715 684/684
f 684/684 715/715 716/716 685/685
f 685/685 716/716 717/717 686/686
f 686/686 717/717 718/718 687/687
f 687/687 718/718 719/719 688/688
f 688/688 719/719 720/720 689/689
f 689/689 720/720 721/721 690/690
f 690/690 721/721 722/722 691/691
f 691/691 722/722 723/723 692/692
f 692/692 723/723 724/724 693/693
f 693/693 724/724 725/725 694/694
f 694/694 725/725 726/726 695/695
f 695/695 726/726 727/727 696/696
f 696/696 727/727 728/728 697/697
f 697/697 728/728 729/729 698/698
f 698/698 729/729 730/730 699/699
f 699/699 730/730 731/731 700/700
f 700/700 731/731 732/732 701/701
f 701/701 732/732 733/733 702/702
f 702/702 733/733 734/734 703/703
f 703/703 734/734 735/735 704/704
f 704/704 735/735 736/736 705/705
f 705/705 736/736 737/737 706/706
f 706/706 737/737 738/738 707/707
f 707/707 738/738 739/739 708/708
f 708/708 739/739 740/740 709/709
f 709/709 740/740 741/741 710/710
f 710/710 741/741 742/742 711/711
f 711/711 742/742 743/743 712/712
f 712/712 743/743 744/744 713/713
f 714/714 745/745 746/746 715/715
f 715/715 746/746 747/747 716/716
f 716/716 747/747 748/748 717/717
f 717/717 748/748 749/749 718/718
f 718/718 749/749 750/750 719/719
f 719/719 750/750 751/751 720/720
f 720/720 751/751 752/752 721/721
f 721/721 752/752 753/753 722/722
f 722/722 753/753 754/754 723/723
f 723/723 754/754 755/755 724/724
f 724/724 755/755 756/756 725/725
f 725/725 756/756 757/757 726/726
f 726/726 757/757 758/758 727/727
f 727/727 758/758 759/759 728/728
f 728/728 759/759 760/760 729/729
f 729/729 760/760 761/761 730/730
f 730/730 761/761 762/762 731/731
f 731/731 762/762 763/763 732/732
f 732/732 763/763 764/764 733/733
f 733/733 764/764 765/765 734/734
f 734/734 765/765 766/766 735/735
f 735/735 766/766 767/767 736/736
f 736/736 767/767 768/768 737/737
f 737/737 768/768 769/769 738/738
f 738/738 769/769 770/770 739/739
f 739/739 770/770 771/771 740/740
f 740/740 771/771 772/772 741/741
f 741/741 772/772 773/773 742/742
f 742/742 773/773 774/774 743/743
f 743/743 774/774 775/775 744/744
f 745/745 776/776 777/777 746/746
f 746/746 777/777 778/778 747/747
f 747/747 778/778 779/779 748/748
f 748/748 779/779 780/780 749/749
f 749/749 780/780 781/781 750/750
f 750/750 781/781 782/782 751/751
f 751/751 782/782 783/783 752/752
f 752/752 783/783 784/784 753/753
f 753/753 784/784 785/785 754/754
f 754/754 785/785 786/786 755/755
f 755/755 786/786 787/787 756/756
f 756/756 787/787 788/788 757/757
f 757/757 788/788 789/789 758/758
f 758/758 789/789 790/790 759/759
f 759/759 790/790 791/791 760/760
f 760/760 791/791 792/792 761/761
f 761/761 792/792 793/793 762/762
f 762/762 793/793 794/794 763/763
f 763/763 794/794 795/795 764/764
f 764/764 795/795 796/796 765/765
f 765/765 796/796 797/797 766/766
f 766/766 797/797 798/798 767/767
f 767/767 798/798 799/799 768/768
f 768/768 799/799 800/800 769/769
f 769/769 800/800 801/801 770/770
f 770/770 801/801 802/802 771/771
f 771/771 802/802 803/803 772/772
f 772/772 803/803 804/804 773/773
f 773/773 804/804 805/805 774/774
f 774/774 805/805 806/806 775/775
f 776/776 807/807 808/808 777/777
f 777/777 808/808 809/809 778/778
f 778/778 809/809 810/810 779/779
f 779/779 810/810 811/811 780/780
f 780/780 811/811 812/812 781/781
f 781/781 812/812 813/813 782/782
f 782/782 813/813 814/814 783/783
f 783/783 814/814 815/815 784/784
f 784/784 815/815 816/816 785/785
f 785/785 816/816 817/817 786/786
f 786/786 817/817 818/818 787/787
f 787/787 818/818 819/819 788/788
f 788/788 819/819 820/820 789/789
f 789/789 820/820 821/821 790/790
f 790/790 821/821 822/822 791/791
f 791/791 822/822 823/823 792/792
f 792/792 823/823 824/824 793/793
f 793/793 824/824 825/825 794/794
f 794/794 825/825 826/826 795/795
f 795/795 826/826 827/827 796/796
f 796/796 827/827 828/828 797/797
f 797/797 828/828 829/829 798/798
f 798/798 829/829 830/830 799/799
f 799/799 830/830 831/831 800/800
f 800/800 831/831 832/832 801/801
f 801/801 832/832 833/833 802/802
f 802/802 833/833 834/834 803/803
f 803/803 834/834 835/835 804/804
f 804/804 835/835 836/836 805/805
f 805/805 836/836 837/837 806/806
f 807/807 838/838 839/839 808/808
f 808/808 839/839 840/840 809/809
f 809/809 840/840 841/841 810/810
f 810/810 841/841 842/842 811/811
f 811/811 842/842 843/843 812/812
f 812/812 843/843 844/844 813/813
f 813/813 844/844 845/845 814/814
f 814/814 845/845 846/846 815/815
f 815/815 846/846 847/847 816/816
f 816/816 847/847 848/848 817/817
f 817/817 848/848 849/849 818/818
f 818/818 849/849 850/850 819/819
f 819/819 850/850 851/851 820/820
f 820/820 851/851 852/852 821/821
f 821/821 852/852 853/853 822/822
f 822/822 853/853 854/854 823/823
f 823/823 854/854 855/855 824/824
f 824/824 855/855 856/856 825/825
f 825/825 856/856 857/857 826/826
f 826/826 857/857 858/858 827/827
f 827/827 858/858 859/859 828/828
f 828/828 859/859 860/860 829/829
f 829/829 860/860 861/861 830/830
f 830/830 861/861 862/862 831/831
f 831/831 862/862 863/863 832/832
f 832/832 863/863 864/864 833/833
f 833/833 864/864 865/865 834/834
f 834/834 865/865 866/866 835/835
f 835/835 866/866 867/867 836/836
f 836/836 867/867 868/868 837/837
f 838/838 869/869 870/870 839/839
f 839/839 870/870 871/871 840/840
f 840/840 871/871 872/872 841/841
f 841/841 872/872 873/873 842/842
f 842/842 873/873 874/874 843/843
f 843/843 874/874 875/875 844/844
f 844/844 875/875 876/876 845/845
f 845/845 876/876 877/877 846/846
f 846/846 877/877 878/878 847/847
f 847/847 878/878 879/879 848/848
f 848/848 879/879 880/880 849/849
f 849/849 880/880 881/881 850/850
f 850/850 881/881 882/882 851/851
f 851/851 882/882 883/883 852/852
f 852/852 883/883 884/884 853/853
f 853/853 884/884 885/885 854/854
f 854/854 885/885 886/886 855/855
f 855/855 886/886 887/887 856/856
f 856/856 887/887 888/888 857/857
f 857/857 888/888 889/889 858/858
f 858/858 889/889 890/890 859/859
f 859/859 890/890 891/891 860/860
f 860/860 891/891 892/892 861/861
f 861/861 892/892 893/893 862/862
f 862/862 893/893 894/894 863/863
f 863/863 894/894 895/895 864/864
f 864/864 895/895 896/896 865/865
f 865/865 896/896 897/897 866/866
f 866/866 897/897 898/898 867/867
f 867/867 898/898 899/899 868/868
f 869/869 900/900 901/901 870/870
f 870/870 901/901 902/902 871/871
f 871/871 902/902 903/903 872/872
f 872/872 903/903 904/904 873/873
f 873/873 904/904 905/905 874/874
f 874/874 905/905 906/906 875/875
f 875/875 906/906 907/907 876/876
f 876/876 907/907 908/908 877/877
f 877/877 908/908 909/909 878/878
f 878/878 909/909 910/910 879/879
f 879/879 910/910 911/911 880/880
f 880/880 911/911 912/912 881/881
f 881/881 912/912 913/913 882/882
f 882/882 913/913 914/914 883/883
f 883/883 914/914 915/915 884/884
f 884/884 915/915 916/916 885/885
f 885/885 916/916 917/917 886/886
f 886/886 917/917 918/918 887/887
f 887/887 918/918 919/919 888/888
f 888/888 919/919 920/920 889/889
f 889/889 920/920 921/921 890/890
f 890/890 921/921 922/922 891/891
f 891/891 922/922 923/923 892/892
f 892/892 923/923 924/924 893/893
f 893/893 924/924 925/925 894/894
f 894/894 925/925 926/926 895/895
f 895/895 926/926 927/927 896/896
f 896/896 927/927 928/928 897/897
f 897/897 928/928 929/929 898/898
f 898/898 929/929 930/930 899/899
f 900/900 931/931 932/932 901/901
f 901/901 932/932 933/933 902/902
f 902/902 933/933 934/934 903/903
f 903/903 934/934 935/935 904/904
f 904/904 935/935 936/936 905/905
f 905/905 936/936 937/937 906/906
f 906/906 937/937 938/938 907/907
f 907/907 938/938 939/939 908/908
f 908/908 939/939 940/940 909/909
f 909/909 940/940 941/941 910/910
f 910/910 941/941 942/942 911/911
f 911/911 942/942 943/943 912/912
f 912/912 943/943 944/944 913/913
f 913/913 944/944 945/945 914/914
f 914/914 945/945 946/946 915/915
f 915/915 946/946 947/947 916/916
f 916/916 947/947 948/948 917/917
f 917/917 948/948 949/949 918/918
f 918/918 949/949 950/950 919/919
f 919/919 950/950 951/951 920/920
f 920/920 951/951 952/952 921/921
f 921/921 952/952 953/953 922/922
f 922/922 953/953 954/954 923/923
f 923/923 954/954 955/955 924/924
f 924/924 955/955 956/956 925/925
f 925/925 956/956 957/957 926/926
f 926/926 957/957 958/958 927/927
f 927/927 958/958 959/959 928/928
f 928/928 959/959 960/960 929/929
f 929/929 960/960 961/961 930/930
